<?xml version="1.0" encoding="utf-8"?>
<COLLADA xmlns="http://www.collada.org/2005/11/COLLADASchema" version="1.4.1" xmlns:xsi="http://www.w3.org/2001/XMLSchema-instance">
  <asset>
    <contributor>
      <author>Blender User</author>
      <authoring_tool>Blender 3.0.1</authoring_tool>
    </contributor>
    <created>2025-11-22T09:05:30</created>
    <modified>2025-11-22T09:05:30</modified>
    <unit name="meter" meter="1"/>
    <up_axis>Z_UP</up_axis>
  </asset>
  <library_effects>
    <effect id="wheel_dark-effect">
      <profile_COMMON>
        <technique sid="common">
          <lambert>
            <emission>
              <color sid="emission">0 0 0 1</color>
            </emission>
            <diffuse>
              <color sid="diffuse">0.05345978 0.05345978 0.05345978 1</color>
            </diffuse>
            <reflectivity>
              <float sid="specular">0.7647059</float>
            </reflectivity>
            <index_of_refraction>
              <float sid="ior">1.45</float>
            </index_of_refraction>
          </lambert>
        </technique>
      </profile_COMMON>
    </effect>
    <effect id="metallic-effect">
      <profile_COMMON>
        <technique sid="common">
          <lambert>
            <emission>
              <color sid="emission">0 0 0 1</color>
            </emission>
            <diffuse>
              <color sid="diffuse">0.708207 0.6028823 0.5500854 1</color>
            </diffuse>
            <reflectivity>
              <float sid="specular">0.977591</float>
            </reflectivity>
            <index_of_refraction>
              <float sid="ior">1.45</float>
            </index_of_refraction>
          </lambert>
        </technique>
      </profile_COMMON>
    </effect>
  </library_effects>
  <library_images/>
  <library_materials>
    <material id="wheel_dark-material" name="wheel_dark">
      <instance_effect url="#wheel_dark-effect"/>
    </material>
    <material id="metallic-material" name="metallic">
      <instance_effect url="#metallic-effect"/>
    </material>
  </library_materials>
  <library_geometries>
    <geometry id="Test_011-mesh" name="Test.011">
      <mesh>
        <source id="Test_011-mesh-positions">
          <float_array id="Test_011-mesh-positions-array" count="6672">0.02833974 0.01946818 -0.002225339 0.02110457 0.02054554 -0.01884669 -0.0144819 0.02044934 0.02404642 0.01065647 0.02044403 0.01071012 0.01403182 0.02056455 -0.0071612 0.009256124 0.01857 0.005975186 -0.01308315 0.01985549 -0.00526452 -0.00254935 0.01794517 -0.01315563 0.02151727 0.02064144 0.009249627 0.01603126 0.02057456 0.02219581 -0.02329671 0.02053856 -0.001571476 -0.01229149 0.0178951 0.008789122 -0.02566152 0.02046149 0.01018983 -0.02209824 0.02064996 0.0120669 0.02221709 0.02064144 -0.0119788 -0.01950854 0.01912707 -0.01389819 -0.00627315 0.02053105 -0.02665704 0.003037571 0.01867151 0.02209728 -0.00221455 0.01915395 0.02111494 0.002144634 0.02072769 0.02448797 0.001780092 0.01937109 -0.02456909 0.001419365 0.01862698 -0.02005386 0.01954483 0.01768434 4.41136e-5 0.01875621 0.01762568 0.01373744 0.02221721 0.01761406 0.01206701 -0.02139919 0.0176016 0.009248554 -0.02232646 0.01760232 0.01684182 0.02033358 0.01762568 -0.01364916 0.01687258 0.01761686 -0.01197886 -0.02209842 0.01761186 -0.01197874 -0.01745295 0.01760578 -0.00916022 -0.00257492 0.01762306 -0.0226556 0.01109147 0.01725572 -6.76149e-4 0.008671939 0.01763331 -0.02633273 0.02143704 0.01759696 -0.01783883 0.02550339 0.0175935 0.01153701 0.004717826 0.01757663 0.02805435 -0.02818632 0.01762932 -0.002602696 -0.01334428 0.01762253 -0.0254963 0.02301913 -0.01001763 -0.007882118 -0.008421123 -0.01139581 0.02683204 1.45318e-4 -0.0102064 0.02397978 -0.003271043 -0.01024115 0.01999652 -0.01819682 -0.01009714 0.008359789 -0.002684056 -0.01109635 0.01164078 0.02098417 -0.01049309 0.01205146 0.01622784 -0.009910106 0.011249 0.01858103 -0.01011615 0.01799726 0.00354129 -0.01018458 0.03104621 0.03415203 0.001155436 -0.02014786 0.004696786 -0.01074475 -0.02345192 -4.64041e-4 -0.01006031 -0.02607339 -0.007244348 -0.009641766 -0.03071391 0.003953337 -0.005256533 -0.0341683 8.69663e-4 -0.01017451 -0.01993119 -0.01633495 -0.01032257 -0.01090598 -0.01999861 -0.003991782 -0.02081143 -0.02684247 -0.01150387 0.005850493 -0.02021062 -0.009802579 0.01214271 0.01820003 -0.01099485 -0.007922172 0.0110138 -0.009902536 -0.001327455 -0.00308305 -0.01065212 -0.01064294 -0.003457188 -0.009279429 -0.0134319 0.01898342 -0.009332895 -0.0068686 -0.003791272 -0.009301304 0.0103262 -0.04808735 -0.02040547 0.04777401 -0.02648222 -0.02092063 0.06282669 0.06318342 -0.02083098 -0.0263257 0.03578811 -0.00556755 0.03440278 0.01329737 -0.01169013 0.05753302 0.02641731 -0.02077865 0.06325823 -3.50827e-4 -0.004846572 -0.04645234 -0.04876208 -0.02065694 -0.04862248 -0.04633599 -0.00316739 0.003659844 -0.06862616 -0.02075278 2.5271e-4 -0.04824346 -0.01334816 0.02713328 -0.0148555 -0.00564897 0.04642271 1.25774e-4 -0.02070742 0.06857347 0.0481432 -0.0209546 0.04803204 0.06389695 -0.02064043 0.02640068 0.05526214 -0.01197898 0.008770883 0.06847059 -0.0209515 -5.00058e-4 0.04577952 -0.0110476 -0.0300669 0.03670704 -0.01457101 -0.04385358 0.02639442 -0.02068883 -0.06387203 -3.96182e-5 -0.0206753 -0.06894916 0.02819895 -0.009385347 0.004022479 -0.03178805 -0.004152655 0.03212082 -0.005113184 0.001757264 0.03783857 -0.0265547 -0.02067553 -0.06371223 -0.03027921 -0.01107418 -0.04555416 -0.04700571 -0.01222354 -0.03409641 -0.06354349 -0.02070087 -0.02613121 0.008828878 -0.01107847 0.06644392 0.01403433 -0.00695008 0.07019138 0.008188724 -0.01068043 0.06941664 0.006807327 -0.01236474 0.06792551 0.01717311 -0.01046091 0.06545037 0.01961803 -0.01121413 0.06717073 0.0273565 -0.0169183 0.05818259 0.03375118 -0.01176643 0.0610947 0.03977489 -0.006985843 0.05950671 0.03448528 -0.01033836 0.05914855 0.04321283 -0.01060795 0.05531442 0.05341351 -0.0123474 0.04390525 0.0532931 -0.01001226 0.0224424 0.05524039 -0.01040732 0.04205292 0.05948179 -0.006900846 0.03981554 0.05809795 -0.01062327 0.03385412 0.06147074 -0.01097303 0.03406202 0.05974698 -0.01255834 0.03212106 0.06727075 -0.01108497 0.01910805 0.0697835 -0.00824058 0.01224738 0.06638991 -0.01104187 0.007942259 0.06851351 -0.01235473 0.007114708 0.0648151 -0.01699286 -0.003429055 0.06980592 -0.01086628 -0.008225083 0.06657898 -0.01052719 -0.008463382 0.07019698 -0.006974637 -0.01389503 0.06713861 -0.01195144 -0.01983922 0.04034769 -3.85813e-4 0.02112889 0.06007301 -0.01666092 -0.02148252 0.06153786 -0.01179063 -0.03340375 0.05960196 -0.006908535 -0.03954583 0.05949002 -0.009849548 -0.03455305 0.05840927 -0.01191449 -0.03239691 0.05221039 -0.01209795 -0.04189181 0.04843574 -0.009886682 -0.03347063 0.05472433 -0.01147538 -0.04359918 0.05060309 -0.01921784 -0.05053514 0.04404795 -0.01728916 -0.04778856 0.0436781 -0.011164 -0.05483096 0.03994876 -0.00685817 -0.05931043 0.04101002 -0.01052689 -0.05352354 0.03260284 -0.01220375 -0.06032127 0.03467196 -0.0103662 -0.06028461 0.02031153 -0.009020149 -0.05313193 0.01407355 -0.006954014 -0.07007378 0.01739668 -0.01048088 -0.0657736 0.02186965 -0.01692068 -0.06059938 0.01983231 -0.01142483 -0.06683391 0.008626043 -0.01081955 -0.0694341 0.006755053 -0.0122047 -0.0674231 -0.004466176 -0.0158981 -0.06435447 -0.006631493 -0.01258319 -0.06806915 -0.008398652 -0.01069521 -0.0695495 -0.01383233 -0.006848394 -0.07009565 -0.01365751 -0.01042151 -0.05890315 -0.01993429 -0.0119484 -0.06659156 -0.02619349 -0.009364187 -0.05232554 -0.03449898 -0.01178759 -0.06108516 -0.03956222 -0.006907522 -0.05947351 -0.03245955 -0.01218205 -0.06059437 -0.03303444 -0.01111477 -0.05788499 -0.04351598 -0.01132488 -0.05471593 -0.04374337 -0.01727932 -0.04793214 -0.05491471 -0.01047271 -0.04198998 -0.05946493 -0.006971001 -0.03958642 -0.05384039 -0.01172488 -0.04385191 -0.06007319 -0.01076018 -0.03518098 -0.05776602 -0.01129436 -0.03293681 -0.0605328 -0.01227927 -0.03210866 -0.06730705 -0.01153385 -0.01921266 -0.05825281 -0.01053047 -0.01389205 -0.07003855 -0.00689435 -0.01404738 -0.04191493 -0.001971185 -0.01352608 -0.06809872 -0.01247054 -0.006599068 -0.06456434 -0.01576375 -0.00475794 -0.06952124 -0.01086032 -0.008472561 -0.06970947 -0.007920444 0.01247721 -0.06626135 -0.01170676 0.008138835 -0.06863576 -0.01226115 0.007000565 -0.06598699 -0.0192275 0.02746611 -0.06690824 -0.01131433 0.01969552 -0.05686157 -0.01364099 0.02099686 -0.05899024 -0.007756173 0.03824436 -0.06117349 -0.01190215 0.03446286 -0.05483114 -0.01093089 0.0436868 -0.04685449 -0.01741045 0.0441361 -0.04732614 -0.01113635 0.05661582 -0.04379642 -0.01201951 0.0537281 -0.03433835 -0.009967923 0.05970531 -0.03317719 -0.01178836 0.0614075 -0.03234612 -0.01223605 0.05862116 -0.01335221 -0.01050168 0.058142 -0.02239036 -0.01703089 0.06223213 -0.01851695 -0.01056945 0.06739073 -0.01385158 -0.00702548 0.07018345 -0.00713849 -0.01158016 0.06902188 -0.008927106 -0.01033484 0.0679748 -0.003468871 -0.01706427 0.06466245 0.02733159 -0.01747143 0.06611222 0.04885202 -0.01840806 0.0484637 0.06616795 -0.01655989 0.02742797 0.06852102 -0.009491443 0.008670866 0.07153278 -0.01746791 -3.37481e-5 0.06611007 -0.01746588 -0.02723979 0.05062139 -0.01749229 -0.05049604 0.02744072 -0.01745021 -0.06595838 0.003930985 0.003325462 -0.03766566 0.003130972 0.003325462 -0.03788 0.002545297 0.003325462 -0.03846555 0.002330958 0.003325462 -0.03926563 0.002545297 0.003325462 -0.04006552 0.003130972 0.003325462 -0.04065126 0.003930985 0.003325462 -0.0408656 0.004730939 0.003325462 -0.04065126 0.005316615 0.003325462 -0.04006552 0.005531013 0.003325462 -0.03926563 0.005316615 0.003325462 -0.03846555 0.004730939 0.003325462 -0.03788 -0.003812253 0.003325462 0.04095387 -0.004612267 0.003325462 0.04073947 -0.005197942 0.003325462 0.04015392 -0.00541228 0.003325462 0.03935384 -0.005197942 0.003325462 0.03855389 -0.004612267 0.003325462 0.03796821 -0.003812253 0.003325462 0.03775388 -0.003012299 0.003325462 0.03796821 -0.002426624 0.003325462 0.03855389 -0.002212226 0.003325462 0.03935384 -0.002426624 0.003325462 0.04015392 -0.003012299 0.003325462 0.04073947 1.67434e-4 -0.01744467 -0.07143187 -0.03831577 -0.005787372 -0.05955541 -0.02728039 -0.01745563 -0.06597518 -0.05043137 -0.01746475 -0.05054593 -0.06133478 -0.009157121 -0.03471869 -0.06597548 -0.01747405 -0.02727705 -0.07066547 -0.01477938 0.00342983 -0.06467103 -0.01545619 0.02951437 -0.05977153 -0.009636342 0.03392851 -0.02730935 -0.01751154 0.06608796 -0.07011836 -0.005043029 0.01392412 -0.07010495 -0.005135238 -0.0137757 -0.05872493 -0.005659699 -0.0406301 -0.01394379 -0.00513643 -0.07007855 -0.05938655 -0.005188941 0.03976529 -0.03952938 -0.005155026 0.05960464 -0.01373708 -0.005069077 0.07024329 0.03969746 -0.005134582 0.05955511 0.01386421 -0.005147993 0.0702002 3.01175e-5 -0.01741361 0.0714935 0.05950963 -0.005024015 0.03976178 0.07019686 -0.005067169 0.01397377 0.07025068 -0.005114316 -0.01374232 0.05947721 -0.005141079 -0.03973907 0.03973853 -0.0051499 -0.05944031 0.0139181 -0.005150139 -0.07010829 0.009461164 -0.007766008 0.05523765 0.004351258 0.003325462 -0.04097414 0.003852069 0.003325462 -0.04102331 -0.004232585 0.003325462 0.04106247 -0.003733336 0.003325462 0.04111152 -0.007831156 0.01497894 0.03022474 -0.003445804 0.01681458 0.0200749 0.02448588 0.01740175 -0.01520979 0.02264136 0.01687008 -0.01304882 0.01884585 0.01765036 -0.007208764 0.02620297 0.01681196 -0.007152855 0.01562714 0.01729851 0.01355844 0.02002334 0.01656532 0.01093304 0.0382691 0.006353914 0.02064704 6.71531e-4 0.01673275 0.02252495 -0.003058135 0.01680588 0.02618283 -0.03946769 0.008059084 0.02320683 -0.02048468 0.01675975 0.006546258 -0.0282461 0.01747536 -0.004607856 -0.02924901 0.008302688 -0.03040623 -0.01701277 0.01665616 -0.01050132 -0.01738131 0.01686829 -0.01556092 -0.004479229 0.01840192 -0.02879768 -0.009735167 0.0163713 -0.004912137 0.02854508 0.01754391 0.008365869 0.01029378 0.01610845 -0.01586258 -3.42735e-4 0.01601588 -0.02105259 0.00625205 0.01600497 0.00894463 0.00232011 0.004770874 -0.03756099 0.04034233 0.008311033 0.01044017 -0.01359355 0.02755242 -0.0668289 0.01910632 0.01483416 -0.05011421 0.01365798 0.02731287 -0.06744736 0.03863644 0.02735328 -0.0575788 0.04265511 0.02029347 -0.03703522 0.05737996 0.02729284 0.03853571 -0.03806477 0.02738595 0.0567643 -0.03735452 0.02037179 0.04891598 -0.05726116 0.02667993 0.0383889 -0.06820499 0.02707052 -0.01373314 -0.03049629 0.01766514 -0.04517835 -0.03640663 0.00758177 -0.02177888 -6.32151e-4 0.01738214 -0.05768346 0.04658073 0.01064652 -0.01900571 0.05744773 0.02150237 0.01699239 -1.68673e-4 0.012241 0.04802924 0.02805632 0.02049851 0.0530439 -0.006089389 0.01644521 0.0572831 -0.0136314 0.02709698 0.0680623 0.006763041 0.005258321 -0.03803396 -0.05372118 0.02019697 0.02139765 -0.05967432 0.01912057 0.004966437 -0.05184316 0.02637916 -0.0343846 -0.03311204 0.02457958 -0.0537427 0.01238977 0.0224871 -0.06824761 0.01421576 0.02388256 -0.06468915 0.02755528 0.01354509 -0.06596934 0.02967208 0.01850295 -0.05998319 0.03024405 0.0190705 -0.05979126 0.03199487 0.01907908 -0.06193935 0.03194439 0.01949226 -0.06122332 0.03155595 0.01964163 -0.06050729 0.03093349 0.01948726 -0.05998319 0.02981013 0.01737415 -0.06193935 0.02942156 0.01752358 -0.06122332 0.02937114 0.01793676 -0.06050729 0.03043252 0.01752853 -0.06246358 0.03112196 0.01794534 -0.06265544 0.03169387 0.0185129 -0.06246358 0.04551047 0.01662969 -0.05221581 0.05072081 0.01353782 -0.05039912 0.04376947 0.01929235 -0.05276143 0.05104506 0.01738822 -0.04570043 0.05179798 0.01744914 -0.04604005 0.05330377 0.01891344 -0.04519838 0.05948376 0.02592623 -0.03972977 0.05310201 0.01832973 -0.04575026 0.05255085 0.01779377 -0.04605823 0.05049389 0.01762735 -0.04513031 0.05029213 0.0181024 -0.04448252 0.05310201 0.01938849 -0.04455053 0.05255085 0.01962757 -0.04398047 0.05179798 0.01956665 -0.04364085 0.05104506 0.01922208 -0.04362267 0.05049389 0.01868611 -0.04393064 0.05975568 0.01906621 -0.03171157 0.06609559 0.01349687 -0.02737963 0.06245052 0.01746129 -0.03161692 0.06344062 0.01842415 -0.02154064 0.06365442 0.01787006 -0.02211785 0.06423842 0.01748687 -0.02256286 0.06503623 0.01737725 -0.02275633 0.06583404 0.01757061 -0.02264654 0.06641811 0.01801514 -0.02226275 0.07016879 0.02599382 -0.01408362 0.06663185 0.0185917 -0.02170795 0.06641811 0.01914578 -0.02113068 0.06583404 0.01952898 -0.02068567 0.06503623 0.01963853 -0.02049225 0.06423842 0.01944518 -0.02060198 0.06365442 0.0190007 -0.02098578 0.06985026 0.01822459 -0.006152451 0.06873762 0.01674413 -0.004046857 0.07156896 0.01358562 2.74459e-4 0.06838232 0.01739817 0.003738105 0.06916594 0.01743084 0.00400418 0.06759876 0.01766288 0.003780782 0.06702506 0.01815396 0.004120886 0.06973963 0.01886183 0.005660355 0.070221 0.02597242 0.0138666 0.06994956 0.01827585 0.005114078 0.06973963 0.01775205 0.00450778 0.06916594 0.01935297 0.006000459 0.06838232 0.01961767 0.006043136 0.06759876 0.01958501 0.005777001 0.06702506 0.01926374 0.005273461 0.06681513 0.01873993 0.004667222 0.06589794 0.01904487 0.02014249 0.06652432 0.01714307 0.02189719 0.06607854 0.01351755 0.02753627 0.06061083 0.01793676 0.02935588 0.06132686 0.01752358 0.02940636 0.06204283 0.01737415 0.02979493 0.06256705 0.01752853 0.03041732 0.0598948 0.0190705 0.03022879 0.0600866 0.01850295 0.02965682 0.06275892 0.01794534 0.03110677 0.06256705 0.0185129 0.03167861 0.06204283 0.01907908 0.03197968 0.06132686 0.01949226 0.03192919 0.06061083 0.01964169 0.03154069 0.0600866 0.01948732 0.0309183 0.05248939 0.01914322 0.04309654 0.05323511 0.01750779 0.04555916 0.05062502 0.01346105 0.05061352 0.04614359 0.0174492 0.05178272 0.04403418 0.01868611 0.05047869 0.04372608 0.01922208 0.05102986 0.04374432 0.01956665 0.05178272 0.04408401 0.01962757 0.05253571 0.03992354 0.02591139 0.05941253 0.04465413 0.01938849 0.05308681 0.04616183 0.01779377 0.05253571 0.04585367 0.01832973 0.05308681 0.04530185 0.01891344 0.05328857 0.044586 0.0181024 0.05027699 0.04523378 0.01762735 0.05047869 0.04580384 0.01738828 0.05102986 0.0273447 0.01353096 0.06612861 0.03051102 0.01690143 0.06203907 0.03266125 0.01907545 0.06087315 0.02108925 0.0190007 0.06363922 0.02164411 0.01842415 0.06342542 0.02222132 0.01787006 0.06363922 0.02266633 0.01748687 0.06422322 0.02285987 0.01737725 0.06502103 0.02275002 0.01757061 0.06581884 0.02236622 0.01801514 0.06640285 0.02181142 0.0185917 0.06661665 0.01403033 0.02602791 0.0701757 0.02123415 0.01914578 0.06640285 0.02078914 0.01952898 0.06581884 0.02070558 0.01944524 0.06422322 0.02059566 0.01963859 0.06502103 0.006869196 0.01868164 0.06906235 0.004711031 0.01700794 0.06964433 -6.44621e-4 0.0137065 0.07165747 -0.005556941 0.01886183 0.06972438 -0.003634572 0.01739811 0.06836712 -0.003677248 0.01766288 0.0675835 -0.004017353 0.01815402 0.06700986 -0.003900706 0.01743084 0.06915074 -0.004404306 0.01775211 0.06972438 -0.005010545 0.01827579 0.06993436 -0.005897045 0.01935297 0.06915074 -0.005939722 0.01961761 0.06836712 -0.005673587 0.01958501 0.0675835 -0.005169928 0.01926374 0.06700986 -0.004563689 0.01873993 0.06679987 -0.02904438 0.01743096 0.06431949 -0.02220356 0.01670944 0.06438827 -0.02024239 0.01875633 0.06361728 -0.03012531 0.01907044 0.0598796 -0.02955341 0.01850295 0.0600714 -0.02925235 0.0179367 0.06059563 -0.02930289 0.01752352 0.06131166 -0.02969139 0.01737415 0.06202769 -0.03031373 0.01752853 0.06255185 -0.03100329 0.01794528 0.06274372 -0.0315752 0.01851284 0.06255185 -0.0318762 0.01907902 0.06202769 -0.03182566 0.0194922 0.06131166 -0.03143715 0.01964163 0.06059563 -0.03081482 0.01948732 0.0600714 -0.04542952 0.01772218 0.05362302 -0.05047017 0.01347649 0.05063033 -0.05037522 0.01868605 0.04401904 -0.05092638 0.01922202 0.04371088 -0.05167925 0.01956665 0.04372912 -0.05243211 0.01962757 0.04406881 -0.05017346 0.01810234 0.04457086 -0.05037522 0.01762729 0.04521852 -0.05092638 0.01738822 0.0457887 -0.05167925 0.01744914 0.04612839 -0.05243211 0.01779371 0.04614657 -0.05298334 0.01832967 0.04583853 -0.0531851 0.01891338 0.04528659 -0.05298334 0.01938843 0.04463887 -0.06251341 0.01699644 0.03096365 -0.0659964 0.01351398 0.02736341 -0.07006978 0.0259605 0.01410651 -0.06571531 0.01952892 0.02077388 -0.06491756 0.01963853 0.02058047 -0.06411975 0.01944518 0.02069032 -0.06353569 0.01900064 0.02107399 -0.06332194 0.01842409 0.02162891 -0.06353569 0.01787 0.02220612 -0.06411975 0.01748681 0.02265113 -0.06491756 0.01737725 0.02284467 -0.06571531 0.01757061 0.02273482 -0.06629937 0.01801508 0.02235096 -0.06651312 0.01859164 0.02179616 -0.06629937 0.01914572 0.02121895 -0.0714364 0.01351881 1.76738e-5 -0.06940704 0.01869475 0.006593406 -0.06900739 0.01678591 0.004295527 -0.06904721 0.01743078 -0.003915846 -0.0696209 0.01775205 -0.004419565 -0.06983089 0.01827579 -0.005025804 -0.0666964 0.01873993 -0.004578948 -0.06690639 0.01926368 -0.005185127 -0.06747996 0.01958495 -0.005688846 -0.06826364 0.01961761 -0.005954921 -0.06904721 0.01935291 -0.005912244 -0.0696209 0.01886177 -0.00557214 -0.06690639 0.01815396 -0.004032552 -0.06747996 0.01766282 -0.003692448 -0.06826364 0.01739811 -0.003649771 -0.0648089 0.01737523 -0.02218955 -0.06306153 0.02394974 -0.01539039 -0.05620616 0.0173068 -0.02046406 -0.06596863 0.01355659 -0.02744555 -0.05953264 0.02579867 -0.03948795 -0.06120812 0.0194922 -0.03184092 -0.06049209 0.01964163 -0.03145235 -0.06049209 0.0179367 -0.02926754 -0.06120812 0.01752352 -0.02931815 -0.06244832 0.01851284 -0.0315904 -0.06192409 0.01907902 -0.03189146 -0.05996793 0.01948726 -0.03083002 -0.05977606 0.01907044 -0.03014045 -0.05996793 0.01850289 -0.02956867 -0.06192409 0.01737409 -0.02970659 -0.06244832 0.01752847 -0.03032898 -0.06264024 0.01794528 -0.03101855 -0.05288827 0.01763325 -0.04574346 -0.05058765 0.01355588 -0.0504288 -0.04582238 0.01690417 -0.05212491 -0.03965407 0.02590548 -0.05941504 -0.04334741 0.01804232 -0.05077588 -0.04436975 0.01879268 -0.05347234 -0.0300225 0.01666212 -0.0616905 -0.03258389 0.01824361 -0.06176853 -0.02718794 0.01359719 -0.06607443 -0.01416784 0.01922982 -0.0588485 -0.02209174 0.01697784 -0.06579762 -0.02003753 0.0190671 -0.06577497 -0.005818188 0.01848018 -0.06958788 2.84047e-4 0.01358693 -0.07146918 0.006015717 0.01935297 -0.06906247 0.006058394 0.01961761 -0.0682789 0.004682421 0.01873987 -0.0667116 0.004136025 0.01815396 -0.06692159 0.003795921 0.01766288 -0.06749528 0.003753244 0.01739811 -0.0682789 0.004019379 0.01743084 -0.06906247 0.004523038 0.01775205 -0.0696361 0.005129218 0.01827579 -0.06984615 0.005675613 0.01886183 -0.0696361 0.0052886 0.01926374 -0.06692159 0.00579226 0.01958501 -0.06749528 0.03619045 0.01945757 -0.04899442 0.03213226 0.0168519 -0.06204468 0.03636014 0.02176725 -0.06030684 0.05519592 0.02218705 -0.04000377 0.05123382 0.01616567 -0.0446186 0.05401915 0.01761615 -0.04448693 0.06156647 0.0200718 -0.008933126 0.06481081 0.01622539 -0.02161538 0.06870239 0.02013194 -0.01821327 0.06670492 0.01839387 0.006630361 0.06824427 0.01611387 0.004777729 0.06939905 0.02207738 0.0104953 0.06188052 0.01739734 0.03281456 0.04805201 0.01935803 0.03796207 0.05952805 0.02411574 0.03969532 0.0425297 0.01835459 0.05174857 0.04497003 0.01610934 0.05167746 0.0422154 0.0215218 0.05615746 0.02182 0.0161733 0.06526279 0.01999926 0.0180459 0.06669199 0.01360821 0.02579647 0.06809329 -0.01315784 0.0234965 0.06557679 -0.004681229 0.01620179 0.06789648 -0.006767988 0.01784139 0.06943923 -0.02856045 0.01302701 0.0644958 -0.05347758 0.01696479 0.04500585 -0.05254465 0.01852929 0.04280465 -0.06060099 0.01833033 0.03292804 -0.06817382 0.01969188 0.01831883 -0.06762301 0.0161876 -0.004558086 -0.06961512 0.01755481 -0.006568372 -0.06658619 0.01839381 -0.006542146 -0.06173282 0.0161699 -0.0309146 -0.06099116 0.0209493 -0.03551888 -0.05280011 0.02303534 -0.03751462 -0.03971964 0.02325266 -0.05944973 -0.01383578 0.0241335 -0.07006543 0.0046615 0.0161876 -0.06763827 -0.05045872 0.01173597 0.05064707 -0.06600904 0.0117312 0.02745622 -0.06597614 0.01178693 -0.02748304 -0.07143992 0.01183891 1.70632e-4 -0.0504384 0.01174044 -0.05054104 -0.02716052 0.01181858 -0.06605261 -1.26749e-4 0.01172262 -0.07148855 0.027386 0.01179826 -0.06606745 0.05052632 0.01182168 -0.05061274 0.0660476 0.01175653 -0.02744418 0.07154226 0.01174765 1.28095e-5 0.06605589 0.01188039 0.02757185 0.05070674 0.01168334 0.05051326 0.02743393 0.01170653 0.06610584 6.00038e-5 0.011644 0.07157832 -0.00172615 0.003986299 -0.04447019 0.0156818 -0.004361629 0.0705617 0.03817272 0.02202534 0.05462616 0.01623672 -0.01068991 0.05843561 0.04536747 0.01185089 0.04565864 0.02622967 -0.01481473 0.06807506 0.04706007 0.01697087 0.06024169 0.0358107 0.02392113 0.05657553 0.01872152 -0.012896 0.05623525 0.04462176 0.002854526 0.06189692 0.0240252 -0.00897175 0.06415516 0.04270803 0.01219654 0.05401378 0.02740496 -3.59471e-4 0.05703485 0.04039657 0.01584243 0.0573644 0.02437108 -0.007544338 0.06776785 0.01977545 -0.003895878 0.06692105 0.02437299 -0.007134675 0.06863045 0.02224558 -0.009545087 0.0596798 0.01846063 -0.005385637 0.06138914 0.02589952 -0.01062607 0.06415516 0.04458242 0.01054227 0.05401378 0.04092848 0.01162326 0.04953855 0.03714346 0.01578271 0.05124795 0.04305583 0.01403367 0.0584892 0.03845828 0.01727241 0.0567798 0.01605629 -0.005575478 0.06836521 0.01596957 -0.008208096 0.06274139 0.01975446 -0.01236754 0.06103193 0.02135366 -0.01386618 0.06082993 0.02340853 -0.01344853 0.06550735 0.02188193 -0.009957134 0.0699827 0.02119117 -0.008660614 0.07139414 0.01728439 -0.006718337 0.06827324 0.04707348 0.01336473 0.05266165 0.04655283 0.01248735 0.04987519 0.04341948 0.01444572 0.04818636 0.04121148 0.01564729 0.04663759 0.03963452 0.01860517 0.04989582 0.03859776 0.02003496 0.05099147 0.04094934 0.02009487 0.05542761 0.04346454 0.01912951 0.05804014 0.04554688 0.01685613 0.05713701 0.04804831 0.01414126 0.05607587 0.02483838 -0.01395446 0.0670703 0.01480066 -0.007967829 0.06106978 0.03946405 0.02137088 0.05535483 0.04471188 0.01453459 0.05075228 0.03833532 0.01482784 0.05149292 0.04119229 0.01818561 0.05186688 0.04455614 0.01729536 0.0562638 0.04385304 0.01235818 0.05645179 0.04061967 0.01626026 0.0586487 0.04340791 0.01024758 0.0512349 0.03943943 0.02016878 0.05280005 0.04722005 0.01456677 0.05544066 0.0409075 0.01658636 0.0480268 0.02167487 -0.01253718 0.06421995 0.01946258 -0.00555247 0.06283444 0.01776736 -0.009420633 0.06350922 0.01958328 -0.008454978 0.06887173 0.02527725 -0.0093019 0.06576102 0.01570868 -0.006719052 0.06536895 0.01743191 -0.01043504 0.0607869 0.02347862 -0.01207172 0.06851023 0.0221669 -0.005070209 0.06887555 0.02454227 -0.01086664 0.06115221 0.02064758 -0.01127976 0.06481009 0.01805984 -0.009489178 0.06392174 0.04223686 0.01716768 0.05168938 0.01964139 -0.009164988 0.06751042 0.0434122 0.01722162 0.05399942 0.04150879 0.01858484 0.05330628 0.04473936 0.01657509 0.05505961 0.04222381 0.01646089 0.05018991 0.04673409 0.02041018 0.05111604 0.04727435 0.01675951 0.05244213 0.04432809 0.01769191 0.04895699 0.04286843 0.02061647 0.05235528 0.04459434 0.01786643 0.05263352 0.04517769 0.01546174 0.05104261 0.04100656 0.01978898 0.05390191 0.04274135 0.01577615 0.04873478 0.04483824 0.01623719 0.05338299 0.04538244 0.01720029 0.05574858 0.04294097 0.01840692 0.05320674 0.0461744 0.01461732 0.0537433 0.04243624 0.01675307 0.05123215 0.01703566 -0.009760797 0.0626685 0.02207994 -0.01332587 0.06458574 0.02034819 -0.01181471 0.06564623 0.0188046 -0.009842574 0.06696033 0.01897358 -0.008329153 0.06909823 0.01860553 -0.01096117 0.06421744 0.01849728 -0.009595394 0.06450235 0.02004146 -0.009698331 0.06700819 0.01393908 -0.01214337 0.0671994 0.0165764 -0.0132327 0.0702691 0.0175659 -0.01646482 0.06580168 0.01348036 -0.01394844 0.06686818 0.01732861 -0.01286631 0.06385266 0.01978814 -0.01331245 0.06745362 0.01668077 -0.01041543 0.06772446 0.01542884 -0.01459383 0.06959664 0.01654028 -0.0165472 0.06749022 -0.0115773 -0.006155371 0.06234371 -0.00204879 -0.01549547 0.06356072 0.02407544 0.01193618 0.06043779 0.02449458 0.01208007 0.06521344 -0.002284646 -0.01473325 0.06802499 0.02492111 0.0120691 0.06861895 -0.007867157 -0.008737981 0.07688975 0.01661801 0.02233231 0.06599777 0.01963573 0.001359045 0.07039982 0.007355153 0.002051591 0.05670166 -0.002141654 0.009895622 0.06941807 -0.00229597 -0.009084165 0.06772905 0.01884549 0.01208424 0.06550937 -0.001988172 -0.009650588 0.0652557 0.002129495 0.002455353 0.06398171 0.009465873 0.007344663 0.06999289 -0.006773352 -0.004305183 0.07065987 -5.27181e-4 -0.01085078 0.06772905 -0.002723038 -0.008160412 0.07247132 -0.00322026 -0.008658349 0.06298679 -0.007080674 -0.004612922 0.06479817 0.0199604 0.01067209 0.0626614 0.0179212 0.01251006 0.06076711 0.02061438 0.01031756 0.06550937 0.01841849 0.01300787 0.07025158 0.01436811 0.01686322 0.06844025 0.01406079 0.01655548 0.06257849 -0.01099121 -0.005856573 0.06967329 -0.009899556 -0.007435381 0.06509411 -0.009868383 -0.007711231 0.0627067 -0.006039142 -0.01148074 0.06328272 -0.003900766 -0.01358705 0.0635212 -0.003346025 -0.0136733 0.06802499 -0.003408849 -0.01316744 0.07228475 -0.00554192 -0.01098287 0.07276725 -0.007835805 -0.008600652 0.07364475 -0.009592235 -0.007127642 0.07095587 0.02343326 0.01314002 0.06521344 0.02116215 0.01475852 0.05903583 0.02074015 0.01533252 0.06047105 0.01687967 0.01937794 0.06228256 0.01718699 0.01968568 0.06814426 0.01770949 0.01937615 0.07025575 0.02123737 0.01583039 0.06995564 0.02265411 0.01449775 0.07083112 0.01544529 0.02080172 0.06227117 0.02195119 0.01475375 0.06648534 0.01866674 0.01195526 0.06256341 0.018709 0.0174787 0.06171804 0.01512801 0.01598608 0.06722557 0.01906877 0.01791203 0.06887191 0.01577073 0.01463067 0.06050735 0.01609247 0.01534873 0.07042068 0.02017372 0.01109129 0.06869143 0.01620548 0.020374 0.06536012 0.02265906 0.01357966 0.06203138 -0.005991995 -0.01130634 0.06542789 -0.005750417 -0.005858719 0.06528538 -0.009514451 -0.00755763 0.06752026 -0.006636738 -0.009978652 0.07188951 -0.001694679 -0.009454429 0.0698508 -0.008189737 -0.009360194 0.06302309 -0.003786623 -0.01289951 0.07120704 -0.004846334 -0.006012558 0.07273095 -0.007754862 -0.003616809 0.0678758 -0.001301407 -0.0104112 0.064547 -0.006448805 -0.01072645 0.06660747 0.01986259 0.01647377 0.06299555 0.01876538 0.01787757 0.06564784 -0.007768154 -0.009075105 0.06977748 -0.006093144 -0.01081001 0.06916475 -0.005543768 -0.01127529 0.06996136 0.01829063 0.01836007 0.06659537 0.02377414 0.0202012 0.06489855 0.02166402 0.01887369 0.06790196 0.01959955 0.02059811 0.06456631 0.02256333 0.01739269 0.06237614 -0.01357477 -0.01672881 0.06855589 0.02254194 0.01739704 0.06419789 0.0206961 0.01913338 0.06392079 0.02173787 0.01832377 0.06665718 0.02160769 0.01614868 0.06570601 0.02229225 0.01503783 0.06770533 0.01968306 0.01818305 0.06617766 0.02042669 0.01622509 0.06121951 0.02039551 0.01712101 0.06343358 0.01804518 0.01925504 0.06778949 0.02043837 0.01595681 0.06418949 0.02014571 0.01658785 0.06678122 -0.008136987 -0.01017206 0.06659442 -0.004306972 -0.01325154 0.06763613 -0.007778227 -0.01026171 0.06946867 -0.008918046 -0.008911788 0.0650798 -0.007756292 -0.009407699 0.07170009 -0.006478786 -0.0117464 0.06737446 -0.007840096 -0.009056806 0.06863933 -0.005980074 -0.01093345 0.06906503 -0.01035624 -0.0144028 0.07142621 -0.009146988 -0.01656782 0.06783872 -0.007065236 -0.01400083 0.06770694 -0.0108537 -0.01034039 0.06697434 -0.009106814 -0.01167398 0.07009333 -0.01204168 -0.0152589 0.0667358 -0.01095771 -0.01591944 0.06991428 -0.01352775 -0.01329141 0.06788128 -0.00873661 0.02076631 0.06048613 -0.03107303 0.001580595 0.07311427 -0.02977705 -0.01017367 0.05230957 -6.29636e-5 0.01019006 0.06923758 -0.03311288 -0.01164096 0.0681473 -0.02401775 -0.01638418 0.05661004 -0.02423059 0.01806223 0.06152212 -0.02785193 -0.009051501 0.06099843 -0.00747019 0.01211678 0.06703835 -0.02964824 -0.006301462 0.05742371 -0.00744915 0.01318097 0.06323021 -0.0119816 0.0157839 0.06940549 -0.03085792 -0.006778061 0.06342869 -0.03297722 -0.004938125 0.06387722 -0.02629601 -0.009656786 0.05786943 -0.02605104 -0.01078552 0.06099843 -0.02920389 -0.00907886 0.06565642 -0.02787584 -0.007699549 0.05634063 -0.0321564 -0.004085659 0.05811977 -0.01177459 0.01708275 0.06415957 -0.005123198 0.01262068 0.07222849 -0.005669295 0.01038289 0.06703835 -0.007494091 0.01346886 0.06238043 -0.008822143 0.01208955 0.07169628 -0.01259547 0.01623022 0.06991714 -0.03487402 -0.006908118 0.05731439 -0.03059333 -0.010522 0.05553525 -0.02996802 -0.01068174 0.05398076 -0.02876859 -0.01360797 0.06019324 -0.03192138 -0.01190131 0.0648511 -0.03278893 -0.01149141 0.06639087 -0.03569471 -0.007760584 0.06307196 -0.002951741 0.01320528 0.06784367 -0.001959443 0.0126906 0.06625187 -0.004776477 0.01629132 0.06318575 -0.009057104 0.01990514 0.06496489 -0.01090168 0.02043455 0.0693652 -0.00987786 0.01905274 0.0707224 -0.009225487 0.01774924 0.07307142 -0.006104528 0.01491194 0.07250154 -0.0282166 -0.01462703 0.06192219 -0.03651219 -0.007485628 0.06486684 -0.03672945 -0.005359232 0.05814725 -0.004933238 0.0169177 0.06149399 -0.009812891 0.02093321 0.06391239 -0.00515145 0.01496207 0.06908786 -0.008838474 0.01452875 0.06328755 -0.005754232 0.0166971 0.0650705 -0.00986582 0.01356893 0.069992 -0.009305775 0.01914066 0.06851452 -0.01301521 0.01749694 0.06689429 -0.00949335 0.01593214 0.07241451 -0.004424214 0.0127654 0.06442046 -0.00385797 0.01325261 0.07073599 -0.007129967 0.01860463 0.06301975 -0.03077554 -0.01232236 0.06244409 -0.03090423 -0.01087546 0.05786329 -0.02697318 -0.009173214 0.05844837 -0.03158915 -0.005708396 0.06202453 -0.03505247 -0.007550299 0.06020474 -0.03432226 -0.009637117 0.06501716 -0.02885019 -0.01270413 0.0573008 -0.0327326 -0.008389472 0.05528014 -0.02695733 -0.01073819 0.06389081 -0.03343802 -0.003714084 0.06114262 -0.03235632 -0.009685873 0.05855369 -0.005932867 0.01674383 0.06550508 -0.007697582 0.01769179 0.06807869 -0.03382676 -0.00916028 0.06166201 -0.03126406 -0.01120513 0.06029915 -0.03336018 -0.008644342 0.05829113 -0.03088831 -0.01096206 0.05807316 -0.008438348 0.01859205 0.06747901 -0.007197201 0.0165416 0.07047718 -0.002905488 0.02036637 0.06868606 -0.005667448 0.01852095 0.0712428 -0.006552815 0.0205242 0.06719517 -0.003278493 0.01776659 0.06584846 -0.005870342 0.0181241 0.06837654 -0.005335032 0.01557374 0.06749302 -0.003725051 0.01417762 0.06909298 -0.006970405 0.01871085 0.06425851 -0.008446276 0.01817548 0.07090818 -0.007041156 0.01669895 0.06939917 -0.007141828 0.01842558 0.06766128 -0.005045652 0.01671177 0.06683421 -0.006120741 0.01686459 0.06968605 -0.03335678 -0.009025096 0.05977696 -0.03029197 -0.01199412 0.05742383 -0.0323978 -0.01178008 0.06404584 -0.03187501 -0.01100206 0.06154263 -0.03493452 -0.007714927 0.05821609 -0.03180444 -0.01157391 0.05922156 -0.03392279 -0.00954318 0.05936622 -0.03341615 -0.01067715 0.06163108 -0.03475624 -0.01622211 0.06087833 -0.03892946 -0.01345646 0.05847072 -0.03538954 -0.01180905 0.05642795 -0.03557932 -0.01583385 0.0571779 -0.03267592 -0.01325243 0.05811256 -0.03435254 -0.01285803 0.06226718 -0.03700417 -0.01584297 0.06066983 -0.03535109 -0.01122003 0.06016039 -0.03712034 0.02067214 0.06015205 -0.05804431 -0.006141126 0.04320418 -0.03889745 0.02248758 0.05817991 -0.05495953 -0.004956305 0.0375359 -0.02473688 0.01453721 0.05545425 -0.04726874 -0.0158714 0.04506474 -0.03742635 0.01605218 0.06725996 -0.05948537 -0.006203472 0.04516667 -0.05310583 -0.004144787 0.0350033 -0.04963529 -0.01423197 0.04981732 -0.04874646 -0.008855521 0.04498821 -0.03222751 0.01231282 0.05836802 -0.04938435 -0.005873322 0.04108232 -0.03285193 0.01746541 0.05425012 -0.05268836 -0.005779504 0.04498821 -0.03616935 0.01538884 0.05836802 -0.0517137 -0.009283185 0.04934078 -0.03604 0.01412457 0.06410282 -0.05465918 -0.004241466 0.04498821 -0.04677551 -0.01039355 0.04498821 -0.03814029 0.01692688 0.05836802 -0.03025656 0.01077479 0.05836802 -0.05686169 -0.007063925 0.04320418 -0.05098879 -0.007670342 0.03694683 -0.04897809 -0.01321601 0.04320418 -0.05581277 -0.0117641 0.04935133 -0.02805411 0.01359724 0.06015205 -0.02655357 0.01413482 0.05744069 -0.03593778 0.01974934 0.06015205 -0.02993977 0.01268601 0.06390148 -0.0477373 -0.01432269 0.04342311 -0.03010916 0.01552432 0.05963075 -0.03075283 0.01535069 0.05769193 -0.02953666 0.0163542 0.05760759 -0.0310195 0.01733368 0.05790174 -0.03229475 0.01503086 0.05421137 -0.03216701 0.01811003 0.05809015 -0.03263658 0.01832437 0.05833083 -0.03359878 0.01843816 0.05933868 -0.03387111 0.01755803 0.06100523 -0.03533619 0.01313269 0.0609548 -0.03409165 0.01773256 0.06106364 -0.03401738 0.01739042 0.06151324 -0.03335696 0.01640629 0.06225472 -0.03297239 0.0160129 0.06240224 -0.03032171 0.01344841 0.06319516 -0.0315625 0.01523911 0.06188911 -0.03039312 0.01490843 0.06096529 -0.035272 0.01295524 0.06461858 -0.03314733 0.0201283 0.05610358 -0.05083811 -0.01155894 0.04287886 -0.05006748 -0.00711143 0.04178285 -0.05031144 -0.0110982 0.04147523 -0.05148476 -0.009956717 0.04114228 -0.05251663 -0.009032309 0.04095393 -0.05358797 -0.007560253 0.0398755 -0.05393201 -0.00851804 0.04188871 -0.05445671 -0.008364498 0.04229253 -0.05500173 -0.008721053 0.04352957 -0.0550214 -0.009014189 0.04401767 -0.05226171 -0.009070158 0.047957 -0.0546987 -0.009674727 0.04466927 -0.05435496 -0.01032346 0.04526627 -0.05332314 -0.01124763 0.04545456 -0.05284816 -0.01152503 0.04530698 -0.05173397 -0.01254028 0.04550188 -0.05662602 -0.009879171 0.04737347 -0.04917371 -0.005034029 0.03939664 -0.04996955 -0.01076197 0.04948031 -0.05222254 -0.01131182 0.04421693 -0.03261345 0.01773959 0.0592274 -0.02950686 0.02049654 0.06185239 -0.02820926 0.01695948 0.060835 -0.03144627 0.01747375 0.06404298 -0.03610986 0.01123678 0.0561791 -0.03059542 0.01603019 0.05942356 -0.02925348 0.01405787 0.06175953 -0.03178912 0.01919496 0.05692672 -0.03449881 0.01752215 0.06285256 -0.03241938 0.0177372 0.05899155 -0.03175175 0.01820921 0.05921435 -0.030326 0.01624703 0.06062626 -0.03291618 0.01769381 0.06146728 -0.05317741 -0.009194195 0.04220283 -0.05375581 -0.008079588 0.0400483 -0.05364185 -0.01115232 0.04436945 -0.05391842 -0.01165866 0.04675525 -0.05065846 -0.01312071 0.04376894 -0.05432981 -0.01203882 0.04615521 -0.0519725 -0.01136481 0.04217869 -0.05379474 -0.00961095 0.04165357 -0.05416327 -0.0164324 0.0412265 -0.05690246 -0.01345854 0.04365974 -0.05574893 -0.01294738 0.03776913 -0.05804109 -0.01367068 0.03901273 -0.057859 -0.01542389 0.04218918 -0.05593931 -0.01654773 0.04104477 -0.05285036 -0.0122078 0.03995394 -0.05633729 -0.01100492 0.04250741 -0.05042606 0.01081961 0.04862254 -0.07150614 -0.01133704 0.02434515 -0.06090039 0.02039366 0.04398429 -0.06996995 -0.00453633 0.01556152 -0.04565542 0.01787626 0.03841936 -0.05749678 -0.0139048 0.019266 -0.06235706 0.01673644 0.04606306 -0.05600559 -0.00594604 0.01438635 -0.06265884 -0.01637679 0.02645587 -0.06405168 -0.005663216 0.02026116 -0.05391037 0.01550513 0.03894412 -0.06661051 -0.008679091 0.02506649 -0.05756944 0.01601094 0.04035478 -0.05065965 0.01182514 0.0413472 -0.06031394 -0.007270991 0.02005577 -0.06852704 -0.005089879 0.02204084 -0.06870615 -0.005493283 0.01831817 -0.06405168 -0.004008948 0.01838684 -0.06681758 -0.009249329 0.02582573 -0.06128573 -0.01073908 0.02451092 -0.05957627 -0.00750035 0.01991343 -0.05391037 0.0171594 0.03706973 -0.05838567 0.01607847 0.0407238 -0.04943495 0.013668 0.03859639 -0.05114442 0.01042926 0.04319387 -0.0566762 0.01191896 0.04450875 -0.06276607 -0.01463288 0.02331823 -0.06816977 -0.01207184 0.02333474 -0.06987917 -0.007912337 0.01954978 -0.06540381 -0.006831407 0.01589578 -0.06321692 -0.00667268 0.01453197 -0.06092846 -0.0103228 0.01742237 -0.05970597 -0.01203167 0.01870298 -0.06263792 -0.01356154 0.02201998 -0.05255818 0.01998186 0.03956079 -0.05528908 0.02086168 0.04004257 -0.05703353 0.01890093 0.04321479 -0.0584656 0.01860272 0.04431408 -0.05532413 0.01474142 0.04699975 -0.05485367 0.01310062 0.04859346 -0.04979223 0.01325172 0.04568493 -0.0477159 0.0132004 0.04460769 -0.04808282 0.01649045 0.04108738 -0.05082947 0.01991879 0.03870636 -0.07039684 -0.01124054 0.02333962 -0.04663062 0.01674741 0.04000794 -0.04965311 0.01634949 0.04210591 -0.05517399 0.01220941 0.04336994 -0.05546224 0.01918929 0.04201513 -0.05557423 0.01629114 0.04538458 -0.05141252 0.01483172 0.03833675 -0.05863082 0.01414597 0.04304635 -0.05668932 0.01745408 0.03824418 -0.04927545 0.01144146 0.04103255 -0.04977923 0.01877981 0.03941428 -0.05241978 0.01317787 0.04719483 -0.06472015 -0.008561313 0.01748532 -0.06675839 -0.004768252 0.02073323 -0.06716418 -0.01096671 0.02149903 -0.06557327 -0.009480535 0.02540373 -0.06190681 -0.01203763 0.01989316 -0.06199806 -0.005814313 0.01933753 -0.06554228 -0.01356083 0.02359569 -0.07012426 -0.009844839 0.02187246 -0.06818276 -0.006536722 0.01707029 -0.06240081 -0.008208215 0.01582568 -0.05933117 -0.009564757 0.02211958 -0.06633114 -0.00906378 0.01895648 -0.05471366 0.01777112 0.04323905 -0.06549781 -0.0113582 0.02107214 -0.05177456 0.0155189 0.04416066 -0.06403881 -0.01004207 0.01879256 -0.06293201 -0.01125884 0.01957046 -0.06787472 -0.009553849 0.02032423 -0.0519554 0.01471644 0.04520231 -0.05068331 0.02040088 0.04568606 -0.05454498 0.01902472 0.04590547 -0.05064183 0.016447 0.04670065 -0.05183857 0.01740735 0.04471701 -0.0515418 0.01444762 0.04619991 -0.04877275 0.01621723 0.04237931 -0.0535987 0.01674491 0.04459369 -0.05531644 0.0158863 0.04568451 -0.05299651 0.01788741 0.04224592 -0.0526902 0.01951986 0.04068243 -0.05602639 0.01803427 0.04469245 -0.05312806 0.01844131 0.0429002 -0.0508691 0.0166223 0.04375815 -0.06550711 -0.0116474 0.02014136 -0.06510108 -0.01310849 0.02219432 -0.0689994 -0.008125782 0.01873308 -0.06670659 -0.009587764 0.01844131 -0.06434178 -0.01003795 0.01838105 -0.06278693 -0.01005744 0.01676744 -0.06268209 -0.01084935 0.01908242 -0.06488323 -0.01574772 0.01753401 -0.06827265 -0.01198256 0.01398181 -0.06979566 -0.01433414 0.01781767 -0.06553614 -0.01483494 0.01437312 -0.0690124 -0.01355499 0.0143004 -0.06573045 -0.01377129 0.01944071 -0.06863176 -0.01152366 0.01845014 -0.06594055 -0.01063662 0.01595109 -0.06872642 -0.01609659 0.01662206 -0.06068074 0.01124453 0.02520507 -0.07399636 -0.01464164 -0.003146231 -0.07350188 0.01865625 0.0189079 -0.0651099 0.02126652 0.0152812 -0.06792151 -0.005546689 -0.01149815 -0.06295073 0.02202785 0.01400977 -0.05962359 -0.008913159 -0.00905466 -0.05658584 0.01841181 0.01483082 -0.07648795 0.005923151 -0.002838075 -0.06297123 0.001026272 0.01888227 -0.06762558 -0.005550861 -0.005849063 -0.0654059 0.01561743 0.01529246 -0.0709728 -0.008471965 -0.002571225 -0.06951594 0.01525598 0.01608496 -0.06167984 0.01257967 0.01794296 -0.06382685 -0.006211042 -0.005584716 -0.07236778 -0.005976736 -0.004924774 -0.06762558 -0.003784239 -0.00761795 -0.06469464 -0.0103299 -0.001371741 -0.06288325 -0.006474614 -0.005421996 -0.07055646 -0.01002216 -0.00106436 -0.06066358 0.01469367 0.01571953 -0.0654059 0.01738411 0.01352357 -0.06833672 0.01114618 0.0200771 -0.07014811 0.01519161 0.01621681 -0.0624749 0.01083844 0.01976984 -0.06689387 -0.01436889 -0.00276637 -0.07085233 -0.01284462 -0.003883183 -0.07254749 -0.01299446 -0.003542244 -0.07266372 -0.008799195 -0.007743597 -0.0733546 -0.007241845 -0.009222567 -0.06792151 -0.006606698 -0.01043683 -0.06390017 -0.007291555 -0.01017653 -0.06317925 -0.009297072 -0.008240938 -0.06205463 -0.01168483 -0.005969405 -0.06499063 -0.01315236 -0.004190564 -0.0651099 0.02020657 0.01634252 -0.06850594 0.02024841 0.01665645 -0.06985211 0.01801407 0.01903563 -0.07125031 0.01688033 0.02030801 -0.06804078 0.01396864 0.02289605 -0.06723421 0.01253551 0.02424079 -0.06217896 0.0136609 0.02258867 -0.06026226 0.01355856 0.02247822 -0.06036764 0.01751619 0.01853841 -0.05922919 0.01878237 0.01713913 -0.0641784 0.01845061 0.01801347 -0.06844371 0.01563805 0.01559901 -0.06870281 0.01589763 0.02101868 -0.06322795 0.01180213 0.01888704 -0.06158769 0.01551759 0.02066886 -0.0704078 0.01307106 0.01836735 -0.0604946 0.01235294 0.0180456 -0.0621826 0.01809996 0.01530641 -0.06829196 0.01976692 0.01711684 -0.06496322 0.01297259 0.02357023 -0.07116931 -0.009332954 -0.007371723 -0.07042557 -0.005434095 -0.005672693 -0.06468105 -0.008630394 -0.003071486 -0.06807428 -0.01294761 -0.004056215 -0.06478792 -0.008924603 -0.008445858 -0.06301021 -0.01163786 -0.005914926 -0.07086622 -0.006936609 -0.009797334 -0.06468093 -0.00442326 -0.007287204 -0.07253682 -0.008299708 -0.002581059 -0.06747889 -0.01101821 -3.90216e-4 -0.06702977 0.0176897 0.01906567 -0.06923341 -0.01032751 -0.006576657 -0.06669563 0.01561301 0.02110821 -0.06417769 0.0158239 0.02058881 -0.06773728 -0.01121205 -0.005769312 -0.0667811 -0.009083211 -0.008071601 -0.06347656 0.01505804 0.02132606 -0.064924 0.02037274 0.02354222 -0.06276476 0.01976841 0.02022445 -0.06329172 0.01657384 0.02349776 -0.06780332 0.01812344 0.02239811 -0.06854248 -0.01674729 -0.01356285 -0.06537574 0.01946794 0.02049946 -0.06578552 0.01735579 0.02260243 -0.06333601 0.01834994 0.02149277 -0.06663495 0.01715272 0.01956033 -0.06640237 0.01959055 0.01755541 -0.06778258 0.01505595 0.02225089 -0.06114989 0.01640611 0.02025163 -0.06420463 0.01750063 0.0189206 -0.06786793 0.01773822 0.02025341 -0.06490874 0.01841056 0.01925492 -0.06385314 0.01648014 0.02116107 -0.06629115 -0.008295655 -0.009775459 -0.06550633 -0.01275843 -0.005047738 -0.06810617 -0.0110926 -0.005919933 -0.06931555 -0.009668886 -0.007830202 -0.07074111 -0.008093774 -0.008673667 -0.07204544 -0.009953975 -0.007417857 -0.06727141 -0.01165711 -0.006624817 -0.06732243 -0.009685575 -0.008552134 -0.0710259 -0.01290929 -0.01169532 -0.06897842 -0.0168159 -0.00960946 -0.06514811 -0.01333642 -0.01157855 -0.06656879 -0.01413702 -0.01278221 -0.07003676 -0.01388108 -0.01298177 -0.06712675 -0.01412141 -0.007044136 -0.0657038 -0.01183503 -0.009471535 -0.07042634 -0.01181507 -0.008942604 -0.06851887 -0.01634639 -0.01071739 -0.06755626 -0.01390725 -0.03075844 -0.07582384 0.0175724 -0.009447395 -0.05784857 -0.003890097 -0.03803074 -0.05256348 -0.01162719 -0.02895551 -0.06063985 0.02145129 -0.009445667 -0.06633919 0.0113523 -6.41499e-4 -0.07149773 -0.0109626 -0.03328526 -0.05519574 -0.004320204 -0.01631516 -0.06089496 -0.005583524 -0.03146898 -0.06693488 0.01558476 -0.01108723 -0.06377834 -0.005887985 -0.03200393 -0.06907373 0.01905238 -0.01186716 -0.05968594 -0.00844109 -0.02814549 -0.06553483 0.01282876 -0.007807552 -0.05801624 -0.00969696 -0.02634382 -0.06089496 -0.003849565 -0.03326994 -0.06555289 -0.006935536 -0.0314452 -0.06377381 -0.01054942 -0.02716451 -0.0562371 -0.005556225 -0.03011709 -0.06693488 0.01731878 -0.01288819 -0.0698136 0.01061892 -0.00678277 -0.06405609 0.01147139 -0.005962014 -0.0715928 0.01423281 -0.01106333 -0.06227689 0.01561212 -0.009735345 -0.05917018 -0.01411604 -0.0279802 -0.06296843 -0.01337188 -0.02988219 -0.06471788 -0.01371449 -0.03003275 -0.06474763 -0.009757995 -0.0341627 -0.06254428 -0.006715297 -0.03667783 -0.06008964 -0.006672024 -0.03598749 -0.0554192 -0.006538689 -0.03474736 -0.05543178 -0.008378684 -0.03283464 -0.05503004 -0.0114144 -0.02957028 -0.05721086 -0.01251941 -0.02906131 -0.06774014 0.02014124 -0.01017057 -0.07239812 0.01705527 -0.008345842 -0.07420873 0.01572936 -0.007515013 -0.07061892 0.01344138 -0.004065155 -0.069296 0.01230269 -0.002499163 -0.06486141 0.01429384 -0.0032444 -0.06308227 0.01843458 -0.007017791 -0.06297719 0.02002823 -0.008651316 -0.06669747 -0.01061099 -0.03385466 -0.06245833 0.01482504 -0.003091573 -0.06905204 0.0181756 -0.008512198 -0.07070714 0.01315873 -0.009673237 -0.06926369 0.01485514 -0.005142927 -0.06527704 0.01226049 -0.007120847 -0.06412792 0.01669323 -0.00549668 -0.06431686 0.01865315 -0.01055443 -0.07035815 0.01775872 -0.01141566 -0.0621109 0.01334792 -0.00733453 -0.07256412 0.01474189 -0.005992352 -0.06759613 0.01306986 -0.002783536 -0.05796164 -0.007960855 -0.03402543 -0.06278145 -0.0100212 -0.03331983 -0.06314855 -0.005261123 -0.03247791 -0.05973172 -0.008729636 -0.02782201 -0.05929642 -0.0126245 -0.029549 -0.06500267 -0.01189047 -0.03202348 -0.06298208 -0.007575809 -0.03590589 -0.05526578 -0.01064294 -0.03043389 -0.06075096 -0.01092094 -0.02588289 -0.05800265 -0.003896892 -0.03236371 -0.0660876 0.01802182 -0.007481575 -0.06162804 -0.009421646 -0.03358787 -0.06877201 0.01571512 -0.005893528 -0.06025588 -0.01169961 -0.03081965 -0.05955976 -0.009520709 -0.03281968 -0.06578361 0.01627784 -0.005579292 -0.06879669 0.01486927 -0.005009114 -0.06880426 0.01944226 -0.002696037 -0.06591922 0.02023786 -0.005901098 -0.07037806 0.01954293 -0.006503999 -0.06504237 0.007459044 -0.01550883 -0.06658804 0.01807564 -0.006506383 -0.06479549 0.01898944 -0.007480323 -0.06925004 0.01773506 -0.006898701 -0.07016837 0.01884722 -0.008980929 -0.06762129 0.01619637 -0.004794239 -0.06524574 0.01519119 -0.003711462 -0.07075428 0.01481151 -0.004927277 -0.06825619 0.01768016 -0.007804036 -0.06618463 0.01664763 -0.006081223 -0.05820637 -0.007734417 -0.0348131 -0.05870831 -0.01050287 -0.03159952 -0.06119525 -0.01120918 -0.03160279 -0.06368005 -0.01213771 -0.03194802 -0.05796641 -0.01242971 -0.03010141 -0.05931389 -0.00951755 -0.03396856 -0.06128793 -0.01150846 -0.03242528 -0.05861538 -0.01115351 -0.03207367 -0.0560438 -0.01439964 -0.03636676 -0.05805999 -0.01111006 -0.03753125 -0.05882924 -0.01577138 -0.0335229 -0.06170153 -0.01501727 -0.03663343 -0.05954188 -0.01392471 -0.03872877 -0.05922323 -0.01661294 -0.03540402 -0.06113404 -0.01375412 -0.03306251 -0.06129825 -0.01117992 -0.03579586 -0.05785423 -0.01190578 -0.0340141 -0.06004858 0.01267445 -0.02688682 -0.04310065 -0.01413881 -0.04781079 -0.06795144 0.01203995 -0.03233921 -0.05016028 -0.01396971 -0.0537908 -0.0383836 -0.004135072 -0.0576874 -0.0542047 0.02340096 -0.03503781 -0.05767601 0.01234537 -0.02502745 -0.0415011 -0.01458734 -0.04592573 -0.05381584 -0.004673838 -0.05728566 -0.04167699 0.006292641 -0.03973668 -0.04488474 -0.005779504 -0.05270349 -0.05826455 0.01538884 -0.03618454 -0.04922693 -0.009459555 -0.05149388 -0.06404739 0.01226115 -0.03382962 -0.04488474 -0.008855521 -0.04876178 -0.05826455 0.01231276 -0.03224277 -0.0392844 -0.00701797 -0.04947733 -0.05393129 0.01585328 -0.0332778 -0.04488474 -0.01039355 -0.04679077 -0.04488474 -0.004241526 -0.0546745 -0.05826455 0.01692682 -0.03815549 -0.05826455 0.01077479 -0.03027182 -0.04310065 -0.01321601 -0.04899328 -0.04928976 -0.01308506 -0.05416882 -0.04310071 -0.007063984 -0.05687695 -0.04313683 -0.006173968 -0.05742979 -0.06004858 0.01974928 -0.03595298 -0.06004858 0.01359724 -0.02806931 -0.05447053 0.01752579 -0.02860629 -0.05850028 0.0220431 -0.03763008 -0.05970084 0.01821124 -0.03370219 -0.06077045 0.01297581 -0.03503715 -0.06096029 0.01773238 -0.03410691 -0.06200152 0.01639634 -0.03342694 -0.06310892 0.01729601 -0.03521335 -0.06229889 0.01601284 -0.03298753 -0.06211054 0.01523655 -0.0318402 -0.0618698 0.01502221 -0.03137058 -0.06248641 0.01405006 -0.03055596 -0.05942851 0.0156545 -0.03019422 -0.05431902 0.01543599 -0.03298622 -0.05913692 0.01561409 -0.02991545 -0.05868738 0.01595616 -0.02998965 -0.05794584 0.01694023 -0.03065013 -0.05779826 0.01733368 -0.0310347 -0.05798661 0.01810997 -0.03218209 -0.0582273 0.01832431 -0.03265178 -0.05923515 0.0184381 -0.03361392 -0.06361949 0.01226377 -0.0364986 -0.05624115 0.02033054 -0.03362524 -0.05686008 0.01551479 -0.02792626 -0.04342609 -0.008721053 -0.05501705 -0.04391402 -0.009014129 -0.05503666 -0.04751974 -0.008396506 -0.05149769 -0.04492199 -0.009919881 -0.05469238 -0.04516267 -0.01032328 -0.0543704 -0.04519599 -0.01129472 -0.05315345 -0.04698032 -0.01251506 -0.0530731 -0.0444619 -0.01192653 -0.05174821 -0.04401242 -0.01191544 -0.05139845 -0.04277545 -0.01155894 -0.05085337 -0.04228729 -0.01126575 -0.0508337 -0.04216271 -0.006444573 -0.04965782 -0.04176408 -0.01069629 -0.05113691 -0.04103875 -0.009956598 -0.05150008 -0.04140621 -0.008739888 -0.05332493 -0.04031229 -0.007131695 -0.05458778 -0.04173958 -0.008353412 -0.05412209 -0.04218906 -0.008364498 -0.0544719 -0.0398491 -0.011289 -0.04880934 -0.05005043 -0.00980401 -0.05319684 -0.03946113 -0.004538953 -0.04994601 -0.06241148 0.01974463 -0.02908569 -0.06108492 0.02045893 -0.03297972 -0.05870902 0.01898717 -0.02916949 -0.03883773 -0.0166741 -0.05818915 -0.06239897 0.01837646 -0.03164672 -0.0614618 0.01727586 -0.02962642 -0.05982828 0.01942425 -0.0310195 -0.0607953 0.01444822 -0.02902334 -0.06130492 0.0162512 -0.03258299 -0.06364977 0.01613491 -0.03347522 -0.05866628 0.0176171 -0.03210103 -0.05684256 0.01758605 -0.03008139 -0.05921632 0.01962715 -0.0343998 -0.0617389 0.01617467 -0.03128618 -0.06046885 0.01827359 -0.0329495 -0.05898183 0.01738482 -0.03060615 -0.03930962 -0.009051978 -0.05149143 -0.04468178 -0.008979856 -0.05651766 -0.04152798 -0.009616136 -0.05293977 -0.04442071 -0.01088559 -0.05302041 -0.04524827 -0.01318663 -0.05140042 -0.03995496 -0.00975573 -0.05241304 -0.04400771 -0.01079034 -0.05435758 -0.04019051 -0.01621961 -0.0541352 -0.0377292 -0.01415526 -0.05602335 -0.04265737 -0.01575362 -0.05756813 -0.03995072 -0.01329416 -0.05858284 -0.03979539 -0.01283562 -0.0519306 -0.04334568 -0.01384288 -0.05354505 -0.04394185 -0.01254963 -0.05568474 -0.04094737 -0.009813606 -0.05673956 -0.040394 -0.01633131 -0.05593407 -0.04067063 -0.01120835 -0.054663 -0.04856055 0.01149028 -0.05123347 -0.02582705 -0.01563811 -0.06566649 -0.04638886 0.01754844 -0.060135 -0.0164445 -0.004903316 -0.07204365 -0.03687357 0.02003848 -0.04726701 -0.01839429 -0.01270133 -0.05790615 -0.04294717 0.01098144 -0.04486888 -0.01331382 -2.72196e-4 -0.06271314 -0.04299056 0.00439924 -0.06389135 -0.02015769 -0.005663275 -0.06406694 -0.03884065 0.01550507 -0.05392563 -0.02282631 -0.006150841 -0.06795686 -0.04024308 0.01601314 -0.05757349 -0.0426616 0.01119822 -0.05197787 -0.0203889 -0.007737278 -0.06016856 -0.02440744 -0.01073908 -0.06130093 -0.0242207 -0.01374703 -0.06376338 -0.02193737 -0.005089938 -0.06854224 -0.02572226 -0.009249389 -0.06683284 -0.0182833 -0.004008948 -0.06406694 -0.01980996 -0.00750035 -0.05959153 -0.04062026 0.01607841 -0.05840086 -0.03892225 0.01672738 -0.04837417 -0.03696626 0.0171594 -0.05392563 -0.04440522 0.01191896 -0.0566914 -0.03849285 0.013668 -0.04945021 -0.0430904 0.01042926 -0.05115962 -0.0232312 -0.01207184 -0.06818503 -0.0232973 -0.01118212 -0.07014191 -0.01944631 -0.007912397 -0.06989443 -0.01862698 -0.006631374 -0.07103496 -0.01579231 -0.006831407 -0.06541907 -0.01529806 -0.008144319 -0.06177741 -0.0173189 -0.01032274 -0.06094366 -0.01894599 -0.01229131 -0.05982214 -0.02191638 -0.0135616 -0.06265318 -0.03945732 0.01998192 -0.05257344 -0.04311132 0.01890087 -0.05704867 -0.04402923 0.01877528 -0.05850499 -0.04689627 0.01474142 -0.05533927 -0.04845207 0.01372563 -0.05611532 -0.0455814 0.01325172 -0.04980748 -0.04487329 0.01289236 -0.04776364 -0.04098391 0.01649045 -0.04809802 -0.01482188 -0.005645096 -0.0661078 -0.03828346 0.02132761 -0.05324167 -0.03909528 0.01639014 -0.05619555 -0.04451006 0.01717853 -0.05606669 -0.04251658 0.01118505 -0.05167943 -0.0437113 0.01514053 -0.0503323 -0.04071778 0.01814901 -0.05108803 -0.04294288 0.01414597 -0.05864602 -0.03689622 0.01578259 -0.05092269 -0.04081475 0.02022242 -0.05557638 -0.04709136 0.01317787 -0.05243498 -0.04319006 0.01442599 -0.04785305 -0.01770126 -0.007899761 -0.06670379 -0.02443253 -0.008822739 -0.06532043 -0.02168446 -0.01069957 -0.06827539 -0.01728826 -0.009531438 -0.06252551 -0.02119547 -0.008404612 -0.06028848 -0.02349209 -0.01356089 -0.06555742 -0.01975506 -0.0125494 -0.06078422 -0.01813679 -0.005210995 -0.06128787 -0.01964074 -0.003768384 -0.06706976 -0.02444934 -0.00723052 -0.06870174 -0.04290986 0.01743876 -0.05362468 -0.02107685 -0.01137965 -0.06567496 -0.0179879 -0.009824991 -0.06321549 -0.04407721 0.01713961 -0.05514949 -0.04397594 0.01497173 -0.05043691 -0.04678672 0.01956546 -0.05244922 -0.04430538 0.01898926 -0.04920852 -0.01365089 -0.01677197 -0.0685535 -0.04111313 0.01964801 -0.05393147 -0.04669755 0.01460999 -0.05354571 -0.045008 0.01642096 -0.05286055 -0.04340636 0.0181365 -0.05363023 -0.04186439 0.01674461 -0.04886293 -0.04264414 0.01757287 -0.05102461 -0.04405087 0.01655203 -0.05397456 -0.04188328 0.0175606 -0.05207592 -0.04393565 0.01555776 -0.05158913 -0.01843929 -0.009691834 -0.06424164 -0.01829439 -0.008012473 -0.06866043 -0.01939445 -0.009293615 -0.06691586 -0.02081793 -0.01129901 -0.06535226 -0.0182566 -0.01122206 -0.06194645 -0.02209526 -0.01299297 -0.06556558 -0.01837569 -0.009655117 -0.06670111 -0.02034366 -0.01154601 -0.0663293 -0.01867008 -0.01116502 -0.06409788 -0.01823979 -0.01625663 -0.06766223 -0.01428908 -0.01208502 -0.06863212 -0.0146327 -0.01476407 -0.06496661 -0.01351565 -0.0140357 -0.06681531 -0.01527798 -0.01404523 -0.06979829 -0.01898676 -0.01386749 -0.06507831 -0.01582068 -0.01073151 -0.06579381 -0.0185579 -0.0116204 -0.06888288 -0.01611065 -0.01665681 -0.06701737 -0.02637308 0.01153135 -0.06741148 0.00661385 -0.01010984 -0.07675737 -0.01222294 0.02349317 -0.06536358 -0.01517766 0.02126652 -0.06512516 0.01160162 -0.005546689 -0.06793677 -0.01671874 0.01894754 -0.05818104 0.01397895 -0.00305444 -0.06624466 0.002607524 -0.01518088 -0.06302034 -0.006664097 -0.002670109 -0.07673013 -0.0077793 -0.003756344 -0.0577681 0.005952596 -0.005550861 -0.06764078 -0.01518899 0.01561743 -0.0654211 0.00606805 -0.005185902 -0.07000964 -0.006921231 5.95624e-5 -0.07000786 -0.01835817 0.01212251 -0.06230491 0.005275964 -0.007318556 -0.06321555 0.001475214 -0.0103299 -0.0647099 0.005525529 -0.006474614 -0.06289857 0.007721483 -0.003784179 -0.06764078 0.005028307 -0.005976676 -0.07238304 0.001167893 -0.01002216 -0.07057166 -0.01997369 0.01114612 -0.06835198 -0.01966637 0.01083844 -0.06249022 -0.01407414 0.01702964 -0.06826907 -0.0134201 0.01738417 -0.0654211 -0.01611328 0.01519161 -0.07016336 -0.01561599 0.01469367 -0.06067878 0.002857685 -0.01417249 -0.06900268 0.003986775 -0.01284462 -0.07086765 0.005134403 -0.01139986 -0.07371687 0.007847189 -0.008799135 -0.07267898 0.009902298 -0.006813466 -0.07199805 0.0105403 -0.006606638 -0.06793677 0.01017725 -0.00744158 -0.0634849 0.008344411 -0.009297072 -0.06319451 0.004294097 -0.01315236 -0.06500589 -0.01623904 0.02020663 -0.06512516 -0.01822566 0.01885282 -0.07116925 -0.01893216 0.01801407 -0.06986737 -0.02279257 0.01396858 -0.06805604 -0.02248525 0.0136609 -0.06219422 -0.02191185 0.01400107 -0.0600534 -0.01843494 0.01751613 -0.06038284 -0.01664298 0.01924264 -0.05984169 0.004321813 -0.01340687 -0.06231099 -0.02431946 0.01242345 -0.06795716 -0.01482343 0.01618796 -0.06764 -0.02023756 0.01657193 -0.06902182 -0.0190252 0.01157474 -0.06367444 -0.02172547 0.01473587 -0.06510895 -0.01765668 0.01859778 -0.06319701 -0.01386076 0.01661044 -0.06223905 -0.01826381 0.01307106 -0.07042306 -0.01701331 0.01976692 -0.06830716 -0.02055823 0.0153684 -0.0601232 -0.02346676 0.01297253 -0.06497842 0.008690834 -0.008142888 -0.07071101 0.001758933 -0.009470522 -0.06995224 0.005250692 -0.01202738 -0.0668798 0.004369318 -0.007549107 -0.06372648 0.00895977 -0.008423388 -0.06559211 0.003297209 -0.01382523 -0.0680834 0.005696654 -0.01091969 -0.07293868 0.0060184 -0.01163786 -0.06302547 0.007390737 -0.00442326 -0.06469607 0.006947159 -0.004223823 -0.07082283 0.008603751 -0.00848627 -0.06787526 -0.01944178 0.01715469 -0.0665223 0.006541192 -0.01037943 -0.07004272 -0.02104508 0.01532542 -0.06442916 0.006679236 -0.01060527 -0.06659108 -0.01951408 0.01672029 -0.06307375 0.005179584 -0.01206076 -0.06699293 -0.01892787 0.01776593 -0.06746017 -0.0212422 0.01539278 -0.06687062 -0.02155834 0.02084445 -0.0640617 -0.02408522 0.01775968 -0.06553989 0.01353347 -0.01685929 -0.06878721 -0.01949799 0.01772022 -0.06642085 -0.02154636 0.0160678 -0.06532055 -0.01817804 0.01840633 -0.0621339 -0.02028477 0.01712727 -0.06348085 -0.02290189 0.01409786 -0.06499695 -0.01958435 0.01840472 -0.06860566 -0.01773911 0.01884627 -0.06666517 0.006178259 -0.01118469 -0.06769168 0.00616455 -0.01134622 -0.06443309 0.008197426 -0.009680271 -0.06677192 0.004606783 -0.01286756 -0.06888586 0.008076786 -0.009273409 -0.07174223 0.006035387 -0.01253587 -0.06511217 0.009902358 -0.008615076 -0.06566941 0.007188975 -0.01094168 -0.06924623 0.009599566 -0.01574254 -0.06606078 0.01084613 -0.01378595 -0.07140725 0.01300787 -0.0121237 -0.06776267 0.01278829 -0.01458644 -0.06664127 0.01307344 -0.01389032 -0.0701732 0.01015299 -0.0167827 -0.06861758 0.007273197 -0.01391619 -0.06751674 0.01044052 -0.01089793 -0.06633067 0.009744822 -0.01111847 -0.0704683 0.004167795 0.01245367 -0.07424104 0.0265783 -0.01593297 -0.06077349 0.03626275 -0.008365392 -0.06648999 0.01186221 0.02019673 -0.07290542 0.008546233 0.0205993 -0.06055939 0.03103315 -0.009100377 -0.05126744 0.03844261 -0.001323223 -0.05804497 -3.06895e-4 0.01121842 -0.06329017 0.03230327 -0.01137179 -0.06952315 0.03157258 -0.005583524 -0.06091022 0.01119077 0.01558482 -0.06695014 0.02960485 -0.008496284 -0.06448847 0.01037478 0.01366561 -0.07093966 0.02962392 -0.006326436 -0.05692064 0.006154775 0.01476353 -0.06275689 0.02644729 -0.0096969 -0.05803143 0.02745419 -0.0135706 -0.0584765 0.03466248 -0.007788717 -0.06520318 0.03337347 -0.003849506 -0.06091022 0.02726811 -0.01054936 -0.06378901 0.03154861 -0.006935477 -0.06556814 0.03022056 -0.005556166 -0.05625236 0.006886243 0.01061898 -0.06982886 0.003264009 0.01178985 -0.06971466 0.01185452 0.01711672 -0.06382107 0.0129916 0.01731884 -0.06695014 0.01116693 0.01423287 -0.07160806 0.009838819 0.01561218 -0.06229209 0.006065487 0.01147145 -0.06407135 0.02998566 -0.01337182 -0.06298375 0.03095984 -0.01305592 -0.0651865 0.03426629 -0.009757936 -0.06476289 0.03609097 -0.006671965 -0.06010484 0.03293818 -0.008378624 -0.05544704 0.03173637 -0.009103775 -0.0539748 0.02916491 -0.01251935 -0.05722618 0.01027411 0.0201413 -0.0677554 0.008449316 0.01705533 -0.07241332 0.007735371 0.0159595 -0.0738064 0.004168689 0.01344144 -0.07063412 0.003347933 0.01429384 -0.06487667 0.007121264 0.01843464 -0.06309747 0.008681893 0.01994913 -0.06302142 0.03708183 -0.005345582 -0.05882692 0.01165652 0.02108389 -0.06907999 0.01205527 0.01578468 -0.06911146 0.007398843 0.01665252 -0.07023847 0.008953571 0.01404404 -0.06474727 0.00362122 0.01401704 -0.06677824 0.00708425 0.01788353 -0.06487685 0.005645692 0.01020479 -0.06709426 0.007438063 0.01334804 -0.0621261 0.007559895 0.0134139 -0.07224011 0.01010119 0.01908308 -0.07088083 0.009367883 0.02009397 -0.06486314 0.03406608 -0.008280575 -0.05889499 0.03190517 -0.00602895 -0.06363761 0.03272885 -0.01094555 -0.06376594 0.02871125 -0.007505536 -0.05800181 0.0304225 -0.01128965 -0.05710732 0.02874511 -0.01378601 -0.06024897 0.03502696 -0.006804704 -0.05697941 0.03600949 -0.00757575 -0.06299722 0.0291953 -0.009248793 -0.06573426 0.02800863 -0.007613122 -0.05599725 0.0325365 -0.01072335 -0.06231665 0.007125496 0.01664197 -0.06939488 0.005462169 0.01571708 -0.06704884 0.03103023 -0.01122266 -0.05897879 0.03332465 -0.00905019 -0.05910325 0.00742042 0.01660954 -0.07049733 0.004684627 0.01495099 -0.06708449 0.002846479 0.01993608 -0.06810224 0.006990849 0.02060151 -0.06791329 0.00479722 0.01758491 -0.07114005 0.005376994 0.01781761 -0.06753152 0.007658898 0.01713389 -0.07181072 0.007046222 0.01774841 -0.06922304 0.00494945 0.01616358 -0.06795603 0.003520548 0.01462602 -0.06576943 0.008212566 0.01939117 -0.06537359 0.006761372 0.01819545 -0.06669491 0.007514953 0.01713949 -0.06918138 0.006658315 0.0170238 -0.06621956 0.02978301 -0.01302117 -0.05918598 0.03336632 -0.01000964 -0.05852007 0.03474545 -0.007974028 -0.05782777 0.03305584 -0.01034444 -0.06172984 0.03341382 -0.01104688 -0.06193357 0.03471726 -0.009002506 -0.06322062 0.03190332 -0.01022636 -0.05856382 0.03775161 -0.01240807 -0.05676293 0.03524178 -0.01574331 -0.05695378 0.03592354 -0.01639747 -0.06027048 0.03849405 -0.01384234 -0.06067639 0.03197973 -0.01443636 -0.05938106 0.03397262 -0.01189547 -0.05732697 0.03585427 -0.01155608 -0.06240755 0.03582233 -0.01047241 -0.05859017 0.03367102 -0.01310926 -0.0606355 0.02699029 0.01267445 -0.06006371 0.04791432 -0.01413881 -0.04311597 0.02989894 0.0114513 -0.06551033 0.04900598 -0.01553666 -0.0467987 0.05963331 -0.004512965 -0.04114681 0.02529972 0.01277649 -0.05754709 0.04675638 -0.01338529 -0.04033958 0.03929525 0.02198547 -0.06150251 0.04395097 -0.01454395 -0.04050379 0.05769479 -0.009902358 -0.05364686 0.03378039 0.0229333 -0.05250579 0.05280709 -0.005779445 -0.04489994 0.03628808 0.01538884 -0.05827981 0.05478858 -0.009935975 -0.0485602 0.03551691 0.0121622 -0.06242042 0.04886519 -0.008855521 -0.04489994 0.03234624 0.01231282 -0.05827981 0.04983663 -0.005449295 -0.04072064 0.03107523 0.01640033 -0.05398982 0.04689431 -0.0103935 -0.04489994 0.05477792 -0.004241466 -0.04489994 0.03825896 0.01692688 -0.05827981 0.03037536 0.01077479 -0.05827981 0.04909688 -0.01321595 -0.04311597 0.05698055 -0.007063925 -0.04311597 0.05058401 -0.008160889 -0.03698128 0.03605645 0.01974934 -0.06006371 0.03190541 0.01287531 -0.06579065 0.02817285 0.01359719 -0.06006371 0.03750431 0.02092212 -0.06000077 0.03399699 0.01834785 -0.05973839 0.03573215 0.01251703 -0.06221789 0.03421038 0.01773244 -0.06097549 0.03413611 0.01739042 -0.06142497 0.03347563 0.01640629 -0.06216657 0.03303676 0.01609992 -0.06209677 0.03194379 0.01523667 -0.0621258 0.03147405 0.01502227 -0.06188499 0.03051185 0.01490849 -0.06087714 0.03023231 0.01499873 -0.06038916 0.03316605 0.01604014 -0.05613291 0.03001892 0.01561421 -0.059152 0.03009325 0.01595622 -0.05870258 0.02900367 0.0162639 -0.05696731 0.0311383 0.01733368 -0.05781352 0.03228574 0.01811009 -0.05800181 0.03435134 0.01944303 -0.05845433 0.03159743 0.0150094 -0.05311149 0.03616285 0.01769375 -0.06344985 0.03042489 0.01304388 -0.06370687 0.05477792 -0.009144783 -0.04366606 0.05610692 -0.009014427 -0.04512 0.05058813 -0.00931847 -0.04773759 0.05479592 -0.009919881 -0.04493725 0.05447375 -0.01032334 -0.04517793 0.05344194 -0.01124763 -0.04536622 0.05296689 -0.01152509 -0.04521864 0.05185168 -0.01192653 -0.0444771 0.05150192 -0.01191544 -0.04402768 0.05121213 -0.01167404 -0.04329162 0.05093717 -0.01126575 -0.04230254 0.04957365 -0.006998658 -0.0409674 0.05128151 -0.01036 -0.04129469 0.05160349 -0.009956538 -0.04105395 0.05278056 -0.009049654 -0.04108256 0.05311042 -0.008754909 -0.04101324 0.05420547 -0.0077551 -0.04077762 0.05103766 -0.006406068 -0.0385797 0.05368 -0.0109502 -0.04877781 0.03076148 0.0159257 -0.05957585 0.03283518 0.01785838 -0.05907857 0.02907508 0.01998043 -0.06185406 0.0327062 0.02052688 -0.06054115 0.03120696 0.01715219 -0.06407141 0.05825126 -0.01681774 -0.03903007 0.03200328 0.018651 -0.06213593 0.02941328 0.0173338 -0.06105029 0.03105109 0.01939576 -0.05993854 0.03097587 0.01607239 -0.06140232 0.02888262 0.01471096 -0.06048464 0.03299599 0.0176813 -0.061351 0.03478163 0.01726222 -0.06316316 0.03081548 0.01822465 -0.05671018 0.03139388 0.0179708 -0.05904871 0.03311586 0.01677948 -0.06113934 0.03202694 0.01745218 -0.05868834 0.0501163 -0.01201528 -0.04140049 0.05297827 -0.01024061 -0.04136365 0.05429029 -0.007836639 -0.0399788 0.05394345 -0.01208567 -0.04525786 0.05572217 -0.01012516 -0.04600566 0.05313074 -0.01151734 -0.04439634 0.05177658 -0.01149284 -0.04420667 0.05490332 -0.01668691 -0.04057902 0.05777436 -0.01564925 -0.04213541 0.05552744 -0.01276314 -0.03792333 0.05874335 -0.01297128 -0.04101872 0.05710679 -0.01391369 -0.03809338 0.0538004 -0.01434135 -0.04416519 0.05324363 -0.01198905 -0.03988665 0.05624848 -0.01024812 -0.04093086 0.05423647 -0.01313036 -0.04309594 0.04958385 0.02107554 -0.03667134 0.07050842 -0.00441426 -0.01573091 0.05824583 -0.01329094 -0.01856142 0.04975217 0.01001584 -0.04947209 0.06034731 0.01962083 -0.0440582 0.06775921 -0.01589614 -0.02705532 0.0669884 0.01130068 -0.03476113 0.05375111 -0.003607034 -0.01865315 0.06417036 -0.00897181 -0.02392166 0.05402904 0.01219654 -0.04260462 0.06211286 -0.006543934 -0.02128821 0.05027949 0.01173692 -0.04108971 0.05762606 0.01586842 -0.04039484 0.06794112 -0.007370293 -0.02415913 0.06693631 -0.003895938 -0.01967185 0.06864571 -0.007134675 -0.02426946 0.06417036 -0.01062607 -0.02579605 0.05969506 -0.009545147 -0.02214205 0.0614044 -0.005385637 -0.01835709 0.06066781 -0.008419334 -0.01659244 0.05402904 0.01054227 -0.04447901 0.0585044 0.01403367 -0.04295229 0.04955375 0.0116232 -0.04082489 0.05126315 0.01578271 -0.03704005 0.056795 0.01727241 -0.03835481 0.06275665 -0.008208096 -0.0158661 0.06104719 -0.0123676 -0.01965099 0.06214267 -0.01420325 -0.02232468 0.06552255 -0.01344853 -0.02330499 0.06797659 -0.01310926 -0.0242573 0.0699979 -0.009957134 -0.0217784 0.07139748 -0.008607983 -0.02102059 0.06828844 -0.006718397 -0.01718086 0.05267685 0.01336473 -0.04697 0.04799634 0.01322549 -0.04460173 0.04820162 0.01444566 -0.04331594 0.04737061 0.01641964 -0.04063045 0.04991096 0.01860517 -0.03953111 0.05207914 0.02071565 -0.03831803 0.05544281 0.02009487 -0.04084587 0.05775934 0.01988685 -0.04233396 0.05715227 0.01685613 -0.04544335 0.05755203 0.01570218 -0.0469554 0.06768947 -0.005473732 -0.01545059 0.05938148 -0.01219636 -0.01855278 0.05329453 0.01237064 -0.04843169 0.05472874 0.01639312 -0.04465848 0.05210995 0.01120758 -0.04268586 0.04909408 0.0156455 -0.04244601 0.05615055 0.01561081 -0.03986108 0.05281275 0.0185796 -0.04112833 0.04930865 0.0135557 -0.03850239 0.05791902 0.01787155 -0.04213982 0.05545586 0.01456677 -0.04711645 0.05281531 0.02016872 -0.0393359 0.04967397 0.0131241 -0.04561263 0.0669133 -0.01133596 -0.02166944 0.06150406 -0.009653747 -0.02324914 0.06292223 -0.0108639 -0.01894539 0.06580877 -0.006323635 -0.021829 0.0657019 -0.007557153 -0.01674431 0.0701574 -0.007730543 -0.01934218 0.06080216 -0.0104351 -0.01732844 0.06852555 -0.01207172 -0.02337509 0.06274366 -0.01374328 -0.02213048 0.06430882 -0.003822088 -0.01816201 0.06632602 -0.01093631 -0.02089518 0.05130177 0.01635968 -0.04278826 0.06465739 -0.009184002 -0.01799839 0.06735736 -0.009076833 -0.01934891 0.05252683 0.01825791 -0.04134654 0.06303048 -0.0114212 -0.01966124 0.05082368 0.01979738 -0.04619294 0.04909688 0.01809519 -0.04384189 0.05442583 0.01975607 -0.04485273 0.0551539 0.01113796 -0.03826224 0.05222451 0.01943951 -0.04061836 0.05422037 0.01708495 -0.04360651 0.05602598 0.01856309 -0.04347676 0.05349326 0.01475363 -0.04649078 0.05134248 0.0156629 -0.0436418 0.04890632 0.01578879 -0.04279112 0.05187124 0.01817184 -0.04237061 0.05141437 0.01617181 -0.04445379 0.05398356 0.0176872 -0.04406642 0.06702619 -0.00964874 -0.01921683 0.06534796 -0.0118612 -0.02012872 0.06595897 -0.008611679 -0.0167272 0.06188571 -0.01114916 -0.01807296 0.06903856 -0.01077657 -0.0208463 0.06659585 -0.01247894 -0.02231806 0.0683583 -0.007965981 -0.01880389 0.06415539 -0.01001065 -0.01871186 0.06758469 -0.01291805 -0.0132755 0.06858813 -0.01565581 -0.01847046 0.0654205 -0.01264679 -0.01525974 0.06989151 -0.01420682 -0.01514244 0.06726557 -0.01685786 -0.01672333 0.06429421 -0.01275599 -0.01737886 0.06813961 -0.01302874 -0.0197159 0.05937695 0.0192632 -0.01687085 0.06976711 -0.006774842 0.01304268 0.06412768 0.01031982 -0.02582937 0.06159615 -0.01375591 0.003890991 0.06522864 0.01208001 -0.02439111 0.06804025 -0.01473325 0.002388179 0.07326543 0.01534944 -0.02195715 0.05647403 0.01539969 -0.01975768 0.06995064 0.02266567 -0.01406431 0.0720182 -0.01637613 -0.001281201 0.06774425 -0.009084105 0.002399504 0.06552457 0.01208418 -0.01874202 0.06419372 -0.006341278 0.00551927 0.06169599 0.01236653 -0.01805537 0.0690751 0.01520037 -0.0159952 0.07157284 -0.008397936 0.002682745 0.07067513 -0.004305124 0.006876826 0.06300204 -0.008658289 0.003323853 0.06774425 -0.01085078 6.30714e-4 0.06481337 -0.004612863 0.007184267 0.07248651 -0.008160412 0.002826631 0.07026684 0.01300793 -0.01831495 0.06552457 0.01031756 -0.02051091 0.06845545 0.01686322 -0.01426464 0.06259369 0.01655548 -0.01395738 0.06078225 0.01251006 -0.01781773 0.06962388 -0.005848467 0.01111042 0.06510937 -0.007435321 0.01000308 0.06280303 -0.007700324 0.009977102 0.06329798 -0.01148074 0.006142735 0.06349825 -0.01357829 0.004016757 0.06804025 -0.01367324 0.003449559 0.07185447 -0.01315963 0.003567278 0.07278245 -0.01098287 0.005645513 0.07392519 -0.008995652 0.007513761 0.07097113 -0.007127583 0.009695827 0.06522864 0.01314002 -0.02332979 0.06202208 0.01296758 -0.0231648 0.06048631 0.01533252 -0.02063655 0.05898433 0.01624614 -0.01955294 0.06229776 0.01937794 -0.01677626 0.06815952 0.01968568 -0.01708358 0.07012408 0.01970565 -0.0172581 0.0699709 0.01583039 -0.02113384 0.07049137 0.01408392 -0.02292966 0.06232589 0.02077305 -0.01537531 0.06274408 0.01561057 -0.02059537 0.06338262 0.01440185 -0.01634651 0.06285315 0.01882308 -0.01739341 0.06955337 0.01356977 -0.01822656 0.06766474 0.01588886 -0.02083772 0.06052261 0.01463061 -0.0156672 0.0702306 0.01797825 -0.0190106 0.06204658 0.01357966 -0.02255553 0.06817334 0.0137791 -0.02299904 0.06537526 0.020374 -0.01610207 0.06588172 -0.01152265 0.005837857 0.06370055 -0.007028996 0.004863023 0.06898468 -0.008288502 0.008746802 0.07049638 -0.005223274 0.006004691 0.07093 -0.01181536 0.004974365 0.06303828 -0.009360194 0.008293211 0.0678935 -0.006454646 0.01069265 0.07295155 -0.008642137 0.007971405 0.06481695 -0.01188951 0.002735912 0.07068896 -0.0102117 9.61409e-4 0.06603145 -0.01064491 0.006692409 0.06378221 0.01610022 -0.02021396 0.06503039 0.01791316 -0.01851445 0.06925195 -0.008812248 0.008189737 0.06921923 -0.01094537 0.006071627 0.06740134 0.01661419 -0.02007782 0.07037526 -0.01098752 0.005893528 0.06655681 -0.00876224 0.00852257 0.06511771 0.02083355 -0.02328002 0.0638433 0.01647424 -0.02355414 0.06796473 0.01834875 -0.02209281 0.06265705 0.01967793 -0.02020668 0.06866645 -0.01686829 0.01352691 0.06349021 0.01800113 -0.02167677 0.06509095 0.01953339 -0.02039146 0.066513 0.01786839 -0.02208769 0.06657886 0.01792424 -0.01985555 0.0679689 0.01929402 -0.01809275 0.06379556 0.01784044 -0.01960813 0.06123882 0.01662307 -0.01995354 0.0646733 0.01604402 -0.02149897 0.06644988 0.01445555 -0.02271711 0.06410312 0.01569163 -0.02065676 0.06689095 0.01666295 -0.01996082 0.06942689 -0.0112605 0.00690788 0.0720629 -0.01018053 0.006991863 0.06918752 -0.009342133 0.008033156 0.06752371 -0.008030831 0.01035559 0.06720817 -0.01317209 0.004612803 0.06672561 -0.01145136 0.006947517 0.06440001 -0.01000344 0.007967054 0.06680154 -0.009891748 0.007677197 0.06844776 -0.007488965 0.00959891 0.06549102 -0.0138629 0.01140034 0.07140243 -0.01333492 0.01191443 0.06786507 -0.01645308 0.009023189 0.06775021 -0.01356118 0.01337844 0.07018029 -0.01387107 0.0128327 0.06598407 -0.01281231 0.008504033 0.07058024 -0.01272302 0.008107662 0.06782215 -0.01050442 0.01063644 0.06711667 -0.01625555 0.01135063 0.06815057 0.0224992 0.01248264 0.05252099 -0.007565081 0.03288209 0.06206691 0.01348787 0.001607179 0.06464427 -0.01580005 0.02782869 0.07438457 0.01448237 0.006297111 0.06278187 -0.005375206 0.03830403 0.05686354 -7.50635e-4 0.007819056 0.07634466 0.01544314 0.008307635 0.06438511 -0.003962814 0.04025483 0.06101369 -0.009051442 0.02795547 0.06705361 0.01211684 0.007573664 0.05836832 -0.004813075 0.03157186 0.06424707 0.01588749 0.01066261 0.06800669 0.001796007 0.01921564 0.05813497 -0.0040856 0.03225994 0.05818802 -0.01257926 0.02738988 0.06101369 -0.01078546 0.02615451 0.05635583 -0.007699489 0.02797937 0.06389248 -0.004938066 0.03308069 0.06567168 -0.0090788 0.02930742 0.06417483 0.01708275 0.01187819 0.06500267 0.01298063 0.003453612 0.06239563 0.01346886 0.007597625 0.06705361 0.01038289 0.005772829 0.06993234 0.01623028 0.01269894 0.07171148 0.01208955 0.008925616 0.06277352 -0.006478905 0.03702408 0.05732971 -0.006908059 0.03497743 0.05436545 -0.009541392 0.03137576 0.05555045 -0.01052194 0.03069686 0.06020838 -0.01360791 0.02887219 0.0634666 -0.01399713 0.02943241 0.06486636 -0.01190125 0.03202491 0.06624019 -0.01092332 0.03343874 0.06308716 -0.007760524 0.03579831 0.06785887 0.01320534 0.003055274 0.06320101 0.01629132 0.004880011 0.06163412 0.01691573 0.005081415 0.06498014 0.0199052 0.009160578 0.06437629 0.02143925 0.01058024 0.07073765 0.01905274 0.009981393 0.07270878 0.01842409 0.009922921 0.07251679 0.014912 0.006208062 0.07257366 0.01291328 0.004138886 0.05653226 -0.005674719 0.03602212 0.06958353 0.01488685 0.005316197 0.06708502 0.01651364 0.009172797 0.06495541 0.0156008 0.004661321 0.06959724 0.01397597 0.01087832 0.06416136 0.01128661 0.005854249 0.07187753 0.01435375 0.01132643 0.07075119 0.01325261 0.003961384 0.06303495 0.01860469 0.0072335 0.06800293 0.02027672 0.01044219 0.06099772 -0.0120812 0.03069901 0.05827611 -0.005846917 0.03045487 0.0565803 -0.009330928 0.03223001 0.0629245 -0.008794963 0.03469437 0.06343603 -0.009633362 0.02808928 0.0633338 -0.01347523 0.02993613 0.05731612 -0.01270413 0.02895373 0.06006431 -0.006493866 0.03621804 0.06592673 -0.007021844 0.03151929 0.05618983 -0.005386114 0.0303328 0.05919504 -0.01093161 0.03136861 0.06653749 0.01583844 0.005399286 0.066289 0.0179013 0.007466733 0.0607168 -0.009202003 0.03359884 0.0692259 0.01733791 0.007732093 0.06168246 -0.01135367 0.03165137 0.06149435 -0.0088858 0.03416192 0.05763578 -0.01023405 0.03161382 0.06903427 0.02014029 0.002932608 0.0709176 0.0169993 0.004065155 0.07005476 0.0198903 0.00682193 0.0657832 0.01990616 0.00559318 0.06521809 0.007417261 0.01556879 0.06762713 0.01972049 0.009113907 0.06643486 0.01681923 0.006423592 0.06426751 0.0163173 0.004662692 0.07158762 0.01519167 0.005680859 0.06932222 0.01585739 0.006243169 0.06661176 0.01802939 0.006439745 0.06876862 0.01615011 0.005176246 0.06919157 0.01787883 0.00712651 0.05613827 -0.00947386 0.03308302 0.05864202 -0.0095824 0.03311616 0.06018686 -0.009566664 0.03424048 0.06327652 -0.009321689 0.0349555 0.06072437 -0.01155179 0.03239113 0.05976873 -0.01303052 0.02991819 0.05724924 -0.007919847 0.03387951 0.06163871 -0.01030951 0.03271478 0.05657207 -0.01403617 0.03761333 0.06176561 -0.01565736 0.03623449 0.0575127 -0.01608633 0.035016 0.06023478 -0.01629173 0.03641963 0.05952507 -0.01393347 0.03250586 0.05783522 -0.01009571 0.0360825 0.06199628 -0.0127387 0.03449457 0.05966782 -0.01317518 0.03868395 0.05894756 -0.0109654 0.03534829 0.06016725 0.02067214 0.03722381 0.04321944 -0.006141066 0.05814778 0.03632259 -0.006231844 0.05238878 0.05306148 0.02009409 0.03092068 0.05588632 0.01333129 0.02481168 0.04764628 -0.01646912 0.04960191 0.06253522 0.0205419 0.03835111 0.0470674 -0.007485866 0.05949586 0.0667153 0.01176512 0.02965241 0.03822052 -0.00189042 0.056643 0.04500347 -0.008855462 0.04884994 0.05838322 0.01231282 0.03233098 0.04080235 -0.005410969 0.0498498 0.05421006 0.01764285 0.03242707 0.04500347 -0.005779445 0.05279183 0.05838322 0.0153889 0.03627288 0.04913681 -0.009693264 0.05401754 0.06276488 0.01236861 0.0359655 0.04500347 -0.004241466 0.05476278 0.04500347 -0.0103935 0.04687911 0.05838322 0.01077485 0.03036016 0.05838322 0.01692688 0.03824377 0.04321944 -0.007063925 0.05696529 0.03725057 -0.006861686 0.05237674 0.04152631 -0.01295876 0.04806983 0.0432195 -0.01321595 0.04908162 0.04770207 -0.0139873 0.05172306 0.06016725 0.0135973 0.02815765 0.06016725 0.01974934 0.03604125 0.0659576 0.01512485 0.0348168 0.06031256 0.01256531 0.02692824 0.06037783 0.0151897 0.03037023 0.05544579 0.01431739 0.03251278 0.05925559 0.01561409 0.03000366 0.05880618 0.01595616 0.03007799 0.05806452 0.01694029 0.03073847 0.05791693 0.01733368 0.03112298 0.05810523 0.01811003 0.03227037 0.0582959 0.01804232 0.03233599 0.05679935 0.0196886 0.03324019 0.05984199 0.01834791 0.0339818 0.06168526 0.01347863 0.03403699 0.0610789 0.0177325 0.03419518 0.06152838 0.01739048 0.03412085 0.06296479 0.01758164 0.0354492 0.06177759 0.01688373 0.03334653 0.06222921 0.01523661 0.03192847 0.06205058 0.01415872 0.03040945 0.05407392 0.01717418 0.03092819 0.06362313 0.01140916 0.03541064 0.04289418 -0.01155889 0.05094158 0.04240608 -0.01126569 0.05092191 0.0409578 -0.005735039 0.04960435 0.04139816 -0.01036006 0.05126625 0.04115748 -0.009956538 0.05158823 0.04096919 -0.009032309 0.05262023 0.04111677 -0.008754849 0.05309522 0.04185825 -0.008353352 0.05421042 0.04230785 -0.008364498 0.0545603 0.04338699 -0.008792519 0.05488079 0.04740351 -0.008889734 0.05242031 0.04476857 -0.008697032 0.05614078 0.04528141 -0.01032322 0.05445861 0.04546982 -0.01124757 0.05342674 0.04677402 -0.01293843 0.05232983 0.04458063 -0.01192647 0.05183655 0.04413115 -0.01191538 0.05148679 0.0379799 -0.007344603 0.05234247 0.05072999 -0.009675323 0.05249208 0.04447191 -0.01120215 0.05271929 0.04178571 -0.00992918 0.05213218 0.06279796 0.02013248 0.02986079 0.06018054 0.01721829 0.02805149 0.0596401 0.02058261 0.0319401 0.0542947 0.007470071 0.03937333 0.05913686 0.0178526 0.03128612 0.05679178 0.0178852 0.03009682 0.06157863 0.01596808 0.0309714 0.0624141 0.01428377 0.02993649 0.06083208 0.01945573 0.03506493 0.06289106 0.01720738 0.03495317 0.05872952 0.01734554 0.03184014 0.06109762 0.01549887 0.03134799 0.04329735 -0.009793519 0.0546475 0.03933972 -0.009200215 0.05190819 0.04171401 -0.01096302 0.05220222 0.04525852 -0.009955286 0.05640453 0.04489505 -0.01312255 0.0511828 0.04416096 -0.0117312 0.0531997 0.04468947 -0.008545875 0.05628263 0.04190915 -0.009760737 0.05242866 0.04158735 -0.01416975 0.05893015 0.0420736 -0.01624143 0.05432909 0.03798538 -0.01296752 0.05550557 0.03940844 -0.01625823 0.05491977 0.04065239 -0.01286661 0.05255621 0.04386818 -0.01301431 0.05491858 0.04205954 -0.01045197 0.05687153 0.03952866 -0.01391458 0.05819606</float_array>
          <technique_common>
            <accessor source="#Test_011-mesh-positions-array" count="2224" stride="3">
              <param name="X" type="float"/>
              <param name="Y" type="float"/>
              <param name="Z" type="float"/>
            </accessor>
          </technique_common>
        </source>
        <source id="Test_011-mesh-normals">
          <float_array id="Test_011-mesh-normals-array" count="18048">9.66792e-4 0.008471608 -0.9999637 0.2196921 -0.8572636 -0.4656551 -0.2600021 -0.6857249 0.6798384 0.8173244 -0.507852 -0.2721531 -0.7412292 -0.6709781 0.01917773 -0.8997472 0.4155613 -0.1332814 0.5182579 0.5443965 0.6595767 0.4077755 -0.9051977 0.1197342 -0.5309044 -0.2867195 -0.7974538 0.9542026 0.248835 0.1660681 0.06387913 0.7091803 0.7021274 0.2464028 0.06075239 0.9672615 -0.4950763 0.5924062 0.6355742 0.02931207 -0.2526125 -0.9671235 -0.7045354 -0.7056591 0.0753346 0.03850018 0.2105621 0.9768221 0.6676151 0.1091441 -0.7364629 0.2109445 -0.2724654 -0.9387571 0.5297352 -0.2522799 -0.8097751 -0.5417661 -0.7797117 0.3139096 0.1923235 -0.8009027 0.5670684 0.6798219 -0.7054247 0.2005449 0.8175867 0.53767 -0.2060661 -0.6239321 0.702225 0.3429122 0.4240124 0.6209157 -0.6593005 -0.6434948 -0.6559282 0.3945539 0.2938961 0.3801997 0.8769683 -0.88347 0.05159038 -0.4656385 -0.05148118 0.9644411 0.2592356 -0.890657 0.383341 0.2444994 -0.7077351 0.3362097 -0.6213486 0.2719271 -0.6800416 0.6808812 -0.7978046 0.1452081 0.5851687 0.3551344 0.4573509 -0.8152973 -0.4514814 0.6955814 0.5588659 -0.9890078 0.02721816 0.1453364 -0.3863361 0.695672 -0.6056277 -0.3526676 -0.4268955 -0.832698 -0.7328107 0.365161 -0.5741481 0.8114607 -0.2710241 -0.517762 0.7814186 -0.2478243 -0.5726851 -0.5891203 -0.7799451 0.2112417 0.03310084 0.6923667 -0.7207862 -0.165493 0.5144034 0.8414282 0.9359604 0.1454121 -0.3206768 -0.2754744 0.7702449 -0.5751841 -0.4579571 0.6951955 -0.5540564 -0.5362406 0.7032262 0.466818 0.6676396 -0.6242581 0.405659 -0.5728725 -0.6893578 0.4433993 0.5356442 -0.703301 -0.4673897 -0.5377691 -0.284349 0.793694 -0.5046721 -0.2924102 -0.8122823 -0.8825222 -0.06496167 0.4657624 0.8002185 -0.5457741 0.2485584 0.2740545 -0.6891745 0.6707702 -0.6826665 -0.5660274 0.4621467 -0.06693464 0.1957167 0.9783735 -0.1242477 0.730946 -0.6710296 0.6972291 0.6825547 0.2190679 -0.7927991 -0.3060297 -0.5270822 0.1946417 -0.116795 -0.9738961 -0.670743 0.5845692 0.4564896 -0.4413417 -0.6105224 0.657632 -0.1523945 0.6872714 -0.7102351 0.9959598 -0.05733507 0.06911402 0.3376684 0.8826833 -0.3268798 0.9637237 0.1043114 -0.2456743 -0.4976192 0.2535268 -0.8295176 -0.5911032 0.09605777 0.8008559 0.2460829 -0.4948182 0.8334256 0.6080887 -0.07233202 0.7905672 -0.7886292 -0.2321092 0.5693762 0.5685876 0.6240659 -0.535957 -0.3714444 0.4138004 -0.8311429 -0.699323 0.5571665 0.4477868 -0.3932409 -0.06585842 -0.9170737 -0.4285894 -0.7648568 0.480942 -0.3306745 0.05117213 0.9423565 0.5518195 0.8234233 -0.1321721 -0.8118479 0.2750993 0.5149986 -0.7797161 0.410072 0.4731636 -0.4429665 -0.4537983 0.7732061 0.6819673 -0.7287141 -0.06242293 0.5874601 0.7220972 0.3653305 0.472075 0.5959627 -0.6495951 0.3518102 0.1400578 -0.9255341 0.2547318 0.7275427 0.6370192 -0.7004703 -0.6596132 -0.2724919 0.8343133 0.4824892 -0.2666941 0.9503448 0.1272645 -0.2839869 0.07556813 -0.1855899 -0.9797173 0.2571645 0.7400726 0.621417 0.2975043 0.7163047 -0.6311884 -0.225517 0.1970878 -0.9540956 -0.8586998 -0.5026935 -0.09966868 -0.7127986 0.1369596 -0.6878665 -0.5991165 -0.657607 0.4567412 -0.793962 0.2777392 0.5408193 -0.01065266 0.6375399 0.7703437 0.8102177 0.5755992 0.1106022 0.1916301 -0.8101186 0.5540631 -0.7045856 -0.7056767 0.07469779 0.126487 0.4373505 -0.8903514 0.2756565 0.742876 0.6100401 0.5295499 0.07576543 0.8448886 0.2467955 -0.7679832 -0.5910108 -0.746627 0.6404691 -0.1798544 -0.3978558 -0.2913635 0.8699529 0.421503 -0.6961971 0.5810722 -0.6980267 -0.1551762 0.6990559 -0.8017361 0.568314 -0.1850365 0.8882547 0.3598372 0.2855185 0.7986982 -0.1214588 -0.5893464 -0.1994984 -0.707413 0.6780614 0.3395129 -0.5705884 0.74777 0.2603855 -0.5957534 0.7597877 0.4697983 -0.4923014 0.7327543 0.8000507 -0.4392636 0.4086152 -0.4823824 0.537397 -0.6917455 0.3573283 0.6402286 -0.6800175 0.2012712 0.6811749 0.7039111 0.6257424 -0.6856885 -0.3718573 0.9914739 0.03650182 -0.1250885 0.4829453 0.4681101 0.7400249 0.8853671 -0.2005016 0.4194334 -0.7137615 0.5872042 -0.3817535 -0.8769668 0.304677 -0.3716197 -0.8305634 -0.002446115 0.5569187 -0.4440391 0.6544408 -0.611994 0.07946473 0.7281371 0.6808097 -0.1808642 0.867539 0.4633187 -0.834127 0.4497026 0.3193741 0.514916 0.04957103 0.8558062 0.7381817 0.6075956 -0.2931132 0.8263599 0.2298138 0.5141156 -0.5169969 -0.6190724 -0.5911546 0.3522261 -0.2322244 0.9066469 -0.146002 -0.6853475 -0.7134299 0.06463384 -0.7039733 -0.7072795 -0.8421647 0.4612697 -0.2792649 -0.1583321 -0.2847138 -0.9454465 -0.05840951 0.4378963 -0.8971261 0.2063319 0.9211633 -0.3299779 -0.842972 0.5306348 -0.08845853 -0.2940536 0.7298404 0.617143 0.4499211 -0.7185493 -0.5303376 -0.2790037 -0.05344915 -0.9588015 0.1521445 -0.6027302 -0.7833061 0.6901266 -0.6853864 0.2323163 -0.6905354 0.3296711 -0.6437996 -0.481328 0.3400136 -0.8079073 -0.3933799 -0.917636 -0.05653804 0.6215531 0.6054869 -0.4970487 0.2751802 0.04927581 0.9601291 0.5620057 -0.2864791 0.7759377 0.9830105 -0.1759331 -0.05232667 0.7674903 -0.611504 -0.1924095 -0.4369043 -0.6855143 -0.5823959 0.7253423 -0.5738868 -0.3801743 -0.4341988 -0.6711021 0.6009106 -0.5134832 -0.04260426 -0.8570415 0.3843146 0.6522099 -0.6533948 -0.0534814 0.4694381 0.8813443 -0.0288791 0.5177262 -0.8550589 -0.2284364 0.5772013 0.7839998 0.07292085 -0.2368526 0.9688051 0.6646066 0.7050698 -0.247335 0.5112846 -0.03996437 0.8584819 -0.07508993 0.6740585 0.7348515 0.1446523 -0.9283998 0.3422713 -0.2875075 0.6010851 0.7456783 0.4194972 -0.06358051 0.9055273 0.6462886 0.4856427 0.5886104 0.4676503 0.7932829 0.389879 0.2777651 0.178436 0.9439318 0.3235768 -0.1087763 -0.9399287 0.236235 -0.331716 -0.9133223 0.03490883 0.06967377 0.9969589 0.4803425 0.008477568 0.8770402 -0.6177914 -0.7114487 0.3349246 -0.4581538 0.708418 0.5368791 0.6226138 0.7054027 -0.3387613 0.768086 -0.640183 -0.01448345 0.6019458 -0.719534 -0.3463122 0.1905997 -0.5266256 -0.8284549 -0.2707347 -0.263127 -0.9259951 0.02134537 -0.06176257 0.9978626 -0.2139895 0.5691897 0.7938713 -0.1685027 0.5333741 0.8289263 0.4520899 0.06513351 0.8895912 0.6102529 -0.2046468 0.7653177 0.1079241 0.7754089 0.6221684 0.1041505 -0.1971991 0.9748156 0.6453778 -0.4832344 -0.5915845 0.6335851 -0.1193375 -0.7644138 -0.8993802 0.1438028 0.4128392 -0.8756417 0.4214547 -0.2358552 -0.6207917 -0.707086 0.3385959 0.8747752 0.03334534 0.4833802 0.4081391 -0.9060366 -0.1118943 0.5785595 0.1244463 0.8060907 0.8947172 -0.4135382 0.1687225 0.008696079 0.1128628 -0.9935726 -0.7776632 0.510706 -0.3666325 0.0559796 0.3907614 0.9187882 -0.9721848 0.2203872 -0.07928663 -0.6090542 0.6952974 -0.381595 -0.1798732 0.136277 0.9742045 -0.03110682 0.184991 0.9822478 0.8784443 -0.4235649 -0.2211977 -0.345286 -0.8485038 -0.4010225 -0.2861343 0.6527385 -0.7014696 -0.6592827 0.4456031 0.6056272 0.623676 0.7045751 -0.3385298 0.6251586 0.7041454 -0.336684 -0.220313 0.9681073 0.1192919 -0.8621947 -0.1945213 0.4677414 0.8830168 0.3852318 -0.2681006 0.008686363 0.1128689 -0.993572 -0.08589011 -0.5194855 -0.8501516 0.8429978 0.4655654 -0.2694507 -0.2992748 0.227396 0.9266746 0.2005094 -0.9768161 0.07500976 -0.5774167 0.3448135 0.7400633 -0.01183325 -0.6859039 0.727596 0.01803016 0.46516 0.885043 0.4030411 0.05369013 0.9136056 0.6662247 -0.7095589 -0.2295017 0.6262902 -0.7187729 -0.3018713 -0.7353982 0.3727209 -0.5659228 -0.7264751 0.3576884 -0.5867648 0.5732216 0.637827 -0.5143869 -0.7543246 0.4489245 -0.4790211 -0.6961766 0.6744516 0.2458724 -0.1263098 0.5290585 0.8391323 0.649097 -0.2934161 0.7018405 0.7953338 -0.5497552 0.2553691 -0.6249521 0.7760629 -0.0846244 0.246861 0.6885301 -0.6818988 0.2314868 -0.9009072 -0.3671243 0.8852328 0.422487 -0.194596 0.9271087 0.1346447 -0.3497717 -0.2834727 -0.6982682 0.6573164 0.4008166 0.8854413 -0.2352439 -0.6270685 -0.5896828 -0.5089787 -0.6302941 -0.6229346 -0.4633378 -0.565073 -0.7970666 0.21302 -0.7473376 -0.5945199 0.296703 -0.02277326 0.8457852 0.5330374 -0.3032089 -0.2175788 0.9277521 0.9883075 0.1020073 -0.1133265 0.1194208 -0.9862663 -0.1140946 -0.0301041 0.5378277 -0.8425171 -0.9510245 0.05761229 -0.3036991 0.9892985 -0.1293938 -0.0674234 0.6245426 0.6992443 -0.3478565 -0.8321325 -0.1230558 0.5407519 -0.8100228 -0.5459031 -0.2141327 -0.7448149 0.06745332 0.6638531 -0.1241253 0.209531 -0.9698916 0.4916685 -0.6501521 0.5792792 -0.7328801 0.3217455 0.5994721 -0.5552136 -0.7431322 -0.3734871 0.7543012 -0.6373167 -0.1576614 0.698726 -0.71189 -0.07067352 -0.6108123 0.6188705 0.4938701 0.3756933 0.6094656 0.6981449 -0.4963163 0.49023 -0.7164809 -0.05692476 -0.2900357 -0.9553214 0.7460076 0.3101431 0.589308 -0.6653965 -0.1500629 -0.7312515 0.8879031 -0.4522165 -0.08443069 -0.8751938 0.3859008 0.2917472 -0.08821797 -0.3824824 -0.9197418 -0.1275928 -9.36163e-4 0.9918263 0.6139835 -0.2195561 0.7581686 0.399208 -0.7356525 0.5472188 -0.6792303 -0.7267934 0.1020674 0.8429722 0.228431 0.4870495 0.4610041 0.346224 0.8170706 0.8688797 -0.4718892 -0.1495614 0.8870894 -0.05850756 0.4578746 -0.7332886 -0.1535839 0.6623443 0.612869 -0.6579697 -0.43757 -0.7286794 0.2823167 -0.6239582 -0.6737888 -0.6982889 0.2416637 -0.3854815 -0.5766767 -0.7203111 -0.7198487 0.3474326 -0.6009231 -0.2592623 -0.7072396 0.6577199 0.3409534 -0.2453422 0.907501 0.6037262 0.6702105 0.4316629 -0.4604347 -0.3294121 -0.8243105 0.2564179 -0.7390871 0.6228967 0.732784 -0.666701 -0.1361519 0.1169369 0.1667318 -0.9790436 -0.2132386 0.7015205 -0.6799989 0.4823492 0.2227111 -0.8471949 -0.42069 -0.6603507 -0.6220586 -0.01021176 -0.1474715 -0.9890136 -0.2796061 0.2340108 -0.9311603 -0.719029 0.6340017 -0.2846738 -0.6320334 0.71183 0.30632 -0.4645783 0.5117423 0.7226942 0.001651048 0.1187738 0.9929201 0.1790382 -0.1173442 0.9768192 -0.6530018 0.7573288 0.006463944 -0.796157 0.09748214 0.597186 0.8258003 0.07914853 0.5583812 0.4276176 -0.9033496 0.03321021 -0.9844869 -0.06378674 0.1634524 -0.9692624 0.0219087 0.245052 0.2919825 0.2229358 0.9300785 0.901758 -0.4322415 2.58463e-4 -0.6090537 -0.6952908 -0.3816077 0.4893026 -0.01681888 0.8719519 0.8860604 0.421992 -0.1918851 0.1204814 -0.8119503 0.5711575 -0.5478197 0.04614925 0.8353226 0.5105875 -1.42434e-4 0.8598259 0.07481408 -0.8505413 -0.5205597 -0.1333593 -0.8327265 -0.5373842 -0.8287136 -0.4658001 0.3102645 0.6576761 -0.7299633 0.1860536 -0.7078638 -0.3778125 -0.5968139 0.3465636 0.6329203 -0.6923189 0.4099542 -0.3198753 0.8541764 0.6726714 0.4892936 -0.5550722 -0.5774202 -0.3448032 0.7400653 -0.6090648 -0.6952925 -0.3815869 0.6262602 -0.7102595 -0.3214495 -0.2126725 -0.4519334 -0.8663294 -0.5286314 0.5921218 0.6082274 0.6356762 -0.5419 0.5497819 0.6366464 -0.5428206 0.5477476 -0.6629896 0.7395273 0.1163796 0.5524617 -0.5676131 -0.6104109 -0.6312966 0.5386875 -0.5579251 0.01644295 0.09977185 0.9948745 0.07885921 0.04966145 0.9956481 -0.1704062 -0.7475659 0.6419556 -0.7231107 0.1362745 0.677156 0.6223406 -0.7063264 -0.3373357 -0.06624853 0.9246259 -0.3750709 0.08765268 -0.9211227 0.3792759 0.8089103 0.3408214 0.4790668 -0.7674999 0.3290043 0.5501819 0.1279303 0.9668563 -0.2209589 -0.6152877 -0.4287269 -0.6615244 0.5329213 -0.1598334 -0.8309321 0.1866238 0.5869126 0.7878486 -0.2752527 -0.8266425 0.490814 0.9915555 -0.0350055 -0.12487 -0.3711795 -0.5393385 -0.7558704 0.212915 0.854542 -0.4737352 -0.9637728 0.1778239 0.1987982 -0.4761906 0.6224061 0.6211709 -0.6011257 0.5557327 0.57429 0.5084621 0.6865866 -0.5196779 0.3929913 -0.7226769 0.5685912 -0.1392248 -0.1734868 -0.9749456 -0.2871341 0.9136399 0.2877779 -0.1911921 -0.001423716 0.9815517 0.8257898 -0.1734245 -0.536652 -0.1770865 -0.5916514 0.7865043 -0.5784526 0.1833141 0.7948514 -0.5498667 0.8343639 -0.03851604 0.7880102 -0.6144675 -0.03833657 0.99499 0.05702662 0.08211499 0.5711714 -0.5945731 -0.565903 0.1720752 -0.6969056 0.6962132 0.4326869 -0.672106 0.6008791 0.7500998 -0.653842 0.09920179 -0.4971131 0.6759524 -0.5440286 -0.1049916 -0.7101199 -0.6962087 -0.5039063 -0.7906409 0.347801 0.4994409 0.8110434 -0.3045775 -0.6794402 -0.7055583 -0.201367 -0.5539487 0.768368 0.320549 0.770155 -0.4766728 0.4238449 -0.6070362 -0.6883708 0.3970552 0.7319841 -0.63261 -0.2529903 0.1859679 0.9743791 0.1264967 -0.1646399 -0.9302808 0.3278285 -0.8169997 0.1518341 0.5562894 0.8423398 -0.5293201 0.1014104 0.9018957 0.4319541 -1.41665e-4 -0.6367623 0.5104146 0.5779367 -0.6069144 0.3422877 0.7172825 0.5179895 -0.5119891 0.6852402 0.7579174 -0.6455318 0.09407502 0.3453905 -0.6447961 -0.6818676 0.9529144 0.01949363 0.3026122 -0.9339165 0.1988126 0.2971088 0.5319759 0.6976695 -0.4798532 0.965412 -0.126465 -0.2280052 -0.2628229 0.6900507 -0.6743546 0.6810513 -0.5847617 -0.4407073 0.6108725 -0.3624981 -0.7038679 -0.1422615 0.3780659 -0.9147831 -0.2169546 0.4157665 -0.8832151 -0.6890722 0.7211416 -0.07165491 -0.7357459 0.6384966 0.2258325 -0.623539 0.4714829 0.623621 0.5850975 -0.8105338 -0.02638125 0.7288849 0.1060945 0.676366 -0.1125893 -0.244095 -0.9631932 -0.3294528 0.7137293 -0.618103 0.679416 0.7060612 0.1996788 -0.2509824 0.04166352 -0.9670946 0.9677733 0.221367 0.1200481 0.7618085 0.3665512 -0.5341237 0.645657 -0.09705334 -0.7574351 0.6867141 -0.6899673 -0.2288427 0.8296017 -0.2849572 -0.4801672 0.2401031 0.8874241 -0.3934832 -0.1376054 -0.8772377 -0.4599115 -0.1195777 -0.7550972 0.6446157 -0.4201133 0.1032693 0.9015766 -0.6682199 0.7038172 0.2410882 -0.3699539 0.9131622 -0.171082 0.1474139 -0.6084497 0.7797808 -0.07008659 -0.6313052 0.7723612 0.4647347 0.001000761 -0.8854494 -0.3470667 -0.1018384 -0.9322949 0.6795157 0.7057418 0.2004669 0.8061041 -0.1244235 -0.5785458 -0.7311634 0.6741285 0.1046472 -0.3444316 0.4812772 -0.806064 0.9739303 0.2030781 0.1010901 -0.3542101 -0.889768 -0.2878338 -0.366642 -0.5106934 0.777667 -0.9935744 -0.1128483 -0.008681952 -0.07015216 0.141025 0.9875175 0.3085221 -0.4187726 -0.8540748 -0.9376564 -0.3093389 0.1584613 -0.6076087 0.3703607 0.7025985 -0.6909433 0.5758237 0.4370635 0.4957225 -0.647758 0.5785056 0.6060483 -0.685962 0.402693 -0.1739861 0.3858104 -0.9060238 0.3431259 -0.02706319 -0.9388996 0.08668112 0.1845366 -0.9789958 -0.2624992 0.5153793 -0.8157685 -0.737953 0.6748512 0.001150667 -0.2827701 -0.03577518 0.9585204 0.2457396 -0.4409775 0.8632213 -0.3367742 0.7062921 -0.6226834 -0.6079623 -0.7901538 -0.0777108 -0.7677216 -0.6337321 -0.09480112 0.463913 0.1457217 0.8738134 0.4989849 0.335653 0.7989689 -0.9346417 0.03269386 -0.3540848 0.002717494 0.8622052 -0.5065519 0.3292152 -0.660264 -0.6750325 0.3585754 -0.6517705 -0.6682956 0.7494944 0.6131237 0.2496747 0.6377677 -0.2999709 -0.7094151 0.207936 0.8424727 0.4969936 -0.6755972 -0.5244005 0.5182399 -0.2970561 -0.3725109 0.8792005 0.7594961 -0.4975734 -0.4190302 -0.19152 -0.7297505 -0.6563416 0.1881492 0.9549345 -0.2295653 -0.1721199 0.9552445 -0.2405882 -0.0773729 -0.7121588 -0.6977416 -0.6003822 -0.2425636 0.7620394 0.3264651 0.9190436 -0.2208612 0.05174893 0.6989896 0.7132571 -0.4435207 -0.1439197 -0.8846336 -0.1598185 -0.9848162 -0.067788 0.5303221 0.8365754 -0.1374776 -0.6474654 0.7155278 -0.2623139 -0.5762616 0.7584027 -0.3045458 0.06543874 -0.4039717 0.9124279 0.06431216 -0.665036 0.744037 -0.1434867 -0.5399172 0.829398 -0.5742035 0.1505104 0.804759 -0.5586251 0.1912266 0.8070752 0.4991315 0.3344946 0.799363 0.2323743 0.8108996 0.5370698 -0.5695 -0.5582268 -0.6033678 0.698288 -0.5049164 -0.5073986 0.5800372 0.290466 0.7610429 -0.9771158 0.08174961 0.1963716 -0.2772503 -0.7398543 -0.6129828 0.756549 0.5001208 0.4213231 0.3749443 -0.6878036 -0.6215651 0.8169851 -0.3459113 -0.46139 0.8595897 -0.494583 -0.1284257 -0.711164 -0.5656034 0.4175387 0.07994395 -0.7037338 0.7059516 0.8011544 0.2966709 -0.5197479 -0.6518512 -0.6776568 0.3403989 0.592507 0.6938692 -0.4092447 -0.6126536 -0.2077913 -0.7625474 0.4817844 -0.7049527 0.5205051 -0.1655762 0.6012212 0.7817401 -0.825453 -0.4708608 -0.3113156 0.7419761 -0.2449113 -0.6240913 0.5230041 0.1939647 -0.8299665 0.6346058 0.1845314 0.7504823 -0.07647311 -0.4488942 0.8903067 -0.8510243 0.4667003 0.2407249 -0.03811216 -0.7820222 0.6220842 0.5118633 -0.6497613 0.5619664 0.2456502 0.4659879 0.8500066 0.8245266 -0.267292 -0.4987093 0.1982275 -0.07676815 0.9771451 0.9123015 -0.2389671 -0.3325667 0.6657433 -0.1094063 -0.7381167 0.4367301 0.09133464 -0.8949441 0.9908816 0.09277248 0.09770852 -0.4012065 0.3418107 0.8498229 -0.2676114 0.7485412 -0.606688 0.539119 -0.6317872 0.5569522 0.3649808 0.6152951 0.6987139 -0.4885544 0.7073942 0.5107916 0.272222 -0.5078314 0.8173142 -0.2557359 -0.08934855 0.9626089 -0.4854474 0.2585496 0.8351604 0.2791909 -0.7191891 0.6362544 -0.04424607 0.5834065 0.8109743 -0.8325387 0.2642383 0.4868856 0.8065952 -0.1657074 -0.5674021 -0.3203608 -0.05337029 0.945791 0.5615786 0.4913479 -0.6657377 0.1934302 0.69804 -0.6894382 0.2870523 -0.7784695 0.5581992 -0.3198461 0.7706695 0.5511506 0.09200423 -0.3382752 -0.936539 0.01659595 -0.9225319 -0.3855642 -0.2649921 -0.8310601 0.4889975 -0.6040803 0.7079468 -0.3659213 -0.6335305 0.7050563 -0.3186451 -0.2030744 -0.7046415 0.6798833 -0.2240216 -0.7284289 0.647461 0.7998056 -0.5999342 -0.01975375 0.7709655 -0.6315836 0.08194082 0.1128128 0.4385694 -0.8915886 0.4184203 0.2245413 -0.88006 0.07414364 0.4957522 -0.8652933 -0.2470099 0.6410661 -0.7266502 -0.7297672 0.6680473 -0.1454398 -0.623987 0.713566 -0.3185338 -0.7745485 0.6323513 -0.01437425 -0.8139646 0.3204151 0.4845575 -0.6397936 0.01062726 0.7684734 -0.5666258 -0.08643096 0.8194297 0.0136283 -0.5352469 0.8445858 -0.2888578 -0.3220895 0.9015651 0.6561453 -0.675224 0.3369657 0.7830184 -0.621008 0.03509229 -0.1970885 0.1454985 0.969529 -0.5422702 -0.749617 -0.3794962 -0.4657297 -0.6496896 -0.6008322 0.1360754 -0.9906486 0.00994277 0.5529363 -0.8276225 0.09644973 -0.2798941 -0.05648368 0.9583679 -0.8609049 -0.4308475 0.2705795 0.3147051 0.919313 -0.2362716 0.204989 0.7396426 -0.6410214 0.9864715 -0.1404615 0.08452546 -0.8276054 0.503301 0.2485103 0.06993085 -0.8636772 0.4991708 -0.8708783 -0.4823705 -0.09428524 -0.5160309 -0.2954058 0.8040196 0.7233323 -0.5822635 -0.37116 0.1103575 0.9938159 -0.01229649 -0.9317532 0.2926368 0.2149413 0.03929114 -0.6108272 0.7907884 -0.0222162 -0.7316916 0.6812736 0.1184725 -0.671638 -0.7313458 -0.2739355 0.4132472 0.8684388 0.128736 -0.817738 0.5610097 0.9270022 -0.3033387 -0.2205735 -0.4097861 0.2051202 -0.8888201 0.9240908 -0.03409695 0.3806491 -0.08668184 0.7721803 -0.6294632 0.5878691 0.2744926 -0.7609625 0.9566422 -0.2861677 -0.05425739 0.8711265 0.4814066 -0.09688371 -0.9940126 -0.03848212 0.1022649 0.4527 -0.6099374 -0.6504146 0.8788923 -0.4691134 0.08649283 -0.4003274 -0.6996375 0.5918154 -0.5602274 0.5629631 0.6076331 -0.3689419 -0.4094285 -0.834416 0.3594168 0.3925935 -0.8465756 -0.5111205 0.7420286 -0.4337618 -0.4297437 0.6695321 0.6058442 -0.3379318 -0.7055296 -0.6229206 0.3376781 0.7057093 0.6228547 0.9166623 -0.3967672 -0.04802161 0.6251776 -0.5833826 0.5184764 -0.233694 -0.3293386 0.914835 -0.6111714 0.2338948 0.7561501 -0.8694729 -0.2516228 -0.4250918 -0.6119139 0.7555875 0.2337713 -0.7816895 -0.5298094 -0.3290344 0.6344717 -0.7148296 0.2940483 0.8749086 -0.4794459 0.06831222 -0.319599 0.7084542 -0.6292449 -0.4328269 -0.6820241 -0.5894949 -0.9099892 -0.002422094 0.4146252 -0.2977442 -0.928193 0.223173 -0.8878978 -0.3549609 0.2926439 0.9791591 0.08263784 -0.1855224 -0.1609407 0.3072959 -0.9379059 0.4517474 -0.5485422 0.7035807 0.2134285 0.1577387 0.9641405 -0.6359655 -0.5109379 0.5783516 -0.918505 0.3915815 0.05488717 -0.0705493 0.6887947 -0.7215156 -0.3023318 0.6932139 -0.6542553 -0.762544 0.5958666 -0.2519321 -0.9411817 0.3319661 0.06305366 -0.8113037 -0.0824244 0.5787854 -0.2674205 -0.6062679 0.7489497 0.3638066 -0.6820011 0.6344441 0.7908601 -0.5790835 0.1979968 0.9262281 -0.3708783 -0.0674594 0.8054948 0.06969064 -0.5884908 0.540057 0.4143803 -0.7325487 -0.4550395 0.357856 -0.8154007 -0.6050435 0.7952933 -0.03782814 -0.1379728 -0.8947516 0.4247153 0.3430268 0.7064791 0.6190477 -0.7058818 0.7021453 -0.09339702 0.7534727 -0.5024787 0.4240214 -0.6930973 0.7167693 -0.07653725 -0.2664918 0.3411607 -0.9014387 -0.4497289 0.8601991 -0.2404198 -0.3968182 0.3295122 -0.856713 0.6691187 0.6263345 0.3999817 -0.9082988 0.4120526 -0.07215267 0.3354887 0.7600466 -0.5565757 -0.09649825 -0.6767836 0.7298302 0.851678 0.008980095 0.5239886 0.9342526 -0.103332 -0.3413131 -0.6035697 0.06212168 0.7948866 0.249825 -0.6992156 0.6698396 -0.3416559 -0.7106689 -0.6149967 -0.3383723 -0.7053037 -0.6229375 -0.511654 -0.7042261 -0.4922152 -0.9759063 -0.08490812 -0.2009914 -0.6120378 -0.01800394 0.7906236 0.8060933 0.1244284 -0.5785597 -0.5809608 0.6611893 -0.474672 0.5799935 0.5128992 0.6328839 0.2446647 0.6722164 -0.6987591 0.07247799 -0.6809687 0.7287172 -0.7347871 -0.6701602 -0.1047532 0.72723 -0.3626433 0.5827746 0.2462921 -0.6976982 0.6727239 -0.02013009 -0.6660218 0.7456606 0.9161708 -0.03538012 -0.3992234 0.5295035 0.3808146 -0.758028 -0.1946283 -0.5876587 0.7853516 -0.3452859 -0.7053909 -0.6190326 -0.7133706 -0.2155877 0.6668016 -0.5391528 -0.403903 0.7390378 0.3674212 -0.727292 0.5796965 0.7679513 -0.5840277 0.2629879 0.8086148 0.08613401 -0.5819994 0.04074496 0.4300116 0.9019036 -0.2953779 -0.1040232 -0.9497005 0.9724134 -0.04046291 0.2297279 -0.6620166 -0.6323575 0.4023157 -0.2695799 0.517448 0.8121418 0.4435824 0.7684226 0.4612607 0.3529182 0.61018 0.709316 -0.7023829 -0.2286821 -0.6740644 0.4016898 -0.8607543 -0.312646 0.3659262 0.8854935 0.2863556 0.8122012 -0.008459627 -0.5833162 -0.1949707 -0.4595549 -0.8664848 0.05748003 0.717554 0.694127 -0.106132 -0.6574355 0.745999 -0.9077031 0.4042261 -0.1125891 -0.1302354 -0.6095123 0.7820062 -0.1686047 -0.720839 0.6722824 -0.9084972 0.4019582 -0.1142915 0.7169999 0.6950851 0.05261117 0.6720083 -0.08867955 -0.7352148 -0.8932578 -0.353822 -0.2773096 -0.0449835 -0.1779956 -0.9830026 0.1573958 -0.9396305 -0.303844 0.07369494 0.7058209 0.7045466 0.554013 -0.7666751 0.3244672 0.9946994 0.01975053 -0.1009121 -0.4779716 0.8557801 -0.1979484 -0.9958771 -0.08857202 -0.01959544 -0.1519984 -0.3605362 0.9202772 0.5879075 0.4405996 -0.6784076 -0.6778702 -0.6388669 -0.3637875 -0.9872462 -0.1486485 0.05699694 -0.4847114 0.747245 -0.4546206 0.7236191 0.2854536 0.628404 -0.814947 -0.3387289 0.4702383 0.07789796 -0.01163107 0.9968935 -0.9441851 -0.322737 0.06599432 -0.1331559 0.269316 0.9538021 -0.8956493 -0.1575124 0.4159354 0.269763 0.6165588 -0.7396507 -0.7917396 -0.4734808 0.3859592 -0.9611185 -0.03270864 0.2741924 0.4665654 -0.8141813 0.34558 -0.4509976 0.7170149 -0.5314986 0.8159362 -0.3421605 -0.4660199 0.7019219 0.6782135 0.2175594 -0.9233745 -0.2184646 0.3156782 0.2167298 -0.1542001 0.9639765 0.7700784 0.5426631 -0.3354042 0.9463894 -0.2724898 0.1734836 0.7059295 0.333346 0.6249352 -0.6825694 0.3964072 -0.6139711 0.3014947 0.6151129 -0.7285172 -0.4517992 0.5485121 -0.703571 -0.1430919 0.6359217 0.7583722 0.7031955 -0.6600636 0.2642577 -0.8264248 0.5452001 0.1406375 -0.7142019 0.4665768 0.5217489 -0.9962954 -0.0768333 0.0386303 -0.2361816 0.3316515 0.9133595 -0.551703 -0.831254 -0.06812226 0.1107063 0.2336332 0.9660019 0.4615063 -0.1261177 -0.8781266 -0.5315703 0.3120616 0.7874329 -0.07381135 -0.7049775 -0.7053784 0.8471407 -0.486835 -0.2129427 -0.604036 -0.6478548 -0.4641388 -0.3248366 -0.6591705 0.678215 0.06636309 -0.7059675 0.7051283 0.5231183 -0.8497236 0.06570452 0.5964983 0.8025531 -0.009917914 -0.02066099 0.4397235 -0.8978955 -0.7840493 0.6204266 -0.01837778 0.07150566 0.7044687 0.7061238 0.07568228 0.7086751 0.7014641 -0.7047305 0.7056049 0.07400399 -0.993572 0.1128691 -0.008681893 0.7534613 -0.5024968 0.4240202 0.01775658 -0.7074807 0.7065096 -0.3918086 -0.6292688 0.671198 0.8478534 0.3275365 -0.4169708 0.02948009 -0.09874308 -0.9946762 0.5777245 0.6133652 0.5385328 0.09692162 0.3591362 0.928239 -0.602539 0.7684288 -0.2155554 0.04058569 -0.4056571 0.9131239 0.5141055 0.2583394 -0.8178976 0.5532965 -0.2539158 -0.7933409 0.7400693 -0.3447981 0.5774182 0.8816527 0.3722209 0.2900694 -0.8695123 -0.4481025 0.207732 0.1010702 -0.7503163 0.6533072 0.6196131 0.181812 -0.7635601 -0.8262756 0.0501694 -0.5610274 0.2165843 -0.5127118 -0.8307936 0.4564277 -0.2354166 -0.8580518 0.3179786 0.8586155 0.4020808 0.5576964 -0.5770375 0.5966595 0.6197643 -0.5558197 0.5540367 -0.1969581 0.724373 -0.6606749 0.6215413 0.5033683 -0.6002557 -0.9519613 0.2686372 -0.1469823 -0.6437231 -0.5477074 0.5344505 -0.13697 -0.7521522 -0.6445979 -0.5786195 -0.5233529 0.6255408 -0.9930926 -0.06153512 0.09990328 -0.1670893 -0.6945996 0.6997233 0.9831659 0.02693432 -0.1807193 0.9542347 -0.2482224 0.1667991 -0.5649033 -0.5043256 -0.6531004 0.3396505 0.5171164 -0.7856386 0.4553744 0.8882932 0.05974495 0.3638576 -0.2838996 0.8871351 0.2708041 -0.1403623 0.9523464 -0.8070436 -0.5748039 -0.1352078 -0.9364475 0.2397419 0.2561053 -0.235684 -0.4248155 -0.8740622 0.2293593 -0.724545 0.6499453 0.640105 0.7523869 0.155498 -0.0602948 0.9290283 0.3650629 0.1611458 -0.8705347 0.4649747 0.09316349 0.7747738 -0.6253368 0.07092177 0.8213878 -0.5659437 -0.8126544 -0.5412436 -0.2159821 0.7124051 -0.6743904 0.1941046 0.9128403 -0.1779226 0.3675135 0.07451486 0.9210125 -0.3823397 -0.5781139 0.6949456 -0.4275922 0.6589913 -0.7508127 -0.0448414 0.6162471 -0.7546067 -0.2254071 -0.45235 -0.7381838 -0.500464 0.6669494 0.4978734 -0.554347 -0.7823854 0.6179212 -0.07775902 -0.8846935 0.4579316 -0.08727174 -0.09312158 -0.805891 0.5846949 0.04760891 -0.8874176 0.4585014 0.7424831 0.4981681 -0.4478251 -0.7969621 -0.6020271 -0.04914069 0.1229613 -0.4817226 0.8676543 -0.872794 0.07165735 -0.4828 -0.0394445 0.766377 -0.641179 -0.175738 -0.7613351 0.6240874 0.8303745 -0.2925638 0.47422 0.231801 -0.8224182 -0.5195158 0.8261652 0.02448403 0.5628957 0.4282191 -0.1683117 0.8878624 -0.2652069 0.483399 -0.8342606 0.7362377 0.5128235 -0.4415497 0.8996888 0.4044536 -0.1642486 0.08322149 0.6457365 0.7590117 0.6750267 0.5314733 0.5117375 -0.621552 0.7797355 0.07540398 0.7824065 -0.5632063 0.2657801 0.8498386 0.2884511 0.4411014 0.7564872 -0.3188125 0.5710391 0.5303837 0.2826225 -0.7992609 0.463189 0.6797274 -0.5687063 -0.6966207 -0.3033682 -0.6501442 0.1957374 0.2936078 -0.9356716 0.6258773 -0.7085403 -0.3259575 0.3025239 0.5193032 0.7992519 0.03541421 -0.9364611 0.3489794 0.7304914 -0.2074471 0.6506521 -0.8157805 -0.5047059 0.2824434 0.6919561 -0.3884659 0.6085155 -0.2897009 0.07522547 -0.9541565 -0.7858229 0.3397291 0.516785 0.04207158 -0.3622304 0.9311386 0.02659171 0.003618776 -0.9996399 -0.02860355 -0.4112375 -0.9110795 0.1816199 -0.797267 -0.5756558 0.1722803 -0.8090966 -0.5618562 -0.9048316 -0.4010332 0.1430113 -0.7572497 -0.5328879 0.3776289 -0.286117 -0.7197471 0.6325355 0.2876492 -0.6054751 0.7420634 0.5737987 -0.4955589 0.6520557 0.1900653 -0.1366933 -0.9722089 0.2335893 0.7143789 -0.6596203 0.1689869 0.7055132 -0.6882548 0.3377471 0.8410562 -0.4225536 -0.1989571 0.3822218 -0.9023983 0.02633845 0.6178632 -0.7858444 -0.5498426 -0.1579844 0.8201915 -0.8238385 -0.5539844 -0.1199656 0.6398265 -0.4360195 -0.6328578 -0.2044419 0.7024379 0.6817511 0.2799388 -0.623216 0.7302303 0.4099478 -0.319867 0.8541827 0.8327882 0.4884572 -0.2605255 0.8350728 0.4301012 -0.3430255 -0.03803926 -0.8817219 0.4702336 -0.4004688 -0.6623237 -0.6332078 0.7587952 0.1559845 0.6323755 -0.8452418 0.4229365 -0.326636 0.323913 -0.4781678 0.8163552 -0.4236565 -0.1893409 0.8858134 0.8479974 0.1550383 -0.5068173 -0.9619691 0.01345962 -0.2728264 0.9755008 0.2047279 0.08052808 -0.7415092 -0.6065759 -0.2867575 0.2013185 -0.7041608 -0.6809027 -0.04867058 -0.913034 0.4049693 0.7400664 -0.3447973 0.5774223 0.7352404 0.2628773 -0.6247537 0.2964687 -0.9274446 -0.2279316 -0.3221632 0.624989 0.7110553 -0.7000726 -0.6954616 0.161962 -0.3221654 -0.6249924 0.7110513 0.4807506 0.8012682 0.3561576 -0.1584471 0.3093653 -0.9376501 -0.158458 -0.3093605 -0.9376499 -0.2823129 -0.6848854 0.6717376 0.7031598 -0.4267501 0.5687274 0.9096518 0.3961456 -0.1249094 -0.9453596 0.002754807 -0.3260179 -0.06216287 0.7175263 -0.6937521 -0.9785279 -0.2038429 -0.0305165 0.1450077 -0.6938254 -0.7053928 -0.204568 0.710258 0.6735618 -0.2206602 0.7026023 0.6765051 0.9828891 0.1838407 0.01147979 0.8840543 -0.168776 0.4358471 0.2582968 0.7287154 -0.6342372 -0.3226402 0.5875117 -0.7421142 0.1061092 -0.7640839 0.6363307 -0.3573316 0.7486172 0.558468 -0.3111961 0.636184 0.7059936 0.7167068 -0.1672852 -0.6770134 0.6104222 0.4639385 0.6419858 0.1004291 -0.9803668 0.1696912 -0.621395 0.05710655 0.7814136 -0.5493973 -0.3771817 -0.7455848 -0.341982 0.9382225 -0.05279046 0.1640621 -0.8656612 -0.4729845 0.4250816 0.6518881 0.627971 0.7604053 -0.6291719 0.1610181 0.7607512 -0.6327583 0.1444799 -0.08100718 0.9395339 -0.3327369 -0.1597891 0.5664287 -0.8084713 -0.9593973 -0.2422385 0.1444907 -0.6537755 -0.7432474 -0.1419896 -0.5337749 0.2841299 -0.7964639 -0.7059066 0.5575286 -0.4368728 -0.6295024 -0.6515467 0.4233362 -0.5754723 -0.7379559 0.3524949 -0.4889484 0.7501132 0.4452636 -0.4630316 0.2351875 -0.8545693 0.6011916 -0.768793 0.2180048 0.5637957 0.05381548 -0.8241592 -0.1966478 -0.7715551 -0.605006 -0.7119907 -0.6717373 -0.2045438 -0.2807062 -0.7711111 0.571482 0.5185369 -0.3043376 0.7990608 0.471917 -0.3823129 0.7944377 -0.8968623 -0.1847321 -0.4018858 0.2523341 0.5979599 0.7607704 -0.5166751 0.2206701 -0.8272556 -0.7242628 0.67232 -0.1530658 -0.7445092 -0.665643 0.05123984 -0.6717185 0.0143125 0.7406682 -0.4863207 0.7133254 0.5046377 0.7917941 -0.4711831 0.3886498 -0.05785506 -0.7009515 0.7108585 -0.6215569 -0.7042661 0.3430399 0.7406257 -0.4071817 0.5344873 0.39477 0.08965229 0.9143956 0.2838857 0.660735 0.6948657 -0.6210107 0.1946353 -0.7592516 -0.1392405 -0.562411 -0.8150497 0.6471856 -0.121369 0.752609 -0.8441654 -0.4447293 0.2993339 0.8792685 0.474029 -0.04672759 0.9157898 0.3860548 0.1108646 0.7754765 0.620982 -0.1140945 0.8885538 -0.231907 0.3958427 0.4649544 0.7684802 0.4396084 -0.4680848 0.450046 -0.7604967 -0.5711899 -0.1150489 -0.8127151 -0.6081336 -0.4263846 -0.6696041 -0.5979396 -0.7060061 -0.3795045 -0.5965801 -0.8003426 -0.05953228 -0.5075384 -0.7382181 0.444341 -0.3708201 0.7397938 0.5614246 -0.4502121 0.7047669 0.5482817 -0.5917816 -0.7339053 0.3334331 -0.9837246 0.05621474 0.1706628 -0.8334533 0.4349626 0.3408273 0.829237 0.3792479 0.4105328 0.6022241 -0.4098222 0.6851073 0.8160597 0.4405982 0.3740589 0.3618123 0.3740306 -0.853928 0.5233495 0.5022113 -0.6883961 -0.643227 0.1970819 -0.7398768 -0.6014855 0.2115932 -0.7703529 -0.9536599 -0.3007673 -0.008484184 0.6728686 -0.6549991 0.3438373 -0.2574066 -0.897076 0.3591611 0.9874225 -0.07973676 -0.1365245 0.729848 -0.3271246 -0.6002595 -0.877496 -0.2771952 -0.3913612 -0.8753606 -0.4205342 -0.2385268 -0.4125944 0.3988235 -0.8189662 -0.4619258 0.3564646 -0.8121316 -0.8071368 -0.04838341 -0.5883786 -0.8816918 -0.2628509 -0.3918277 -0.8680403 -0.4914309 -0.07072371 -0.7824131 -0.6078472 0.1354682 -0.1779348 -0.6640619 0.7261964 -0.2267868 -0.6731359 0.7038863 0.0212273 -0.5962488 0.8025192 0.4995231 -0.3211863 0.8045596 0.7713008 -0.0151143 0.6362915 0.8958879 0.2482262 0.3684681 0.8699225 0.4884216 0.0684064 0.822346 0.5646533 -0.0700975 0.3714654 0.7105418 -0.5976152 0.2201535 0.6836869 -0.6957764 0.6227246 0.7055847 -0.3381779 -0.3005766 0.8128039 0.4990026 0.1668067 0.9794231 0.1136055 0.9033261 -0.3220911 0.2833007 -0.3171247 0.2944768 0.9015073 -0.2507526 -0.9471439 -0.2001038 -0.9630867 0.2079129 -0.1709863 0.3510514 -0.3016468 -0.8864379 -0.6793822 -0.7055861 -0.201465 0.6520065 0.3088832 -0.692444 0.583706 -0.8025782 0.1231077 -0.2444514 0.9696403 -0.006428778 0.2377801 -0.4885131 -0.839533 -0.589495 0.3922981 0.7061147 0.7474528 -0.4216945 0.513311 -0.5428324 -0.7908221 0.2827253 -0.2309589 -0.5120249 0.8273382 -0.5415297 0.267093 -0.7971242 -0.5261489 0.2642239 -0.8083027 0.7392523 0.4680938 -0.4841428 -0.3092312 -0.9463543 0.09375256 0.6318494 -0.7747391 -0.02335828 0.3306593 -0.6472597 -0.6868183 0.1960746 -0.8502772 0.4884499 0.569927 0.4912574 0.6586724 0.7211065 0.6633258 0.200011 -0.5237791 0.1783859 -0.8329671 -0.2149621 0.2242291 -0.9505328 -0.6110703 -0.7398499 0.2814521 0.7838058 0.4075296 0.468581 0.4499101 0.1315216 0.8833363 -0.4104783 -0.7894903 0.4563032 -0.8640981 -0.3807475 -0.3291897 0.06745266 0.3425801 -0.9370641 0.3954365 0.6672109 -0.6312366 0.6079694 -0.5497497 -0.5728425 0.3966546 0.8010472 -0.4483174 0.7431604 0.4018568 -0.534999 0.7491955 0.5580405 -0.356787 -0.3574583 -0.2259069 -0.9061952 -0.308628 0.398788 0.863549 -0.5880025 -0.7239642 -0.3607341 0.6378953 0.7689211 -0.04301095 -0.4231314 -0.6465288 -0.6347916 0.8713799 -0.3498383 -0.3439627 -0.2962403 0.5147702 -0.8045207 0.2640653 0.01030266 -0.9644498 0.01939648 0.1234046 -0.9921669 -0.6926828 -0.2963441 -0.657549 -0.3983882 0.7892668 -0.4672739 0.393009 -0.5882999 -0.7067158 -0.1291759 0.7554965 0.6422918 0.7030752 0.6942584 -0.1539174 -0.2266245 0.8567144 -0.4633378 -0.05153536 0.2277913 0.9723452 -0.04922783 0.2579298 0.9649088 -0.1452293 0.634828 -0.758882 -0.006627261 -0.6176458 0.7864286 -0.5821633 0.5006552 0.6406483 -0.55227 0.6110369 0.567126 -0.5965688 -0.6457799 0.4765229 -0.5003712 0.2448159 0.8304782 0.2395452 0.1384435 0.9609639 -0.2596101 -0.8823931 -0.3924095 0.5019742 0.6871544 -0.5252055 0.3265003 0.6600875 -0.676522 0.2344535 -0.2128085 0.9485484 0.4834107 -0.01253288 0.8753041 0.7445262 0.4336581 0.5075642 0.7806174 0.5003192 0.3745898 0.1075458 0.6102821 0.7848501 -0.4081929 0.1814125 -0.8946889 -0.6939604 0.2369863 -0.6798945 0.8225347 0.3461628 -0.4512294 -0.5312286 -0.06412827 -0.8447982 0.008679091 -0.1128432 -0.9935749 0.8136587 0.3487499 -0.4651163 0.9233412 -0.323682 0.2065698 0.5751127 0.1199132 0.8092381 -0.8519896 -0.01329851 -0.5233899 0.1924002 -0.09344953 -0.9768569 0.1311318 -0.07267946 0.9886972 0.2521777 0.4821904 0.8389868 0.2386339 -0.6195638 0.7477931 0.2340608 -0.7073792 0.666956 0.2304729 0.9040844 -0.3598801 0.1701837 0.9669547 -0.1898323 -0.3130787 -0.2541827 -0.9150808 -0.6227796 0.7056 0.338045 -0.6821587 -0.7025473 0.2026992 0.8570992 0.3706731 -0.3577462 0.4099644 0.3198689 0.854174 0.7821775 0.551034 0.2907922 0.8695204 -0.4386156 0.2270481 0.5962831 -0.8024716 -0.02203977 -0.4460412 0.8593097 -0.2502681 -0.3768948 0.4586542 0.8047277 -0.4240161 0.5024952 0.7534648 -0.7203966 -0.4399539 -0.5361617 0.3800691 -0.09670126 0.9198893 -0.1453529 0.3587927 -0.9220306 0.1354626 0.5097814 -0.8495721 -0.47075 -0.655623 0.5903837 0.4410573 0.7149437 -0.5425164 -0.3497517 0.06290507 -0.9347282 -0.7970756 -0.5549364 -0.2381515 -0.2546821 -0.640344 0.7246356 0.3248329 -0.1414645 0.9351317 0.7964792 0.4993221 0.3410252 -0.1461657 0.6602697 -0.7366678 0.09555178 0.7431845 0.6622286 0.9066573 -0.4096248 -0.1008969 -0.6228424 0.705691 0.3377389 0.8080688 -0.1052422 -0.5796111 0.4281792 0.7532577 -0.4992649 0.6133396 0.7113804 -0.3431509 -0.6133396 -0.7113804 0.3431509 -0.4919636 0.8100157 0.3191341 -0.6900119 -0.633233 0.3505704 -0.6226398 0.7056223 0.3382557 0.2925853 0.8875787 0.3558061 0.7141596 -0.4132748 0.5649604 -0.685666 0.1229711 0.717454 -0.216572 -0.9653668 -0.1454769 -0.6659799 0.5637025 -0.4885799 0.6637907 -0.2256724 -0.7130596 0.5164622 -0.7812608 -0.350569 -0.7105786 0.4698154 0.5237859 0.9179226 0.3599478 0.1669005 -0.3301043 -0.9436731 -0.02263653 -0.09806191 0.28929 0.9522054 0.8496872 -0.2351497 0.4719494 0.06474304 0.9744827 -0.2149232 0.5051452 -0.1618325 -0.8477256 -0.9880314 0.1524872 -0.02327394 0.5407438 -0.7968355 -0.2695357 0.00491327 -0.8361855 -0.5484249 0.4593423 0.6960702 0.5518071 -0.9775391 -0.1137838 -0.1773992 -0.6897734 -0.3794623 -0.6166206 0.1220189 0.919849 -0.3728126 0.06519776 -0.7370694 -0.6726649 -0.3347861 -0.5598274 0.7579654 0.853746 -0.1308903 -0.5039698 -0.3883781 -0.735113 0.555672 0.5607361 0.5131507 0.6498089 0.7629369 0.5153085 0.3903648 -0.4035543 0.2039411 -0.8919372 -0.1332848 0.2066864 -0.9692863 -0.6853857 -0.6039163 0.406856 0.5775891 0.6966015 0.4256024 -0.2616083 -0.01129424 -0.9651082 -0.6999567 0.7085009 0.08992928 0.09219622 -0.2730057 0.9575844 -0.3509484 -0.2932966 -0.8892763 0.9789317 0.1801646 0.09609061 0.1165709 0.4993407 0.858528 -0.3437089 -0.6824821 0.6450445 0.8878909 0.3277855 0.3228103 0.02880966 0.2093911 0.9774075 -0.4439449 -0.7907847 -0.4213936 -0.8245716 0.3766049 0.4221973 0.6047503 0.7479912 -0.2734708 0.1923094 0.6995462 0.688224 -0.07215553 -0.8354958 0.544739 0.5987293 -0.7466961 0.2897727 0.6664997 -0.1487843 0.7305077 0.3328046 0.2562687 0.9075062 -0.6065328 -0.1346648 0.783571 0.6621592 0.6915764 -0.2885609 0.1166749 -0.218146 -0.9689165 0.5646703 -0.3275355 -0.7575408 0.7235077 0.2112458 -0.6572 -0.05118376 -0.06458133 0.996599 0.01317113 -0.2860593 0.9581215 -0.673797 0.698281 0.2416635 0.7803555 0.3437858 -0.5223571 -0.6770154 -0.6765431 -0.2897235 0.6978774 -0.6706166 0.2514768 0.5428166 0.2986785 -0.7849467 0.3850002 -0.2370125 0.8919641 0.598581 -0.3224871 -0.7332824 -0.7688447 0.6380092 -0.0426892 -0.676483 -0.700233 0.228133 -0.666474 -0.6655861 0.3358682 -0.8303604 -0.4912188 -0.2630699 -0.1633329 -0.9071295 0.3878637 -0.1263467 0.710319 0.6924475 0.520819 0.679423 0.5168482 0.4451762 -0.02589696 -0.8950685 -0.5453304 0.1621769 -0.8223829 0.7047488 -0.7052819 -0.07685559 -0.7066145 0.7043105 0.06813758 0.6034252 -0.3811784 -0.700415 0.849552 0.2558299 -0.4613164 -0.5708654 0.3359123 0.7491834 0.008683979 -0.1128718 -0.9935717 -0.4240248 -0.5025029 0.7534546 0.9738546 -0.2187044 0.0614463 -0.09374243 -0.8219519 -0.5617895 -0.2038016 0.6275079 -0.7514646 0.7206081 0.4132732 -0.5567129 -0.6740922 0.69844 0.2403776 -0.689489 -0.724288 -0.003460645 0.2046326 -0.6503533 0.7315505 0.7513585 0.4723473 -0.4608131 -0.2309476 0.5293677 -0.8163536 -0.3629888 -0.7622388 -0.5359396 0.7018525 -0.7082898 -0.07568925 -0.7055352 0.70483 0.07372128 0.3443041 -0.9150246 -0.2102018 -0.6720275 -0.6304383 -0.3884927 -0.6398391 -0.2229341 -0.7354634 -0.6923511 0.7067323 0.1455317 0.3010723 -0.86873 -0.3932731 -0.1063372 0.2081704 0.9722949 -0.2588527 0.5916128 -0.7635376 -0.2202341 0.4578175 -0.8613362 0.2010167 0.08490681 -0.9759012 -0.5738292 0.0862556 0.8144201 -0.3942229 -0.4727747 0.7880816 0.5251542 0.3994961 0.7514094 0.6837932 0.7293915 0.02037245 0.3416222 0.4347247 -0.833252 -0.3568252 -0.2253465 -0.9065841 -0.6737264 -0.7313032 -0.1062467 0.6494314 0.6862589 -0.3275481 0.4170321 0.4498453 -0.7897618 -0.1775984 -0.07064527 -0.9815641 -0.5905063 -0.5657497 -0.5755257 -0.7198835 -0.6929981 0.03900498 -0.3566329 -0.4196476 0.8346909 -0.1263144 -0.2394611 0.9626542 0.7007855 0.7016866 -0.128591 -0.3169543 -0.1661055 -0.9337821 0.1894602 0.2937625 -0.9369144 -0.1894602 -0.2937625 0.9369143 -0.5095582 0.8151257 0.2755374 0.5628559 -0.7407795 -0.3666593 -0.2953409 0.9532499 0.063941 -0.1926665 0.698039 0.689653 0.5363809 -0.8435574 -0.02657949 -0.7835378 0.5142163 -0.3487837 0.8417684 -0.07374882 -0.5347777 -0.6077758 0.7932574 0.03676098 -0.9269849 -0.1048893 0.3601352 0.5613185 -0.4553915 0.6910429 -0.4826772 0.8106398 0.3314904 0.4867367 0.8406552 -0.237458 -0.8898714 0.4336814 0.141596 0.7050779 -0.6090603 0.3631953 0.474839 0.7685097 0.4288597 0.01594674 0.4131699 0.9105144 0.3292174 -0.6830587 -0.651956 -0.9753397 0.02107733 -0.2197002 -0.4522164 0.1276708 0.8827235 -0.400889 -0.826199 -0.3958324 0.4746447 -0.0333997 0.8795436 0.3759315 -0.8270927 0.4178437 -0.6405897 -0.7535113 0.1478704 0.1951156 0.5162789 -0.8338981 0.1767329 0.1937511 -0.9650006 -0.8377618 -0.5189249 -0.1699178 -0.2099171 0.0400927 0.9768969 0.719408 0.3585816 -0.594871 0.784049 0.389832 -0.4830096 -0.4696388 -0.6904562 0.5501906 -0.1170922 0.2059719 -0.9715272 0.1679572 0.003137409 -0.9857893 0.6149528 -0.3964499 -0.6816602 -0.3163297 -0.7409068 -0.5924463 0.6558268 0.5958917 0.4634699 -0.5593753 0.2668935 -0.7847722 0.4530456 -0.671611 0.5862495 -0.7337523 0.6553882 0.1790924 0.7682984 0.6147839 -0.1782087 0.6213355 0.7521696 0.2195071 -0.1674453 0.3809692 -0.909299 0.7045983 0.7054644 -0.0765587 0.8489721 -0.5133346 -0.1254351 -0.7253691 0.6881911 -0.01526051 -0.8569404 0.2109891 -0.470252 -0.5908533 -0.3633845 0.7203084 -0.7050118 -0.5934401 0.3883133 -0.1352607 0.3900861 -0.9107896 0.3607801 0.1820962 0.9147015 0.9645003 0.2596175 0.04835528 -0.643688 0.4413875 0.6251743 -0.2636036 -0.4907582 -0.8304634 -0.8362018 -0.3531006 -0.4196267 0.5787263 -0.1273976 0.8055096 0.6417971 0.4589387 -0.6143874 -0.8269534 0.5622493 -0.004913091 -0.8857752 -0.4621353 -0.04281836 -0.797347 -0.5083137 0.3253536 0.9005416 -0.4347537 0.003787338 -0.01898419 -0.2573624 0.9661285 -0.321649 -0.708495 -0.6281536 -0.4274405 0.3390223 -0.8380683 -0.09417164 0.9414004 0.3238782 0.3254554 -0.5332465 -0.7808502 0.6435017 0.4765366 -0.5990145 0.7203209 0.5109674 -0.4690951 0.5312399 0.3178471 -0.7853391 -0.5886532 -0.7223246 -0.3629527 -0.7506383 -0.5682139 -0.3371574 -0.4579231 -0.01952123 -0.8887775 0.5708874 0.7094863 0.4131789 -0.5769891 -0.7592609 -0.3010095 -0.2271119 -0.9519947 0.205247 0.06965273 0.908571 0.4118829 -0.5578051 -0.2977136 -0.7747387 -0.6805513 0.7044014 -0.2016646 -0.1879885 0.09783667 0.9772863 -0.5397347 0.07463866 -0.8385199 0.5785725 -0.1244398 0.8060823 0.9336939 -0.356033 -0.03816074 -0.1109955 0.9938111 0.004422068 0.9266905 0.2964576 0.2309927 -0.9354504 -0.2880057 -0.2049034 0.2992021 0.4442636 -0.8444573 -0.8506686 -0.3620944 -0.3811177 0.8479399 0.1286411 0.5142468 0.8355213 0.4517654 0.3127495 -0.1999084 -0.3101003 -0.9294485 0.5333641 0.6067118 -0.5894265 -0.1607378 -0.3805197 0.9106965 0.8341345 0.3572794 -0.4202038 0.7198104 0.6201396 0.3119295 0.5978876 -0.6913932 0.4055932 -0.891285 -0.1972753 0.4082814 0.4002267 0.3626506 0.8416076 -0.5103407 0.7656007 0.3916733 -0.8928946 0.417172 -0.1694313 0.5021168 0.6217335 0.6011041 0.6115043 0.6941356 0.3797875 0.1179777 -0.1805389 -0.9764666 0.5380313 0.3608911 -0.7617611 0.7045959 0.6999782 -0.1165128 0.6674908 0.4317884 -0.6066423 -0.4484589 -0.6081333 -0.6550257 -0.5930698 -0.7128735 -0.3742721 -0.4894036 -0.2323107 0.8405449 -0.1230615 0.09885358 0.9874634 0.4943378 -0.8682929 -0.04120451 -0.8043678 -0.08809161 -0.5875648 -0.09947556 0.8693417 0.484097 0.3142434 0.3033956 0.8995568 -0.7928897 -0.6090881 0.01837736 -0.9599338 -0.02863192 -0.2787604 0.7499783 -0.3042556 -0.5873339 0.7497553 -0.3180284 -0.5802801 -0.68641 0.6540856 -0.3178263 0.8644589 -0.494616 0.0898109 -0.5262522 -0.186719 -0.8295751 -0.9953942 0.01435774 0.09478533 0.8809652 0.359835 0.307277 -0.1317675 0.9479493 -0.2898784 0.1015606 -0.5135061 -0.8520546 -0.7305944 0.6186243 -0.2890257 -0.4271821 -0.8997113 0.08963912 0.245922 -0.3884711 -0.8880386 -0.3786208 -0.378283 -0.8447179 -0.5740321 -0.7925658 0.2057349 0.6956877 0.7070043 -0.1271357 0.7384063 -0.5757513 0.3510935 0.7017992 0.7096593 0.06214106 -0.07963097 -0.5695788 0.8180702 0.02805227 0.1292399 0.9912165 0.8207306 0.5685071 0.05657756 0.9373877 0.2905513 -0.1920536 -0.4253061 -0.2252892 -0.8765612 -0.7106201 -0.1360362 -0.6902994 -0.5786836 0.1465459 0.8022778 -0.6991609 0.465226 0.5428986 0.1229433 -0.5435035 -0.8303548 -0.2780091 0.6939913 0.6641439 0.3924605 -1.34969e-4 -0.9197689 -0.4215167 0.264315 -0.8674453 0.4932233 0.1767164 -0.8517642 -0.7936923 0.277059 0.5415633 -0.8435444 0.5221788 -0.1255477 0.558158 -0.6708621 0.488266 0.4538915 0.7227319 0.5211922 0.8155959 0.3409785 -0.4674797 -0.3858894 0.6889416 -0.6135543 0.3079573 -0.5122303 -0.8017372 -0.5080538 0.8470256 0.1562982 0.6530722 0.08688551 -0.7522949 0.8162311 0.536576 0.2141336 0.8262412 0.5480729 -0.1301609 -0.8490073 -0.3433905 0.401584 -0.4868125 -0.2933071 0.8227908 0.1187011 0.05577683 0.9913622 9.43524e-5 -0.03372031 0.9994314 0.2856258 0.3678874 0.8849163 0.4623897 0.7165154 0.5223039 0.6129466 0.5570236 -0.5603759 0.4690876 0.66372 -0.5826086 0.07844412 0.9889116 -0.1260973 0.09665977 -0.7289499 -0.6777087 0.2667996 -0.5808741 -0.7690275 0.2193142 -0.6008021 -0.768725 0.7793232 0.6252477 -0.04148304 0.5528722 -0.7084941 0.4385985 -0.4817523 0.3157504 0.817445 -0.5509735 0.7054824 -0.4457834 0.6595973 -0.3513703 0.6644323 0.8034927 0.2446825 -0.5427063 0.7933282 -0.1235533 -0.596125 -0.354791 0.6494406 0.6725699 -0.4545501 0.3397185 0.8233927 -0.1598384 0.6627854 0.7315513 0.5305952 0.750238 0.3944768 0.3478337 0.9331771 -0.09051126 0.6872856 0.4077286 -0.6011621 0.3445 0.262785 -0.9012569 -0.03063344 0.008223474 -0.9994969 0.06575793 0.1581411 -0.9852246 0.0663824 0.1593859 -0.984982 0.008244156 -0.6580433 0.7529349 0.313745 -0.5354934 0.7840989 -0.5152235 -0.5660088 -0.6435672 0.08592873 -0.9232137 0.3745566 -0.8163049 -0.5211443 0.249109 -0.2226413 0.4424804 0.8687014 0.5163014 0.6854684 0.5133868 0.7235813 0.1370076 -0.676505 0.440178 -0.2504153 -0.8622851 -0.5737297 -0.7045755 -0.4176214 0.5530546 -0.7046756 0.4444805 -0.551104 0.703835 -0.4482197 0.6227212 0.7056514 -0.3380452 0.8355967 0.5044696 -0.2174595 0.8393332 0.4693285 -0.2743186 0.5718514 -0.06128251 -0.8180652 0.4595385 -0.1881413 -0.8680019 0.1686412 -0.4197664 -0.8918275 -0.16437 -0.6199098 -0.7672643 -0.5400781 -0.7051582 -0.4594209 -0.6900838 -0.6875794 -0.2258739 -0.8304449 -0.5111012 0.2216684 -0.8299731 -0.4523012 0.3264482 -0.6412529 -0.008754551 0.7672798 -0.3617003 0.2693087 0.8925501 -0.1241696 0.4567534 0.880885 -0.4206614 0.2581695 0.8697082 0.8276996 0.2932388 -0.4784606 0.822109 0.5593432 -0.1061696 -0.6300846 0.5920914 -0.5024154 -0.3178107 0.9473612 0.03877055 -0.1846922 0.2012065 0.9619796 -0.811643 -0.2335281 -0.5354442 -0.6133462 -0.7878066 -0.05627816 0.5277757 0.05526494 -0.8475841 0.9453889 -0.3144633 0.08574765 0.4884592 -0.7951679 0.3593268 -0.4266358 0.04248398 -0.9034252 -0.4169067 -0.8168212 -0.398738 0.4218705 -0.5212371 0.7418472 -0.0378881 0.9203103 -0.3893501 0.6028596 -0.7922726 0.09415233 -0.7954953 0.4471001 -0.4090096 -0.2814162 -0.5067555 0.8148643 0.539912 0.6648341 0.5162275 0.6039301 0.5342029 0.5915198 -0.2431949 0.7719913 0.5872698 0.8369244 -0.4390802 0.3267511 0.8514026 -0.007793903 0.5244549 -0.9639624 -0.2618997 -0.04674422 -0.4502899 -0.3136488 0.8359805 0.2089886 0.5907201 0.7793416 0.9353426 0.3037188 0.1813539 0.5209634 0.3017299 -0.7984712 0.4337287 -0.332074 -0.8376194 0.9752331 0.1735495 -0.1371176 -0.8992046 -0.3025078 0.3161016 0.4052081 0.8058608 0.4317346 -0.9124566 0.2749508 -0.3030267 -0.1747072 -0.07178747 0.982 0.9780111 -0.03072637 -0.206277 -0.5833 -0.2154239 0.783169 0.3148807 -0.4096314 0.8561848 -0.6781585 -0.3210253 -0.6610929 0.3816378 -0.5542188 -0.7397258 -0.4112692 -0.6376302 -0.651372 0.1598287 -0.0158953 0.9870169 -0.978592 0.1146434 -0.1709229 -0.6383354 0.3143462 0.7026481 -0.1485373 -0.6934262 -0.7050509 0.5538974 -0.7604486 -0.3389921 -0.2098453 -0.04751563 -0.9765794 0.4908412 -0.4324133 -0.7563688 -0.001568436 0.9203459 0.3911023 0.5679511 -0.3317218 -0.7532544 0.636774 0.5772719 0.5111517 0.09174221 -0.6338593 -0.7679882 -0.9604232 -0.09458172 -0.2619955 -0.7905498 -0.3663806 -0.4907099 0.5605714 0.7709885 -0.3022194 0.171045 -0.7082626 -0.6849143 -0.6386241 -0.4027138 0.6557294 -0.2881102 -0.9564024 0.04782152 -0.1958006 0.1678992 0.9661636 -0.9665082 -0.05202203 -0.251308 0.6885496 -0.2102552 0.6940406 -0.6761533 -0.7052081 -0.2133034 -0.3335677 0.703428 -0.6276318 0.6795176 0.7066863 0.1971045 -0.4951679 -0.6871558 -0.5316257 -0.7662504 -0.5940589 -0.2448559 -0.943268 -0.315061 0.1047956 -0.8612084 0.02997106 0.5073675 -0.6406487 0.3286194 0.6939585 -0.3382604 0.4964306 0.7994601 0.466027 0.7230353 0.5099399 0.8031717 0.5520058 0.2240644 0.931813 0.2472565 -0.2656857 0.7894154 -0.1773557 -0.5876804 0.554922 -0.3815892 -0.7392234 -0.09603923 -0.7136611 -0.6938763 0.3319565 0.2743685 -0.9025114 0.3438724 -0.01417291 -0.9389094 -0.6796508 -0.7288743 0.08256608 -0.8985962 0.304453 0.3159639 -0.3373946 0.70463 -0.6242287 0.7110472 0.6249878 0.3221834 0.3715441 0.7080289 0.6005414 -0.8061875 0.5035185 0.3106942 -0.9376571 -0.309336 0.1584631 -0.5128349 -0.4588608 0.7255668 0.4957114 -0.5871519 -0.6399399 -0.7543984 -0.598789 -0.2689514 -0.6987646 0.7023639 -0.135695 -0.7716823 0.5560694 0.3086959 0.004781365 0.6926573 0.7212511 0.241109 0.9520641 0.1882563 0.6400147 -0.6584291 -0.3960459 0.7990656 -0.5879286 -0.1258342 -0.9734684 -0.2168422 -0.07306689 -0.6938677 -0.1303628 0.7082042 -0.338295 0.7049917 -0.6233325 -0.6654106 0.6141894 -0.4242644 -0.3885092 0.6304271 0.6720286 -0.09900844 -0.98348 0.15154 0.06821572 0.6783486 0.7315667 0.0378831 0.3669236 0.9294795 -0.9376496 0.3093623 0.1584559 -0.554681 -0.6163841 -0.5589272 0.4033956 0.381805 0.831563 0.8188251 0.5581814 0.1340115 0.339152 0.6950944 0.6338927 -0.6016038 -0.791485 -0.1078169 -0.8252952 0.1122865 0.5534254 0.1798592 -0.7577639 0.6272518 -0.3974776 0.792927 0.4618207 -0.3900943 0.4570921 0.7993081 -0.5694885 -0.6285176 -0.5297628 -0.3270961 0.3086391 -0.8931686 0.1514037 0.8799603 0.4502741 -0.2444572 0.808364 -0.5355263 0.3368424 -0.7070851 0.6217459 0.3129636 -0.5550458 0.7706997 -0.4498013 0.8564342 -0.2533757 0.6673805 -0.3252944 0.6699157 0.06573635 0.5969457 -0.7995842 0.6789504 -0.1173529 0.7247446 0.2340977 0.68165 -0.6932184 0.1886934 -0.8752026 0.4454383 -0.2067336 0.3844509 -0.8996993 -0.630114 0.6151052 -0.4739219 0.1389439 0.8869013 -0.4405687 0.6987262 -0.714411 0.03739982 -0.7560143 -0.1068027 -0.6457831 -0.6229299 -0.4859932 0.6129999 -0.481007 -0.8244716 0.2981259 0.7132598 0.4279771 -0.5550641 -0.3283971 -0.9168235 0.2271344 -0.3244085 -0.9385904 -0.1175049 -0.7575586 0.5004566 0.4191043 -0.2875999 0.9573768 0.02675879 -0.4023427 -0.7551475 -0.5175642 -0.4159884 -0.8590837 0.2982096 -0.02670055 -0.5854017 0.8103037 -0.473305 -0.6509816 0.593469 0.5510684 -0.4707092 -0.6890257 0.3635386 0.7049876 -0.60896 0.6778361 0.6702311 0.302206 0.2884644 0.6654816 -0.6884204 0.2570652 -0.3157102 0.91337 0.9971076 -0.02815032 0.07059735 -0.8255335 -0.5394775 0.165706 0.4277433 -0.6854333 -0.5892511 -0.4277493 -0.5883814 -0.6861763 -0.2464705 -0.6632624 0.7066367 0.07413578 -0.7057528 0.7045686 0.04735505 0.6857714 0.7262749 0.2815964 -0.6631253 -0.6935188 0.3026115 0.6574536 -0.6900588 -0.7451406 0.3711799 -0.5540678 -0.8859849 0.4030416 0.2293215 -0.6592494 0.7095412 -0.2488809 -0.3562399 -0.5933325 -0.7218378 0.1611998 0.4111822 0.8971868 -0.5113149 0.04001194 -0.8584614 0.8599038 0.388606 -0.3309847 -0.3453918 -0.6810521 -0.6456567 -0.8634093 0.06063169 -0.5008475 -0.9654103 -0.2278386 -0.1267773 -0.2815427 -0.6926873 -0.6640167 -0.6628543 0.6088063 0.4358659 0.3238591 0.651353 -0.6861884 0.9339143 0.2968615 0.1991922 0.8267685 0.2495322 0.5041701 0.05392903 0.6461007 -0.7613447 -0.07419663 0.7055919 -0.7047234 -0.8470749 -0.4024925 -0.3470792 -0.9906003 -0.1355792 0.01815426 -0.2911077 0.6334645 0.7169234 0.2548881 0.7162224 0.6496596 0.7414776 0.4919829 0.4562497 0.9942562 0.1009188 -0.0356369 0.9395408 -0.2134378 -0.2677826 0.7661834 0.6391532 0.06668102 0.9883696 0.08919888 -0.1231638 -0.3120227 0.5870102 0.7470349 0.01645451 0.4752923 0.8796741 0.02467626 -0.7073447 0.706438 -0.07398951 0.7055935 -0.7047436 -0.07333123 0.7060223 -0.7043827 0.5161382 -0.692317 0.5042804 0.1534532 -0.9731091 -0.1717868 0.227073 0.1366024 0.9642498 0.3845714 0.9229614 -0.01571989 0.8389742 -0.4822039 -0.2521944 -0.7630091 0.5935145 0.2560431 -0.6673478 0.1407344 0.7313281 -0.9935729 -0.1128594 -0.008695542 -0.3816124 0.6952902 0.6090515 -0.7787033 -0.3054645 -0.5480079 0.6197029 0.4415566 0.648842 -0.8827787 0.01531833 -0.4695394 0.07502347 -0.7049303 0.7052977 -0.04541885 0.5815463 0.8122444 -0.07366544 0.7053891 -0.7049821 0.5369125 0.5948991 -0.5981807 0.7400702 0.3448041 0.5774135 0.7534779 0.5024908 0.4239979 0.4459719 0.5515112 0.704943 -0.7336204 -0.05231779 -0.6775427 0.3928198 0.8796128 0.2682801 0.7110655 -0.6249768 0.3221642 0.3975956 0.692759 -0.6016666 -0.3690587 -0.9062057 -0.2063662 0.966113 0.2136623 0.1448248 0.8916572 -0.2816094 -0.3544625 0.5857837 -0.5246872 -0.6177061 -0.9937523 -0.07060003 0.08644229 -0.6487106 -0.5459079 -0.5302445 -0.915135 -0.3766924 0.1436347 0.9398532 0.2822617 0.1923649 0.08970564 -0.6773639 -0.7301583 0.2227308 -0.6669409 -0.711042 -0.03248852 0.3763134 -0.9259227 -0.07074415 0.7057687 -0.7049014 -0.03203594 0.6375647 -0.7697306 0.03271013 -0.9990295 0.02949774 0.5873004 0.4212933 -0.691079 0.845577 -0.1314604 0.5174145 -0.3574674 0.9227464 0.1440705 -0.5206868 -0.1981456 0.8304358 -0.6511049 -0.09826773 -0.7525995 -0.04366892 -0.6839908 0.7281824 0.9385389 0.1077364 -0.3279292 0.06511127 -0.7968012 0.6007233 -0.5204352 0.8535553 -0.02430421 0.6119561 0.05795514 0.7887656 -0.9639298 -0.213502 0.1589227 -0.00344187 0.7742347 -0.6328893 -0.08400273 0.9949017 -0.05580699 -0.1086923 0.2915982 0.9503455 0.7492842 -0.6091852 -0.2597434 -0.5717275 -0.4033008 0.7144762 0.2437128 0.6606118 0.7100677 -0.6401695 0.5452911 -0.5411477 0.5253353 -0.8168665 0.2382267 0.5282893 -0.8186688 0.2251486 0.05306768 0.6465814 0.760997 0.9412664 0.03169786 -0.3361738 0.8627156 -0.3487726 -0.3661686 -0.2448808 -0.6442099 -0.7245875 -0.725841 -0.6517974 -0.2198069 -0.6469625 0.7517229 0.1278759 0.4588895 -0.6497532 -0.6060043 0.864431 -0.4976876 -0.07117617 0.6121956 0.5566464 0.5615705 -0.3234158 0.6152235 0.7189592 -0.9542931 0.1091067 -0.278245 -0.833362 -0.2806136 -0.4761971 0.2958829 0.7170361 -0.6311201 -0.3450887 -0.6822594 -0.6445432 -0.02998912 0.9831919 0.1800959 0.07171279 0.9221252 -0.3801876 -0.2098685 -0.7018949 0.6806606 0.7259488 -0.5394477 -0.4266083 -0.5232426 0.6116728 -0.593358 -0.7776636 -0.5107091 -0.3666273 0.4990138 -0.3146837 0.8074401 -0.4957832 -0.543436 -0.6774042 -0.5440131 -0.7010344 0.4610862 0.8930085 -0.3241892 0.3121492 0.60067 -0.6711745 0.4344196 0.8780292 0.4384181 0.1919747 -0.2152515 0.8159935 0.5364899 0.3646781 0.8652067 0.3441326 -0.9585956 -6.85634e-4 -0.2847704 -0.2430124 0.7047266 -0.6665624 0.356382 0.5932978 0.7217961 0.3995503 -0.1294191 0.9075298 0.5429278 -0.823468 0.1647124 -0.9690757 0.1792717 -0.1695697 0.8807761 -0.4339026 -0.1896373 -0.5499868 -0.4774255 -0.6852586 0.3382906 -0.02183479 -0.9407884 -0.9509113 0.2628414 -0.1633465 0.0251649 0.2965993 0.9546704 0.6477388 0.1700914 0.7426328 0.1553002 0.610814 -0.7763943 0.779376 -0.1402596 -0.6106556 -0.3525888 0.6795263 -0.6433702 -0.9120594 0.3865573 0.1368259 -0.9195472 0.3753203 0.1164807 0.2903762 0.6492068 0.7030023 0.08762866 -0.6978271 -0.7108858 -0.6825331 0.7209764 0.1197568 0.1609219 -0.872281 -0.4617684 0.2004167 0.7061749 -0.6790805 -0.6631583 0.247484 -0.7063801 0.7492464 -0.09489375 0.6554579 0.7493672 -0.6447632 -0.1507624 0.3931663 0.4953296 -0.774641 -0.5046303 0.2514545 -0.825905 -0.9376547 0.3093518 0.1584464 -0.5569805 -0.1245372 -0.8211353 -0.7230875 -0.1874586 0.6648336 -0.8604669 0.4588205 0.2215414 -0.3431069 -0.821676 0.4551114 0.8252087 0.376734 0.4208351 0.4420638 0.2269718 0.8677924 0.3418018 -0.5533756 -0.7595704 -0.5727218 -0.8175931 0.05942511 -0.7715858 0.6208506 -0.1385638 -0.2147896 0.6563267 -0.7232571 0.1950931 0.7068936 -0.6798825 -0.4773201 -0.8738858 -0.09213721 -0.7839046 0.6056088 -0.1368644 -0.7077175 -0.1203723 -0.6961656 -0.9233742 -0.1808301 0.3386453 0.4448281 -0.3600085 0.8200744 0.4813125 0.03987401 -0.8756417 -0.5840002 0.64331 0.4950718 -0.8325564 -0.5175715 -0.197407 -0.6043574 -0.007270097 0.7966802 0.9971121 0.07583832 0.004027664 0.8659359 -0.4278236 -0.2590794 -0.06598234 -0.6855147 -0.7250628 -0.9230518 -0.07229363 -0.3778215 -0.2175436 -0.631347 -0.7443627 -0.4822726 -0.5337586 -0.694633 -0.968979 0.1066853 -0.2229304 -0.5692878 0.629222 0.5291419 0.06946951 0.69792 0.7127985 0.9740165 -0.07013064 0.2153453 0.9769281 -0.1110982 0.1823973 0.8416549 -0.4871962 -0.2329314 0.7472001 0.2366881 -0.6210241 0.551214 0.7045057 0.4470289 0.1339343 -0.7353155 -0.664359 0.4316958 -0.05108594 -0.9005715 0.4524537 -0.07800173 0.8883702 0.3198979 0.9429026 0.09273761 -0.8880868 -0.2310456 0.3973914 -0.997938 -0.06418305 -7.25947e-4 0.3445776 0.6641678 -0.6634362 -0.1098558 -0.6932789 0.7122473 -0.02840578 -0.3716706 0.9279301 -0.1778774 0.5465739 -0.8183012 -0.2355953 -0.3045865 0.9228879 0.5576531 0.7330364 -0.3894619 -0.1914919 -0.941801 0.2763003 -0.4703463 0.5299841 -0.7056141 -0.506233 0.1514043 0.8490023 0.643851 0.6906052 -0.3294245 0.6837895 -0.4127616 -0.601714 -0.06514501 0.7293745 0.6810058 -0.4004089 0.4405049 0.8035099 0.08404028 0.2937328 -0.9521861 0.3118959 -0.5206771 0.794743 -0.9738555 0.1404954 -0.1785122 -0.3236908 -0.7961701 0.5112119 0.5711262 0.7447542 0.3451899 0.3966262 -0.7235381 -0.5649605 -0.6614155 0.5833379 0.4714305 0.287485 -0.6728754 -0.6816092 -0.4462688 0.608528 0.6561538 0.8088648 -0.5083105 -0.2955642 -0.7147916 -0.2342429 -0.658941 0.9042284 -0.2389081 -0.353969 0.7273896 -0.2761775 0.6281962 0.6097186 0.170623 0.7740357 -0.707834 -0.692135 -0.1411393 -0.5634194 -0.7450327 -0.3570503 0.6088092 -0.1263068 0.7831973 -0.3661099 -0.6843012 -0.630631 -0.9641217 -0.2652646 -0.01020246 -0.6131114 -0.3369292 0.7145441 0.7401486 -0.2309749 0.6315304 -0.6045738 0.7757269 0.1809377 -0.6675029 0.6720643 0.320577 -0.5210648 -0.3242248 0.7895377 -0.7295833 -0.02897012 -0.6832782 -0.7051231 -0.08509814 -0.70396 0.6717595 -0.1926108 0.7152904 0.8790291 -0.4171019 0.2309412 0.7151226 -0.6273988 -0.3081728 0.2591837 -0.7220668 -0.6414386 0.4193361 0.3711054 0.8285155 0.7292535 -0.3184049 0.6056464 0.8022113 -0.5472681 0.2386522 -0.558192 -0.04857552 0.8282887 0.3284114 -0.2075536 0.9214486 -0.8150377 -0.5624353 0.1392118 -0.1518077 0.01510173 -0.9882947 0.6752387 0.04286384 -0.7363528 -0.8809297 0.1168872 0.4585852 -0.9617347 -0.02915942 -0.2724267 -0.9702498 0.236135 -0.05343854 -0.4881507 0.116985 0.8648834 0.9479021 0.2088786 -0.2405232 0.5469976 -0.6360914 -0.5442256 -0.5866842 -0.5585663 -0.5863493 0.5554109 0.3275298 0.764358 0.8942137 0.2243245 0.3873763 -0.8962206 -0.1641441 0.4121229 0.964475 -0.1764826 -0.1965758 0.8195554 -0.4143638 -0.3957673 0.3795131 -0.7704837 -0.5121765 -0.2299749 -0.8842311 -0.4065057 0.4608895 -0.6592001 -0.5941686 -0.7605604 0.3352644 -0.5560089 -0.55684 0.1049773 -0.8239594 -0.2143439 0.0115059 0.9766905 -0.5619197 0.3812234 0.7341083 -0.4546097 -0.6994065 0.5515077 -0.4489501 -0.7047792 0.5492996 0.3874772 -0.5079959 0.7692865 0.1123858 0.6018298 0.7906773 0.725614 0.05701994 0.6857354 0.7738092 -0.6001383 -0.2026161 0.006886303 -0.6454742 -0.763751 -0.8233978 0.1256465 -0.5533799 -0.8266009 0.5582929 0.0709933 -0.6076858 -0.5545547 -0.5684955 -0.4459351 -0.70563 0.5506616 0.4016324 0.7555321 -0.5175545 -0.1180018 -0.5557564 -0.822928 -0.4594066 -0.3525213 -0.8152756 -0.7672563 -0.008782744 -0.6412805 -0.8695032 0.1857485 -0.4576701 -0.8539159 0.5191298 -0.0364958 -0.7691155 0.6170162 0.1665902 -0.5788711 0.702947 0.4132478 -0.1374713 0.6552939 0.7427594 0.2197627 0.5080544 0.8328176 -0.4913892 0.7241378 0.483902 0.8819316 -0.2106625 0.4216848 0.8814635 -0.2085371 0.4237151 0.8982519 -0.2774107 0.3408621 0.7581824 -0.6337498 -0.1533652 -0.2820623 -0.4890795 -0.825374 0.221666 -0.6813625 -0.6975739 0.369318 0.5974016 -0.7118396 0.6226627 0.5799101 -0.5253527 0.6568311 0.6226444 -0.4253079 0.173599 -0.7866986 -0.5924263 0.455852 0.4638077 0.7596588 0.402953 0.2849652 0.8697264 -0.7554186 0.6301388 -0.1796327 -0.3270604 -0.8565434 0.3992053 -0.5387306 -0.6450267 0.5419502 -0.5924313 -0.7947922 0.1316461 -0.6095147 -0.1793032 0.7722319 -0.1948071 -0.1509164 0.9691618 0.8469057 -0.03757309 -0.530414 -0.8480913 0.01768082 -0.5295552 -0.07412987 0.6939297 0.7162167 0.09815621 -0.9035044 0.4171872 -0.3383523 -0.7059051 -0.6222667 0.9901477 -0.05428129 0.1290786 0.3877127 -0.369841 0.844332 -0.525039 0.4623473 0.7145411 0.8217044 -0.2384824 -0.5176177 -0.001860678 0.942934 0.3329747 -0.8420715 -0.4235845 0.3339039 0.9166189 -0.3917389 -0.07969135 0.8198348 -0.4795236 0.3129346 -0.6156511 0.1543891 -0.772747 -0.01692241 -0.9581976 -0.2856065 -0.5852315 0.8045495 -0.1010161 -0.4478358 0.6159307 0.6481301 0.3119503 -0.5926347 -0.7426111 0.6409617 -0.4952653 -0.5864133 0.4400295 -0.6211983 -0.6484494 0.328804 -0.8226869 -0.4637609 0.5974771 -0.7929363 -0.1194707 0.4424328 0.7070011 -0.5517271 0.4424344 0.7070192 -0.5517027 0.458832 0.5879849 0.6661435 0.4588418 0.587976 0.6661444 0.7537979 -0.3836085 -0.5335103 -0.9247291 -0.1638932 0.3435335 0.2425845 -0.2303456 -0.9423873 0.2106176 0.9113839 0.3535813 0.5143755 0.5793287 0.6322945 0.8995921 0.4366607 -0.00784713 0.32946 0.8690416 0.369084 0.7135806 -0.5269544 0.4616513 0.1998654 -0.7661186 0.6108323 0.4632209 -0.8640225 0.1972094 0.455623 -0.6985279 0.5517848 -0.8142119 -0.5265821 -0.2444798 -0.07429701 -0.7056037 -0.704701 0.07384264 0.7056356 0.7047168 0.07541745 0.705551 0.7046347 0.06503355 0.702027 0.7091748 0.9597526 -0.2565796 -0.1142019 0.6664748 -0.4618993 -0.5852012 -0.6993362 0.7115549 0.0679599 -0.7069545 0.7035007 0.07281619 -0.7047294 -0.7056087 0.07397925 -0.705262 -0.7051938 0.07285135 -0.7049043 -0.7056364 0.07202345 -0.7030819 -0.7075465 0.07109093 -0.7046011 -0.7057178 0.07416051 -0.7047325 -0.7055425 0.07457858 -0.7054219 -0.7048614 0.07450139 -0.664378 -0.7378315 -0.1191917 0.7955474 0.3176801 -0.5159301 0.8714979 -0.336619 0.356622 0.09341341 0.3456868 0.9336887 -0.09037172 0.1400474 -0.986012 0.662586 0.7446378 -0.08058762 0.6797342 -0.701893 -0.2128558 -0.1392064 -0.653907 0.7436581 -0.05904221 -0.933418 0.3538995 -0.1735942 -0.1568195 0.9722514 0.9529422 -0.2479615 -0.1744028 -0.04570829 -0.5291818 -0.8472765 0.6795251 -0.7057269 0.2004877 -0.5411292 0.7035292 -0.4606798 -0.5342094 0.6405329 -0.5516684 -0.6339907 -0.2728065 -0.7236247 -0.5508407 0.7056531 -0.4456773 -0.5506272 0.7056066 -0.4460146 -0.5503987 0.7049622 -0.4473139 -0.5269677 0.7160371 -0.4578165 -0.5509126 0.7043662 -0.44762 -0.4734473 0.7873677 0.3948416 -0.5515773 0.7042022 -0.4470591 -0.5525569 0.7036752 -0.4466791 -0.5506272 0.7056015 -0.4460228 -0.5383489 0.6724664 -0.507907 0.9580147 0.140754 -0.2497925 -0.01804465 0.6767718 0.7359717 -0.6211061 0.7067365 0.3387488 -0.6200753 0.7080025 0.3379927 -0.6206536 0.7080787 0.3367696 -0.6214478 0.7083154 0.3348014 -0.6237742 0.70631 0.3347117 -0.6241965 0.7054409 0.3357557 -0.6245815 0.7036893 0.3387024 -0.6245282 0.7038287 0.3385109 0.68015 -0.7073391 0.1925289 0.2787849 0.5415197 -0.7931175 0.277598 0.8405417 -0.4652194 0.7545346 0.5032431 -0.4212172 -0.01784491 0.8021407 -0.5968683 -0.9111014 0.1311765 -0.390752 -0.772935 -0.632178 -0.05406123 -0.6147003 -0.7795214 0.1203749 -0.742893 -0.6482198 0.1670959 0.5978771 -0.7646098 0.2406551 -0.4497255 0.5763108 -0.6823584 -0.4497321 0.576296 -0.6823664 -0.01072096 -0.06122899 0.9980662 0.513072 0.3094392 -0.8006276 0.4468767 -0.7074476 -0.5475574 0.9524641 0.1391721 0.2710045 -0.8160352 0.545106 -0.1922137 0.1794407 0.589596 -0.7875136 0.07325941 -0.7056422 0.704771 -0.8775274 0.3105941 0.365345 -0.4709197 -0.6041502 -0.6428353 0.337378 0.3034093 0.8911336 0.7157972 0.2933618 0.6336981 0.6347139 0.7009281 0.3253277 -0.3860769 0.9049044 0.1791441 0.6469502 -0.5901357 0.4829031 -0.3626083 0.6834341 -0.6335875 -0.2471717 -0.5175836 -0.8191541 -0.7283201 0.3704839 -0.5764474 0.9359419 0.2303767 0.2663444 0.4670581 -0.3638631 -0.8058912 -0.6099167 -0.6898591 0.389995 -0.6056455 0.6619898 -0.4415462 -0.6873871 0.2668637 0.6754871 -0.8446118 0.5313534 0.06553381 -0.4562466 0.7018186 -0.5470739 -0.6264921 0.7047052 0.333014 0.6548589 -0.5922669 0.4694463 -0.6085179 -0.6901972 0.3915788 0.9889957 -0.1359597 0.05833101 0.7292961 -0.4763081 -0.4911801 0.7219563 -0.6518077 0.2322195 -0.6076076 -0.7900968 -0.08099544 -0.7558395 -0.6496438 -0.08166795 -0.7436605 -0.6463648 0.1708267 -0.5748673 0.2830037 -0.7677477 0.8101779 0.5859147 0.01777386 0.7027483 0.3434736 0.6230335 0.651553 -0.6796629 0.3369529 0.2068294 0.6627079 0.7197498 -0.4681401 -0.0638231 0.8813464 -0.9327075 0.2052126 0.2965543 -0.7154567 -0.3663573 -0.5948985 0.7920172 -0.5747495 -0.2058441 -0.5388832 -0.8159122 0.2095049 -0.1301839 0.6682711 0.7324384 0.5655397 -0.4529437 0.6892074 0.3097147 0.726477 0.6134396 0.3535014 0.7103587 0.6086273 -0.3851107 -0.9116591 -0.1434142 -0.1041583 0.2382055 -0.9656134 0.5758805 -0.6437915 0.5038792 0.3888689 0.1312143 0.9119012 -0.755119 -0.1933138 0.6264385 0.5927866 0.6643427 -0.4552505 -0.8057931 0.5218923 -0.2798678 -0.7064125 -0.5807936 -0.4045494 0.03515374 0.6908773 0.722117 -0.7806428 -0.531368 -0.3290059 -0.411354 -0.7753118 0.479249 -0.03914862 -0.192471 0.9805215 0.9543313 0.2975103 -0.02719408 -0.1719042 -0.1223176 0.9774904 -0.4587878 0.7084653 0.536275 -0.3997979 -0.4643132 0.7903006 0.04931187 0.4786389 0.876626 0.748679 -0.6577028 -0.08310741 0.7402829 0.6596657 0.1297011 0.4604859 0.6026393 -0.6517505 0.900898 0.3404498 -0.2692153 0.07084262 -0.6001529 -0.7967421 0.1088883 0.7964246 0.5948539 0.9914686 0.08489149 0.09891259 -0.7555742 -0.6291499 -0.1824232 0.904528 -0.1684792 -0.391719 -0.6926582 0.4043051 0.5972957 -0.2456582 0.5730849 0.7818093 -0.4334759 0.620117 0.6538759 -0.2032252 0.8373515 0.5074861 -0.5685883 0.7860476 0.2425626 -0.5458338 0.6978252 0.4637947 0.3403815 0.7628046 -0.5497906 -0.2501299 0.09867066 -0.9631715 -0.8944755 0.2654992 0.3597552 -0.1728518 0.3613448 -0.9162709 0.1894577 0.6756962 -0.7124188 -0.5299443 -0.5928555 0.6063674 0.5199949 -0.5739768 0.6325788 0.1985316 0.3172746 0.9273198 -0.1314473 -0.9494132 0.2851951 0.5205565 -0.6909444 -0.5016142 -0.340654 0.8022962 0.4901793 -0.5900505 -0.6943898 0.411902 0.8805947 0.1563917 -0.4473192 -0.8995075 0.4026768 0.1695221 0.5374202 0.400084 0.7423695 0.5234838 -0.5436664 0.6560423 -0.7047445 -0.7056273 0.07365715 -0.7050987 -0.7052526 0.07385563 -0.7052668 -0.7051882 0.0728591 0.5004097 0.174988 -0.8479207 0.8049628 0.5484395 0.2263826 0.5592998 0.2605816 0.786944 0.9760782 -0.05418872 0.2105587 -0.5893198 0.7965056 0.1352076 0.7723027 0.6046055 0.1949378 -0.2161648 0.0797438 -0.9730949 -0.1899418 -0.6551941 -0.7311929 -0.1996626 -0.4218848 0.8843914 0.1081865 -0.9936154 0.03200495 0.1513175 0.7657688 0.6250609 -0.6310711 0.6775905 -0.3776513 0.909188 0.3620741 0.2056201 -0.7569892 -0.2856357 0.5876902 -0.06436818 -0.5909029 -0.8041707 -0.1998487 -0.7064568 0.6789546 0.8962772 -0.3569071 0.2632575 0.2564501 -0.4886633 0.8339315 -0.4514013 0.5684922 -0.6877889 0.414144 0.4352817 -0.7993839 -0.1256774 0.6983321 0.7046542 0.5953508 -0.162795 -0.7868006 0.1844182 -0.9416992 -0.281412 -0.5542265 0.3276069 0.7651841 -0.389951 0.6823324 0.6183533 0.5005248 -0.3656355 0.7847202 0.6109321 -0.7915778 -0.01291334 -0.8072264 -0.5432404 -0.2308146 -0.4568585 0.6521285 -0.6049867 -0.6682295 0.4906136 0.5592563 0.0887165 0.6050233 0.7912499 0.1804267 -0.7001292 -0.690844 0.09047418 -0.6949691 -0.7133249 0.4490912 0.3557152 0.8196243 -0.3944739 0.7984499 0.4548276 0.816577 0.5718914 -0.07837277 0.9855248 -0.1336429 0.1043106 -0.757434 -0.6300721 -0.1711816 -0.5233905 -0.708059 -0.4740411 0.3298237 -0.8552394 0.3997274 0.5483487 -0.2828033 -0.7869791 0.67246 0.01393115 0.7400024 0.5865587 0.5253225 -0.6164295 0.9431049 -0.2645248 -0.2014449 -0.7106655 0.6765454 -0.1929792 -0.2190666 0.5533784 -0.8036058 0.7609881 0.0416308 -0.6474289 0.8813521 -0.4649256 0.08404123 0.7477707 0.2395548 0.6192354 -0.2206701 0.1511032 0.9635729 -0.4595471 0.409766 -0.7879774 0.1301941 0.66826 -0.7324467 0.3640208 -0.09499889 0.9265334 -0.6521495 0.4723076 0.5929812 0.5392512 -0.7469003 -0.3890349 -0.04325586 0.8604115 -0.5077608 -0.2838255 0.7058646 0.648998 -0.6226867 -0.7055178 0.3383874 -0.442263 0.7070859 0.5517545 -0.4416283 0.7091911 0.5495566 -0.4441661 0.7063351 0.5511872 -0.4387109 0.706022 0.5559368 -0.2219781 0.804072 0.5515381 -0.4397201 0.7334886 0.5183056 -0.1011031 -0.1145552 -0.9882587 -0.7876169 0.5368778 -0.3023607 0.5864828 0.2961407 0.7538825 -0.3890094 -0.191795 -0.9010474 -0.09779316 0.2828288 -0.9541721 -0.7350589 0.6756708 0.05619132 -0.5874248 0.7968737 -0.1411548 -0.1384946 -0.2390878 0.9610704 -0.5980684 -0.6730939 0.4350389 -0.1772239 0.6390402 0.748478 0.6585342 -0.6117421 0.438297 -0.6403431 -0.7079207 0.2980086 0.320841 0.5324046 0.7833304 0.9958221 -0.06565648 -0.06346368 0.5540048 0.482123 0.6787019 0.6274228 -0.7085129 -0.3230327 -0.6487708 -0.4290824 -0.6284782 -0.4375943 -0.04404795 -0.8980931 -0.2790432 0.08369714 -0.9566242 0.6374531 -0.7644013 0.0966649 -0.2053313 0.08057171 0.9753704 -0.3128011 0.7686545 0.5579658 0.5529342 0.6915746 -0.4647455 0.6241131 0.7042659 -0.3383674 0.6105482 0.710631 -0.3496206 0.6224603 0.7051897 -0.339486 -0.7076619 0.7035 0.06559252 0.8938201 0.4282912 -0.1328628 0.1653806 0.03164237 0.9857222 0.6174481 0.7069023 -0.3450319 0.6201058 0.7076045 -0.3387695 0.6222013 0.7068555 -0.336483 -0.6225028 -0.7053331 0.3391101 -0.622272 -0.7052007 0.3398081 -0.6236272 -0.7039175 0.3399842 0.7809138 0.5872572 0.2128448 0.2561299 -0.5921071 -0.7640725 0.4520296 0.7623615 0.4631136 0.7276415 -0.363516 0.5817165 -0.6023275 0.008285284 -0.7982062 -0.1528942 0.9640599 0.2172831 -0.4764123 0.3627578 0.8008983 -0.6033672 0.7081782 0.3666492 -0.4565203 0.8758143 0.1566476 0.6224139 0.7050763 -0.3398064 0.6207361 0.7063577 -0.340214 0.6198869 0.7075474 -0.3392888 0.6211067 0.7075619 -0.3370204 0.6249414 0.7049655 -0.3353684 -0.6220317 -0.7064456 0.3376554 -0.6217378 -0.7066378 0.3377946 -0.621254 -0.7066058 0.3387503 -0.6213155 -0.706108 0.3396743 -0.6225267 -0.7051419 0.3394637 -0.623629 -0.704792 0.3381643 -0.6222792 -0.7059636 0.3382072 -0.6237252 -0.7054135 0.336688 -0.6231934 -0.7050209 0.33849 0.6227741 0.7056156 -0.3380223 0.6234055 0.7037509 -0.3407351 0.6235449 0.7061363 -0.3355045 0.6240335 0.7054136 -0.3361157 0.6222466 0.7050185 -0.3402324 0.6214087 0.7083843 -0.3347283 -0.7789722 0.5996279 -0.1834365 -0.7824064 -0.5640329 -0.264021 0.502272 0.5698397 -0.6503888 -0.5574234 0.01794141 -0.8300346 -0.6033735 -0.708174 0.3666471 0.5120125 0.5780005 -0.63542 0.2872934 0.1956706 0.9376437 0.3204001 -0.4095539 -0.8541719 0.7830168 -0.07431977 0.6175445 0.1128656 0.008529365 0.9935737 0.634685 -0.6798694 -0.3673589 -0.6794783 -0.7055768 -0.201173 -0.6821408 -0.7084712 -0.1809762 -0.6791666 -0.708151 -0.1930159 0.6172538 0.7094838 -0.3400449 -0.3398712 -0.6775011 -0.6522883 0.4973704 0.7581131 -0.4217668 0.5449669 0.828279 -0.1302497 0.7057085 0.5845596 -0.400332 -0.5266335 -0.6161535 0.5856724 -0.5731035 -0.5127241 0.6392703 -0.5551466 -0.8279901 -0.07902264 -0.3845427 -0.7388356 0.5533975 0.08378183 -0.506307 0.8582738 0.6627647 -0.7248504 -0.1879755 0.6599449 -0.620305 -0.4239038 0.8943986 -0.4322293 -0.1150184 -0.8534923 -0.391134 0.3443331 0.5878854 0.482723 -0.6491296 0.905939 0.3555198 0.2299575 0.247832 0.9271179 -0.281126 0.5048398 0.817383 -0.2775282 0.7930593 0.5766829 -0.1961985 0.6002709 0.7487136 -0.2812526 -0.7046926 0.7055754 0.0746451 0.8616679 -0.4751645 -0.1781778 -0.7413028 -0.167733 0.6498736 0.5609887 0.5433366 0.6245615 0.700326 -0.7097092 -0.07652688 0.706312 -0.7042861 -0.07144618 0.7060101 -0.7037191 -0.07955622 0.7013155 -0.7096024 -0.06797969 0.6979259 -0.6530573 -0.2939653 -0.6293865 -0.1368209 -0.7649527 0.5182681 -0.3514239 0.7796791 0.1645175 0.2639732 -0.9503958 -0.9597927 0.2768352 0.04648083 -0.1894221 -0.3156241 -0.9297853 0.8835656 0.1840441 0.4306272 0.4722791 0.3399453 0.8132587 -0.07973361 -0.0798338 0.9936143 0.5809261 -0.8125336 -0.0481047 0.05776345 0.05783736 -0.9966535 -0.3974099 0.894979 0.2026772 -0.2088936 0.5798565 0.7874833 0.6994962 -0.626179 -0.3443907 0.6961359 -0.6970054 -0.1719837 0.7047021 0.705612 -0.07420724 0.7047753 0.7056847 -0.07280778 0.7046575 0.7065808 -0.06481868 0.6522748 -0.6853922 -0.3236899 0.06161606 0.6768845 0.7335059 -0.2054727 0.3036004 -0.9303805 0.3402166 0.3497035 0.8729032 -0.5156567 -0.2639316 0.8151309 -0.5721086 -0.7399519 0.3537837 0.2525325 -0.7625272 0.5956338 -0.7518606 -0.1252518 0.6473158 0.6122285 0.6963344 0.3745595 -0.5649331 0.6953611 -0.4442113 -0.7246942 -0.6021801 0.334959 0.1307218 0.940501 0.3136396 0.5353596 -0.2890328 -0.793631 -0.2886094 -0.5092263 -0.8107979 0.7038486 -0.5491112 -0.4506375 0.8938369 -0.2040902 0.3992527 0.7730769 -0.4170717 0.4779157 -0.7093575 -0.7003259 0.0797224 -0.7047307 -0.7056794 0.07328969 -0.7047232 -0.7056743 0.07340985 -0.7067798 -0.7044622 0.06477183 -0.7023231 -0.7117802 0.01054781 -0.711264 -0.6992766 0.07152581 -0.3956742 -0.6694276 -0.6287357 0.5333185 -0.7138366 -0.4538819 0.1466512 -0.138262 -0.979478 -0.740074 0.5639424 0.3664144 -0.1911143 0.2892212 0.9379907 -0.358681 -0.558702 -0.7477968 0.6245134 -0.7697017 0.1324483 -0.8837186 -0.4646429 -0.05611181 0.6701184 0.7084199 0.2215459 0.6524142 0.4553161 -0.6058409 0.4979819 -0.2418717 -0.8327739 0.6701053 -0.7084261 0.2215656 -0.4077545 0.6696979 -0.620678 0.6984327 0.7122321 -0.07012313 0.7091379 0.701412 -0.07172691 0.70476 0.705576 -0.07399976 0.704729 0.7056056 -0.07401233 0.7027108 0.7076787 -0.07340604 0.7017716 0.7083848 -0.07554852 0.7063314 0.7035558 -0.07813614 -0.7034286 -0.7066857 0.07604986 -0.7047032 -0.7057486 0.07288509 -0.7056139 -0.7046594 0.07459384 -0.7042016 -0.7062939 0.07245159 0.6786876 -0.7048565 0.2063019 -0.7200178 -0.6939513 -0.002443492 0.2215158 -0.7084224 -0.6701258 -0.2128488 -0.7018866 -0.6797431 0.7332859 0.6428172 -0.2215356 0.8220973 -0.3116154 0.4764997 0.6305277 -0.02833527 0.7756493 -0.4268878 0.4443635 0.7875964 -0.9491157 -0.1106133 0.2948632 0.2255473 -0.6765003 -0.7010533 0.352842 -0.2951894 -0.8878996 -0.7043846 -0.7060058 0.07347303 -0.1917675 0.8324141 -0.5199155 0.7015938 0.7124879 -0.01128357 0.01727437 0.2057848 0.9784449 -0.8831526 0.4192426 0.2104216 0.2981895 0.8912425 0.3417162 -0.710267 -0.7005135 0.06929403 -0.7041341 -0.7061529 0.07445454 -0.705586 -0.7046341 0.07509464 0.6268861 -0.7009642 -0.3400928 0.2825584 0.905925 -0.3153738 0.6862539 0.6863113 0.2408992 0.7349004 0.6675992 0.1193017 -0.3095551 -0.9471342 -0.08433568 -0.2573763 0.9592003 0.1170141 0.6291295 0.2313807 -0.7420641 0.6486486 0.7427261 -0.1661717 -0.2039321 0.4879115 0.8487367 0.07981199 -0.1155586 -0.990089 0.4016161 -0.5684414 0.7180383 0.5412228 0.1015967 0.8347191 -0.6434277 -0.7378576 -0.2038798 0.6193193 -0.6939535 0.3672496 0.645312 -0.7327855 0.2158659 -0.2145845 0.3928029 0.8942369 0.6016337 -0.6711776 0.4330792 0.6286473 -0.6693646 -0.3959212 -0.9545736 -0.0594232 0.2919899 0.8775072 -0.4397669 0.1912752 -0.617206 0.7038742 -0.3515935 -0.6787553 -0.7049632 -0.205714 0.04216647 -0.9521617 -0.3026719 -0.6793215 -0.7058613 -0.2007046 -0.4356014 0.06459987 -0.8978187 -0.4804165 0.6228937 -0.6174167 0.1095246 0.9907232 -0.08044815 0.3399638 0.9328434 0.1192807 -0.7118217 0.6573432 -0.2474061 -0.1863789 0.3976699 0.8983995 0.6475866 0.6725896 -0.3581269 -0.6793915 -0.7056152 -0.201332 0.679442 0.7056762 0.2009473 0.6795794 0.7053987 0.2014559 -0.7133282 0.570831 0.4065893 -0.4999816 -0.4791854 -0.7213874 -0.7346709 -0.6114174 -0.2939856 -0.7218423 0.6245416 0.2981469 -0.1469219 0.7075088 0.6912636 0.9110988 0.3351573 0.2399349 0.3529511 -0.5183691 -0.7789217 -0.6987903 0.7083554 0.0996229 0.9411022 0.2588941 -0.2174872 0.9930524 0.1169687 0.01286131 -0.936567 -0.349949 0.01944041 -0.05445927 0.1792528 0.9822947 0.3633713 -0.01368826 0.9315439 0.8730974 -0.3853103 0.2987257 0.6811594 0.3975785 0.614779 -0.3547512 -0.8361979 0.4182401 0.7567394 -0.6340245 -0.1592437 0.9632901 -0.1401093 0.2290014 -0.3192908 -0.6862275 -0.6535636 0.1131678 -0.9596908 -0.2572682 -0.1776906 0.9574068 -0.2275928 -0.6783194 -0.7068361 -0.2006629 -0.6750438 -0.7127396 -0.1905736 -0.6693094 -0.713595 -0.2068987 0.8567304 0.2403761 0.4563251 0.6838591 0.7025771 0.1967798 0.1205126 -0.06640827 0.9904881 0.682834 0.7025982 0.2002338 0.6798799 0.7053252 0.2006983 0.6801858 0.7051432 0.2003006 -0.651075 0.3027999 -0.6959982 0.6792083 0.7058955 0.2009671 0.6795236 0.7057018 0.2005807 0.8830628 0.2312144 0.4083382 0.6781787 0.7068977 0.2009211 0.842413 0.3523715 -0.4076454 0.6785849 0.7058982 0.2030527 0.2847848 0.9540203 0.0935046 0.6789163 0.7064772 0.1999067 0.9343586 0.2518194 0.2521135 0.5567841 0.6281316 0.543546 -0.3664078 0.5639514 -0.7400705 -0.2246946 0.03511041 0.9737965 0.3203892 0.4095628 -0.8541716 0.6545133 -0.458704 -0.6010017 0.225547 -0.6765078 -0.7010462 0.7332724 -0.6428242 -0.2215595 0.7223961 -0.5950432 -0.3522321 -0.6199066 -0.6648344 -0.4167867 0.6701136 -0.708422 0.2215538 0.3884841 0.6712338 0.6312886 -0.6800674 -0.7059057 -0.198004 -0.68147 -0.7045567 -0.1979865 -0.6814992 -0.7037636 -0.2006881 -0.6796682 -0.7047268 -0.2034978 -0.6783519 -0.7072645 -0.1990371 -0.6795272 -0.7058588 -0.2000154 -0.6776136 -0.7066697 -0.2036123 -0.6801982 -0.7045596 -0.2023023 -0.6789541 -0.7065736 -0.1994369 0.6823971 0.7032412 0.1994644 -0.6666892 -0.1171179 -0.7360767 -0.8076819 0.436734 -0.3961232 0.5453913 -0.7012876 -0.4590688 0.690849 0.02239447 0.7226522 -0.8061003 -0.5585997 -0.1953682 0.2290788 -0.3928961 0.8905929 -0.8573595 0.5087549 0.07812279 -0.2831768 -0.375365 0.88256 0.6494526 -0.6153846 -0.4466689 -0.8562446 0.4357146 0.2774854 0.6819939 0.7006917 0.2095604 -0.7606228 0.4083894 -0.5046495 -0.3360721 0.7066628 -0.6226422 -0.3258228 0.7080394 -0.626514 0.1551138 0.2012189 -0.967187 0.1316205 -0.677506 -0.7236447 -0.6763291 -0.6694284 -0.3073185 -0.9603476 -0.1629087 -0.2262596 -0.5750729 -0.7844862 0.2321052 0.5852494 0.3615905 0.7257655 0.5815017 0.7592964 0.292104 0.01934278 0.9962353 0.08450621 0.6524528 0.7517383 0.09589064 0.5722948 0.7415916 0.3500295 -0.9284335 -0.05180126 0.3678693 -0.8546785 -0.514868 -0.06660032 -0.06626015 -0.7132433 -0.6977776 -0.08752304 -0.7061071 -0.7026752 -0.0276975 0.6882496 0.7249451 0.8854416 -0.2641234 0.3824028 -0.8931452 -0.4427634 0.07907158 0.9271857 0.05220711 0.3709465 -0.5451308 0.2737724 -0.7923896 0.4863932 -0.09622651 0.8684251 -0.5527809 0.512845 -0.6568282 0.7973724 0.5691269 0.2007288 -0.6979428 0.5222622 -0.4900184 0.1816268 0.3172214 0.9307966 0.6886238 0.4760542 0.5469641 -0.6829104 0.7026505 -0.1997894 -0.8037537 0.400213 0.4402382 0.7952019 -0.05453717 -0.6038872 0.165595 0.7809777 0.6022061 0.2530049 -0.6895079 -0.6786513 -0.6511266 -0.3724956 0.6612725 0.6220247 0.7829518 -0.008488178 -0.5509613 -0.7060201 -0.4449464 -0.5509452 -0.7060269 -0.4449555 0.07483851 -0.7055928 0.7046546 0.06635993 -0.7115765 0.6994678 -0.5113404 -0.8152136 0.2719521 0.07171076 -0.7058696 0.7047026 -0.002144157 -0.992989 0.1181879 0.07353812 -0.7048649 0.7055194 0.07290899 -0.7050639 0.7053858 0.0745601 -0.7045155 0.7057611 0.07347744 -0.7049817 0.7054091 0.4933698 0.7071205 -0.5065243 0.8632733 -0.2405498 -0.4437286 0.5679519 0.4822549 -0.666979 -0.271081 -0.08556222 -0.9587462 0.008835792 -0.9183666 0.3956324 -0.7565448 0.4206933 0.5006569 -0.5496834 -0.7049798 -0.4481648 -0.5507689 -0.7057029 -0.4456871 -0.5500298 -0.7048609 -0.4479269 -0.5507293 -0.7057539 -0.4456553 -0.08098232 -0.1816014 -0.9800322 0.5897189 0.6650454 0.458199 0.615114 0.7882643 0.01656466 0.4060174 0.5203083 0.7512851 0.5578596 0.2372045 0.7953156 0.4000831 0.3102071 0.8623834 0.7796068 -0.5973649 -0.1880652 -0.6010212 -0.7701691 -0.213572 -0.9379477 -0.3467769 -3.53383e-4 -0.2868062 -0.9570968 -0.04132854 -0.6010094 -0.7701768 -0.2135775 -0.1389746 0.249005 0.9584794 -0.5490375 -0.7035567 -0.4511827 -0.5490285 -0.7035698 -0.4511734 -0.8219977 0.4704578 0.3209194 0.6520223 0.3572893 -0.6687387 0.4224839 0.6963712 0.5801505 -0.4233518 0.9032175 0.07050901 0.6362926 -0.3165008 0.7035333 0.3692489 0.4683145 0.802706 0.3096138 -0.8780806 -0.3648474 0.7436683 -0.6538952 0.1392073 -0.5508922 -0.7057704 -0.4454279 -0.5503045 -0.712733 -0.4349444 -0.5506427 -0.7056001 -0.446006 -0.5064101 0.4453755 -0.7383695 -0.5535781 -0.6954494 -0.4581502 -0.5899774 -0.7155309 -0.3740885 -0.7911473 0.001226842 0.6116245 -0.5640894 -0.7141616 -0.4144593 -0.5517784 -0.7049863 -0.4455726 -0.549299 -0.7072948 -0.4449773 -0.5522753 -0.7037995 -0.4468315 -0.03758418 -0.2329659 -0.9717584 -0.5510355 -0.7058935 -0.4450554 -0.5507004 -0.7070249 -0.4436721 -0.6720147 -0.721837 0.1653711 -0.5444256 -0.7175418 -0.4344359 0.08326214 -0.7027875 0.7065106 0.07832336 -0.7285034 0.6805501 0.6801077 0.4074442 0.6094611 0.605963 0.7764977 0.172801 0.5520516 0.7074447 0.4413176 -0.6523991 -0.6970819 -0.2974095 -0.5513983 -0.7090224 -0.4395989 -0.5481173 -0.7044525 -0.4509039 -0.5519444 -0.7025275 -0.4492355 -0.5601032 -0.6947427 -0.4512395 -0.5533887 -0.697028 -0.4559748 -0.549255 -0.706979 -0.445533 0.09761536 -0.5717619 0.8145918 -0.2013397 -0.7056151 0.6793891 -0.4194329 -0.3076298 0.8540727 -0.5109799 -0.7668672 -0.3883481 0.5864833 0.703732 0.4009972 0.5497223 0.7131212 0.4350444 0.5353879 0.7136995 0.4516557 0.5506374 0.7056123 0.4459931 -0.1983051 -0.7004618 0.6855862 -0.2026711 -0.703185 0.6815097 -0.1987118 -0.7047939 0.6810134 -0.2017729 -0.7068862 0.6779378 -0.2007192 -0.707295 0.6778242 -0.2038024 -0.7060423 0.6782101 -0.2043358 -0.7057045 0.6784011 -0.177786 -0.7327412 0.6568732 -0.2057789 -0.7003157 0.6835299 -0.1971088 -0.705565 0.6806807 0.3458742 0.5180566 0.782297 -0.8677522 0.1789981 -0.4636442 0.1963076 0.7094233 -0.6768915 0.1958054 0.7062132 -0.6803845 0.2054792 0.7049837 -0.6788051 -0.8739125 0.3905739 -0.2893597 -0.6961014 -0.4690032 -0.5435796 0.7809166 -0.1778621 -0.5987774 0.1193423 0.6660898 0.736262 -0.03390979 -0.7097699 0.703617 0.6585541 0.005451381 0.7525137 0.7008566 0.4740287 0.5330075 0.1322959 0.9663882 0.2204357 0.7653105 0.6136336 0.1943028 0.9312629 0.3585975 -0.06447774 -0.04910218 0.8816741 0.4692971 -0.4400212 -0.6444073 -0.6253964 0.3585244 0.8258967 -0.4351492 0.0745787 0.6972566 -0.7129315 -0.1227176 -0.5019268 -0.8561599 0.9655672 0.234178 -0.1133176 -0.8189764 -0.3358757 0.4652583 0.4199818 -0.6188905 -0.6637695 -0.357801 -0.7068549 0.6101923 -0.6011921 0.5553066 0.5746325 0.0337634 0.8157784 -0.5773783 -0.9284752 0.1876227 -0.3205175 -0.07356899 -0.7056219 -0.7047591 -0.07384425 -0.7057015 -0.7046505 -0.07753098 -0.705416 -0.7045405 -0.3305295 -0.7939565 -0.5102779 -0.6788179 -0.6402572 -0.3595511 0.1169289 0.6501668 0.7507403 -0.3377839 -0.7056906 -0.6228185 0.3383717 0.7055238 0.6226884 0.3381307 0.7057741 0.6225355 0.1457484 0.3958215 -0.9066879 0.08966434 -0.1311644 0.9872975 -0.03841483 0.3349524 -0.9414516 0.2921205 -0.7076988 0.6432946 -0.6132224 0.5894665 -0.525821 -0.9380316 0.1989781 0.2837333 0.4245626 0.6171404 -0.6624836 -0.1794721 -0.7084304 0.6825805 -0.4103606 0.2750738 0.8694474 0.7604848 0.5513017 0.3431172 0.2881267 -0.6085199 -0.7393826 -0.2822961 -0.6055966 0.7440173 -0.9653202 -0.1267269 0.2282479 -0.2783644 0.5017079 -0.8190253 -0.2129116 0.2754141 -0.9374518 0.0186066 0.3211066 -0.9468604 0.2285044 0.2491942 0.94111 -0.1777906 -0.9572687 0.2280952 -0.1255205 0.9496076 -0.287211 -0.3299986 -0.7118319 -0.619997 -0.3087407 -0.7019054 -0.6418786 -0.7375835 0.5541353 0.3858816 -0.5293948 0.1902334 -0.8267723 0.328092 0.7121773 0.6206119 0.3554466 0.668493 0.6532801 0.3366686 0.7002876 0.6294853 0.3388358 0.7045311 0.6235593 0.3386654 0.7047678 0.6233844 0.4501738 0.7039754 -0.5493288 0.2228428 0.9121219 -0.3440563 0.6796118 0.5783178 -0.4513054 0.0599454 0.163871 -0.9846588 0.3289839 0.7047979 0.6285139 -0.3338705 -0.7065773 -0.6239224 -0.3386859 -0.7050594 -0.6230435 -0.3381657 -0.7070336 -0.6210857 -0.3412551 -0.7047417 -0.6220001 0.3397204 0.7059279 0.6214948 0.3382796 0.7062813 0.6218792 0.3374952 0.7047975 0.6239852 0.3383951 0.7049512 0.6233238 0.3381848 0.705085 0.6232867 0.335145 0.7055455 0.6244064 -0.5136156 0.6928065 -0.50618 0.9409308 0.04706239 0.3353127 -0.5051774 0.6943464 -0.5125222 -0.661758 0.5634021 -0.4946256 -0.2128565 0.7018936 -0.6797334 -0.8541801 0.4095537 -0.3203784 0.6434236 0.081891 0.7611176 -0.8327807 0.241855 -0.4979786 -0.6312798 0.6712231 0.3885171 0.620121 0.3307656 -0.7113678 -0.3459836 -0.7079401 -0.6157242 -0.3449654 -0.703307 -0.6215771 -0.3358855 -0.7101278 -0.6187887 -0.3380016 -0.7057226 -0.6226642 -0.3380845 -0.7057192 -0.6226231 -0.3373504 -0.7055149 -0.6232525 -0.3342526 -0.7079513 -0.6221576 -0.3423427 -0.7024899 -0.6239468 -0.3362082 -0.7033905 -0.6262635 0.3428267 0.7046229 0.6212701 0.3326843 0.7070508 0.6240196 0.5775921 -0.175579 -0.7972198 0.336961 0.7065067 0.6223388 0.3381642 0.7038475 0.6246949 0.3414599 0.7046953 0.6219402 0.3346239 0.7044836 0.6258832 -0.5562979 -0.1570177 0.8160136 -0.1152954 0.6877763 -0.7167084 0.5705685 0.6466586 -0.5062454 -0.2215503 0.6428222 -0.7332771 -0.1261261 -0.7046362 0.6982693 0.7842681 0.1371064 -0.6050831 -0.2498119 -0.9122021 0.3247789 0.3885014 -0.6712179 0.6312949 0.4481514 -0.2972003 0.8431088 -0.3282389 -0.937838 0.1127801 0.4390784 -0.8801982 0.18017 -0.3374547 -0.705435 -0.6232864 -0.334671 -0.7016133 -0.629074 -0.3376157 -0.7054852 -0.6231423 -0.2716847 -0.8643987 -0.4230868 -0.5610199 -0.4926685 -0.6652326 -0.5514644 -0.5207277 -0.6517129 0.2050926 -0.8997339 -0.385248 -0.06567251 -0.8864331 -0.458174 -0.2338849 -0.6492692 -0.723704 -0.2484909 -0.683247 -0.6866046 -0.4033117 -0.2939962 -0.8665483 0.4490813 0.7676236 0.4572526 0.1597281 0.8749848 0.4570432 0.4149353 0.7408251 0.5282111 0.2397139 0.6912534 0.6816936 0.5290606 0.5560625 0.6410066 -0.5651016 -0.720862 -0.4012707 -0.1956129 -0.8168554 -0.5426628 -0.3947264 -0.4604003 -0.7951244 -0.1884703 -0.9672664 -0.1699259 0.164879 0.6464568 0.7449218 0.2939921 0.6502107 0.7005674 -0.4140276 0.9015221 -0.125853 -0.04921549 0.7221097 -0.6900256 -0.03032487 0.6437599 -0.7646266 -0.4619709 -0.2821006 -0.8408342 0.1107859 -0.8459944 -0.5215554 -0.363103 -0.05888497 0.9298865 0.07440233 0.7049083 0.7053854 0.07370221 0.7054624 0.7049048 0.0738098 0.7052721 0.705084 0.07426041 0.7055907 0.7047178 0.07380306 0.705628 0.7047285 -0.1156607 -0.4800639 0.8695755 -0.5407891 0.6311584 -0.5560453 0.3250777 0.7131896 0.6210356 -0.1864758 0.9496039 0.251951 -0.5655488 0.4957164 -0.6591054 -0.8357301 -0.2847911 0.46952 0.4481366 0.7272388 -0.5199013 -0.761023 -0.08256292 -0.6434496 -0.9289358 -0.3575577 0.09607779 -0.8010433 0.2963897 0.5200798 -0.9467099 0.2515829 -0.2011132 0.3819921 0.4952067 -0.78029 -0.8548114 -0.1111648 0.5068925 -0.5652449 -0.3387237 0.7521733 -0.5534099 -0.7581825 0.3448145 0.4917324 -0.1784368 -0.8522674 -0.07359641 -0.7056412 -0.704737 -0.07407051 -0.7054171 -0.7049115 0.07397037 0.70561 0.704729 0.7673153 0.4987608 -0.4030697 0.9415898 0.118305 -0.3152976 0.9214859 -0.3185705 0.2222086 -0.4402424 -0.06608998 -0.8954434 -0.8529251 0.2798716 -0.440671 -0.3603454 0.6778204 -0.6408672 -0.5667033 -0.6369621 -0.5226154 0.3529733 0.8729853 0.3366104 -0.1303684 0.5196008 0.8444047 -0.9795143 -0.1418813 -0.1429046 -0.9970788 0.03889137 0.06573736 -0.6714193 0.7037866 0.232122 -0.5911669 0.141312 -0.7940736 0.2420366 -0.3397518 -0.9088383 -0.4444213 0.5522917 -0.7053111 0.7279487 0.5718711 -0.3782251 0.9795109 0.148904 0.1355959 -0.2565641 -0.6694026 0.6971908 0.777591 0.5103029 0.3673465 0.07382869 0.705614 0.7047398 0.07394552 0.7056965 0.704645 -0.07285636 -0.7050141 -0.7054412 -0.07048356 -0.7060111 -0.7046847 -0.07589226 -0.7055068 -0.704628 -0.07508152 -0.7048767 -0.7053451 -0.07471436 -0.705621 -0.7046396 0.08347535 0.7041666 0.7051109 0.07830411 0.6960239 0.7137361 -0.4507306 -0.6998225 -0.5541576 -0.620298 -0.7834143 -0.03863382 -0.07298892 -0.7056601 -0.7047811 0.5028617 -0.48878 -0.7128985 -0.5550225 -0.3395968 -0.7593576 0.2320263 0.9716588 0.0452013 0.07580977 0.7051792 0.7049648 0.6253288 0.6858903 0.3721805 0.07324355 0.7076266 0.7027802 0.07773119 0.7038126 0.7061203 0.0741598 0.7053503 0.7049691 -0.07500886 -0.7055509 -0.7046784 -0.08706659 -0.707882 -0.7009441 -0.07455718 -0.7055749 -0.7047023 0.07235252 0.7065692 0.7039355 -0.4957245 -0.2927287 0.8176594 -0.8281025 -0.3005568 -0.4731934 -0.8529231 0.02538406 0.5214193 0.927173 0.261201 0.2685598 0.2373347 0.6738955 -0.6996693 -0.3635308 -0.7987475 0.4794246 -0.9567693 -0.1691114 -0.2366306 -0.6601719 -0.2419974 -0.7110628 0.7192949 -0.3643099 0.5915177 -0.9498756 0.2441558 -0.1952549 -0.2255543 0.7001855 -0.6773961 -0.07426476 -0.7047598 -0.7055483 -0.0735805 -0.7051823 -0.7051978 -0.07605892 -0.70455 -0.7055667 -0.07006692 -0.706207 -0.7045298 0.07457858 0.7058594 0.7044151 0.07407402 0.7058789 0.7044487 0.07322913 0.7056624 0.704754 0.8320654 0.2225518 0.5080727 0.8891884 -0.1592743 0.428924 -0.9005733 -0.2765647 -0.3353799 0.2872595 -0.1956827 0.9376515 0.2255373 0.6765118 -0.7010455 -0.3833926 0.101403 -0.918002 -0.3664237 -0.5639461 -0.7400666 0.6403443 -0.7079229 -0.2980011 -0.9872521 0.04802751 0.1517457 0.7809144 -0.5872553 0.2128468 -0.2231557 -0.8356296 -0.5019213 -0.07241189 -0.7049444 -0.7055565 0.01386517 0.7000088 0.7139996 0.07644176 0.6980462 0.7119609 0.1822574 -0.981527 -0.0581988 -0.6364954 -0.4528009 -0.6243757 0.2950943 -0.2853329 -0.9118688 -0.1139859 -0.6245538 -0.7726188 0.00449568 0.8232551 0.5676538 0.4002455 0.879153 0.2586381 0.2310577 0.7446544 0.6261807 0.005899846 0.5973767 0.8019391 0.312106 -0.1423439 0.9393232 0.6443246 0.6066231 0.4656761 0.179487 0.6614226 0.7282201 -0.3822666 -0.1166425 0.9166607 -0.1203089 0.612032 0.7816283 0.7270029 0.6848034 0.05011254 0.3751248 -0.4077525 0.8324778 -0.2674719 -0.9044712 -0.3322513 -0.1580927 -0.5836931 -0.7964353 -0.06514233 -0.5654534 -0.8222038 -0.4471662 -0.7051572 0.5502688 -0.7367596 -0.5330599 0.4159718 -0.7832359 -0.03170847 0.6209157 0.05644875 -0.7037182 -0.7082332 -0.06269371 0.8049104 -0.5900754 0.4900259 0.5455584 -0.6798829 -0.7306452 -0.4425975 0.5198703 -0.2877174 0.6955788 0.6583229 -0.9228035 -0.384477 0.0247237 -0.5761526 -0.5114071 0.6375823 -0.4502586 0.3058305 -0.8388891 -0.02423244 0.7055886 0.7082073 -0.1621305 0.8508008 0.4998518 -0.2024991 0.7054293 0.6792376 0.2005799 -0.7057278 -0.6794969 -0.3818598 0.3427398 0.8583197 0.1967488 -0.7064456 -0.679871 0.1951886 -0.7027434 -0.6841441 0.2037516 -0.7033525 -0.6810144 0.6790775 -0.3045272 -0.6679199 -0.4092792 -0.2958858 -0.8631005 0.1992021 -0.7059193 -0.6797032 -0.9726322 -0.2261421 -0.05335366 -0.7652358 0.2418021 -0.596612 -0.3675705 0.7081416 -0.6028494 0.1840094 -0.287852 0.9398307 -0.2305337 -0.7850932 -0.5748764 0.1532955 0.3658354 0.9179679 0.5521414 0.8325402 -0.04490911 0.8426039 0.5273658 0.1091059 -0.7962701 -0.2048422 0.5692044 -0.4292478 0.05308747 -0.9016253 0.7057133 -0.3200389 0.6320948 -0.1908726 0.9424721 -0.274434 -0.8923915 0.3503547 0.2844101 -0.16242 0.05893951 -0.9849599 -0.2297312 -0.7082598 0.6675264 -0.1303931 -0.02630704 -0.9911133 -0.09461688 -0.00987786 -0.9954648 0.5828096 -0.3983494 -0.7082731 0.2020555 -0.7067551 -0.6779903 0.1754519 -0.7100568 -0.6819355 0.2019054 -0.7065149 -0.6782853 0.1977665 -0.7043257 -0.6817725 0.1974953 -0.7125879 -0.6732119 0.6528865 -0.519649 -0.5510936 0.4404235 -0.5928664 -0.6741935 0.1217782 -0.850719 -0.5113192 0.00469774 -0.6155549 -0.7880801 -0.6310738 0.7577481 -0.1660239 0.2229685 0.7312719 -0.6446135 -0.2246157 0.6880346 0.6900407 -0.1981648 0.6986497 0.6874732 -0.1787792 0.7099673 0.6811641 -0.3002238 -0.4844181 -0.8217086 -0.7225671 -0.01247912 0.6911882 0.7019022 -0.5130907 -0.4940358 -0.2812488 -0.4209491 -0.8623811 -0.2021668 0.7069084 0.6777972 -0.3171902 0.9483395 0.006521046 -0.1991859 0.705846 0.6797842 -0.2018125 0.7039047 0.6810213 -0.1988191 0.7075334 0.6781353 -0.2001017 0.7080593 0.6772086 -0.7121613 0.6650239 0.2248771 -0.6929302 0.6631966 0.2828748 0.3037886 0.487747 0.8184224 0.06075322 0.93148 0.3586838 -0.1617389 -0.9820759 0.09678655 0.9194726 -0.2799837 0.2760062 0.4185138 0.6654725 -0.6180556 0.388488 -0.6712284 0.6312921 0.2331189 0.7081791 -0.6664367 -0.6601726 0.2420179 -0.7110553 0.7010474 0.6765024 0.2255592 -0.6007613 0.4588801 -0.6546106 0.1296516 0.9915422 -0.005874156 0.1979718 -0.7062252 -0.679745 0.1953647 -0.7028251 -0.6840099 0.200755 -0.7039853 -0.6812505 0.1971246 -0.7059749 -0.680251 0.1978708 -0.7045246 -0.6815368 0.1991779 -0.7071517 -0.6784281 0.2018268 -0.7076802 -0.6770929 -0.203987 0.7002608 0.6841229 -0.1973522 0.6995436 0.6867976 -0.2031382 0.7053481 0.679131 -0.2026834 0.7081786 0.6763154 0.3815956 -0.582295 0.7178561 0.4335097 0.8972247 0.08400684 0.2215481 0.7084292 -0.670108 0.1953703 -0.5586138 -0.8060901 0.2931608 0.60003 0.7443257 -0.286477 -0.8354442 -0.4690032 -0.1764582 -0.1771268 0.96824 0.6234856 0.1865314 0.7592574 -0.7156279 0.1995128 -0.6693813 -0.2793416 0.467817 -0.8385199 0.2017689 -0.7046407 -0.6802726 0.1998605 -0.7058352 -0.6795973 0.2096922 -0.7233576 -0.6578625 0.2052373 -0.7064176 -0.6773861 -0.1975277 0.7079287 0.6781003 -0.200554 0.7080554 0.6770787 -0.0897091 0.7210491 0.6870521 -0.2006814 0.7031488 0.6821355 -0.4797126 -0.3148416 0.8189938 -0.415858 0.7992557 0.4338808 -0.1837087 0.831087 0.5249243 -0.5088562 0.6457114 0.5693174 -0.2231009 0.4202132 0.879572 0.2510403 -0.4519023 -0.8560158 0.4899737 -0.6425896 -0.5890708 0.2400075 -0.7817431 -0.5755642 -0.02238202 -0.7068721 -0.7069873 0.01360899 -0.6988553 -0.7151337 0.3006336 -0.6142389 -0.7296096 -0.2632297 -0.2745515 -0.9248415 -0.05039316 0.7605512 0.6473196 -0.1618568 0.5660979 0.8082918 -0.2661971 0.3835876 0.8843074 0.4610971 0.5335816 0.7089995 -0.6477762 -0.2493439 0.7198706 0.06905877 -0.8573909 0.5100115 -0.9885835 0.07542705 0.1304361 -0.4452059 0.7059294 0.5508679 -0.4451891 0.7059434 0.5508637 0.6513215 0.3120544 -0.6916663 -0.5546759 -0.5513815 0.6231477 -0.6810857 -0.7042136 -0.200513 -0.6802626 -0.7046214 -0.2018702 -0.4235236 -0.8359302 0.3490681 -0.9057092 -0.2253324 0.3590491 -0.6790029 -0.7052188 -0.2040137 -0.6763021 -0.7075456 -0.2049261 -0.7434321 -0.4915661 0.4535104 -0.436008 -0.7573202 -0.4861722 -0.07546007 0.7619784 0.6431912 -0.6135327 0.704388 -0.3569526 -0.7048461 0.7082013 0.04053312 0.1746255 -0.5041364 0.8457852 -0.4558668 0.7085153 0.5386943 0.2012169 -0.6130471 0.7639929 -0.8353489 -0.4416449 0.3273258 0.1772156 -0.7758911 -0.6054648 0.1771967 -0.7759042 -0.6054536 0.4449091 -0.7060536 -0.5509486 0.4448891 -0.7060518 -0.550967 -0.6219549 -0.7076928 0.3351761 -0.6213119 -0.7071147 0.3375805 -0.01189494 -0.3559822 -0.9344171 -0.6862915 -0.04481095 0.7259449 0.1538054 -0.131339 -0.9793335 0.3821606 -0.8387781 -0.3878203 0.7688387 -0.504117 -0.3933869 0.445621 -0.7057653 -0.5507425 -0.1731981 0.7764568 0.6059021 -0.1732178 0.7764605 0.6058916 -0.7544927 0.5174136 0.4037624 -0.444361 0.7062613 0.5511245 -0.4460347 0.7045957 0.551904 -0.5805646 -0.05254799 -0.8125169 0.6585544 0.7112835 0.2457273 0.4444507 -0.7062254 -0.5510982 0.463605 -0.673635 -0.5755748 0.4444651 -0.7062263 -0.5510855 0.4508353 -0.7194252 -0.5283703 0.4530113 -0.7028369 -0.5484534 0.4529911 -0.7028509 -0.5484522 -0.3889131 0.7306283 0.5611853 -0.436634 0.7066612 0.5567591 -0.4487497 0.7052414 0.5488702 -0.4350837 0.706996 0.5575473 -0.4473357 0.7064905 0.5484178 -0.4442945 0.7069082 0.5503484 -0.4447331 0.7059999 0.5511594 -0.4318277 0.7073861 0.55958 -0.4463055 0.6570304 0.6075546 -0.4205199 0.7244446 0.5462079 -0.4453667 0.7056888 0.5510461 -0.4498115 0.7148329 0.5354285 -0.4475413 0.707017 0.547571 -0.4448623 0.7071151 0.5496234 -0.4485126 0.7059134 0.5481997 -0.4436097 0.7068101 0.5510263 -0.5706812 -0.698124 0.4323724 -0.1986456 0.4398509 0.8758261 0.5343275 -0.686568 -0.4930706 0.4553591 -0.701829 -0.5477994 -0.2698128 -0.3465577 -0.8983868 0.4711201 -0.7046896 -0.5305265 -0.1410971 -0.6477096 -0.7487083 0.4344377 -0.7130722 -0.5502653 0.4460142 -0.7056245 -0.5506048 0.4213948 -0.7198014 -0.5516453 0.4487673 -0.7047998 -0.5494225 0.4524953 -0.7013474 -0.5507811 0.45832 -0.6842529 -0.567222 0.4460033 -0.7056149 -0.5506258 -0.280659 -0.05189794 -0.9584035 0.4459885 -0.7056274 -0.5506218 0.4472039 -0.707845 -0.5467761 0.4490582 -0.704957 -0.5489832 0.4469478 -0.7072032 -0.547815 0.4383637 -0.7181277 -0.5404904 0.4842746 -0.6798103 -0.5507596 -0.5583121 0.6540641 0.5103801 -0.6055997 0.7421171 0.2872478 -0.5583021 0.6540603 0.5103958 -0.6474826 0.3420816 0.6809894 0.4464409 -0.7054889 -0.5504326 0.4463129 -0.7046061 -0.5516657 0.4494531 -0.7082263 -0.5444331 0.4499483 -0.7043124 -0.5490818 0.4406648 -0.7214969 -0.5340943 -0.4192889 -0.4750633 -0.7736354 -0.4403907 0.7055033 0.5552667 -0.4439977 0.7067557 0.5507836 -0.4459676 0.7064899 0.5495317 -0.7258982 -0.4697793 0.5023736 -0.6789343 -0.7086493 -0.1920011 -0.7808535 0.5222176 0.3428655 -0.4966905 0.7239376 0.4787619 -0.291786 0.6185595 0.7295513 -0.5705147 0.3956344 0.7197127 0.09396582 0.9722034 0.2144553 0.5598495 -0.7993041 0.2183616 0.4199389 -0.7832177 -0.4584991 -0.02933681 -0.7705484 -0.6367061 -0.04097163 -0.9893262 -0.1398392 0.5960789 -0.5140091 -0.6168345 -0.6951361 -0.6568255 -0.2921749 -0.7942767 -0.02844703 -0.6068897 0.7467645 0.5299039 0.4019263 0.04507368 -0.6151306 -0.7871358 0.7824071 0.02967911 0.6220598 -0.9361643 0.2989625 -0.1849808 -0.5517943 -0.5522721 -0.6249149 -0.5254946 -0.7081453 -0.471578 -0.5921121 -0.6892464 -0.4175437 0.6226197 -0.7054194 -0.3387157 0.2390335 -0.6061557 0.7585766 0.21138 -0.5018281 -0.8387415 -0.6332344 -0.7154843 0.295121 -0.6117673 -0.7086213 0.351563 -0.6275731 -0.7013593 0.3380047 -0.6248816 -0.699369 0.3469957 0.6226927 -0.7055035 -0.3384058 -0.3225247 -0.3540377 0.8778583 -0.6518405 0.738548 -0.1721943 -0.7720306 0.6182399 -0.1474729 -0.6225408 0.7057366 0.3381996 0.6222202 -0.7056974 -0.3388708 0.6226933 -0.7064064 -0.3365162 0.8281576 -0.3598864 -0.429694 0.3650748 0.6442024 -0.672104 0.3340201 0.9129318 -0.2344914 -0.1736001 -0.9337263 -0.313079 -0.6969447 0.6689705 -0.2583534 0.5061171 -0.5730701 -0.6445435 0.6638038 0.7052019 -0.2491081 -0.5245624 0.16538 0.835155 -0.2735492 0.2084302 -0.9390037 -0.7812805 -0.5376175 -0.3171249 0.6123386 0.17062 0.7719653 -0.09940153 0.005071759 -0.9950345 -0.6325597 0.7022547 -0.32666 0.6439001 0.6798798 -0.3509362 -0.3361942 -0.2381403 0.9111876 0.2159184 -0.5091726 0.8331401 0.1172611 -0.9819936 0.1481167 0.6631901 0.5250661 0.5333709 0.139136 -0.05853152 0.988542 -0.6261801 0.7055105 0.3318939 -0.6177429 0.7148304 0.3277365 -0.4463613 0.6788643 0.5830137 0.62426 -0.7063124 -0.3338001 0.6220438 -0.7049948 -0.3406521 0.6231471 -0.7048757 -0.3388776 0.6188434 -0.7100588 -0.3359307 0.6120984 -0.7125181 -0.3430066 -0.6387764 0.6889699 0.3424695 0.6201806 -0.7042748 -0.3455042 0.6220619 -0.7057135 -0.3391276 -0.2157411 -0.7861754 0.5791236 0.6227925 -0.7056073 -0.3380058 0.6238711 -0.7078017 -0.3313633 0.6213012 -0.7039471 -0.3441559 0.6227318 -0.7056171 -0.3380972 0.6252922 -0.7037069 -0.337352 0.606701 -0.7774269 0.1658954 0.5501695 -0.7049883 0.4475547 -0.6924292 0.5541049 0.462071 -0.7310876 0.6822834 -5.79709e-4 -0.6758097 0.3950741 0.6222522 -0.6104806 -0.6851958 0.3972662 0.1953773 0.5586166 -0.8060865 0.09958678 -0.04279547 -0.9941082 -0.08826786 0.583225 -0.8075007 0.3203973 0.4095558 -0.854172 0.4013693 -0.3105216 0.8616723 -0.1350415 -0.7676745 0.6264501 -0.631284 0.6712249 0.3885071 -0.1036652 -0.5026521 0.8582509 0.05198794 0.6444215 -0.7629013 0.5792745 0.8048052 0.1293435 -0.6270163 0.7045326 0.3323921 -0.6248419 0.704048 0.3374745 -0.6221829 0.7049242 0.3405442 -0.6206548 0.7062546 0.3405764 -0.6257134 0.7045156 0.3348737 -0.6224226 0.706593 0.3366253 -0.6232081 0.7063327 0.3357169 -0.6214469 0.706417 0.3387903 -0.1901317 -0.9210947 -0.3397564 0.2149812 0.5697339 -0.7932127 0.3365517 0.8440608 0.4174856 0.7415984 -0.04605507 0.6692613 0.5725089 -0.5039805 0.6467127 -0.8541682 -0.4095577 -0.3204049 -0.2128473 0.7018877 -0.6797425 -0.7334508 -0.6448469 0.2149944 0.0777328 0.4479004 0.890698 0.5883105 -0.727455 -0.3531291 -0.6121364 0.7197774 0.3274288 -0.6216905 0.706725 0.3376992 0.64752 0.5604246 0.5163741 0.4860423 0.7075341 -0.5129897 -0.3142141 0.8431124 0.436384 -0.2793092 0.2383684 -0.9301435 -0.8717224 -0.4830139 0.08244991 -0.7507216 -0.5321537 0.3914455 -0.4355248 -0.8551021 0.2812801 -0.6131549 0.7125809 0.3409833 0.6227957 -0.7056438 -0.3379237 0.6227392 -0.7056336 -0.3380489 0.07024115 -0.9330472 0.3528303 -0.4447019 0.4328936 -0.7841195 -0.1867794 0.9241408 -0.3332828 -0.6343995 0.6189147 0.463122 -0.8684418 0.4432545 -0.2221131 -0.7978337 0.6027987 -0.009762287 -0.48695 0.8216369 0.296298 0.1627079 -0.6073612 -0.7775851 0.5069661 -0.8535665 -0.1200409 0.5330851 -0.6591179 -0.5304564 -0.3722853 0.7547956 -0.5400809 0.4703812 0.3793464 -0.7967672 0.6913667 -0.7052507 0.1569505 0.9775171 0.1915821 0.08807128 0.9327213 0.1054509 0.3448352 -0.6702597 0.3493755 -0.6547433 -0.8155507 0.2977436 0.4962115 0.7988547 0.5969862 0.07374817 0.7047111 -0.7055872 -0.07435762 0.4346998 -0.104803 -0.8944565 -0.3384491 -0.8382365 0.4275649 0.7833875 -0.2552645 -0.5666958 -0.6924686 -0.706773 0.1447733 0.6742849 -0.6336694 0.3792138 -0.8780928 0.3905128 -0.2765014 0.3468205 0.2516412 0.9035443 0.5761374 0.5082831 0.6400892 -0.5458254 0.5781791 0.6064518 0.7957146 -0.5391713 -0.2759216 -0.8657684 0.04125458 -0.4987416 -0.5269156 -0.2903025 -0.798802 0.03971832 0.2385924 -0.9703073 -0.02360481 0.1275371 0.991553 0.05554449 -0.6195067 0.7830238 -0.7091123 0.5730435 0.4108297 0.7804718 -0.3989291 -0.4813725 -0.6605723 -0.7075999 -0.2508917 0.09069561 -0.656149 -0.7491614 0.3715038 -0.2781593 0.8857834 0.7257625 0.6057422 -0.3261062 0.5551486 0.3148751 -0.7698466 0.7094608 -0.7012788 -0.06981152 0.7046682 -0.7055776 -0.07485443 0.7046723 -0.7055822 -0.0747711 0.7058032 -0.7045513 -0.07381957 0.9870525 -0.1584171 -0.02513015 -0.07978338 -0.1342518 -0.9877303 0.7085203 -0.6982694 -0.1020728 0.6988759 -0.7070879 -0.1077 -0.7046438 0.7056014 0.0748583 -0.7388692 0.667564 0.09181851 -0.7044542 0.7047182 0.08436024 -0.704711 0.7056698 0.07357025 -0.7704539 0.6330701 -0.07498794 0.7051547 -0.7060342 -0.06536549 0.7020359 -0.7076991 -0.07942152 -0.7067381 0.7034651 0.07522094 -0.7056964 0.7044425 0.07585245 -0.70444 0.7056397 0.07639992 -0.7102949 0.6997734 0.07614839 -0.7110716 0.6971712 0.09126722 -0.7049065 0.7052637 0.0755645 0.7024498 -0.7074899 -0.07760483 0.7063642 -0.704322 -0.0705704 0.7040976 -0.7049676 -0.08524793 0.7066091 -0.7037997 -0.073278 -0.7047408 -0.7056068 0.07388836 -0.7671262 0.3194702 0.556288 -0.1158053 -0.7930788 0.5980093 0.4913877 0.2337631 -0.8389834 -0.07014781 0.4506622 -0.8899343 -0.3416346 0.02330923 0.9395438 0.6835716 0.1290027 0.7183929 -0.6312879 -0.671221 0.3885076 0.1333822 -0.2341856 -0.9629986 0.1953521 0.5586035 -0.8061016 -0.9592247 0.1285255 -0.2517325 0.705144 -0.7056854 -0.0691384 0.7080709 -0.7022371 -0.07415306 0.7046288 -0.7064538 -0.06649249 -0.7046698 0.7055436 0.0751574 -0.7043297 0.7056247 0.07754766 -0.706005 0.7045885 0.07149887 -0.7047295 0.7056065 0.07399988 -0.7034137 0.7072754 0.07050365 -0.7027523 0.7074303 0.07537657 0.5028626 -0.5703256 -0.649506 -0.7363288 0.03000092 0.6759586 0.3891037 0.4715933 -0.7913269 -0.854072 0.4101874 -0.3198551 0.3204073 -0.4095801 -0.8541566 -0.6628636 0.1433117 0.734897 -0.1998128 0.09733468 -0.9749876 0.004206061 -0.06731516 -0.9977229 -0.05342245 0.9310165 -0.3610463 0.1128498 -0.00853753 0.9935754 0.7032096 -0.7086417 -0.05764925 0.7047296 -0.7055697 -0.07434868 0.7090104 -0.6992622 -0.09130591 -0.7065361 0.7038125 0.07385617 -0.7048964 0.7051905 0.07633882 -0.7055279 0.7049305 0.07282549 -0.7047747 0.7055956 0.07367205 -0.574227 0.0887674 0.8138697 -0.7893112 0.5774227 0.2087368 -0.8548163 0.4845924 0.1856321 -0.8272689 0.5526676 -0.1009204 -0.5319377 0.8463098 0.02832466 -0.2300171 0.535565 0.8125652 0.5877062 -0.7069434 -0.3934878 0.2971992 -0.7326881 0.6122425 0.3867434 -0.2746597 -0.8803361 0.6859741 -0.69419 0.2180363 -0.2125456 -0.5850229 0.7826703 -0.5953062 -0.7153512 -0.3659006 -0.4017155 -0.5440096 -0.7366669 -0.6679485 0.7117114 -0.2175127 -0.1814697 0.1380937 0.9736524 -0.6746162 0.711109 -0.1980329 0.3541474 -0.8836612 0.3061414 0.6501488 -0.6872715 -0.3239822 0.6577576 -0.6374812 -0.4012141 0.5778818 -0.8025469 -0.1482275 0.5343287 -0.7781751 -0.3300554 0.2895488 0.2899105 0.9122025 -0.733885 -0.06499737 -0.6761569 0.8078278 -0.506569 0.3013341 -0.1932528 -0.7124189 0.6746205 -0.6187745 -0.7243023 -0.3041451 0.239495 -0.2435905 -0.9398435 -0.9908292 -0.1084184 0.08064091 -0.3427242 -0.7029542 0.623214 0.9014943 0.05277502 -0.4295614 0.7291617 -0.2418776 0.6401707 -0.3575738 -0.09149706 0.929392 -0.5752526 -0.4302321 0.6956902 -0.5176442 -0.5715817 -0.6366622 -0.7100917 0.6279384 -0.3185327 -0.7005224 0.6430392 -0.3094658 0.6634981 0.6185187 0.4209573 -0.5116317 0.2450904 -0.823507 0.8541038 -0.06980234 0.5153972 -0.5865422 0.4722186 0.6580106 -0.2803429 0.5031673 -0.8174538 -0.7411236 0.6706924 0.03012585 -0.7444385 0.6668101 -0.03428637 -0.679519 0.7057238 -0.2005191 -0.2539259 0.8354619 0.4873656 -0.6794052 0.7056075 -0.2013127 -0.4121799 0.8497864 -0.3285893 -0.1054323 -0.2318528 -0.9670204 -0.2247355 0.960219 0.165751 -0.7567126 0.2789614 -0.5912416 0.297634 -0.7048634 -0.6438801 -0.9367846 -0.3347772 0.1017781 0.2998141 -0.5173674 0.8015252 0.7601937 0.1853832 -0.6226868 0.1915757 0.9625468 -0.19184 -0.105949 0.1584653 -0.9816637 -0.7550463 -0.3300529 -0.5665423 0.5640931 -0.3267977 -0.7582892 0.6058686 -0.3431974 -0.7177318 -0.2711496 0.5606367 0.7824094 -0.5276475 -0.3549197 -0.7717644 -0.6931738 -0.5444384 -0.4723314 0.06002146 0.4503722 -0.8908213 -0.8483502 0.5241321 -0.07475066 0.7728201 -0.3117351 0.5527843 -0.5247196 0.2753983 0.8054968 -0.1969043 -0.8693141 0.4533452 -0.6267138 -0.08774423 -0.7742937 0.3764252 0.9196147 -0.1123079 0.7051803 0.7060479 -0.06493997 0.7070782 0.7031572 -0.07490295 0.7065385 0.7032687 -0.07884585 0.6965754 0.7132046 -0.07824337 0.7009865 0.7095627 -0.07168561 0.7030187 0.7076441 -0.07074368 0.7049757 0.7055898 -0.07177996 0.7053214 0.705316 -0.0710715 -0.579977 -0.7485406 -0.3214246 -0.3442235 0.1721273 -0.9229748 0.6773755 -0.7072761 0.2022945 0.6782121 -0.7069585 0.2005941 0.9268836 -0.3469491 -0.143224 0.214161 -0.975885 0.04223293 0.6774631 -0.7081069 0.199069 0.6773568 -0.7068238 0.2039308 0.6789581 -0.7048656 0.2053791 0.6800624 -0.706287 0.1966567 0.7303987 -0.6830067 0.004438161 -0.6802458 0.7040584 -0.2038813 -0.680567 0.7043765 -0.201699 -0.6810582 0.7041718 -0.2007533 -0.6810829 0.7048032 -0.1984404 -0.8962512 0.2001003 -0.3958456 -0.3737025 0.4741472 -0.797202 -0.6779718 0.7068517 -0.2017797 -0.6787687 0.7064772 -0.2004073 -0.3779283 -0.4860618 0.787981 -0.4681378 -0.5978449 -0.650714 0.8947792 -0.1721265 0.4119985 -0.08447611 -0.1973186 0.976693 0.212858 -0.5872473 -0.7809175 0.1994088 0.4415949 0.8747744 0.8679598 -0.3935599 0.3029133 -0.7534886 -0.4233741 0.5030004 0.714357 0.5733682 -0.4011772 -0.399691 -0.7067155 -0.583781 0.9260157 -0.3739582 0.05148065 0.679665 -0.7050817 0.2022756 0.6807679 -0.7039034 0.20267 0.6802716 -0.7046733 0.2016583 -0.6800109 0.7052595 -0.2004852 -0.6794793 0.7058333 -0.2002683 -0.6792984 0.705493 -0.2020729 0.5816353 0.6768569 0.451182 -0.07723385 0.2040868 0.9759014 0.905371 0.3438091 0.2491961 0.0281915 -0.7102583 0.7033765 0.3815944 0.582304 0.7178495 0.732901 -0.6391504 -0.2331159 -0.5894253 0.3613752 0.7224859 -0.6903074 0.7076534 -0.1506732 -0.7178463 0.5822912 0.3816197 0.6774353 -0.7072717 0.2021093 -0.4918644 -0.7136284 -0.4988026 0.5501583 -0.7049888 0.4475677 0.5501502 -0.7050005 0.447559 0.868443 -0.3766762 0.3223696 -0.6845335 0.7036213 -0.1906064 0.6777569 -0.7074799 0.2002944 0.6804903 -0.7051433 0.1992639 0.6778379 -0.7063959 0.2038153 0.680157 -0.7049416 0.2011068 0.6788021 -0.7065048 0.2001969 0.6745743 -0.709561 0.2036489 -0.6746753 0.7101305 -0.2013157 -0.6820505 0.7017865 -0.2056767 -0.6780169 0.7067158 -0.2021038 -0.679518 0.7054248 -0.201572 -0.6808882 0.7041594 -0.2013725 -0.6798444 0.7060654 -0.1981999 -0.678577 0.7051064 -0.2058112 0.5506709 -0.7044196 0.4478331 0.4888925 -0.8710684 0.04716217 0.5725115 -0.8181726 0.05314302 0.5544227 -0.7041445 0.443617 -0.5327988 -0.7477387 -0.3962479 0.2783985 -0.955397 -0.09854364 0.8001432 -0.5953797 -0.0727598 0.668932 -0.743103 -0.01810652 0.5265829 -0.5708281 0.6299729 0.6069874 -0.7398177 0.2902349 0.5517311 -0.8334093 0.0319671 0.7834534 -0.5871322 0.2036584 0.3017485 -0.9013262 -0.3107394 -0.7100551 0.6859323 0.1591187 -0.7420568 0.6701984 -0.01363378 -0.3167987 0.9032369 -0.2894851 -0.5043262 0.8387874 -0.2051602 0.2035735 -0.4360457 0.8765969 0.8312075 -0.5555087 -0.02245777 -0.644535 -0.4970072 0.5809979 -0.9312676 -0.3371215 0.1381664 -0.5573254 -0.7565328 -0.3421207 -0.5215158 -0.7951529 0.3094401 -0.8943795 -0.4364321 0.09804284 -0.6608273 0.7478669 -0.06326586 -0.2023556 -0.06402403 0.9772171 -0.627295 0.7776124 0.04266083 -0.5010083 0.8505991 -0.1595999 -0.7311149 0.6386907 -0.2398858 0.3884111 -0.4977599 0.7754818 0.388413 -0.4977449 0.7754906 -0.4763357 -0.7632522 -0.4365209 0.7727586 0.6122418 -0.1673451 0.8495759 0.404634 0.3383668 0.7780422 0.6208191 -0.09609329 -0.6902812 0.697351 -0.192908 -0.7332364 0.4693443 -0.4920166 -0.6731515 0.7098951 -0.2071617 0.6637595 0.4311133 0.6111994 0.2216106 -0.4024516 -0.8882126 0.4510746 -0.7189091 -0.5288681 -0.5124905 0.3030462 -0.8034405 0.4098479 0.401902 -0.8188404 -0.06381565 0.5917099 0.8036211 -0.7615062 0.2381074 0.6028378 -0.6581783 0.2388514 -0.7139688 0.6977657 -0.6823319 0.218051 0.5728724 0.7080376 0.4129166 0.805271 0.5297868 -0.2662039 0.5503385 -0.7052723 0.4468988 0.5503569 -0.7052682 0.4468827 -0.5503253 0.7051978 -0.4470328 -0.5503087 0.7052046 -0.4470424 -0.4095922 0.6741375 -0.6146323 0.8239007 -0.3735415 -0.4262095 0.8908513 -0.2905839 0.3492064 -0.6657367 0.7081244 -0.2352752 0.4792027 -0.7046763 0.5232554 -0.6136997 0.7864581 -0.06968981 -0.5501704 0.7050483 -0.4474588 0.6477577 0.268245 -0.7130601 -0.4770424 0.4186943 -0.7727391 0.8621239 0.3802726 -0.3348659 -0.5497741 0.7045453 -0.4487366 -0.3958494 0.5072681 -0.765495 0.05179446 0.6047589 -0.7947226 0.5528892 -0.7084842 0.4385929 -0.1946566 -0.5197847 0.8318249 -0.5520327 0.7057524 -0.4440422 -0.550903 0.7055914 -0.4456982 -0.5446887 0.7049054 -0.4543377 -0.5539494 0.686125 -0.4715639 0.2938486 0.696551 -0.654576 0.7682575 -0.2194144 -0.6013633 -0.1487727 0.4786351 -0.865318 0.5228782 -0.1434708 0.8402468 0.2407897 -0.4781686 0.8446153 -0.1295662 -0.8985251 -0.419363 0.3175097 -0.5326315 0.7845326 0.2864956 -0.5863693 0.7576882 -0.6116484 -0.4731008 0.6340835 0.5514397 -0.7058287 0.4446575 0.08619117 -0.560328 0.8237741 0.3914155 -0.4833158 0.7830709 -0.6124993 0.7849028 -0.09365993 -0.3624486 0.9319596 -0.009076476 -0.5951851 0.7627446 -0.2529338 -0.3185592 -0.6714802 -0.6690549 0.6035381 -0.7056327 0.3712469 0.5509145 -0.7045664 0.4473024 0.554309 -0.7071193 0.4390033 0.5465126 -0.7071936 0.4485546 0.5488599 -0.7080055 0.4443885 -0.5506035 0.7056322 -0.4460035 -0.5527552 0.7034665 -0.4467624 -0.550651 0.7056005 -0.4459949 -0.5506374 0.7056001 -0.4460124 -0.550616 0.7056255 -0.4459984 -0.5514135 0.703923 -0.4477003 -0.5506513 0.7056101 -0.4459795 -0.5482884 0.7074421 -0.4459884 0.6263131 0.689661 -0.3634551 0.626213 0.7039858 -0.3350542 0.622774 0.7056131 -0.3380278 -0.6428891 0.7256283 -0.2452698 0.2198412 0.9281895 -0.3002236 -0.5393447 0.7686138 -0.3440059 -0.617041 0.6624518 -0.4247567 0.3670827 -0.6066011 0.7051847 0.7083543 -0.05390059 0.7037961 0.752202 -0.5365782 0.3824605 0.6478974 -0.6136239 0.4513255 -0.5076982 0.6970691 0.5062977 0.07179075 -0.70206 0.7084898 0.07393699 -0.705659 0.7046834 -0.617263 -0.2769271 0.7364088 -0.4601709 0.7394351 -0.4914045 0.3976109 0.1301417 -0.9082779 -0.2147914 -0.7042259 -0.6767057 0.3896093 -0.3656939 0.8452647 -0.8978081 0.1235926 -0.4226886 -0.8279731 0.141197 -0.5427006 0.2024856 -0.751847 0.6274756 0.9612368 -0.0798968 0.2638944 0.3388056 -0.7054082 0.6225835 -0.3380841 0.7056099 -0.622747 -0.3379009 0.7056099 -0.6228465 -0.3377702 0.7056952 -0.6228207 0.6807581 0.7031198 0.2054047 0.679392 0.7056134 0.201336 0.6831619 0.7027682 0.1985111 0.673601 0.7120622 0.1980634 0.6705126 0.712719 0.206021 0.3358122 -0.7049415 0.6247301 0.3386171 -0.705418 0.6226749 0.3359736 -0.7073068 0.6219639 0.3373371 -0.7058103 0.6229249 -0.8266376 0.09369891 0.5548792 0.9140675 -0.01525503 0.4052752 0.9111263 -0.05178284 0.4088611 0.8360624 0.5323643 -0.1326191 0.2327947 -0.6993547 0.6758031 0.42843 0.6871758 -0.5867174 -0.336038 -0.8158591 0.4705873 0.9342874 0.1719289 -0.312326 0.9366986 -0.3164161 -0.1499226 -0.04750943 0.9923772 0.1137117 -0.6147084 0.2107706 0.7600721 -0.9309238 -0.1535135 0.3313829 0.2647638 0.5636848 -0.7824063 -0.5102673 -0.6934289 -0.508708 -0.7176077 -0.565019 0.4071767 0.3867537 -0.6310447 -0.6724613 -0.8312801 -0.08636909 0.5491028 -0.9527149 0.1588295 0.2590512 -0.7030981 0.6292127 -0.3312768 0.1020493 0.7083025 0.6984938 0.3488735 -0.7072646 0.6148692 0.3376898 -0.710859 0.6169645 0.3381237 -0.7054703 0.6228836 0.429389 -0.5269215 0.7334704 0.3440365 -0.701717 0.6238848 -0.331566 0.4742183 0.8155863 -0.6792211 -0.7055814 -0.2020239 -0.7065361 -0.6806789 -0.1936053 -0.3332287 0.7118651 -0.6182288 -0.3245019 0.7114395 -0.6233397 0.6927025 0.6959623 0.1892088 0.6975138 -0.701753 0.1449736 0.3311295 -0.7074625 0.6243798 0.7936716 -0.00772041 0.6082976 0.8535446 -0.4904483 0.1758468 -0.3387391 0.7042697 -0.6239072 -0.1266255 0.3898398 -0.9121354 0.01527941 0.8537333 -0.5204864 -0.5292251 -0.7733958 -0.3489694 -0.5688776 -0.7954901 -0.2087434 0.5490536 0.3980141 -0.734932 -0.00367856 -0.1171176 0.9931113 -0.9211879 -0.1125836 0.3724753 -0.4603008 0.8480201 0.2626505 0.3666421 0.7081756 0.6033747 0.9384068 0.2024198 -0.2800342 0.8293752 -0.4998518 -0.2495694 0.800015 -0.5999012 0.0097301 -0.5335712 -0.6887869 -0.4907895 -0.8276358 -0.4376882 -0.3513516 0.3381977 -0.7051402 0.6232173 0.3378115 -0.7050923 0.6234809 0.3373724 -0.7055102 0.6232458 0.3374684 -0.7057463 0.6229264 0.3346269 -0.7086093 0.6212068 0.3363448 -0.7053894 0.6239374 0.3341765 -0.7084128 0.6216731 0.3396667 -0.7071068 0.6201827 0.3347046 -0.7046056 0.6257027 0.3325998 -0.7073901 0.6236799 0.3414479 -0.7025909 0.6243231 -0.3382628 0.7050181 -0.6233199 -0.3396711 0.7044875 -0.6231541 -0.3365885 0.7062835 -0.6227936 -0.3377736 0.7049189 -0.6236974 -0.2539268 0.9395181 -0.2298411 -0.336767 0.7053701 -0.6237315 -0.3376021 0.7057309 -0.6228713 -0.3392699 0.7044362 -0.6234306 0.7800608 -0.6256269 -0.009813606 -0.03772342 -0.7492193 0.6612469 -0.3388518 0.7069157 -0.6208459 -0.3368117 0.7079856 -0.620737 -0.3442237 0.7039282 -0.6212852 -0.2331174 0.6391507 -0.7329002 0.1694752 0.9260064 0.3373281 -0.9362367 -0.2925437 -0.1946259 -0.2119398 0.2767097 0.9372904 0.3666397 0.7081729 0.6033793 -0.84786 -0.4165449 -0.3280608 -0.2373275 -0.6988129 -0.6747862 -0.6810732 0.2038636 0.7032631 0.8312667 -0.4903177 -0.2618865 -0.3360247 0.6313865 0.6988839 0.3397213 -0.7055712 0.6218994 -0.6564462 -0.6375287 -0.403281 -0.6355792 -0.6313057 -0.4444011 -0.3579323 -0.9299827 -0.08376663 0.5027172 -0.5855805 -0.6359016 0.9507369 0.07890135 0.2997899 0.8137902 0.484714 0.3206213 0.6712153 0.7389774 -0.05815863 0.7144842 0.6978572 0.05007737 0.5510519 -0.7114378 0.4361171 0.4096202 -0.5633721 0.7175118 0.3507578 -0.6073287 0.712826 0.3718602 -0.7655487 0.525029 0.1416297 -0.5981655 0.788758 0.07561981 -0.9319874 0.3545155 -0.02095246 0.457163 0.8891361 -0.5299582 0.7342265 -0.4243298 -0.203366 0.8270451 -0.5240598 -0.05414998 0.6414673 -0.7652369 -0.2688843 0.6398868 -0.7198932 -0.5588867 0.2943089 -0.77526 -0.4721992 0.6853172 -0.5544081 0.2363649 -0.723453 0.6486504 0.3366314 -0.7080046 0.6208131 0.3303454 -0.842277 0.4259593 -0.05581259 -0.968783 0.2415463 -0.313398 -0.9167911 0.2475395 -0.4359485 0.8984513 0.05229026 -0.4650354 0.5548979 -0.6898047 -0.4686604 0.5435388 -0.6963642 0.3487764 0.6676663 -0.6577057 -0.6728062 -0.6830435 0.2842242 -0.4888704 -0.4404482 -0.7530016 0.9382753 -0.307871 0.1576553 0.931811 -0.2920054 0.2155484 -0.7300701 -0.6452878 0.2249476 0.9502817 -0.2153282 0.2249412 -0.4439161 0.798508 -0.4066 0.1491066 -0.6091815 0.778887 0.4512181 0.7309228 -0.51201 0.744607 0.6631984 0.07568538 0.6312935 0.6956566 -0.342827 0.9424441 -0.3191458 0.09972536 -0.7916564 -0.4016195 0.4604149 0.3674559 0.5607958 -0.7419463 -0.7294113 -0.2217178 0.647148 0.07433527 -0.7055832 0.7047175 0.07413852 -0.7055958 0.7047256 -0.07434368 0.7056017 -0.7046981 -0.890532 0.09356665 0.4451944 -0.9397882 -0.3137803 0.1354255 -0.7054367 -0.6857811 -0.179063 -0.8997623 0.4073693 0.1564545 -0.176721 0.6861979 0.7056218 -0.7622107 0.5266901 0.3763408 0.2616305 0.15065 0.9533384 0.8095881 -0.5103083 -0.2900905 0.4581768 0.6251946 -0.6318274 -0.996871 -0.03261023 0.07200616 -0.08313745 -0.2509844 -0.9644144 0.6699381 0.6236985 0.4027197 -0.07570797 0.5568557 0.8271518 0.8341823 0.2400437 0.4965068 -0.4513306 -0.2841949 -0.8458924 -0.9776741 -0.1031423 -0.1830708 -0.8430581 -0.2438781 0.4793505 0.01413536 -0.7111312 0.7029173 0.07326799 -0.7056425 0.7047699 0.06938332 -0.7042051 0.7065983 0.07257068 -0.7013106 0.7091523 0.08367222 -0.6981903 0.7110059 -0.07298165 0.7056567 -0.7047853 -0.07957434 0.7071225 -0.7025992 -0.06880283 0.7183681 -0.6922525 -0.08325082 0.7020323 -0.7072623 -0.05869525 0.7070906 -0.7046828 -0.1167513 0.7773775 -0.6181046 0.6585613 0.355356 -0.6633394 0.104966 -0.7211815 0.6847478 0.1112925 -0.7008785 0.7045448 0.09725707 -0.75194 0.6520179 0.168074 -0.6974945 0.6966007 -0.07810181 0.7072973 -0.7025886 -0.07464259 0.7075514 -0.7027088 -0.06672912 0.7059674 -0.7050938 -0.06992197 0.7076683 -0.7030765 0.5485897 0.4377413 -0.7123426 -0.07403951 0.705594 -0.7047377 -0.07399368 0.705267 -0.7050698 -0.07485109 0.707159 -0.7030815 -0.07366997 0.706166 -0.7042034 -0.07399493 0.7055919 -0.7047446 -0.07262802 0.7056009 -0.7048777 -0.07270652 0.7050999 -0.7053708 -0.07460194 0.7047699 -0.7055026 -0.07363861 0.7060281 -0.7043449 -0.4356999 -0.7465825 0.5027725 0.3768013 -0.460591 -0.8036646 0.9935724 -0.008552014 -0.1128751 -0.3942331 0.6933091 0.6032436 0.513424 -0.3828507 -0.7679981 -0.9462293 0.1734718 0.2730526 -0.379414 0.5832751 -0.7182168 -0.9357226 0.3482607 0.05601483 0.9126799 0.325883 -0.2466087 0.5453154 -0.8194031 0.1766634 0.1998658 0.47204 0.8586221 0.5501368 0.7069257 0.4445285 -0.3707459 0.5143325 0.7733108 0.6928024 0.6606163 -0.2891555 0.203267 0.551699 0.8088948 -0.6467196 0.5517 0.5266696 0.5506441 0.7058488 0.4456105 0.755976 0.1686024 -0.6325138 0.5507307 0.7059076 0.4454103 0.5557065 0.7035757 0.4429128 0.550597 0.7059441 0.4455175 0.5503057 0.7060707 0.4456771 0.5510065 0.7061232 0.4447269 0.550526 0.6976869 0.458426 0.6401586 0.7140735 0.2833657 0.172873 0.4894989 0.8546964 0.5231771 0.5089108 0.6835902 0.3326804 -0.1840438 -0.9249063 0.8170644 0.3054637 -0.4889764 -0.3865882 -0.03403627 0.9216243 -0.3284538 -0.6048093 -0.7254818 0.5130728 0.4348344 0.740051 0.9944581 0.05722594 0.08819484 0.8385232 0.213446 -0.5013182 -0.7400562 0.5639646 0.3664165 0.9197719 -0.3213844 0.2252374 -0.5499462 -0.7047128 -0.4482625 -0.5499356 -0.7047266 -0.4482536 -0.07747209 0.7097318 -0.7001991 -0.9729687 -0.1991006 -0.117008 0.6074848 0.7784744 0.1579242 0.6074978 0.7784644 0.1579226 -0.6170252 0.1922301 -0.7631039 -0.1196652 0.6688164 -0.7337336 0.3450962 0.5896044 -0.7302571 0.03879982 0.6350299 -0.7715126 -0.2290728 -0.9274753 0.2954916 0.1213007 -0.7841559 0.6085932 0.7849335 -0.5387963 0.3059055 -0.4334299 0.7898716 0.4338681 0.1802902 -0.6174939 0.7656349 0.109552 -0.8298946 0.5470589 -0.1138915 -0.6877605 0.7169479 -0.2640224 -0.8016831 0.5362803 0.3390778 -0.8576712 0.3865573 0.2387134 -0.6394758 0.7308123 -0.6855214 0.3028185 -0.6620888 0.1729093 0.4257342 -0.8881739 -0.1978659 0.6559358 -0.7284211 -0.1196052 0.6697843 -0.73286 -0.1021466 0.6179088 -0.7795863 -0.8115969 0.579747 0.0721386 0.3944118 0.8496206 0.3501203 0.483812 0.6199942 0.6176838 0.4838247 0.61999 0.6176781 0.6222568 -0.7409515 -0.2525613 0.3459258 -0.4785176 -0.8070666 -0.32317 -0.6841072 -0.6538797 -0.6185612 -0.753719 -0.2220126 -0.3968372 0.8904948 -0.2225741 0.9775408 -0.07831823 0.1956536 -0.8436698 -0.05999827 -0.5334993 0.7373361 -0.6393778 -0.2180176 -0.158001 0.6188433 -0.76946 -0.5102761 0.5914222 -0.6243703 -0.7236669 -0.1769928 0.6670681 0.4954374 -0.3190103 0.8079445 -0.7276139 -0.6597672 0.1878436 0.9981173 0.04418492 -0.04254227 0.09222841 -0.9061634 -0.4127491 -0.6816816 -0.3345608 0.650676 0.6053416 -0.5733792 0.5520851 0.391981 -0.4432154 0.8061707 0.327867 -0.4247223 -0.8438686 -0.4432719 0.8142747 -0.3747888 0.2003138 0.7057706 -0.679531 0.8315258 0.539925 -0.1305596 0.1687493 -0.01589924 0.9855309 0.7683157 0.4101852 -0.4913646 -0.1168313 0.7059388 0.6985706 0.2138586 -0.7019991 0.6793098 -0.3820054 0.5821129 -0.7177858 -0.1678059 -0.4443421 -0.8800007 0.5482968 -0.6374205 0.5413557 -0.9713392 0.1570461 -0.1784283 0.8402664 -0.5243249 0.1379708 0.7823044 -0.5686915 0.2541456 -0.978794 0.171693 -0.1117309 0.3699899 0.9290335 -0.002053856 -0.03491377 -0.9817454 -0.1869684 -0.2996751 -0.6159734 -0.7285407 0.03918254 0.9741416 -0.2225149 0.8854255 0.198809 0.4201154 0.06503355 0.7680712 -0.6370536 -0.8151628 -0.4046784 -0.4144214 0.9970696 -0.03855282 -0.06607663 0.5161302 0.7223315 0.4602683 -0.6543318 -0.7543776 -0.05257916 -0.1998322 -0.7053183 0.6801422 -0.2000488 -0.7053632 0.6800318 -1.30952e-4 -0.8216273 -0.5700252 -0.1916849 -0.7024565 0.6854282 -0.1918241 -0.7100101 0.6775612 0.1972509 0.706561 -0.6796056 0.02387946 -0.9342954 -0.3556993 0.04998379 0.4180085 -0.907067 -0.3507689 -0.6745974 0.6495226 -0.01448839 -0.7269277 0.6865611 -0.05018776 -0.6229957 0.7806136 0.2156317 0.7358457 -0.6418989 0.1841992 0.7094228 -0.6802868 0.0590887 -0.6906967 -0.7207264 -0.8693453 0.4112852 -0.2740135 -0.9076583 -0.4103509 0.08813959 0.2414954 -0.7275674 -0.6421259 0.2010825 0.7063426 -0.678709 0.2048215 0.704116 -0.6799036 0.09374761 0.937625 -0.3347699 -0.221541 -0.6428285 -0.7332743 0.9759028 -0.2040737 0.07725071 0.93765 -0.1956897 -0.2872598 0.6546565 -0.06528145 -0.7531024 0.8257161 -0.4953768 -0.2698053 -0.6120822 0.1783178 0.7704273 -0.2215177 -0.6428268 -0.7332828 -0.9683085 -0.1182069 0.220013 -0.9957897 -0.08986401 0.01809877 0.3666524 -0.7081683 0.603377 0.1932228 0.7065024 -0.6808226 0.1986638 0.7076252 -0.6780851 0.3579712 0.2188878 -0.9077141 0.758287 0.4689812 -0.4528327 -0.01496428 0.3228793 -0.9463219 -0.433742 0.7859526 0.4406203 -0.07557225 0.8153786 -0.5739744 -0.3518438 0.289193 -0.890266 0.2068073 0.7047829 -0.6786103 0.2027927 0.7025296 -0.6821491 0.2028262 0.7062637 -0.6782722 0.3815945 -0.582296 0.7178558 -0.4231793 0.6620948 -0.6185061 -0.2316635 -0.1302881 -0.9640318 -0.7072868 -0.6905067 -0.151479 -0.03375041 -0.6521933 0.757301 0.2128584 0.5872372 -0.7809251 -0.5757383 -0.6030457 0.5521426 -0.7400669 -0.5639528 0.3664128 -0.9345032 0.1732493 0.3109478 0.4296532 -0.7044469 0.5649361 0.7795649 0.2436701 -0.576978 0.5533277 0.7039329 0.4453167 -0.07412093 0.7056149 -0.7047083 -0.07413125 0.7054536 -0.7048686 -0.19852 -0.8506526 0.4868059 -0.320921 -0.9266304 -0.1958718 -0.4835237 -0.4800404 0.7319604 -0.243654 -0.6037259 0.759044 0.6654181 0.6894279 0.2861958 0.1032212 -0.2084494 -0.972571 0.1105939 0.638823 -0.7613635 0.7297541 0.6813352 -0.05693322 -0.3007476 0.8534971 -0.4255509 0.1997736 0.7921039 -0.5767685 0.3798382 -0.8511926 0.3622073 -0.2347893 0.4570256 0.8579055 -0.2668406 -0.7782196 0.5684807 -0.04418271 -0.9962306 0.07465106 -0.3135336 0.4803421 -0.8191266 0.2811216 0.7852647 -0.5516613 0.7842169 0.09177565 -0.6136621 0.2656015 0.5961573 -0.7576625 -0.02595657 0.3990698 -0.9165532 0.2008018 0.7023784 -0.6828933 0.1549565 0.8632255 -0.480448 -0.4086496 0.8467736 -0.3405584 0.04560852 0.9262816 -0.3740618 0.04908734 -0.633566 -0.7721299 0.71688 -0.5869444 0.3762705 -0.6969174 -0.6789669 0.2308897 -0.982231 0.1866288 0.01979726 0.3616238 0.7375106 -0.5703564 0.5800446 -0.7076506 0.403459 -0.8151937 0.3939536 0.42457 0.6454162 -0.1912348 -0.7395048 0.632972 -0.2947087 -0.7158864 0.8140497 0.3356924 -0.4739556 0.4782058 0.7045736 0.5243046 -0.140353 -0.3478754 0.9269757 -0.6805941 -0.5776141 0.4507257 -0.6805958 -0.5775988 0.4507427 -0.4471879 -0.7051386 0.5502751 -0.4471874 -0.7051579 0.5502506 0.7045324 0.5594833 -0.436592 0.7045268 0.5594887 -0.4365941 0.7810395 0.01918071 -0.6241871 -0.5383347 -0.653672 -0.5318917 -0.3932889 -0.7541584 -0.5258984 -0.9649876 0.2010828 0.1684185 0.4473983 0.7050672 -0.5501955 0.4474095 0.7050616 -0.5501937 0.5335592 -0.703546 -0.4694013 0.0379877 0.8774433 -0.478174 0.08705747 -0.9708104 -0.2234907 0.003762185 -0.9939647 -0.1096366 0.9703953 -0.087682 -0.225044 -0.8088574 -0.3190073 0.4939476 -0.8874351 -0.2686486 -0.3745489 -0.8217443 -0.5266515 -0.2176572 -0.5230478 -0.259108 0.8119632 -0.04377764 -0.7875934 0.6146382 -0.4469733 -0.7052174 0.5503485 0.4468858 0.7052708 -0.550351 0.09405457 0.7848751 -0.6124744 0.5118145 -0.3036326 0.8036499 -0.8643226 -0.3403916 0.3702434 -0.5124632 -0.6647496 -0.5435896 -0.4454555 -0.705831 0.5507922 -0.6105687 -0.7467659 -0.2637172 -0.4454494 -0.7058324 0.5507953 -0.4191117 0.8991002 0.1263502 0.08063566 0.6925848 -0.7168154 0.4465469 0.7055457 -0.5502737 0.6616556 0.7478529 -0.05411219 0.7025685 0.7071674 -0.07944762 0.5410792 -0.7026176 -0.4621276 -0.3672713 -0.430729 0.8243691 -0.3886725 -0.7153485 0.5806982 -0.3040682 0.9267808 0.2204993 -0.4191094 -0.7265188 0.5445345 -0.4278272 -0.711198 0.5578184 -0.4486159 -0.7039745 0.550603 -0.4499235 -0.7054633 0.5476226 -0.4481523 -0.7041973 0.5506957 -0.4485448 -0.7033402 0.551471 -0.4494168 -0.6999002 0.5551255 -0.9330987 -0.1474519 -0.3280009 -0.4459691 -0.7056102 0.5506595 -0.4413328 -0.719595 0.5361049 -0.4534497 -0.705919 0.5441156 -0.4445344 -0.7062262 0.5510298 -0.4459618 -0.7056383 0.5506294 0.4821187 0.796088 -0.3657947 0.4332336 0.6804281 -0.5910384 0.4452047 0.7055957 -0.5512962 0.4463638 0.7052885 -0.5507518 -0.5062825 -0.7350497 0.4509768 -0.448525 -0.7052152 0.5490873 -0.448235 -0.70416 0.5506762 -0.4460267 -0.7056127 0.5506097 -0.4644516 -0.7032508 0.5382592 -0.4516437 -0.7039636 0.5481362 -0.7399582 -0.4490727 -0.500795 -0.4439249 -0.7069565 0.5505846 0.3583798 -0.7042739 0.6128314 -0.4460126 -0.7056145 0.5506187 -0.4482755 -0.7017203 0.5537489 0.3727725 0.61296 -0.6966496 0.2507418 0.8456175 -0.4712322 0.7248004 0.5840632 -0.3654239 -0.8398305 -0.4791825 0.2550864 -0.2251871 -0.8323318 0.5064727 -0.5246394 -0.5141704 0.6785148 -0.6716625 -0.4820601 0.5625723 -0.1611121 -0.8388245 0.5200158 -0.5829306 -0.80432 -0.1151577 -0.420391 -0.8111615 0.4065568 -0.3386216 -0.8932378 0.2957391 -0.5165775 -0.5926898 0.6179536 -0.5058468 -0.8036507 0.3134717 -0.6809732 -0.3246366 0.6564195 0.1269086 0.5933361 -0.7948878 0.4453256 0.7059553 -0.550738 0.4296067 0.7076552 -0.5609477 0.3538215 0.7426522 -0.5685755 0.579716 0.6170615 -0.5321322 -0.1837859 -0.02814948 -0.9825632 -0.007150948 0.5535266 -0.8328009 0.007113099 0.7003341 -0.7137798 0.4353253 0.6960767 -0.5709371 -0.006020367 0.8286681 -0.559708 0.4413503 0.7056482 -0.55432 0.4460133 0.7056179 -0.5506138 -0.3366643 -0.7052154 -0.6239619 -0.3371438 -0.7058977 -0.6229306 -0.3375371 -0.7059996 -0.6226021 -0.338023 -0.7056161 -0.6227732 0.338063 -0.7056212 0.6227457 -0.3349046 -0.7860342 0.5196046 -0.1025509 0.7348937 -0.6703839 0.05691164 -0.9540268 0.2942686 0.3210229 0.946803 0.02254623 0.3853976 0.9028493 -0.1906094 -0.1777133 0.9100272 -0.3745247 -0.7961989 -0.5004814 -0.3399791 -0.975928 -0.0238893 0.2167809 0.6484681 -0.2742047 -0.7101415 -0.8385493 -0.5266011 0.1397373 0.9508339 0.2975255 -0.08598589 0.986066 0.1147882 0.1204058 -0.3862609 -0.7690326 -0.5093048 -0.01771396 0.9641389 0.2648067 0.2403013 0.8306424 0.5022833 0.8552827 -0.0218687 0.5177001 0.5927222 0.7938082 -0.1361949 -0.1482943 -0.9521755 -0.267153 -0.8343102 0.5489857 -0.05041128 -0.8722512 0.4701327 0.1347332 0.629718 -0.7258957 0.2766419 0.1535779 0.9557052 -0.2510805 -0.09120476 0.9032526 -0.4193049 -0.6987844 0.534931 0.4749203 -0.04595637 0.7874154 0.6147073 0.5723268 -0.3143261 -0.7573911 0.1211313 -0.9821617 -0.1438247 -0.07469213 0.9345846 -0.3478115 -0.2654299 0.9022 0.3399741 0.9155749 -0.03371644 -0.4007318 0.4813956 -0.6340814 0.6051439 0.02648514 0.8682378 0.4954409 -0.2366035 -0.7876541 0.568876 -0.1488441 -0.539621 0.8286464 -0.494396 0.8641669 -0.09374558 -0.4039765 0.8726415 -0.274408 -0.3380855 -0.7056214 -0.6227332 0 1 0 -0.3005108 0.793926 0.5285593 -0.9565594 -0.2275665 0.1822297 0.05716931 0.9934679 -0.09875845 0.7258883 -0.5782431 0.3724528 -0.1084462 0.5682024 -0.8157117 0.007334291 0.9633386 -0.2681886 0.07391965 -0.9566743 0.2816205 0.9709318 0.2390235 -0.01261812 -0.4638904 -0.691572 -0.5536551 -0.212781 -0.5950298 0.7750251 -0.1044735 0.9383345 -0.3295661 0.7252483 -0.6499708 0.2270528 0.5126708 -0.7767471 0.3658314 -0.6914443 -0.2093466 0.6914324 -0.8144933 -0.5302408 0.2354684 -0.766526 0.6347308 -0.09774887 0.2374769 -0.7558876 0.6101137 0.5456266 -0.04231411 -0.8369596 0.01516324 0.9979743 0.06178534 0.5934222 -0.7040917 -0.3900063 0.8469767 0.5314856 0.01239776 0.8264569 -0.5182114 -0.2200593 0.6734043 -0.446862 -0.588932 -0.7610003 -0.4790009 -0.4375345 0.5485817 -0.82533 -0.1337485 -0.8097737 -0.2066624 -0.5491424 0.6738219 0.6143531 -0.4105293 -0.2604818 0.6355667 -0.7267767 -0.420707 -0.9008957 -0.1067363 -0.502751 0.7199041 0.4785181 -0.08807641 0.7384781 0.6685003 0.2077149 -0.9635618 0.1685329 0.5252524 -0.6720165 -0.5220191 0.6179146 -0.6362387 -0.4619327 0.2376825 -0.5782052 -0.7805036 0.421823 -0.655952 0.6259332 0.8104158 -0.4378548 0.3892421 0.5403466 -0.2169491 -0.8129936 -0.7295649 -0.613448 -0.3023519 0.6431444 0.7001547 0.3100786 0.5665616 -0.8194552 0.08660894 -0.8967453 -0.2095038 0.3898156 0.137422 -0.5059012 -0.8515746 0.2079393 -0.595292 -0.7761371 0.5109558 -0.6912246 -0.5110116 0.8490066 -0.4769076 0.2274799 0.7069044 -0.02388745 0.7069057 0.835841 -0.5064724 0.2117919 0.202494 -0.6227626 0.7557533 -0.2291811 -0.4646551 0.8553197 -0.705739 -0.06211584 0.7057437 -0.8771207 0.3587532 0.3193046 -0.9169183 0.3144861 0.2456814 -0.9656592 0.02385407 -0.2587149 -0.6872628 -0.2349988 -0.6873467 0.4406617 -0.7820427 -0.4407115 0.9638458 -0.06570059 0.2582338 0.6801168 -0.2734831 0.6801825 0.255445 -0.1604164 0.9534225 0.3601137 -0.2502027 0.8987307 -0.2199212 -0.5272156 0.8207793 -0.5778154 -0.5763671 0.577867 -0.8389974 -0.4955348 0.2247858 -0.3651333 0.1524492 0.9183883 -0.6361232 0.4365808 -0.6361954 -0.2498602 -0.2607918 -0.9325007 -0.2871677 -0.4040891 0.8684738 0.7030519 0.5592208 -0.4393064 0.7794024 0.5074213 0.367499 -0.614656 -0.6231968 0.4835532 0.09012186 0.7890361 -0.6077007 -0.1002859 -0.7877382 0.6077922 -0.4801982 0.8371594 -0.2618661 0.8160899 -0.5481514 -0.1831045 0.8555313 -0.5131754 0.06868171 0.278544 -0.8979431 0.3407514 -0.9624384 0.2529532 -0.09862613 -0.5910344 0.71912 -0.3654379 -0.7754518 0.584191 0.2395734 0.3355337 -0.6951231 0.6357838 0.2831573 -0.5391173 0.7932052 0.642795 -0.6234555 0.4451044 -0.4635803 0.8807287 0.09700697 0.524111 0.72239 -0.4510659 0.1747592 0.1162054 -0.9777298 0.6312448 0.7749911 -0.03031265 0.3410351 0.8300883 0.4411898 0.155219 -0.6977702 -0.6993024 0.06681603 0.7455095 0.6631374 -0.3084548 -0.6404334 -0.7033497 0.8912403 0.3788819 -0.2492777 -0.4551054 0.7593882 -0.4649825 0.6184219 0.7164137 0.3229644 -0.9264902 0.1659654 0.3377445 0.5525736 0.3045251 -0.7758395 -0.5499609 0.8023511 0.2318965 0.1567373 0.6798235 -0.7164311 0.06982111 0.7732806 -0.6302081 0.6354589 0.6820446 -0.3619491 0.6589377 0.6861647 -0.3081869 -0.6228345 0.7508649 -0.2197251 -0.4627932 0.6904835 -0.5559272 -0.4789917 0.7048541 -0.523209 -0.3550479 0.6829021 -0.6384244 0.205051 -0.953678 0.2201192 0.3182108 0.7120201 -0.6259148 0.168591 -0.6890733 -0.7048086 0.5145733 0.5865606 0.6254286 -0.01766908 0.6880057 -0.7254902 -0.3514119 -0.4099332 0.8417033 0.1218681 -0.9825209 -0.1407158 0.8577009 0.09618031 0.5050728 0.004882097 0.7085031 0.7056909 -0.3731502 0.8052225 0.4608424 0.74088 0.6691918 0.05726575 -0.2241262 0.97324 0.05071109 -0.07384687 -0.9966378 -0.03549206 0.02688801 -0.9883912 0.149533 0.1108108 0.9537479 -0.2794385 0.561173 0.8264688 -0.0451017 0.09460562 0.9728457 -0.211237 0.1017373 0.9906229 -0.09119158 0.3973319 -0.9009632 0.1743355 -0.09833878 -0.9793251 -0.1767823 -0.1449056 0.4829183 -0.8635928 0.2410823 -0.944647 -0.2225344 0.09084624 -0.9415194 0.3244814 0.3751267 0.5908495 0.7142667 -0.3961549 0.7655233 -0.5069867 0.7440991 0.5906344 -0.3121982 -0.5401597 0.6026082 -0.5874445 -0.8742608 -0.4081063 0.2629019 0.5038144 -0.8352408 0.2203273 -0.2690954 -0.9285179 -0.2558169 -0.7109579 -0.6988092 0.07876974 0.4796033 -0.8375585 0.2616804 -0.5205621 0.7236902 0.4530869 0.06319713 0.7389746 0.6707628 -0.3136979 0.2649984 -0.9117947 -0.4561181 0.8218239 -0.3414116 0.8890321 -0.1902753 -0.4164342 0.5805241 -0.7763836 -0.2453984 -0.5293245 0.74293 -0.4097203 0.5051602 -0.68603 0.5236183 -0.180128 -0.6201685 -0.7635084 0.6220617 0.6255117 -0.4709293 -0.1920586 0.7866701 -0.5867398 -0.4123837 0.7064709 -0.5751857 -0.1738729 0.7435853 -0.6456386 0.4552612 0.524043 -0.719803 0.2125768 0.7334118 -0.6456921 0.717593 0.4564308 0.5260525 0.7356729 0.6772997 0.007114768 0.4264973 0.6996623 -0.5732128 -0.2602941 0.9311878 0.2552181 0.3036214 -0.5688078 -0.7643767 -0.06221824 0.6978874 -0.7134999 -0.7940729 0.3685878 0.4833129 0.3420925 0.5980014 -0.7248222 0.3774137 -0.6990299 -0.6073848 0.01907724 0.8131055 0.5818038 0.7565315 0.47941 -0.4447768 -0.550938 0.2251723 -0.803595 -0.7224246 -0.6867945 0.08010011 0.5781438 0.6982079 0.422203 0.4696114 0.3625541 -0.8049967 0.5340408 -0.6129647 0.5823013 0.5233733 -0.809341 -0.2665479 0.4242096 0.7379295 0.5248871 0.3512288 0.7842356 -0.5114811 -0.05072611 0.5050979 0.8615702 0.7462975 0.6003933 0.2873465 0.04530608 0.9825378 -0.1804632 -0.261536 0.9648333 -0.0263766 0.4157682 0.8583332 -0.3006677 -0.03374302 0.4634293 0.8854913 -0.4181478 0.1168283 0.900835 -0.8262286 -0.07734292 0.5580005 -0.314661 -0.06417328 0.9470323 0.3163969 -0.8118166 0.4907614 0.3620573 -0.8536103 0.3745183 0.3896996 -0.8994384 0.1978508 0.8735355 0.3665601 -0.3202647 0.7137632 -0.593537 -0.371828 0.8593288 0.01636612 -0.5111617 0.4077739 -0.8777763 0.2514546 0.741695 -0.5174387 -0.4267854 0.036035 0.3072179 -0.9509568 0.8973251 0.4393012 -0.04268693 0.7115398 0.5240393 0.4680748 0.2631489 0.6617933 0.7019847 -0.7368878 -0.4008538 -0.5443461 -0.6763266 0.3120106 0.6672569 -0.8421599 -0.1870689 0.505739 -0.8874535 -0.457129 0.05881887 0.3958209 -0.8763477 0.2744822 0.2517099 -0.8813487 0.3998336 0.2209218 -0.9698725 0.1026693 0.5262393 -0.8341172 0.1652893 0.8462501 -0.497447 0.1908069 0.9602793 0.256792 0.1091868 0.5144624 0.8553146 -0.0613628 0.8818174 0.4638876 0.08489137 0.2621079 0.6527749 0.7107633 -0.2615928 0.7046021 0.6596249 -0.74971 0.65292 0.1078445 -0.5487107 0.8269545 -0.1227311 -0.7726299 -0.2675881 0.575708 -0.3944256 -0.7315434 0.5561229 -0.2150835 -0.8616479 0.4596761 0.1281526 -0.9874647 0.09214293 -0.1369853 -0.9905651 -0.003990173 0.2600917 -0.6836771 -0.6818636 0.6507352 -0.699664 -0.2949815 0.9325972 -0.3607441 -0.01123762 0.9624658 0.252857 0.09860527 0.8486101 0.5258315 0.05798572 0.7211754 0.5615988 0.4056019 0.2425971 0.5945142 0.7666156 -0.2747414 0.6226511 0.732682 -0.6673063 0.6645392 0.3362887 -0.7478112 -0.5759001 0.3303294 -0.3774229 -0.7831175 0.4942459 -0.2498964 -0.8222402 0.5113443 0.6269887 -0.7336056 0.2621223 0.4187979 -0.2573606 -0.8708466 -0.3517434 -0.6046259 -0.7146357 0.1025761 -0.98222 0.1572323 0.2682505 -0.8556506 0.4426105 0.4446623 -0.5567373 0.7016546 0.2693133 -0.8369557 0.4764195 -0.06592434 -0.5152936 0.8544744 -0.2234035 -0.2726905 0.935805 -0.4331285 0.2059904 0.877478 0.3317812 0.9150723 0.2292685 -0.7472283 0.6400195 -0.1789548 -0.8980078 0.1222604 -0.4226517 -0.181524 -0.423153 -0.8876885 0.6706928 -0.6804766 0.2951657 0.6502712 -0.3298804 0.6843438 0.5806588 0.2853842 0.7624902 0.5283777 0.5539264 0.6434149 0.1867288 0.5886549 0.7865226 -0.404237 0.6090882 0.6823518 -0.7328752 0.6198533 0.2804924 -0.7116661 0.6451657 -0.2780159 -0.7455755 -0.6235427 -0.2351843 -0.6042395 -0.7935914 0.07146656 -0.5174336 -0.8383583 0.1715165 0.3316271 -0.7548458 0.5658898 0.6866363 -0.6809325 -0.2546793 0.9681825 -0.1775472 0.1763516 0.6815121 0.5356748 0.4985919 -0.8355758 4.61568e-4 -0.5493751 -0.7010356 -0.4786297 -0.5286424 -0.5181736 -0.7186936 -0.4636548 -0.7038964 0.6604341 0.2614511 -0.7569985 0.603511 -0.2504554 -0.1143534 0.246789 -0.9622986 0.05390244 -0.3100898 -0.949178 0.3824407 -0.6115245 -0.6926594 0.7766168 -0.5707116 -0.2667486 -0.4367558 -0.8926894 -0.1111317 -0.4770252 -0.8759572 0.07173687 0.06902933 0.3929722 0.9169558 -0.4946805 0.4932114 0.7155655 -0.731114 0.6207253 -0.2831475 -0.6745877 0.6916638 -0.2579393 -0.2129112 0.7608382 -0.6130205 0.2873895 -0.07422137 -0.9549338 0.545147 -0.4492186 -0.7078259 -0.3018155 0.5936448 -0.7459849 0.8918074 0.3623691 0.270866 -0.4111421 0.9111067 -0.02910012 0.5887188 0.5538505 0.5887781 0.8958438 0.3739746 0.2400141 0.6897118 0.2202388 -0.6897772 0.2158989 0.5513107 -0.805881 -0.1950329 0.6573662 -0.7278956 -0.5511292 0.6264574 -0.5511876 -0.8731022 0.4277541 -0.2339213 -0.4699347 0.6685554 -0.5763636 -0.09859675 0.9947769 0.0264154 -0.06998658 0.9950894 0.06999284 -0.03383278 0.9914189 0.1262696 0.2373068 0.3988924 0.8857598 0.6565064 -0.3714916 0.6565008 0.6752899 -0.610886 0.4132818 0.9257146 -0.2855384 0.2480335 0.921976 0.2982375 -0.2470116 0.6188337 0.4837386 -0.6189038 0.2436254 0.3373309 -0.9093155 -0.1013139 -0.04095953 -0.994011 -0.2540203 0.1915391 -0.9480436 -0.582777 0.5662662 -0.5828496 -0.7614162 0.6153304 -0.203995 -0.8805913 0.4109593 0.2359477 -0.1725821 0.7452008 0.6441206 0.1493473 -0.5600674 0.8148742 0.02474999 0.1403439 -0.9897934 0.1368038 -0.9819387 -0.1306948 -0.4643072 -0.8618943 0.2038558 -0.7098383 -0.5803352 0.399175 -0.09839373 -0.9903979 -0.09711176 -0.1440904 -0.7124239 -0.6867971 -0.1269261 -0.8552355 -0.5024561 -0.08800709 -0.9645078 -0.2489568 -0.1878454 -0.5214471 -0.8323504 -0.6266695 -0.5016274 -0.5963686 -0.4991573 -0.5000274 -0.7076827 -0.03331238 -0.3500524 -0.9361376 0.6578372 -0.6715084 -0.3410672 0.2754808 0.6398099 -0.7174634 0.6321141 0.2236688 -0.7418922 0.907523 -0.07672983 -0.4129343 0.9693326 -0.170943 0.1765587 0.7274973 -0.04468208 0.6846541 0.9354859 -0.3037098 0.180628 0.2229361 -0.7456175 0.6279761 -0.2258145 -0.5363463 0.8132285 0.08030772 -0.8559059 0.5108578 -0.6973109 -0.7167686 5.34474e-4 -0.8522581 -0.4834637 -0.1997981 -0.9101475 -0.1434009 -0.3886744 -0.7361702 0.4061883 -0.5413544 -0.0311641 0.9181058 -0.3951085 -0.06267666 0.9489639 -0.309094 0.4676188 -0.8731455 0.1376574 -0.548354 -0.709827 -0.4421014 0.5731744 0.8161806 0.07294064 0.8822936 -0.1126899 -0.4570111 0.302841 -0.8817076 -0.3617724 0.09587204 -0.9822573 -0.1611806 -0.03193235 -0.9992384 0.02242684 -0.2294664 -0.972285 -0.04479962 -0.5418698 -0.8293745 -0.1360707 -0.8372277 -0.507188 -0.2044754 -0.3886135 -0.9131222 -0.1232377 -0.2373614 -0.6554244 -0.7169927 -0.207862 -0.5895284 -0.7805446 -0.1519113 -0.4491248 -0.8804601 0.2650123 0.6645289 -0.6986916 0.938912 0.3429375 -0.02895236 0.9662712 -0.1533945 0.2068576 0.7033109 -0.4289799 0.5668599 0.1836875 0.7800812 0.5981072 -0.2600619 -0.6836389 0.6819133 -0.6508269 -0.699612 0.2949023 -0.9325519 -0.36086 0.01126933 -0.6990345 0.4111099 -0.5850978 -0.2174611 0.5095742 -0.8324931 0.2166832 0.7083328 -0.6717984 0.6968659 0.5600898 -0.4479705 0.8894079 0.4562414 0.02824008 0.3718452 -0.9106074 -0.1803478 0.6631748 -0.7209339 -0.2011308 0.4930869 -0.8183897 -0.2951332 -0.1920712 0.4705528 -0.8612136 0.09648764 -0.9440385 -0.3154069 -0.9686011 -0.1986889 0.1494486 0.1482915 -0.9227104 -0.3558304 -0.4232383 -0.5680599 -0.7058168 -0.7673814 0.4913418 -0.4119573 -0.5021807 0.862335 0.06475287 -0.7114284 0.633806 -0.303578 0.698715 0.6645022 0.2650174 -0.3352318 0.7615937 0.5546122 -0.5252046 0.7607395 0.3813601 -0.02528929 -0.3163436 0.9483075 0.3328043 -0.8046903 0.4916452 0.5981107 0.7800807 -0.1836786 0.423546 -0.8996104 0.1063479 0.4731518 -0.8776867 -0.07611572 0.49715 -0.7501441 -0.4360343 0.1800134 -0.3868728 0.904392 0.5852504 0.4111349 -0.6988921 0.8325088 0.5095477 -0.2174636 0.2136016 0.9667326 -0.140721 0.1698287 -0.9796302 -0.1071581 -0.0554502 -0.7100106 -0.7020046 0.1311858 0.6567681 -0.7425941 0.5155288 -0.65248 -0.5554279 -0.5617902 -0.8159767 -0.1362864 0.1060814 0.832569 0.5436689 -0.3846662 0.7008773 -0.6006689 0.6785589 0.7061474 0.2022719 0.5393345 0.8350133 0.1089552 -0.6780487 0.7309268 0.07743471 -0.7440765 -0.3518167 -0.5679571 4.90494e-7 -1 -7.59319e-7 0.7813789 0.592123 0.1970721 0.3077331 -0.5372182 0.7853005 0.4430896 -0.8381273 -0.3181421 -0.8368614 -0.5197394 0.1718549 0.05073219 -0.5768004 0.8153083 -0.0224415 -0.6763342 0.736253 -0.3892034 0.8891072 0.2408509 -0.3736824 0.903487 -0.2099357 0.5077972 0.8333912 0.2181769 -0.8835606 -0.07860469 0.4616731 0.1752913 -0.6086394 -0.7738417 -0.478366 -0.8781567 -0.002606034 0.02187687 -0.974736 -0.2222861 -0.06647777 0.6923719 0.718472 0.9659315 -0.002229809 -0.2587882 -0.3130305 -0.06541579 0.9474876 -0.467087 -0.218923 0.8566811 -0.8077932 0.5440483 -0.2268963 0.1364592 0.6573853 0.7410961 -0.251077 -0.8188555 0.5161744 -0.9328188 0.0488342 -0.3570215 0.7639798 -0.5998867 0.237636 0.7555844 0.6452769 -0.1127387 0.6966152 -0.6918273 0.1900064 0.1163153 0.7068462 -0.6977387 -0.6641191 0.7441995 0.0715053 0.7520286 0.4501211 0.481502 0.7353312 0.4075428 0.5414767 -0.773844 0.3894249 0.4995136 0.4460771 -0.7055354 -0.550668 0.7397005 -0.1303423 -0.6601925 -0.182008 0.7052981 -0.6851479 -0.6264125 -0.7040741 0.3344954 -0.3787268 -0.9254575 -0.009709894 -0.7362474 -0.673598 -0.06485044 -0.9128982 -0.3623466 0.187941 -0.721033 -0.1716326 0.6713075 -0.4445544 -0.2396124 0.8631091 0.01060962 -0.7139122 0.7001549 -0.01614677 -0.9090392 0.4163979 -0.8845912 -0.3032917 -0.3542777 0.05003648 0.9971621 0.05625212 -0.4552729 0.7484177 0.4822836 -0.6271186 0.6712167 -0.3952093 0.05102956 0.8996904 0.4335358 0.1210574 0.6338869 -0.763893 -0.7055434 -0.7046584 0.07526665 0.5996276 -0.760265 -0.2498881 0.5022692 -0.4961116 -0.7082365 -0.6207447 -0.3344271 -0.7091083 -0.9614356 0.2059326 -0.1823002 -0.836911 -0.3958666 0.3779813 -0.1719895 0.1935303 0.9659015 0.140352 -0.8406455 -0.5230837 -0.2094281 -0.8395039 0.5013713 -0.624098 0.6520479 0.4305059 0.3687201 0.6806124 -0.6330975 -0.5995194 0.7828747 0.1663848 -0.4775069 -0.7416105 0.4711698 -0.1523195 0.8721314 0.4649577 0.3015168 0.68295 -0.6653323 -0.296566 -0.9095638 -0.2911052 -0.3443105 -0.804228 -0.4844252 -0.604615 -0.4313831 -0.6695889 -0.9464631 -0.04595649 -0.3195242 -0.9981835 -0.04609704 0.03879201 -0.727455 -0.516409 0.4518087 -0.3857625 -0.9069369 0.1692717 0.2121965 -0.138975 0.9672945 -0.1716659 -0.8172348 0.5501438 -0.6449723 -0.7244454 -0.2432891 -0.4988148 0.6921791 -0.5216053 0.908102 0.3343006 -0.2521784 -0.1220265 -0.730686 0.6717199 -0.3292165 0.5944129 -0.7336825 -0.1516814 0.2184833 0.9639802 0.7073141 0.0568 0.7046138 -0.5488601 -0.7089284 -0.4429145 0.7574876 -0.5871596 -0.2854053 0.6892986 -0.2596823 -0.6763375 0.004532516 0.4242897 -0.9055152 -0.426279 0.5950208 -0.681349 0.7564576 -0.4455691 0.4787903 -0.9128845 0.3781473 0.1537749 -0.5669237 -0.3137756 0.7616708 0.2627565 -0.7953417 0.5462517 -0.301826 -0.6974942 -0.6499254 0.7337784 -0.6330335 0.2466537 0.2526257 -0.7817684 -0.5701041 0.3114244 0.7162982 0.6244451 0.00368005 -0.8635179 0.5043047 -0.1057987 0.6688925 0.7357918 -0.03340977 0.2480956 0.9681593 -0.08436334 0.9313974 -0.354093 -0.4081463 -0.3547255 -0.8411816 -0.7174816 -0.4360262 -0.5432324 -0.6716382 -0.7365677 -0.07981348 -0.4135378 -0.9075108 0.07355815 0.2114133 -0.957327 -0.1970523 0.2946914 -0.8120248 -0.5037587 0.01161509 -0.4893301 -0.8720214 0.5346623 0.7354242 -0.4162782 -0.288148 0.7337433 -0.615298 0.4714077 -0.809871 0.3491187 -0.3670353 0.870737 -0.327265 0.1029723 -0.003017127 0.9946797 -0.1883625 0.9531522 -0.2366864 0.02841687 -0.9939543 -0.1060549 0.8142991 0.3444097 0.4672248 -0.6232821 0.04322546 -0.7808015 -0.6211042 -0.6506611 -0.4368864 -0.6513747 -0.2321758 0.722361 0.08277016 -0.974137 -0.210253 -0.8255664 -0.542988 0.1536372 0.951852 -0.2996165 0.06486731 0.9659134 0.1719425 -0.1935124 0.1510114 0.06261211 -0.9865472 0.5170117 -0.642086 0.5660605 0.5877301 0.526439 -0.6143578 -0.6406426 0.7661156 0.0514214 -0.1228486 0.8479685 -0.515614 -0.6600446 -0.7361177 0.1499062 -0.5919033 0.2240257 -0.7742499 -0.04469895 -0.8901169 -0.4535349 -0.1657575 0.9816321 0.09446179 0.2023344 -0.7047744 -0.679966 -0.233103 0.5618987 -0.7936831 -0.9211001 -0.03170877 -0.3880325 -0.6683102 -0.6622572 0.3387876 0.27233 -0.6997539 0.6604399 0.9610011 -0.1064119 0.2552517 0.7084215 0.5246887 -0.4720602 -0.2319166 0.8485797 -0.4755285 -0.6864827 0.6994187 -0.1988843 -0.968583 -0.02052229 -0.2478424 0.4149463 -0.8205866 -0.3930104 0.767462 -0.6311215 -0.1126407 -0.4781768 -0.01816165 -0.8780758 0.1997199 0.9494499 0.2421921 -0.7642479 -0.3058531 0.5677843 -0.5876244 0.1184579 -0.8004157 -0.8882702 -0.1403204 -0.4373629 -0.1941292 -0.9777868 -0.07903712 0.4624662 -0.8371527 0.2920624 0.8016058 -0.5365999 -0.263607 0.3445546 0.9369878 -0.05775749 0.4974153 -0.1736665 -0.8499518 -0.04107719 0.5854911 -0.8096375 -0.8085094 -0.5858214 0.05590987 0.7185829 -0.1001319 0.6881949 -0.4432594 0.7886449 0.4260991 -0.6056625 0.7132275 0.3528166 -0.6174259 -0.7078112 0.3432032 0.6715546 -0.7123045 0.204051 -0.4432426 -0.6877663 -0.5749032 0.2405512 -0.3482812 0.9059997 0.612566 0.6533951 0.4447895 0.7844029 -0.3856875 -0.4857545 -0.03615021 -0.2933593 -0.9553186 0.2049205 0.713631 -0.6698793 -0.8570218 0.01452332 -0.5150756 -0.07454681 0.7138726 0.6962966 0.01696157 0.9601477 0.2789784 -0.3805537 -0.7398265 0.5548294 0.08991044 0.003605365 0.9959434 0.3868526 0.7287568 0.5650298 -0.7810074 0.5921736 -0.1983883 0.6045143 0.7206477 -0.3394548 0.5237984 0.7261257 0.4453952 0.3908961 -0.5910995 -0.7055506 -0.04394567 -0.5677488 -0.8220282 -0.1318456 -0.3834068 -0.9141203 -0.9470136 0.1018998 -0.3046008 -0.4144706 -0.7783003 0.4716596 0.4622936 -0.8848717 0.05733174 0.6950143 -0.6866739 -0.2131531 0.8333702 0.5517886 -0.03199285 -0.6954892 -0.5877411 0.4133464 0.1593207 -0.8853515 0.4367719 -0.175155 -0.9718354 0.1576599 -0.09223747 0.7579006 -0.6458165 0.9415849 -0.3312744 0.06062376 0.7514134 -0.6273022 -0.2046214 0.4141303 -0.8993854 -0.1400075 0.099626 -0.9443246 0.3135697 0.090725 -0.7824857 0.6160237 0.09192532 0.9954613 -0.02463042 0.5336961 -0.3007683 0.7903842 0.7888485 -0.1973025 0.5820567 0.5768074 -0.5835556 0.571626 0.4312494 -0.8111768 0.3949887 0.02838063 -0.3607358 -0.9322361 0.9966225 -0.01735448 0.08026617 0.7050477 -0.5660879 -0.4271442 0.3171718 -0.9432088 0.0987901 -0.9979459 -0.01335889 -0.06265449 -0.03106129 -0.6700777 0.7416409 -0.008249938 0.4294388 0.9030584 0.331884 0.7222588 0.6067909 -0.05225533 -0.5719553 -0.8186188 -0.5853924 0.02812957 0.810262 0.7616881 0.6378578 0.1138805 0.9728614 -0.1947265 0.1249894 -0.2372186 0.9399375 0.2454483 -0.761746 0.6417933 0.08857035 -0.377762 -0.7706621 -0.5132016 -0.6787993 -0.7088541 -0.191722 -0.679781 -0.7028114 -0.209652 0.6290731 0.7168597 -0.3006314 -0.7002143 -0.2253379 -0.6774385 -0.1911771 -0.8009329 -0.5674133 -0.6123679 -0.7384686 -0.2822586 -0.8578858 -0.1639155 0.4869948 -0.1949143 0.4712927 0.8601695 0.290337 0.5942381 0.7500571 0.9517001 0.2967443 0.07880234 0.7114321 -0.399204 -0.5783602 0.09702795 -0.83815 -0.5367404 -0.3874083 0.5063188 0.770426 -0.3257623 0.7829413 0.5299829 -0.05489987 -0.6329868 -0.7722136 0.1707616 -0.7887874 -0.5904701 0.6608658 0.7134457 -0.2329199 0.895092 0.03183114 0.4447439 -0.8003008 -0.3047924 -0.5163528 -0.619392 -0.7212743 -0.3100274 -0.4623762 0.4462876 0.7661826 -0.4691035 -0.829329 0.3035711 0.3515761 -0.04397225 -0.9351261 -0.7987534 0.2674077 -0.5389679 0.05227243 -0.7121445 0.7000842 -0.5133655 -0.8558349 0.06326705 -0.7642789 -0.2770329 0.5823493 -0.4832066 -0.8596318 0.1659654 -0.2498768 0.5991448 0.7606491 0.2534186 0.7349053 0.6290416 0.3818781 0.8528179 0.3561891 0.6136404 -0.4437344 0.6531044 0.682015 -0.3346303 -0.6502908 0.1914945 -0.9435844 0.2701451 -0.1250101 -0.7140278 -0.6888664 0.8571379 0.3936878 0.3321514 0.7840606 0.5301861 0.3227256 -0.7665814 0.3301576 0.5507714 -0.5301188 0.7700622 0.3549342 -0.9983276 -0.03006726 -0.04937779 -0.5552636 0.5044884 0.6611914 0.2323663 0.5634316 0.792812 -0.198955 0.6429838 0.7395869 0.7911787 0.3253045 -0.5178931 -0.4676575 -0.6147273 -0.6351432 -0.2609854 -0.8074513 -0.5290645 0.958771 -0.007086813 0.2840915 -0.001743793 -0.9999983 7.30536e-4 -0.201302 -0.7056143 0.6794012 0.2733767 0.7368357 -0.6183351 0.8704637 0.4500066 -0.1994674 -0.01594376 0.9975374 0.06829947 -0.6302124 0.1866348 -0.7536576 -0.2720018 -0.6984314 -0.6619734 -0.9613186 -0.1082633 -0.2532701 -0.7089624 0.5211068 0.4752054 0.2325717 0.5603473 0.7949348 0.9219154 -0.02982455 0.3862416 0.6695591 -0.6592129 -0.3422411 0.6122643 -0.7734499 -0.1640361 -0.1434531 0.6581093 0.7391302 0.4025389 -0.04122954 0.9144739 0.1090582 -0.8702872 0.4803193 0.3828944 -0.6552496 0.6511835 -0.4628298 -0.7592146 -0.4575825 0.5238147 -0.8516504 0.01760184 -0.3254485 0.6922303 -0.6441278 -0.4488937 -0.7118458 0.5401576 -0.4482266 -0.6989546 0.5572751 -0.6743001 -0.2560174 -0.6926575 0.5231995 -0.8097043 0.2657844 -0.903068 0.4294177 -0.008300781 -0.272138 0.6166133 0.7387348 -0.2758623 -0.5725038 -0.7721006 0.5873211 0.1179716 0.8007102 0.8153295 -0.567255 0.1160165 0.1846461 -0.7540534 -0.6303248 0.5515261 -0.7132258 0.432583 0.004735708 -0.06299525 -0.9980027 -0.5065622 0.8310551 0.2296567 0.3380159 -0.7055592 0.6228415 0.3144521 0.208831 -0.9260182 0.3380743 -0.7056265 0.6227336 0.3397963 0.2543827 -0.9054436 -0.4000371 0.8864201 0.2328729 -0.03402531 0.9941124 0.1028737 -0.02396506 0.9951791 0.09510105 0.3380604 -0.7055951 0.6227767 0.4497505 0.7550132 -0.477158 -0.2611505 -0.6361714 0.7260072 -0.1235633 -0.5504654 0.8256635 -0.3410071 -0.7042579 -0.6226838 0.7434388 0.5300614 -0.4078404 -0.3406078 -0.7054201 -0.6215857 -0.3411929 -0.7069404 -0.6195343 0.9635487 0.2542014 -0.08340024 0.9427981 0.04915982 0.3297196 -0.3430736 -0.7094316 -0.6156358 -0.3379298 -0.7055544 -0.6228936 0.9708072 0.06912928 0.2296839 -0.3380741 -0.7056208 -0.6227401 -3.37764e-7 1 -4.55654e-6 0.5211375 0.4989929 -0.692403 0.4341646 0.5462614 -0.7163097 -0.5181927 -0.7415019 -0.4262058 0.5434163 0.7469117 -0.3831732 0.02653652 -0.9976093 -0.06380879 -0.1134896 -0.9927029 0.04075884 0.3496633 -0.9365363 -0.02520996 0.6391083 -0.7607808 -0.1129299 0.1982135 -0.9792066 0.04319614 0.3577738 -0.8527094 -0.3806375 0.4765157 -0.7686647 -0.426717 -0.09217745 -0.9936745 0.06414395 0.03449892 -0.9990075 0.02817809 -0.302177 -0.9367201 -0.1767608 -0.0317384 -0.9985412 -0.04368394 0.05098551 -0.9982597 -0.02963227 -0.02446663 -0.9995107 -0.01948928 0.02929908 -0.9982174 -0.05199724 0.1325572 -0.7777234 0.6144712 -0.5648463 -0.7741106 -0.2858351 -0.0239337 -0.9986863 -0.04530924 -0.2789131 -0.9297292 -0.2404397 -0.9716851 -0.200746 0.1246165 -0.9305854 0.141303 0.3377048 0.7101274 0.07138454 0.7004451 -0.1572687 0.8920184 -0.423757 0.2654278 -0.9116299 0.3138141 -0.6673893 0.7312647 0.1408672 -0.1523398 -0.6627137 0.7332143 0.4735745 -0.8087103 0.3488767 -0.2020099 0.9217846 -0.3309155 -0.39596 0.7428047 -0.5398677 -0.6471998 0.7600486 -0.05880951 -0.4206397 -0.5681766 -0.7072747 -0.1791632 0.8480985 -0.4986275 -0.4694479 0.7845174 -0.4051559 8.51197e-4 -0.8634955 -0.5043559 -0.7949608 0.5721691 0.2016432 -0.5277629 0.815388 0.2379263 0.1568834 -0.951061 -0.2662155 0.1386655 0.9839184 -0.1125908 -0.5706872 0.7948836 0.2060973 -0.3134465 0.5636502 0.7642315 -0.3421667 0.8240655 0.4514842 -0.2062761 0.9330804 0.2946372 -0.3096627 0.8718351 -0.37949 0.03506952 0.8479256 0.528954 0.3512145 0.9357063 -0.03319996 0.3085759 0.9510161 0.01869261 -0.08458703 0.9962188 -0.01983201 -0.05518007 0.9984765 1.43049e-4 -0.04135227 0.9941861 -0.09941858 -0.01956433 0.9950184 0.0977534 -0.03474348 0.9992837 0.01500409 0.1202098 0.9713435 -0.2050406 0.0376656 0.9992836 -0.003702998 -0.4077139 0.8972261 0.1695721 -0.3690379 0.906161 -0.2065994 0.08398967 0.9741165 0.2098643 0.3533244 0.8416559 0.4083837 -0.1299081 0.9861794 0.1028309 0.534767 -0.02305114 0.8446852 0.8669149 0.01175785 0.4983177 0.3887311 0.03263241 0.9207732 0.6109773 -0.7293347 -0.3078597 0.04211944 -0.5306195 -0.846563 -0.3407779 -0.7486881 0.5686271 -0.245224 -0.6725593 0.698233 0.3078415 0.05989664 0.9495504 0.1733963 -0.5398249 -0.823725 -0.2260429 -0.8711903 0.4358122 -0.6817072 0.1751271 -0.7103562 -0.7842051 -0.6094638 -0.1165174 -0.05103486 0.9981675 -0.03251582 -0.2702342 -0.1705293 0.9475723 -0.5939599 -0.4194409 0.6864991 -0.5744444 0.723374 -0.3830713 -0.6423288 -0.7402096 -0.1987547 -0.04449814 -0.822229 -0.5674145 -0.8363525 0.01389002 -0.5480161 -0.2038608 -0.7615657 -0.6151899 0.3324147 -0.6819094 0.6515367 -0.3559663 0.475916 -0.8042338 -0.3504535 0.8237217 -0.4457187 -0.2626866 -0.9561917 0.1292023 -0.09995758 -0.9905072 0.0943616 0.1269484 -0.983014 0.1325427 -0.09087204 0.9908752 -0.09954243 0.0354045 -0.9987399 0.03557074 0.06144928 -0.9967619 -0.05186504 -0.0303421 0.7145279 0.6989488 0.07619655 -0.9910072 -0.1099946 -0.1382307 -0.9903938 0.003525435 -0.2157308 -0.3198426 0.9225838 -0.08411175 -0.9918586 0.095613 0.67265 -0.598494 0.4351401 -0.2831605 -0.9424224 -0.1779333 0.02907544 -0.6528775 0.7569053 0.1296908 -0.8611655 -0.491502 3.00613e-4 -0.9999996 -9.50833e-4 -0.4581815 0.7324141 0.5036262 -0.4060311 0.7467112 0.5268406 -0.4205219 0.7389336 0.5264395 -0.1712126 -0.9755252 -0.1379742 0.3351836 -0.4736093 -0.8144608 0.3225325 0.6352045 0.7017749 -0.1706242 -0.8865385 -0.4300431 0.3866899 -0.724889 -0.5700937 0.931832 -0.3607909 -0.03897637 0.1917258 -0.8508293 0.4892147 0.3231894 0.09054708 -0.9419925 0.5101954 0.7600131 -0.4025926 -0.2974242 0.8822313 -0.364975 -0.5568984 0.69501 -0.4547806 0.642822 -0.7060892 0.2970151 -0.2872113 0.8872252 0.361028 -0.1800879 -0.9375326 0.2976595 0.31735 -0.6515831 0.6890053 -0.1421151 0.9528931 0.2679517 0.09644675 -0.9716525 -0.2158461 -0.4134909 0.2610678 -0.872278 -0.6104313 -0.7085092 -0.3541022 -0.4607664 -0.8269791 -0.3221799 -0.5668338 -0.1420605 0.8114914 0.7314649 0.6758269 -0.09064871 0.1146877 -0.5584686 -0.8215594 0.3550997 0.7462041 0.5631017 -0.3629114 0.3170275 0.8762357 0.3332096 0.7192029 0.6096873 0.2148923 0.7091733 0.6714867 0.3120231 0.7171802 0.6231325 0.3209954 0.7512447 0.5767091 0.2782866 0.7597707 0.5876268 0.3249162 0.7181267 0.6154052 -0.3215683 0.754053 0.572711 -0.3117977 0.8098816 0.4968643 0.344788 0.7214258 0.6005548 -0.352057 0.5758627 0.7378605 0.6787911 -0.2318711 0.6967629 0.712476 -0.6985087 -0.06680965 -0.6340314 -0.7439038 0.2112143 -0.9287967 0.3609414 -0.0840125 0.009308695 -0.9996504 -0.02474552 0.1337082 0.680761 0.720199 0.5519829 0.7705613 0.3186694 0.3269681 0.7046972 0.6296775 -0.5977032 0.7067245 -0.3785385 -0.5475174 0.6836448 -0.48255 -0.5966176 0.6925601 -0.4054725 -0.5731108 0.6916436 -0.4395148 -0.5875552 0.7188414 -0.3715453 -0.625878 0.655609 -0.4224378 -0.5655695 0.6905139 -0.4509122 -0.5593198 0.6887291 -0.4613175 -0.6079907 0.6887836 -0.394873 0.9952345 -0.03614908 0.09056276 0.9741261 -0.2095603 -0.08463323 -0.4791558 0.5255056 0.7030317 -0.5494199 0.8300236 0.09590947 0.1603506 0.669813 -0.7250091 0.2155351 0.1043581 -0.9709038 0.2943093 -0.0549401 -0.9541298 -0.2405763 -0.7077661 -0.6642215 0.8647068 0.4964956 0.07599043 -0.4790263 -0.8261277 0.2967271 -0.4452341 0.7739568 0.4502862 0.7654202 0.2521806 0.5920616 0.01930338 0.6913179 0.7222929 0.7618891 0.1063021 0.6389248 -0.4600079 -0.2267723 -0.8584679 0.5690972 -0.8070523 -0.157464 -0.7457811 -0.4764834 0.4655902 0.0623039 0.6616785 0.7471946 0.4393168 0.7097929 0.5506315 -0.3425289 -0.6112312 -0.7134918 0.4921565 0.7195468 0.4899331 0.8776977 0.4090552 -0.2496414 -0.3665717 0.8442224 -0.3910418 0.8375723 0.2591755 -0.4809374 -0.3797518 0.7658323 -0.5189313 0.6871011 0.7029131 0.183862 0.260656 -0.6424965 0.7205947 0.05109477 0.9328522 -0.3566176 -0.1736228 0.7354471 0.6549601 -0.1468873 0.7045337 -0.6943028 -0.168376 0.8271773 -0.5361225 0.3155916 0.6958635 -0.6451171 0.4639518 0.8606833 -0.209698 -0.07375663 0.9484987 -0.3080751 0.2210528 0.7091767 -0.6694805 0.1805232 0.6483535 0.7396277 0.6621634 0.6848586 -0.3041521 0.6511639 0.7101427 -0.2677367 0.6370322 0.7105932 -0.2987429 -0.6138926 0.3984623 0.6814423 -0.6723662 0.6800068 -0.2924287 -0.6810798 0.6676974 -0.3005172 -0.6715681 0.7325215 -0.1113937 -0.6550977 0.7379854 -0.1619402 -0.6511942 0.7065176 -0.2770903 -0.6240826 0.7366276 -0.2605777 -0.6431735 0.7424104 -0.1874958 -0.6002088 0.7600533 -0.2491353 0.2984643 0.8280184 -0.4746628 0.3362405 0.8274091 -0.4498185 0.3558906 -0.8262383 0.4366606 0.2186558 -0.9497609 0.2239286 -0.2824283 0.6993365 0.6566298 -0.4895488 -0.6966572 0.5244147 -0.4486808 -0.641362 -0.6223667 0.3590892 -0.8747537 -0.3253628 0.114494 -0.6688036 0.7345698 0.05669635 -0.9952867 0.07867574 -0.2746934 -0.0160436 -0.961398 -0.6118685 0.5661874 -0.5523123 0.4662306 0.590531 -0.6587125 -0.3105419 -0.5758948 -0.7562465 -0.7882748 -0.5994652 -0.1387963 -0.5485032 -0.0841431 -0.8319041 0.4134101 0.1110813 -0.903744 0.2945598 -0.5163722 0.8041108 -0.9109378 -0.2338759 0.3398449 -0.07778877 0.9544671 0.2879961 0.3008778 0.8096544 -0.503917 0.7128756 -0.7011328 0.01487237 0.6221529 -0.5855476 -0.5196728 -0.8828897 -0.0760076 0.4633882 -0.3325522 0.9181268 0.2155278 -0.3986068 0.8405621 0.3668351 0.03635555 0.7084046 -0.7048698 0.7830005 -0.4535347 0.4256953 0.5687581 -0.7809314 -0.2581873 0.2106926 0.5807206 0.7863666 -0.2833742 0.9259149 -0.2497614 -0.6825779 -0.2710344 -0.6786957 -0.1596112 0.7820593 -0.6024181 -0.4733951 0.8084847 -0.3496421 0.6439586 -0.2564635 -0.7207938 0.1597454 -0.04553002 -0.9861078 0.7798383 -0.625787 -0.01559102 0.459194 -0.8403697 0.2879577 0.002935767 -0.9971659 0.07517749 0.0273084 -0.9968934 0.07387721 -0.7094835 -0.7006342 0.07579565 0.5436414 0.2342097 0.8059775 -0.04281741 0.9982397 0.04104042 0.4693495 -0.4841045 -0.7384808 0.7580296 0.003297805 -0.6522119 0.9716804 0.2346988 -0.0274589 0.3357588 0.8107853 0.479472 -0.3342998 0.680794 0.6517387 -0.3596951 0.7270689 0.5847994 -0.2675561 0.7104814 0.6508687 -0.02137458 0.4006277 -0.9159916 -0.8566638 -0.5053284 0.1037802 0.3092269 0.7044701 0.6388276 0.1456235 0.915189 0.3757965 0.06690567 0.7036207 0.7074189 0.1130204 0.7321405 -0.6717119 0.01237261 0.9874236 -0.1576124 -0.2089796 0.9148367 -0.345545 0.1626006 0.7374578 -0.655528 0.1876842 0.7417929 -0.6438307 -0.4108916 0.7729433 -0.483453 -0.4092156 0.7557349 -0.5112802 0.2194418 0.7501429 -0.6238036 -0.3440604 0.3967961 -0.850985 -0.3798758 0.5543528 -0.7405318 0.518961 -0.8332639 0.1906589 -0.2857414 -0.8321962 -0.4751858 0.47835 0.8584374 0.1851121 0.3079732 0.6906552 -0.6543301 0.102856 -0.7721457 -0.6270659 0.6733779 -0.6436057 -0.3637773 -0.7920179 0.6089152 0.04393315 -0.5040068 0.7491589 -0.4298117 -0.5535665 0.7385411 -0.3848652 -0.9434322 -0.3259993 -0.06050014 -0.9632449 -0.1354612 0.2319689 0.6238587 -0.7450243 -0.2360914 0.2611147 -0.6251335 -0.7355456 -0.2450654 0.8905578 -0.3832098 0.3953835 0.8888456 -0.2315717 0.7892532 0.6125279 0.04346221 0.6097429 0.6387562 -0.4692593 -0.1408574 0.7465023 -0.6503025 -0.4414936 0.896985 -0.02239125 -0.629724 0.7416377 -0.2311305 -0.2522062 0.9561634 0.1488081 -0.009521543 0.7196455 -0.6942765 -0.04367238 0.7279934 -0.6841917 -0.09245246 0.7521504 -0.652474 -0.05318623 0.7588473 -0.6490932 -0.06333452 0.7335276 -0.6767023 0.02736186 0.7749879 -0.6313835 -0.3853071 0.6138848 -0.6889731 -0.5476546 0.8273397 -0.1248335 -0.3802172 0.5928304 -0.7099204 0.1806695 0.7358071 -0.6526458 0.327752 0.7044159 -0.6295847 -0.392713 0.7568417 -0.5224627 0.2404277 0.7265688 -0.6436555 -0.6540243 -0.6858358 -0.3191891 0.4893935 0.8632379 0.1237515 0.6528927 0.7564743 0.03844195 0.9188544 0.3817868 -0.09972709 0.9104193 0.4027939 -0.09430706 0.4617836 0.6963233 -0.5494452 0.4306315 0.7471429 -0.5062946 0.4114751 0.7412035 -0.5303827 0.4528159 0.6981855 -0.5545223 0.3877983 0.7370692 -0.5534813 0.3022345 0.7253316 -0.618505 0.448259 0.698859 -0.5573689 0.4431009 0.6992831 -0.5609498 -0.3557261 0.4356058 -0.8268656 0.01465469 -0.7337472 -0.6792646 0.5686472 0.7426768 -0.3536547 -0.04779827 0.6327446 -0.7728841 0.01923716 0.7438523 -0.6680672 0.05070608 0.9933629 -0.1032438 0.6686171 0.7092893 -0.2232934 0.6229918 0.7283831 -0.2852007 0.5809115 0.7473295 -0.322553 0.5908215 0.7553653 -0.2834667 0.6045041 0.7353842 -0.3062435 0.05000883 0.0324164 -0.9982227 0.08565062 -0.2882567 -0.953715 0.02051073 0.9089231 -0.4164592 0.004162073 0.3301939 -0.9439041 0.6596176 0.7402735 -0.1299991 0.2407522 0.7471715 -0.6194943 -0.1360405 0.9583802 -0.250999 0.6917606 0.7221179 0.003612577 0.6799309 0.7323123 -0.03758561 0.6610395 0.7449848 -0.08958047 0.65794 0.7509569 -0.05638116 0.6710308 0.7388981 -0.06121671 0.6425141 0.7661615 0.01312977 0.5373401 0.1593154 -0.8281814 0.1347689 0.8291264 -0.5425743 0.519288 0.2225894 -0.8251024 -0.6238355 -0.5750195 -0.5293221 -0.7196651 -0.694163 0.01483267 -0.7725094 -0.6212831 0.1312884 0.2416571 -0.2636576 0.9338558 -0.6983278 -0.7156783 -0.01195406 -0.1148624 0.8746889 -0.4708779 -0.4081614 0.8558566 0.3176695 -0.3292538 -0.3801901 -0.864319 -0.0295695 -0.7007063 -0.7128369 -0.03424274 -0.7004078 -0.712921 0.04669821 0.8207888 0.5693199 0.7237229 -0.662291 -0.1938965 0.3684732 0.4199507 0.8293786 0.3450827 0.9362214 0.06638938 0.2010928 0.6335837 0.7470833 0.5320283 0.7239478 -0.4391418 0.5456753 0.7393879 -0.3943908 0.6549342 0.6877842 -0.3130722 -0.3340807 0.6356828 -0.6959149 0.1052983 0.9862265 -0.1275527 -0.654457 -0.7510772 -0.0870012 -0.6616952 -0.7464346 0.07067441 0.5614684 0.69896 0.4429541 0.5132174 -0.1729621 -0.8406497 -0.3757095 0.8083639 0.4532002 -0.04351097 0.9020996 0.4293287 -0.5166979 0.6328101 0.5766929 -0.9170138 0.1141144 -0.3821827 0.03297126 0.7022515 -0.7111651 -0.6551622 0.6502641 -0.3846027 -0.7015922 0.7122853 -0.02044868 -0.202525 -0.3950098 -0.8960753 0.6168028 -0.2184097 0.7562087 0.9070699 0.4176709 -0.0526809 0.9828857 -0.1485624 -0.1089265 0.2675216 0.7505077 -0.6042934 0.1765903 0.4760096 -0.8615282 -0.2874204 0.7262938 0.6244093 -0.4253064 0.7599096 0.4915811 -0.4044043 0.7480967 0.5261261 -0.3816158 0.740163 0.5536498 -0.4077702 0.7448244 0.5281668 -0.03983646 0.5337522 0.8447023 -0.3844624 0.7387498 0.5535681 -0.4288872 0.7513957 0.5014583 -0.06731253 0.4908158 0.8686593 0.08444398 0.6929185 0.7160539 -0.1985911 0.2275182 0.9533085 0.7183775 0.6953173 -0.02162539 0.9332509 0.3591912 0.00495851 0.5150948 0.8223066 -0.2418454 0.5603371 0.6676342 -0.4901908 0.7220233 -0.5639641 0.400783 0.6950329 -0.5179151 0.4986915 0.581024 0.7937533 -0.179908 -0.03207808 -0.6906018 -0.7225235 -0.4843239 -0.7649617 -0.4245753 0.8371771 -0.5431986 -0.0637955 0.9178219 0.1462599 -0.3690679 0.531771 -0.7006944 -0.4756543 0.01166808 0.3451723 -0.9384669 -0.5011498 -0.536745 0.6787885 0.4078882 -0.9015637 0.1442574 0.1759808 0.9219937 0.3449034 0.3922213 -0.5156358 0.7617626 -0.2241284 -0.6064605 0.762871 0.8297294 -0.34668 0.4374497 -0.6500811 0.5876917 -0.4816772 -0.1701987 0.5754817 -0.7999083 0.04288566 -0.5269027 0.848843 -0.6638034 -0.6091604 0.4339223 -0.4129086 -0.8352596 -0.3631086 -0.3388071 -0.9383341 -0.06884014 -0.25906 0.9656254 -0.02134484 -0.06855911 -0.812561 0.5788302 0.1046765 -0.0100097 -0.994456 0.4703966 0.02365374 -0.8821381 -0.4985729 0.665394 0.5555863 0.1365935 -0.005696654 0.9906109 0.4621196 0.01151561 0.886743 0.4584996 -0.8606052 -0.2216682 -0.06714898 0.7721592 -0.6318713 -0.4225755 0.7677434 0.481664 0.6119424 0.7877396 -0.07066029 0.08452272 -0.3344787 0.9386053 0.1238784 -0.9609301 -0.2475229 0.5844957 -0.6857472 -0.433723 -0.5151278 -0.7305744 -0.4482238 0.2491739 0.9490951 -0.192694 0.7775416 -0.4278261 0.4608621 0.1356334 -0.9776553 0.160604 0.1093621 -0.6949109 0.7107313 -0.07995408 -0.7211465 -0.6881535 -0.07243347 -0.7060181 -0.7044799 -0.07289743 -0.7054314 -0.7050196 -0.09790545 0.9659098 -0.2396515 -0.07397472 -0.7056156 -0.704723 -0.07287663 -0.7049583 -0.7054948 -0.0739963 -0.7055733 -0.7047631 -0.07391428 -0.7056274 -0.7047175 -0.08011317 -0.7213633 -0.6879076 -0.07154375 -0.7123416 -0.6981769 -0.05650478 -0.7099568 -0.7019749 -0.06736016 -0.7105875 -0.7003771 0.3108766 0.9260943 0.2137879 -0.2431311 0.01211631 0.9699178 0.4960674 0.2984904 -0.8153653 -0.6286571 -0.7546469 0.1878788 -0.7079862 -0.4922403 -0.5064139 -0.4908522 -0.7117506 -0.5024691 -0.1834186 -0.6184819 -0.7640928 0.4154011 -0.909396 0.02099806 0.2490391 -0.1753588 -0.9524856 -0.2300174 -0.3536032 0.9066736 -0.1514551 0.5932613 -0.7906343 -0.4169437 -0.6476129 -0.6377739 0.2119921 -0.7533265 0.622542 0.309505 -0.72179 0.6190524 0.3195544 -0.88098 0.3489402 -0.4066066 0.732174 -0.546436 -0.3422139 0.7545572 -0.5599404 -0.3531484 0.7415792 -0.5703917 -0.2784543 0.7310931 -0.6228693 -0.3022125 0.7389969 -0.6021221 -0.3518333 0.7382642 -0.5754819 -0.3244603 0.7424842 -0.5860399 -0.2867255 0.8246328 -0.487616 -0.2896672 0.7500194 -0.5946124 -0.3532862 0.731596 -0.5830576 -0.3701873 0.7188488 -0.5884028 -0.4115575 0.6690393 -0.6188755 0.6787172 0.7061921 0.2015832 0.6982805 0.7071119 0.1113429 0.145866 0.7819126 0.6060824 -0.08848989 0.8701172 0.4848356 -0.1473125 0.7490882 0.6458838 -0.9889793 0.1376827 -0.05443733 0.1714379 -0.6749676 0.7176544 -0.03716748 -0.7030205 0.7101978 -0.2060387 -0.9775864 0.04327821 -0.6614452 0.7347922 0.1502352 0.8245254 0.5641264 0.04381233 0.3781843 -0.7962954 0.4721126 0.5985153 0.8005964 -0.02872288 4.24869e-7 -1 -2.56954e-6 0.4379279 0.898904 -0.01380944 0.3380948 0.7787705 0.5284017 0.3315064 0.9004342 0.2816412 0.6621127 0.7185844 0.212705 0.2239294 -0.5736548 0.7878934 0.3138913 -0.7535796 -0.5775727 0.6272177 -0.6983598 0.3448066 -0.09995055 0.9538174 0.2832709 -0.7337049 -0.6471146 -0.2071712 0.01487332 -0.1421355 -0.9897356 0.09694749 -0.5716487 0.8147509 0.7232297 -0.02029693 -0.6903093 0.3688789 0.6257454 0.6872927 0.1195321 -0.9913401 -0.05437678 0.1164135 -0.8807141 -0.4591196 0.2224013 -0.8868821 -0.4049417 -0.4649617 -0.728209 0.5035101 -0.01103723 -0.7105545 0.7035555 -0.6535972 0.7258445 -0.214384 -0.6610035 0.711758 -0.2376449 -0.471941 0.8344958 0.2844092 -0.7949842 0.5924767 0.1302752 -0.4618506 0.8604389 0.215265 -0.1311271 0.7845503 0.6060418 -0.5100917 -0.8590535 -0.04282355 -0.2619822 -0.6719037 -0.6927559 0.1608175 -0.891322 -0.4238901 -0.9186349 -0.1416075 -0.3688594 -0.5491572 -0.59164 -0.5902445 0.5464489 -0.7898979 -0.2783076 -0.7129584 -0.6996069 -0.04733365 0.4777206 -0.1681752 -0.8622647 -0.1380517 -0.9898539 0.03363204 -0.633869 -0.6268243 -0.4531021 -0.369567 0.7398816 0.5621347 -0.6160793 0.7110891 -0.3388192 -0.8534082 -0.5102955 -0.1062691 -0.1281597 -0.5601446 -0.8184212 0.6223917 0.01321059 0.7825946 0.7787978 -0.3092694 0.545735 0.5581417 -0.4808656 0.6761997 0.8801843 5.68337e-4 0.4746318 0.9003889 -0.1458132 -0.4099247 -0.7497653 -0.5432811 0.3777537 -0.7198676 -0.4559592 0.5233469 -0.7695568 0.6343537 0.07333421 -0.6539855 0.7027947 0.2799692 0.2787541 0.7318311 0.6218677 -0.9493576 0.02305901 0.3133505 -0.8041046 0.03659969 0.5933602 -0.2586924 -0.8784592 0.4017311 -0.1196527 -0.8294115 0.5456738 -0.5317081 -0.7629074 0.3677757 0.3918405 -0.5426223 -0.7429819 0.9569872 -0.003791749 -0.2901056 0.1916864 -0.6718521 -0.7154518 -0.7882733 -0.03009212 -0.6145892 0.4356443 -0.8294141 -0.3496946 0.01222604 0.769088 -0.6390261 0.4888976 0.8693372 -0.07233273 0.328522 0.9403908 -0.08796864 0.7015457 0.7029035 -0.1173048 0.91202 0.1658456 -0.3751198 -0.1805469 0.1295939 -0.9749915 0.679221 -0.6392783 -0.3605304 0.5146569 -0.7722316 -0.3725408 0.5369968 -0.8331375 -0.1323499 0.6821514 -0.7238298 -0.103634 -0.8795377 -0.2317733 0.4155657 0.5385457 0.7706964 0.3405817 -0.3760462 0.8443263 -0.38171 0.9153056 0.08676475 0.3933033 -0.7030425 0.6988611 0.1316226 0.4460067 -0.7055904 -0.5506544 0.4460047 -0.7055943 -0.550651 -0.5028586 -0.8474729 -0.1700677 -0.4253581 -0.89969 -0.09812486 -0.3224567 0.3928298 -0.8612239 -0.6260673 -0.7020988 0.3392595 -0.6302201 -0.6945844 0.3469514 -0.6256564 -0.7034999 0.3371081 0.6727375 0.3385304 0.6578917 0.2430036 0.7323246 0.636121 0.2948138 0.6849794 0.6662493 -0.6234256 -0.7044722 0.3392043 0.6380726 0.3697634 0.6753802 -0.7619926 0.5775535 -0.2929155 -0.9206207 -0.3900396 -0.01807487 -0.0124672 -0.999916 0.003566682 0.2550198 -0.5280787 0.8099986 -0.6584089 -0.6159452 -0.4325613 -0.1419969 -0.9284034 -0.3433718 0.7794979 -0.01347649 -0.62626 0.9751998 0.0451132 -0.2166797 -0.3403785 0.9400087 0.02293932 -0.06905657 0.9864872 0.1485744 0.005097091 0.9996789 0.02482289 0.2479572 0.8487094 0.4671292 0.2564734 0.8401269 0.4779208 -0.033252 0.9994181 0.00759387 0.1911268 0.9804759 0.04623377 -0.09432965 0.9933817 0.06553328 -0.1806304 0.9688546 0.1693919 -0.1230018 0.9910252 -0.05234438 0.1134721 0.9914849 -0.06388974 -0.2385076 0.9705021 0.03521442 -0.1245826 -0.9900451 0.06549894 -0.04207324 0.9990603 0.01040548 -0.3590917 -0.9023352 -0.2384206 -0.4440347 0.8484225 -0.2881193 -0.1508508 -0.674225 -0.7229556 -0.5818902 0.6313952 -0.5125855 -0.6225828 0.5180016 0.5865706 -0.7047309 -0.7056039 0.07401072 -0.7046947 -0.7056414 0.07399737 0.9444673 -0.3104556 -0.1076993 -0.708164 -0.7020238 0.07527649 -0.7088752 -0.7016064 0.07241892 0.8409779 -0.1940667 0.5050687 -0.704751 -0.705587 0.07398021 -0.7099393 -0.7010519 0.0671761 -0.7140181 -0.6979451 0.05523508 0.7948416 -0.1000655 0.5985097 0.9346883 -0.2939496 0.1998785 -0.7038603 -0.7060981 0.07749921 -0.7049651 -0.7051986 0.07562518 -0.1639991 -0.6233294 0.7645685 -0.6154331 0.1937894 0.7639946 0.1782283 -0.8193476 -0.5448891 0.9017283 0.07533144 -0.4256892 -0.8153838 -0.3631263 0.4508756 -0.8089989 -0.3870136 0.4424266 -0.4474325 -0.5059641 0.7374312 -0.8352308 -0.007199943 0.5498525 0.02657812 0.7027639 -0.7109266 0.5446462 -0.005681097 -0.8386467 0.2728759 0.3301095 -0.9036408 0.6190704 0.1262705 -0.7751179 -0.3689731 0.918833 -0.1400173 0.05476605 0.648662 0.7591036 0.1460896 0.04135513 -0.9884066 0.08646017 0.3917528 0.9159991 -0.2016401 -0.07044231 -0.9769234 -0.4316484 -0.181396 0.8836149 0.5929648 0.8038448 0.04718548 0.9256731 -0.2237668 0.3050536 -0.8579897 -0.3250949 -0.3977023 0.2107024 0.9766679 0.04152768 0.530358 -0.7957796 -0.2923274 0.9736882 -0.0989632 -0.2052747 0.9648706 -0.01688647 -0.2621827 -0.1259168 -0.6380845 0.7596006 0.4547907 -0.347011 0.8202127 -0.2361544 -0.6392468 0.7318434 0.1028444 0.9721185 -0.2107337 -0.8009935 0.2243192 -0.5550591 0.6110094 -0.7879139 -0.07654637 -0.1188213 -0.4279529 -0.8959565 0.2712936 0.6380933 -0.7205809 0.04409331 -0.5696738 0.8206872 0.7123517 0.671467 0.2041746 -0.6470046 -0.7419009 -0.1759777 -0.8273247 -0.03335571 -0.560733 -0.8451943 -0.1625168 -0.5091511 -0.6521174 0.02602726 -0.7576711 -0.6362414 -0.004618346 -0.7714763 0.6333408 -0.7671265 0.1019629 0.6023819 0.2973693 -0.740748 0.6787973 0.7062531 0.2010992 0.6788572 0.706383 0.2004398 0.6777474 0.713926 0.1759783 0.6723989 0.7154957 0.1895937 0.6359019 0.7231296 -0.2696523 0.5711049 0.7724365 -0.2778147 0.6684848 0.7171245 0.1971307 0.661534 0.7206603 0.2074162 0.7507523 0.6045972 -0.2661453 0.8759792 0.4102775 -0.2536392 -0.7060401 -0.6639447 0.2463428 -0.1896961 -0.9535714 0.2339166 -0.3655624 0.6884797 0.6263864 -0.4414028 0.790331 0.4249008 -0.5582326 -0.6959249 -0.4517354 -0.5507283 -0.7066331 -0.4442613 -0.5562446 -0.7000276 -0.4478318 -0.5538088 -0.70482 -0.443311 -0.5515388 -0.7059771 -0.4442987 -0.06410747 -0.9972655 0.03676581 0.7226219 -0.4843937 0.4931334 -0.8551899 -0.5176932 0.02537596 -0.6718341 0.6146308 0.4133619 0.6572016 0.7119237 0.2474891 -0.9785259 -0.1965644 0.06204521 -0.2786664 -0.7872593 0.5500618 -0.7766737 -0.6215941 -0.1019743 -0.5062118 -0.7701389 -0.3881183 -0.7655292 -0.6349236 0.1041023 -0.1406812 -0.0583772 0.9883325 0.8964497 0.4428014 -0.01746529 -0.4329126 0.8674291 0.245262 0.3812037 0.8261913 -0.4148396 -0.2767386 -0.1300479 0.9521048 0.02091073 -0.8175309 0.575505 0.6940782 -0.4564653 -0.5566821 0.3322904 -0.8503894 -0.4079476 0.07699954 0.7653107 -0.6390389 -0.01036441 0.9839901 -0.1779218 0.09247159 0.7399364 0.6662907 -0.1838347 -0.4896656 -0.85231 0.7020643 -0.5318611 -0.4735288 0.036215 -0.8419095 0.5384022 0.1319683 0.7414854 0.6578631 -0.08710551 0.6772004 0.7306245 -0.08177226 0.2154402 0.9730873 -0.00134617 0.7216919 0.6922131 0.0385366 0.7316472 0.6805934 0.09006291 0.7462633 0.6595301 0.05595672 0.7522523 0.6564948 0.06151503 0.7381282 0.6718502 -0.01520854 0.7674311 0.6409511 -0.1374145 0.7880604 0.6000651 -0.09682214 0.5744166 0.8128168 -0.120306 0.7380811 0.6638997 -0.346687 -0.6970697 -0.6276162 -0.3386748 0.9373295 -0.0819326 0.3473112 0.7858172 -0.511729 -0.2720336 0.6350439 0.7229917 0.2331998 -0.9716588 0.03869318 0.5748189 0.7403659 -0.3484851 -0.5626342 -0.718688 0.4085713 0.2339329 -0.07738256 0.9691684 0.3232913 -0.7873066 0.5250059 -0.3161975 -0.9486911 0.00211519 -0.7436075 -0.6450461 0.1759642 -0.1210553 -0.65955 0.7418487 0.2030506 0.792028 -0.5757276 0.6941228 0.6817573 -0.2310855 0.3769794 -0.7705615 0.5139276 -0.331425 -0.7449419 0.5789811 -0.3371914 -0.4227981 0.8411562 -0.3862845 0.8154381 -0.4310977 -0.295189 0.9530414 0.06764346 -0.6484758 0.6520265 0.3928622 -0.6550534 0.646663 -0.3908094 -0.3892796 0.7637177 -0.5149725 -0.8749522 -0.001091659 0.484208 -0.4482922 0.005635738 0.8938694 0.6420385 0.01057052 -0.7665996 0.7702138 0.006297707 -0.6377549 -0.5054844 0.8331183 0.2244982 -0.1042323 0.9472324 0.3031275 -0.3148828 0.5670387 0.7611281 -0.7555317 0.002786338 0.6551064 0.3109969 0.02469342 0.9500902 0.7458543 -0.5412408 0.3882781 -0.2366483 -0.5964425 0.7669771 -0.5875526 0.8054602 -0.0775637 -0.5970845 0.7992361 -0.06864219 -0.3003169 -0.7556516 -0.5820656 6.05408e-7 -1 0 -0.2142862 -0.9529768 -0.2142819 -0.1678241 -0.9847909 -0.04496765 -0.14493 -0.9886797 0.03882962 -0.1229815 -0.9847577 0.122995 -0.07866603 -0.9526782 0.2936258 -0.0383827 -0.897289 0.4397715 0.06322044 -0.9697057 0.2359537 0.1188438 -0.9857734 0.1188578 0.1554635 -0.9869633 0.04164934 0.2010253 -0.9781043 -0.05386012 0.322473 -0.8899562 -0.3224735 0.367595 -0.8234586 -0.4321922 0.4321773 -0.3342662 0.8375494 0 -1 0 0.1401047 -0.9801718 0.1401215 0.08504939 -0.9961162 0.02278643 0.06641083 -0.9976338 -0.01779347 0.05153828 -0.99734 -0.05154335 -0.2957211 -0.8897588 0.3476757 -0.2549141 -0.93275 0.2549435 -0.1571034 -0.9866848 0.04209023 -0.1223354 -0.9919475 -0.03277635 -0.09454435 -0.9910202 -0.09455329 -0.05156773 -0.9799458 -0.1924756 -0.02928781 -0.9694181 -0.243661 -0.7897436 -0.2070716 -0.5774309 -0.8636972 -0.4832808 0.1430627 0.1998814 -0.6357483 -0.7455679 0.09199899 -0.9198257 0.3813884 -0.3570126 -0.7928453 -0.4939013 -0.7477736 0.6091622 -0.2641139 -0.3633108 0.8279827 0.4271419 -0.350124 0.86879 0.3501674 0.3824328 0.5517665 0.7411471 0.1526023 0.9764322 0.1526196 0.09799516 0.9948405 0.02625489 -0.2917199 0.9533055 0.07815587 -0.2547687 0.9645901 -0.06825703 0.07797253 0.9967367 -0.02089065 0.06141573 0.9962207 -0.06142193 -0.2156587 0.9523517 -0.2156797 0.03463077 0.9910079 -0.1292445 -0.1314576 0.861379 -0.4906579 -0.5930126 -0.8022738 0.06850457 -0.6666463 -0.492367 0.5596047 -0.2929517 -0.5023078 0.8135517 -0.7826889 -0.6020745 0.1578118 -0.5590721 -0.8192386 0.1276184 0.2605381 -0.9575647 -0.1232469 -0.6316414 0.7565652 -0.1692284 0.6245867 0.7728537 -0.1121996 0.2939279 -0.6394277 0.7104497 0.5130531 0.7106079 -0.4814697 0.3102903 -0.551165 0.7745561 0.2017824 -0.703545 -0.6814017 0.2018914 -0.7040029 -0.6808964 0.2030109 -0.7050673 -0.6794606 0.6746301 0.2893328 0.6790882 0.2013215 -0.7056439 -0.6793647 0.2013344 -0.7056232 -0.6793824 0.2094621 -0.7060129 -0.6765142 0.546965 -0.06045997 0.8349695 -0.9226697 0.04790288 0.3826043 0.2013821 -0.7055956 -0.679397 0.1769489 -0.3773021 0.9090282 -0.9246315 0.06389272 0.3754655 -0.3017095 -0.4674701 0.8309291 -0.7183613 -0.2952284 0.6299185 0.9219183 -0.3870861 0.01519888 0.8731957 -0.4744448 -0.111497 -0.5732442 -0.8155056 -0.07963567 -0.6845446 0.6980469 -0.21007 -0.6855098 0.6989932 -0.2036787 -0.7129786 0.6958233 -0.08655309 -0.6884446 0.6997125 -0.19091 -0.9960947 0.01008558 0.08771342 -0.3776049 -0.7795521 -0.499713 0.5354254 -0.0400384 -0.843633 0.6579637 -0.7238793 -0.2075633 0.6764755 -0.6624402 0.3217979 0.2313376 -0.9266223 0.296402 0.774505 -0.617244 -0.1383906 -0.6329618 -0.6325535 0.446358 -0.4262631 -0.8387219 0.3388884 -0.6964955 -0.5075674 0.5072174 -0.9573763 -0.2488642 -0.1466191 -0.5315013 -0.808573 -0.2524207 0.6300788 -0.7633959 0.1422238 0.2002131 -0.123975 0.971877 0.7180236 0.4552726 0.5264685 0.6005372 -0.7829073 0.1625156 -0.4534091 0.0228604 -0.8910093 0.2933554 -0.6764963 -0.6754964 0.4460031 -0.7055929 -0.5506541 0.4460229 -0.7055737 -0.5506628 0.4460033 -0.7056573 -0.5505715 0.002624332 -0.09734869 0.9952469 0.4460235 -0.7055665 -0.5506715 0.4456812 -0.7055866 -0.5509227 -0.007729887 -0.1082261 0.9940963 -0.4030891 -0.3085522 0.861577 -0.8649703 0.4552351 -0.2111576 -0.9685587 0.228594 -0.09817802 -0.9725562 -0.1013361 0.2094407 0.7097678 0.5301021 0.4639196 0.9608227 0.2522174 -0.1149182 0.5941331 -0.7745609 -0.2169365 0.2814788 0.9579631 0.05546683 0.2855035 0.9573584 -0.04419213 -0.5566664 0.1195113 0.8220947 0.4098985 0.8773833 -0.2493625 0.208815 0.9692292 -0.1303502 0.2983957 -0.8828136 -0.3627674 -0.2666953 0.7287479 0.6307139 0.3928954 -0.8548787 -0.3388446 0.3765591 -0.8756954 -0.3022596 -0.5336075 -0.4597872 0.7098301 -0.4753282 0.6944926 0.5401327 0.720134 -0.6006639 -0.3472895 0.3546704 0.6356322 0.6856973 -0.3476423 -0.03531241 0.9369621 0.2471094 0.6081731 0.7543622 -0.6235384 -0.7047879 0.3383399 -0.6210185 -0.7058663 0.3407182 -0.6215274 -0.7053756 0.3408064 -0.6250987 -0.7014909 0.3422894 -0.6226863 -0.7043882 0.3407332 -0.6239487 -0.7047579 0.3376453 0.6508755 -0.7226178 0.2327764 0.6487559 -0.7236589 0.2354436 0.6733108 -0.7120794 0.1989864 -0.0184226 -0.8383894 0.5447605 -0.5268473 -0.6748842 -0.516685 -0.4052823 -0.8038923 -0.4353202 -0.7606824 -0.6490562 0.009401023 -0.2858808 -0.9444445 -0.1621634 -0.571581 0.6343089 0.5205261 0.6331189 0.7481906 0.1984223 0.6441224 0.7175878 0.264904 -0.2522537 -0.6927845 -0.6755869 0.2871587 -0.887088 -0.3614068 -0.02700567 -0.8482823 -0.5288553 -0.1645584 -0.9156796 -0.3666763 0.06565582 0.7419549 -0.6672273 0.345302 0.8461582 -0.4059347 0.1665553 0.7935243 -0.5853021 0.1887639 0.4348136 0.8805143 -0.2014429 -0.717314 0.6669945 -0.5333025 -0.4339325 -0.7261482 -0.5200197 0.6205284 0.5869618 0.6556748 -0.6942314 0.2968728 0.02431386 0.8425295 0.5381011 0.5220998 0.7273913 0.4453245 0.2384063 0.799548 0.5512581 0.1877259 0.8839144 0.4283161 0.3526142 -0.7008993 0.6200028 -0.06133043 -0.7794665 0.6234346 -0.5575357 -0.5597029 0.6130959 0.4880306 -0.5710245 0.6601191 -0.9212926 0.3300257 -0.205677 -0.9115892 0.3669301 -0.1853848 -0.7284753 -0.1249694 -0.6735773 0.6334878 0.4182742 -0.6509531 0.5574111 0.6988112 0.448281 0.5544306 0.6984043 0.4525907 0.4418902 0.8554469 -0.2700806 0.180024 0.9807903 -0.07511317 0.4051543 0.6337144 0.6589812 0.5495517 0.6971772 0.4603662 -0.2718459 0.960883 0.05294972 0.1847331 0.9826835 0.01438075 0.4053855 0.6318284 0.6606478 0.365028 0.7950004 0.4844884 0.9755552 -0.1100326 -0.1902237 0.9679399 -0.04913735 0.2463293 0.9885438 0.007086753 -0.1507677 -0.7185667 0.6785798 -0.1522874 0.7988965 0.01806747 -0.6011972 0.129751 -0.9402163 -0.3148937 -0.001590728 -0.9997764 0.02108806 -0.05276519 -0.9985689 -0.008717715 0.3626288 -0.818394 -0.4457934 0.09658879 -0.8935865 0.4383763 -0.007336139 -0.9991173 -0.04136359 -0.03785324 -0.999282 -0.001635611 0.4643817 -0.8815943 0.08450567 0.4889346 -0.8659976 0.1048395 -0.04889267 -0.9983528 0.03001791 0.2325903 -0.9716974 -0.04130524 0.05506324 -0.993317 -0.1014373 -0.04120278 -0.9987668 -0.02769684 2.84921e-4 -0.9630263 0.2694074 -0.4182896 -0.8949694 -0.1551256 0.2348157 -0.9719035 -0.01628589 0.3986502 0.253961 -0.8812389 -0.2683642 -0.9615244 -0.05875045 -0.04152935 -0.9984726 0.03644233 0.8190652 0.3286638 -0.4702259 0.5159931 0.7191723 0.4653412 0.3986628 -0.5300992 -0.7483736 -0.2863982 -0.009066402 -0.9580678 0.09914708 0.01641237 -0.9949374 -0.1288021 -0.8461132 -0.5172065 -0.1358727 -0.5246033 -0.8404345 -0.2482457 -0.2827551 -0.9265115 -0.2891191 -0.2599944 -0.9213106 -0.4009594 -0.8439347 0.3563789 0.5361862 -0.6235343 -0.5689546 0.04206168 -0.5908163 0.805709 -0.6157381 0.7810532 -0.1040313 -0.2488772 -0.7822837 0.5710451 -0.2584607 -0.8156273 0.5176392 0.5701873 -0.659823 -0.489408 0.5036646 -0.5902429 -0.6308211 0.3480223 -0.8607419 -0.3714889 0.7796567 -0.6070871 0.1535605 0.3736003 -0.868627 -0.3254383 0.2969884 0.4981383 0.814651 0.8797041 -0.001823723 0.4755181 -0.7231065 -0.35088 0.5949793 -0.1207588 -0.9722591 -0.2003242 0.1608604 -0.8724062 0.4615532 -0.8916066 -0.281497 -0.3546788 0.6789341 -0.7056955 0.2025892 0.6794867 -0.7052696 0.2022193 0.6727534 -0.7150029 0.190194 0.6798794 -0.7048838 0.2022446 -0.1444352 0.7012857 0.6980952 -0.2229481 0.573916 0.7879814 -0.8996044 -0.2992892 -0.318022 -0.9249333 -0.3420148 0.1659045 -0.5160679 0.1812015 0.8371618 -0.7801611 -0.1647066 0.6035069 0.669584 0.3169872 0.6716966 -0.840745 0.05195844 0.5389325 -0.6805635 0.4846377 0.5495086 0.3454355 0.8460032 -0.406144 0.23009 0.9455778 -0.23009 -0.2155795 0.8825789 -0.4178278 0.03282111 0.9841584 -0.1742269 -0.2835404 0.9160844 -0.2835387 -0.3721252 0.924335 -0.08442604 -0.3858541 0.9167486 -0.1033856 -0.2585051 0.9635241 0.06925719 -0.1762747 0.9684253 0.1762946 -0.0801236 0.9508646 0.2990599 -0.09423041 0.9551075 0.2808741 0.02261137 0.9961763 0.08438992 0.04592067 0.9978889 0.04592591 0.0641663 0.9977912 0.01719123 -0.3269605 0.8377668 0.4373142 -0.322937 0.8450908 0.4260672 -0.5600212 0.6922156 0.4552075 -0.936885 0.002666592 -0.3496277 0.6728586 0.5593082 -0.4841856 0.4055684 0.8907132 -0.2052913 -0.6694869 0.3167136 -0.6719224 0.2699148 -0.6306043 0.7276567 0.08029413 -0.03519201 0.9961498 -0.2819309 -0.01286917 0.9593485 0.2205582 0.3921148 0.8930846 0.9854324 -0.159896 0.05793362 0.670771 -0.5186701 -0.5301394 0.5748268 -0.6685523 -0.4718179 0.5823887 -0.6227851 -0.5224578 -0.1154533 -0.8627426 -0.4922863 0.4748995 -0.008484125 -0.8799992 0.6509549 0.02240294 -0.7587859 -0.9856913 0.007732033 -0.1683838 0.0114547 -0.6705836 0.7417455 0.1361118 -0.9652678 -0.2230059 0.05907839 -0.8065231 -0.5882434 -0.3507043 0.08142471 0.9329398 -0.05226856 0.9158005 0.3982179 0.5969336 0.4729066 0.6480969 0.06794917 0.6942127 0.7165554 0.728932 -0.6812915 0.06708282 0.5840223 -0.7521427 -0.3052858 0.7090364 -0.4547456 0.5389563 -0.7635121 -0.5630094 -0.3163381 -0.1521504 -0.4483006 0.8808387 -0.2288475 -0.4553639 0.8603909 -0.2566449 -0.5740376 0.7775695 0.8780884 -0.4757116 -0.05156928 0.5188252 0.8249802 0.2241168 0.276519 0.959245 -0.05819141 0.04460781 0.9947904 0.09166479 0.09235697 0.9946262 -0.04678547 -0.2828162 0.9497776 0.1339311 -0.1869539 0.9790495 0.08068805 -0.06415367 0.9342519 -0.3507961 0.6640958 0.2826824 -0.692147 0.288294 -0.9372838 0.1959228 0.2582978 0.9594897 0.1125252 -0.1084782 0.9940939 -0.003139197 -0.02890241 -0.9896219 -0.1407598 -0.008651494 -0.9998918 -0.01190805 -0.2150112 -0.9695121 -0.1175433 -9.31689e-4 -0.9999902 -0.00433892 -0.007727622 -0.999929 -0.009077191 -0.08642119 -0.9958911 -0.02706402 0.6955726 0.3831035 -0.6077915 -0.1053718 -0.9938382 -0.03438681 0.02486646 -0.9899122 -0.1394833 -0.003503382 -0.9999938 -3.30947e-4 0.2107234 -0.8478621 0.4865446 0.1319344 -0.9881954 -0.07786667 0.04022043 -0.996811 0.06892216 -0.1465469 0.8815651 -0.4487394 -0.3199766 0.7230303 -0.6122436 -0.02893745 0.9957299 0.0876621 0.03468096 0.9954975 -0.08821529 0.05467569 0.980416 0.1891959 -0.1451039 0.987792 0.05667513 0.7806252 0.01630932 0.6247866 0.2830302 -0.01325106 0.9590194 0.5709376 -0.2891559 0.7683874 0.9968365 0.02314776 -0.07603478 0.5911817 -0.3801441 -0.711333 -0.5070773 -0.5045263 -0.6988032 0.4832736 -0.552724 -0.6789278 -0.6749159 -0.7119812 -0.1938333 -0.6757615 -0.7151453 -0.1786442 -0.6806443 -0.7054414 -0.1976757 -0.6730679 -0.7123326 -0.1989018 -0.6663211 -0.7167012 -0.2058053 -0.6495476 -0.7282898 -0.2183619 -0.6732456 -0.7094776 -0.2082837 0.9637227 -0.2474543 0.1000254 0.7205808 -0.136689 0.6797644 0.911426 -0.2582791 0.3203042 -0.6816563 -0.7041627 -0.1987452 -0.6851763 -0.7005683 -0.1993425 -0.6771745 -0.7058818 -0.2077633 -0.726991 -0.6226627 -0.2894396 0.6686544 0.739013 -0.08222669 -0.3865215 -0.2186941 -0.8959767 0.3380348 -0.7056317 0.6227492 -0.7449499 -0.1986625 -0.6368539 0.3380568 -0.7055896 0.6227849 0.8165792 -0.2487537 0.5208838 0.08050334 -0.8050853 -0.5876709 0.2669146 0.863228 0.4284787 -0.06420457 0.7548918 0.6526991 -0.3068365 0.7999577 0.5156735 0.5529321 -0.7012362 0.4500377 -0.6624511 0.4704658 0.5829412 -0.3084176 -0.9490153 -0.06518113 0.265808 -0.8961279 -0.3553887 -0.7072032 -0.692052 0.1446644 0.0989896 -0.698588 0.7086437 -0.5782605 -0.6460384 0.4982461 0.2579819 -0.7670175 -0.5874773 0.4025437 -0.8315687 -0.382691 0.785995 -0.03897702 0.617003 0.0355125 0.9636552 0.2647783 -0.2557072 0.06636339 -0.9644738 -0.2691375 0.6983151 0.6632654 -0.6485185 -0.6950538 -0.3103614 -0.1569405 -0.9784638 -0.1340836 -0.4185472 -0.6959696 0.5834763 -0.4016576 0.9061664 0.1324151 -0.7658829 0.5378761 -0.3522963 -0.446739 0.04786407 -0.8933831 0.07795011 -0.7025935 0.7073091 0.07494044 -0.7054209 0.7048159 0.06257903 0.9166498 0.3947619 0.07267957 -0.7047683 0.7057049 0.08633852 -0.7236695 0.6847249 0.07801073 -0.7159901 0.6937381 0.07481133 -0.7056956 0.7045545 0.07500982 -0.706295 0.7039325 0.5835343 0.7787034 0.2304534 0.2174034 0.8948147 0.3899263 0.07165318 -0.7119017 0.6986142 0.07319116 -0.7034446 0.7069717 0.06666284 -0.7111663 0.6998561 0.03532129 -0.7144034 0.6988421 0.07190161 -0.7053408 0.7052124 -0.5181267 -0.8448286 0.1334514 0.3445752 0.9049907 -0.2495189 0.2205629 -0.650626 -0.7266622 -0.1522359 0.7454684 0.648923 -0.7238323 0.451178 0.5220203 -0.2003988 0.7081584 0.677017 -0.2234974 0.7063466 0.6716573 -0.2049297 0.7076259 0.676217 -0.1842309 0.7505884 0.6345677 -0.2234224 0.7598711 0.610474 -0.2022242 0.7078891 0.6767559 -0.5158161 0.7897389 0.3320338 -0.5015986 0.8050742 0.31663 -0.1977801 0.7086511 0.6772714 -0.6327804 0.6371044 0.4400989 0.1915072 0.8466875 -0.4964326 0.561814 0.8233772 -0.0800957 -0.2370406 0.2811952 0.9299146 0.06736743 -0.9971601 -0.03366458 -0.2785137 0.9335058 -0.2258257 -0.0786156 0.9961502 0.03878688 -0.036318 0.7384303 -0.6733512 0.03990215 0.9618306 0.2707208 0.0428493 0.9935593 -0.1048998 -0.04405987 0.9989966 0.008043706 -0.0311957 0.9864383 0.1611405 -0.08000588 0.9956582 0.04758042 0.002478659 0.998054 0.06230777 -0.2359697 0.9453896 0.2248485 -0.8564416 0.04704898 -0.5140955 -0.6958078 0.6785371 0.2354545 -0.6930063 0.7168228 0.07685959 -0.7242155 0.616211 0.3095094 0.1622548 0.7829602 0.6005387 0.4103184 0.8575047 0.3103621 -0.1763835 -0.672427 0.7188399 -0.9025056 -0.06112271 0.4263188 -0.7884113 -0.5748614 -0.218957 0.09971421 0.7735379 0.6258563 0.4526728 -0.6362486 0.62472 0.9689887 -0.2430535 0.044564 0.2052712 -0.9783464 0.02650088 0.1868271 -0.9812554 -0.04726135 0.03238582 -0.9787811 0.2023338 0.05112498 -0.9986757 -0.005760014 0.006693184 -0.9999405 0.008612751 -0.03832477 -0.9979381 -0.0514878 0.02602601 -0.9961695 -0.0834822 -0.003367185 -0.9999941 7.77469e-4 0.03180462 -0.9989231 0.03378242 0.2236969 -0.9741193 0.03242599 -0.09181672 -0.9944528 0.0513159 0.04214161 -0.9964741 0.0725497 -0.7396289 -0.4723634 -0.4793974 -0.1955262 -0.7157037 0.6704757 -0.2013391 -0.7055859 0.6794198 -0.1890969 -0.7049893 0.6835442 -0.1974537 -0.7067416 0.6793588 -0.5559874 -0.7023546 -0.4444954 -0.5583642 -0.7036609 -0.439421 0.7625204 0.4210174 -0.4912303 0.6702277 0.4856622 -0.5611836 -0.3931323 0.9192312 -0.02146917 -0.1275085 0.9001576 -0.416483 0.07595837 -0.2976016 -0.9516636 -0.1981124 -0.7083966 0.6774406 -0.1967024 -0.7071757 0.679125 -0.1950076 -0.7228994 0.662864 -0.1942542 -0.7115666 0.6752321 -0.1989 -0.7121907 0.6732186 -0.1918788 -0.7087733 0.6788394 -0.1364096 -0.2492075 -0.9587951 -0.1803714 -0.704547 0.6863525 -0.5095255 6.61025e-4 -0.8604553 0.2325828 -0.7731446 -0.5900447 -0.2317441 -0.7756325 0.5871022 -0.2648189 0.6754798 -0.6881846 -0.903927 0.1107093 -0.4131096 0.5637323 0.8242011 -0.0538398 0.7567322 -0.3738542 0.5362738 0.8175038 -0.1459948 -0.5571114 0.3983457 0.7035927 0.588454 0.1471546 0.744081 -0.6516817 -0.70896 -0.4551107 -0.5387485 0.3651852 -0.6098908 0.70333 0.22459 -0.6395802 0.7351847 0.3301052 -0.5473932 0.7690197 0.07451897 -0.6614263 0.746299 0.1018834 -0.4072999 0.9075939 0.639223 -0.2139887 0.7386494 -0.0804755 -0.6204831 0.7800799 0.4457308 -0.6553204 0.6098192 0.9345007 -0.06228798 -0.3504694 0.5456566 0.04234147 -0.8369386 0.606187 -0.7199119 0.3380302 0.2987936 -0.8364673 0.4593964 -0.1488062 0.5543559 -0.8188689 -0.09212529 0.9929039 0.0751993 0.2280488 0.9650895 -0.1288259 -0.03525358 0.8511989 -0.523658 0.05049484 -0.9284766 0.3679425 0.09782546 0.9947454 -0.03019642 -0.3287194 -0.9380183 0.1098417 -0.05087471 0.9986984 -0.003687441 -0.5149059 -0.779887 0.3558769 -0.6528412 0.7079 -0.2695851 -0.2163261 -0.6259827 -0.7492321 0.5557077 -0.7217264 -0.4126743 -0.1623376 -0.7953442 -0.5840157 -0.9004821 0.1544114 0.406558 0.3996865 0.7560473 0.5183082 0.754576 0.4394162 0.4873691 -0.4569347 -0.6992226 0.5498168 -0.848613 -0.4526875 0.2737335 0.9698326 0.1073511 0.218862 -0.4836046 -0.697 0.5294504 -0.454794 -0.7081558 0.5400721 0.9727552 -0.1276292 -0.1935411 0.7734131 -0.1973358 -0.6024041 0.6810529 -0.1694267 -0.7123634 -0.4408049 -0.7205443 0.5352635 -0.4509899 -0.7001862 0.5534867 0.4581589 0.703293 0.5435711 -0.5867748 -0.3675482 -0.7215287 0.5455906 -0.8174046 0.1848808 0.607243 0.3413556 -0.7174486 -0.9613218 0.2489828 0.117762 0.9521963 -0.0432046 -0.3024165 -0.912554 0.1245089 0.3895418 0.553799 -0.7024791 0.4470232 0.555949 -0.7023801 0.4445032 -0.9904863 -0.1372908 0.00939548 -0.8743647 -0.2326536 -0.4258624 0.6377875 -0.6737546 0.373205 0.5968196 -0.6924787 0.4053144 -0.8268432 -0.2161991 -0.5192191 0.5412765 -0.7226626 0.4298589 0.5589039 -0.7087253 0.4305054 -0.9249758 0.2319132 -0.3010584</float_array>
          <technique_common>
            <accessor source="#Test_011-mesh-normals-array" count="6016" stride="3">
              <param name="X" type="float"/>
              <param name="Y" type="float"/>
              <param name="Z" type="float"/>
            </accessor>
          </technique_common>
        </source>
        <vertices id="Test_011-mesh-vertices">
          <input semantic="POSITION" source="#Test_011-mesh-positions"/>
        </vertices>
        <triangles material="wheel_dark-material" count="4014">
          <input semantic="VERTEX" source="#Test_011-mesh-vertices" offset="0"/>
          <input semantic="NORMAL" source="#Test_011-mesh-normals" offset="1"/>
          <p>1038 0 1021 0 1020 0 1384 1 1386 1 1385 1 1139 2 1126 2 1124 2 909 3 954 3 953 3 1669 4 1668 4 1622 4 999 5 994 5 998 5 973 6 976 6 977 6 1797 7 1782 7 1794 7 2145 8 2173 8 2152 8 1094 9 1089 9 1096 9 1136 10 1135 10 1137 10 1304 11 1302 11 1298 11 684 12 678 12 679 12 1502 13 1509 13 1503 13 713 14 734 14 736 14 697 15 695 15 694 15 798 16 797 16 794 16 796 17 798 17 795 17 616 18 635 18 629 18 1315 19 1373 19 1367 19 1924 20 1916 20 1920 20 1632 21 1624 21 1626 21 771 22 772 22 768 22 1463 23 1447 23 1457 23 2215 24 2194 24 2212 24 775 25 769 25 773 25 1863 26 1824 26 1861 26 2134 27 2128 27 2129 27 1740 28 1735 28 1727 28 2031 29 2023 29 2029 29 1721 30 1722 30 1716 30 1124 31 1141 31 1139 31 1883 32 1885 32 1886 32 902 33 901 33 900 33 1405 34 1404 34 1409 34 1981 35 1961 35 1971 35 896 36 908 36 918 36 2142 37 2139 37 2140 37 1240 38 1232 38 1246 38 1918 39 1915 39 1916 39 919 40 962 40 914 40 1331 41 1322 41 1333 41 1050 42 1062 42 1040 42 1827 43 1823 43 1828 43 1871 44 1861 44 1884 44 942 45 906 45 935 45 917 46 962 46 950 46 2125 47 2148 47 2126 47 690 48 720 48 691 48 1306 49 1318 49 1328 49 2152 50 2174 50 2145 50 1627 51 1629 51 1647 51 2139 52 2185 52 2184 52 1144 53 1109 53 1147 53 1618 54 1615 54 1619 54 925 55 924 55 920 55 1662 56 1678 56 1682 56 692 57 694 57 695 57 996 58 998 58 1001 58 1714 59 1715 59 1713 59 2060 60 2038 60 2051 60 1974 61 1971 61 1972 61 2135 62 2191 62 2185 62 1104 63 1101 63 1102 63 1144 64 1169 64 1154 64 1608 65 1606 65 1607 65 1084 66 1061 66 1086 66 2174 67 2172 67 2169 67 1367 68 1365 68 1319 68 1723 69 1718 69 1721 69 1374 70 1323 70 1327 70 2160 71 2157 71 2159 71 1731 72 1714 72 1738 72 1515 73 1548 73 1514 73 1333 74 1326 74 1332 74 2088 75 2092 75 2091 75 1420 76 1424 76 1423 76 1304 77 1300 77 1296 77 822 78 830 78 833 78 585 79 590 79 589 79 1918 80 1916 80 1922 80 2146 81 2164 81 2173 81 1000 82 995 82 1002 82 743 83 733 83 758 83 1719 84 1713 84 1718 84 1102 85 1143 85 1130 85 1662 86 1660 86 1661 86 2133 87 2134 87 2132 87 1618 88 1616 88 1615 88 1734 89 1761 89 1739 89 1130 90 1143 90 1132 90 757 91 755 91 733 91 1920 92 1917 92 1918 92 1318 93 1319 93 1317 93 1512 94 1514 94 1513 94 1460 95 1456 95 1420 95 1328 96 1318 96 1334 96 1327 97 1375 97 1362 97 943 98 923 98 915 98 2070 99 2033 99 2068 99 2117 100 2121 100 2123 100 1630 101 1622 101 1624 101 746 102 743 102 719 102 934 103 964 103 956 103 1861 104 1883 104 1884 104 2193 105 2147 105 2186 105 2118 106 2117 106 2119 106 1901 107 1900 107 1881 107 965 108 947 108 926 108 921 109 943 109 916 109 1925 110 1975 110 1974 110 1064 111 1065 111 1063 111 1301 112 1303 112 1302 112 2164 113 2140 113 2157 113 2077 114 2055 114 2080 114 812 115 822 115 832 115 797 116 795 116 793 116 1099 117 1101 117 1100 117 1355 118 1326 118 1345 118 696 119 697 119 694 119 1512 120 1519 120 1517 120 1986 121 1981 121 1985 121 2147 122 2137 122 2143 122 1166 123 1165 123 1164 123 1913 124 1912 124 1914 124 785 125 788 125 784 125 1506 126 1502 126 1503 126 1367 127 1371 127 1370 127 1885 128 1881 128 1884 128 1101 129 1128 129 1135 129 1170 130 1167 130 1166 130 1661 131 1660 131 1659 131 839 132 800 132 837 132 2169 133 2146 133 2174 133 1334 134 1321 134 1330 134 2056 135 2064 135 2049 135 1419 136 1469 136 1470 136 688 137 689 137 694 137 1714 138 1740 138 1726 138 889 139 891 139 887 139 586 140 584 140 590 140 688 141 687 141 696 141 694 142 689 142 696 142 924 143 916 143 912 143 588 144 589 144 587 144 587 145 586 145 588 145 2127 146 2128 146 2131 146 589 147 588 147 584 147 589 148 584 148 585 148 898 149 895 149 896 149 991 150 987 150 992 150 1302 151 1296 151 1301 151 785 152 790 152 789 152 1319 153 1364 153 1358 153 592 154 584 154 588 154 586 155 587 155 585 155 592 156 587 156 589 156 595 157 596 157 597 157 595 158 597 158 598 158 596 159 595 159 605 159 1446 160 1422 160 1433 160 1439 161 1421 161 1427 161 1443 162 1424 162 1430 162 624 163 596 163 606 163 625 164 603 164 596 164 616 165 595 165 603 165 1540 166 1530 166 1524 166 1447 167 1422 167 1431 167 618 168 595 168 604 168 725 169 709 169 708 169 1440 170 1429 170 1421 170 1651 171 1635 171 1625 171 1437 172 1421 172 1428 172 1538 173 1531 173 1524 173 621 174 607 174 596 174 1549 175 1524 175 1536 175 623 176 606 176 596 176 721 177 702 177 705 177 715 178 701 178 707 178 1643 179 1633 179 1624 179 626 180 612 180 611 180 1406 181 1409 181 1407 181 628 182 623 182 622 182 625 183 626 183 617 183 617 184 626 184 611 184 617 185 611 185 619 185 619 186 611 186 627 186 1555 187 1554 187 1552 187 628 188 608 188 623 188 623 189 608 189 614 189 623 190 614 190 625 190 625 191 614 191 626 191 594 192 629 192 630 192 630 193 629 193 631 193 630 194 631 194 632 194 630 195 632 195 633 195 633 196 632 196 594 196 594 197 632 197 629 197 630 198 633 198 606 198 1441 199 1473 199 1469 199 602 200 639 200 648 200 1462 201 1453 201 1435 201 612 202 643 202 646 202 1573 203 1530 203 1541 203 644 204 601 204 609 204 642 205 598 205 615 205 607 206 636 206 630 206 842 207 827 207 811 207 639 208 593 208 640 208 639 209 640 209 641 209 641 210 640 210 642 210 642 211 640 211 643 211 642 212 643 212 639 212 639 213 643 213 593 213 631 214 629 214 618 214 640 215 593 215 648 215 615 216 640 216 644 216 1445 217 1467 217 1471 217 1529 218 1567 218 1576 218 1563 219 1549 219 1536 219 1436 220 1464 220 1458 220 1547 221 1557 221 1564 221 613 222 647 222 642 222 717 223 752 223 743 223 852 224 805 224 823 224 1537 225 1565 225 1559 225 649 226 629 226 650 226 650 227 629 227 651 227 650 228 651 228 652 228 652 229 651 229 653 229 652 230 653 230 649 230 649 231 653 231 629 231 670 232 676 232 649 232 656 233 650 233 654 233 654 234 650 234 652 234 654 235 652 235 655 235 655 236 652 236 639 236 655 237 639 237 629 237 1739 238 1731 238 1742 238 663 239 667 239 662 239 664 240 662 240 668 240 668 241 662 241 666 241 667 242 653 242 669 242 667 243 669 243 662 243 662 244 669 244 665 244 665 245 653 245 667 245 653 246 665 246 668 246 672 247 675 247 671 247 670 248 675 248 673 248 672 249 649 249 675 249 675 250 649 250 676 250 675 251 676 251 673 251 673 252 676 252 677 252 673 253 677 253 672 253 672 254 677 254 649 254 1497 255 1499 255 1494 255 618 256 617 256 619 256 1774 257 1736 257 1780 257 2022 258 2014 258 2016 258 681 259 679 259 678 259 680 260 681 260 678 260 680 261 683 261 679 261 679 262 681 262 685 262 686 263 681 263 680 263 1600 264 1602 264 1603 264 1546 265 1572 265 1569 265 686 266 683 266 682 266 686 267 682 267 681 267 685 268 683 268 686 268 692 269 693 269 694 269 1423 270 1421 270 1422 270 2150 271 2177 271 2144 271 689 272 692 272 695 272 697 273 687 273 693 273 639 274 656 274 629 274 688 275 694 275 687 275 1314 276 1311 276 1312 276 693 277 688 277 695 277 1313 278 1312 278 1307 278 2035 279 2032 279 2033 279 2138 280 2135 280 2136 280 732 281 712 281 702 281 1842 282 1831 282 1825 282 1739 283 1727 283 1734 283 727 284 702 284 713 284 1657 285 1639 285 1625 285 1547 286 1534 286 1535 286 1645 287 1626 287 1631 287 612 288 597 288 602 288 1238 289 1215 289 1223 289 726 290 701 290 709 290 1848 291 1826 291 1835 291 822 292 805 292 804 292 1656 293 1634 293 1626 293 827 294 803 294 811 294 831 295 812 295 815 295 1136 296 1111 296 1122 296 1648 297 1629 297 1628 297 1919 298 1945 298 1952 298 725 299 718 299 716 299 725 300 716 300 732 300 732 301 716 301 714 301 732 302 714 302 729 302 729 303 714 303 722 303 729 304 722 304 731 304 731 305 722 305 720 305 699 306 733 306 734 306 734 307 733 307 735 307 734 308 735 308 736 308 736 309 735 309 737 309 1648 310 1671 310 1673 310 2050 311 2086 311 2079 311 711 312 737 312 739 312 1054 313 1013 313 1027 313 1663 314 1652 314 1635 314 1638 315 1667 315 1660 315 1649 316 1658 316 1666 316 820 317 855 317 847 317 743 318 698 318 744 318 743 319 744 319 745 319 745 320 744 320 746 320 746 321 744 321 747 321 1641 322 1661 322 1663 322 2046 323 2074 323 2071 323 1831 324 1879 324 1872 324 1631 325 1675 325 1669 325 749 326 705 326 721 326 1660 327 1654 327 1640 327 1664 328 1653 328 1641 328 1673 329 1632 329 1642 329 1946 330 1980 330 1975 330 1670 331 1633 331 1644 331 753 332 733 332 754 332 753 333 754 333 755 333 753 334 755 334 756 334 757 335 733 335 753 335 733 336 743 336 754 336 754 337 743 337 759 337 759 338 756 338 758 338 759 339 758 339 733 339 1504 340 1507 340 1502 340 921 341 908 341 916 341 1441 342 1469 342 1466 342 770 343 772 343 771 343 770 344 755 344 772 344 772 345 755 345 774 345 772 346 774 346 768 346 768 347 774 347 775 347 768 348 775 348 770 348 770 349 775 349 755 349 781 350 753 350 776 350 776 351 753 351 782 351 776 352 782 352 778 352 778 353 782 353 783 353 778 354 783 354 781 354 781 355 783 355 753 355 791 356 784 356 787 356 787 357 784 357 788 357 785 358 789 358 791 358 784 359 790 359 785 359 787 360 785 360 791 360 790 361 786 361 789 361 789 362 786 362 787 362 789 363 787 363 788 363 789 364 788 364 791 364 792 365 794 365 795 365 795 366 794 366 796 366 965 367 956 367 951 367 1043 368 1041 368 1042 368 690 369 718 369 725 369 1006 370 1003 370 1004 370 801 371 802 371 803 371 801 372 803 372 804 372 906 373 911 373 912 373 813 374 838 374 844 374 817 375 804 375 834 375 812 376 800 376 803 376 806 377 799 377 801 377 819 378 807 378 806 378 615 379 595 379 598 379 1846 380 1829 380 1828 380 826 381 802 381 814 381 1952 382 1940 382 1928 382 1858 383 1833 383 1825 383 718 384 704 384 700 384 1943 385 1932 385 1927 385 1856 386 1827 386 1836 386 1946 387 1930 387 1933 387 1843 388 1828 388 1831 388 1231 389 1214 389 1220 389 2051 390 2040 390 2034 390 1950 391 1927 391 1931 391 2050 392 2034 392 2037 392 1944 393 1927 393 1932 393 1960 394 1938 394 1929 394 1942 395 1927 395 1934 395 1811 396 1814 396 1813 396 825 397 832 397 819 397 825 398 819 398 835 398 835 399 819 399 836 399 836 400 819 400 834 400 836 401 834 401 828 401 828 402 834 402 833 402 828 403 833 403 830 403 838 404 839 404 840 404 840 405 839 405 841 405 840 406 841 406 837 406 840 407 837 407 800 407 827 408 841 408 839 408 811 409 846 409 838 409 1962 410 1955 410 1939 410 1536 411 1564 411 1557 411 818 412 849 412 853 412 1937 413 1969 413 1964 413 807 414 853 414 849 414 817 415 850 415 854 415 1848 416 1862 416 1870 416 813 417 845 417 840 417 1938 418 1970 418 1962 418 847 419 799 419 848 419 848 420 799 420 849 420 848 421 849 421 850 421 848 422 850 422 851 422 851 423 850 423 847 423 847 424 850 424 799 424 799 425 807 425 849 425 1878 426 1830 426 1845 426 851 427 810 427 817 427 609 428 640 428 645 428 1964 429 1956 429 1938 429 1837 430 1870 430 1862 430 1056 431 1012 431 1021 431 1966 432 1953 432 1940 432 1545 433 1570 433 1574 433 2053 434 2081 434 2082 434 1866 435 1850 435 1837 435 861 436 837 436 857 436 857 437 837 437 858 437 857 438 858 438 859 438 857 439 859 439 860 439 860 440 859 440 861 440 861 441 859 441 837 441 858 442 863 442 862 442 858 443 862 443 864 443 864 444 862 444 860 444 865 445 860 445 847 445 865 446 847 446 837 446 1848 447 1857 447 1860 447 872 448 875 448 871 448 859 449 875 449 874 449 876 450 859 450 877 450 877 451 859 451 871 451 877 452 871 452 878 452 878 453 871 453 875 453 878 454 875 454 876 454 876 455 875 455 859 455 872 456 877 456 878 456 877 457 872 457 873 457 879 458 883 458 881 458 884 459 861 459 879 459 884 460 879 460 885 460 885 461 879 461 886 461 886 462 879 462 882 462 886 463 882 463 884 463 884 464 882 464 861 464 1125 465 1124 465 1126 465 888 466 887 466 892 466 1910 467 1911 467 1913 467 887 468 888 468 893 468 889 469 890 469 888 469 887 470 893 470 890 470 889 471 894 471 891 471 893 472 892 472 890 472 890 473 892 473 891 473 890 474 891 474 888 474 888 475 891 475 894 475 897 476 898 476 899 476 899 477 898 477 900 477 1717 478 1720 478 1715 478 2130 479 2128 479 2127 479 901 480 895 480 897 480 1538 481 1556 481 1540 481 903 482 899 482 904 482 1609 483 1612 483 1610 483 1988 484 1961 484 1981 484 1882 485 1884 485 1883 485 1926 486 1927 486 1925 486 2138 487 2139 487 2137 487 909 488 910 488 911 488 911 489 910 489 912 489 1625 490 1622 490 1623 490 1946 491 1975 491 1971 491 1741 492 1731 492 1735 492 1329 493 1321 493 1324 493 1327 494 1317 494 1323 494 2153 495 2142 495 2146 495 918 496 913 496 917 496 1929 497 1925 497 1930 497 2014 498 2019 498 2016 498 922 499 925 499 918 499 922 500 918 500 908 500 2141 501 2125 501 2126 501 912 502 920 502 924 502 906 503 926 503 927 503 930 504 931 504 932 504 930 505 932 505 933 505 2135 506 2176 506 2175 506 910 507 934 507 935 507 935 508 934 508 936 508 935 509 936 509 937 509 935 510 937 510 938 510 935 511 938 511 939 511 2177 512 2180 512 2179 512 935 513 940 513 941 513 935 514 941 514 942 514 933 515 910 515 930 515 1734 516 1759 516 1760 516 2143 517 2192 517 2147 517 1315 518 1357 518 1356 518 948 519 946 519 949 519 949 520 946 520 950 520 951 521 946 521 952 521 2158 522 2136 522 2156 522 905 523 946 523 945 523 954 524 955 524 956 524 946 525 948 525 947 525 957 526 955 526 958 526 958 527 955 527 959 527 909 528 952 528 946 528 946 529 905 529 962 529 962 530 947 530 950 530 1735 531 1762 531 1744 531 963 532 961 532 960 532 964 533 926 533 947 533 964 534 941 534 926 534 2083 535 2077 535 2079 535 2094 536 2077 536 2087 536 926 537 945 537 928 537 928 538 945 538 947 538 928 539 947 539 929 539 929 540 947 540 949 540 929 541 949 541 932 541 932 542 949 542 951 542 932 543 951 543 934 543 934 544 951 544 953 544 934 545 953 545 937 545 937 546 953 546 956 546 937 547 956 547 939 547 939 548 956 548 958 548 939 549 958 549 941 549 941 550 958 550 960 550 941 551 960 551 926 551 926 552 960 552 945 552 1647 553 1655 553 1627 553 2122 554 2123 554 2124 554 972 555 970 555 974 555 977 556 934 556 974 556 977 557 974 557 975 557 975 558 974 558 970 558 975 559 970 559 976 559 976 560 970 560 934 560 976 561 934 561 977 561 980 562 978 562 981 562 981 563 979 563 983 563 981 564 983 564 982 564 984 565 964 565 978 565 984 566 978 566 985 566 985 567 978 567 980 567 980 568 964 568 984 568 990 569 987 569 989 569 990 570 986 570 987 570 986 571 990 571 991 571 986 572 991 572 988 572 991 573 992 573 989 573 989 574 992 574 993 574 989 575 993 575 990 575 990 576 993 576 991 576 991 577 993 577 987 577 994 578 999 578 995 578 994 579 995 579 996 579 996 580 995 580 997 580 1211 581 1207 581 1206 581 1126 582 1137 582 1128 582 1920 583 1959 583 1947 583 998 584 994 584 1001 584 1311 585 1307 585 1312 585 1923 586 1922 586 1916 586 1522 587 1526 587 1525 587 1005 588 1006 588 1007 588 1005 589 1007 589 1008 589 594 590 595 590 593 590 1013 591 1005 591 1008 591 1004 592 1015 592 1006 592 1021 593 1005 593 1012 593 1134 594 1111 594 1120 594 1553 595 1525 595 1537 595 1037 596 1015 596 1007 596 1132 597 1116 597 1113 597 1035 598 1017 598 1007 598 1124 599 1118 599 1110 599 1232 600 1219 600 1214 600 1036 601 1007 601 1017 601 1032 602 1007 602 1019 602 614 603 598 603 597 603 1455 604 1431 604 1422 604 1130 605 1117 605 1113 605 832 606 808 606 804 606 1125 607 1110 607 1118 607 1453 608 1432 608 1435 608 1229 609 1216 609 1221 609 627 610 600 610 595 610 1129 611 1113 611 1115 611 1034 612 1007 612 1018 612 1037 613 1024 613 1029 613 1029 614 1024 614 1010 614 1029 615 1010 615 1031 615 1031 616 1010 616 1038 616 1031 617 1038 617 1033 617 1033 618 1038 618 1020 618 1033 619 1020 619 1035 619 1035 620 1020 620 1026 620 1035 621 1026 621 1039 621 1039 622 1026 622 1024 622 1039 623 1024 623 1037 623 1041 624 1043 624 1040 624 1041 625 1040 625 1044 625 1044 626 1040 626 1004 626 1030 627 1043 627 1042 627 1016 628 1042 628 1046 628 1150 629 1140 629 1123 629 1022 630 1051 630 1058 630 1134 631 1145 631 1152 631 1011 632 1058 632 1051 632 1122 633 1152 633 1145 633 1571 634 1528 634 1545 634 723 635 751 635 745 635 1023 636 1055 636 1059 636 1050 637 1003 637 1051 637 1050 638 1051 638 1052 638 1052 639 1051 639 1053 639 1054 640 1055 640 1050 640 1050 641 1055 641 1003 641 1052 642 1056 642 1021 642 1054 643 1050 643 1059 643 1084 644 1085 644 1082 644 1263 645 1220 645 1231 645 1021 646 1053 646 1057 646 1059 647 1014 647 1025 647 1219 648 1264 648 1260 648 1559 649 1551 649 1533 649 1158 650 1117 650 1131 650 1262 651 1221 651 1229 651 1123 652 1153 652 1147 652 633 653 624 653 606 653 1147 654 1138 654 1121 654 1061 655 1040 655 1062 655 1061 656 1062 656 1063 656 1063 657 1062 657 1064 657 1065 658 1040 658 1061 658 1050 659 1065 659 1061 659 1062 660 1067 660 1068 660 1068 661 1067 661 1063 661 1068 662 1063 662 1066 662 1068 663 1066 663 1040 663 1040 664 1066 664 1050 664 1076 665 1073 665 1079 665 1081 666 1064 666 1075 666 1080 667 1075 667 1077 667 1080 668 1077 668 1081 668 1081 669 1077 669 1064 669 1078 670 1080 670 1081 670 1080 671 1079 671 1075 671 1082 672 1086 672 1087 672 1088 673 1083 673 1087 673 1088 674 1087 674 1084 674 1085 675 1061 675 1082 675 1082 676 1061 676 1088 676 1082 677 1088 677 1086 677 1086 678 1061 678 1085 678 1090 679 1093 679 1091 679 1097 680 1089 680 1091 680 1094 681 1091 681 1089 681 1095 682 1090 682 1091 682 1092 683 1090 683 1089 683 1089 684 1090 684 1096 684 1091 685 1093 685 1097 685 1090 686 1092 686 1093 686 1089 687 1097 687 1092 687 1156 688 1155 688 1162 688 1093 689 1096 689 1095 689 1093 690 1095 690 1097 690 1097 691 1094 691 1092 691 1092 692 1094 692 1096 692 1092 693 1096 693 1093 693 1098 694 1099 694 1100 694 1515 695 1516 695 1514 695 1103 696 1104 696 1098 696 1098 697 1104 697 1099 697 1492 698 1477 698 1476 698 1760 699 1741 699 1735 699 1571 700 1561 700 1582 700 1217 701 1212 701 1216 701 1721 702 1717 702 1723 702 918 703 914 703 907 703 1105 704 1104 704 1106 704 1107 705 1100 705 1106 705 1808 706 1811 706 1806 706 1099 707 1104 707 1107 707 1112 708 1113 708 1110 708 912 709 915 709 923 709 1546 710 1524 710 1527 710 1127 711 1110 711 1114 711 1135 712 1122 712 1111 712 1237 713 1216 713 1218 713 1142 714 1112 714 1119 714 1139 715 1123 715 1112 715 1235 716 1216 716 1222 716 1445 717 1426 717 1425 717 1241 718 1217 718 1224 718 617 719 604 719 595 719 1234 720 1222 720 1216 720 1141 721 1119 721 1112 721 611 722 602 722 595 722 626 723 599 723 597 723 730 724 702 724 711 724 1236 725 1218 725 1216 725 1240 726 1224 726 1217 726 1230 727 1220 727 1216 727 1143 728 1120 728 1112 728 1121 729 1145 729 1147 729 2054 730 2066 730 2056 730 898 731 896 731 902 731 1452 732 1426 732 1444 732 1109 733 1144 733 1145 733 1145 734 1144 734 1146 734 1145 735 1146 735 1147 735 1147 736 1146 736 1148 736 1156 737 1158 737 1157 737 1152 738 1146 738 1144 738 1153 739 1146 739 1138 739 1522 740 1535 740 1534 740 1149 741 1136 741 1122 741 1159 742 1116 742 1133 742 1157 743 1118 743 1125 743 1154 744 1114 744 1127 744 1151 745 1142 745 1119 745 1437 746 1475 746 1468 746 1235 747 1261 747 1265 747 630 748 620 748 605 748 1115 749 1160 749 1155 749 1154 750 1108 750 1155 750 1154 751 1155 751 1156 751 1154 752 1156 752 1157 752 1255 753 1243 753 1225 753 1227 754 1252 754 1255 754 1249 755 1239 755 1226 755 1435 756 1465 756 1458 756 1129 757 1161 757 1158 757 1434 758 1457 758 1461 758 1642 759 1676 759 1670 759 604 760 629 760 635 760 1950 761 1974 761 1977 761 603 762 637 762 633 762 1169 763 1164 763 1165 763 1165 764 1166 764 1167 764 1165 765 1167 765 1168 765 1168 766 1167 766 1169 766 1169 767 1167 767 1164 767 1179 768 1167 768 1181 768 1164 769 1154 769 1168 769 1164 770 1168 770 1166 770 1166 771 1168 771 1170 771 1170 772 1168 772 1144 772 1144 773 1168 773 1169 773 1181 774 1184 774 1180 774 1186 775 1167 775 1184 775 1184 776 1167 776 1179 776 1184 777 1179 777 1185 777 1185 778 1179 778 1183 778 1185 779 1183 779 1186 779 1186 780 1183 780 1167 780 1191 781 1187 781 1192 781 1194 782 1169 782 1190 782 1190 783 1189 783 1193 783 1985 784 2010 784 2005 784 1192 785 1194 785 1190 785 1197 786 1198 786 1199 786 1199 787 1195 787 1197 787 1195 788 1199 788 1196 788 1196 789 1197 789 1200 789 1200 790 1197 790 1201 790 1197 791 1195 791 1202 791 1720 792 1718 792 1723 792 1196 793 1203 793 1197 793 1197 794 1203 794 1198 794 1196 795 1199 795 1203 795 1203 796 1202 796 1200 796 1203 797 1200 797 1198 797 1198 798 1200 798 1201 798 1198 799 1201 799 1199 799 1199 800 1201 800 1202 800 1209 801 1204 801 1205 801 1205 802 1206 802 1207 802 1205 803 1207 803 1208 803 1208 804 1207 804 1209 804 1209 805 1207 805 1204 805 1112 806 1108 806 1113 806 2124 807 2116 807 2120 807 2118 808 2120 808 2117 808 1208 809 1209 809 1211 809 2149 810 2144 810 2137 810 1320 811 1321 811 1319 811 1214 812 1215 812 1216 812 1216 813 1215 813 1217 813 1280 814 1279 814 1283 814 1213 815 1223 815 1215 815 1247 816 1227 816 1217 816 613 817 597 817 599 817 1033 818 1018 818 1007 818 1438 819 1427 819 1421 819 1646 820 1626 820 1634 820 1239 821 1217 821 1226 821 1451 822 1423 822 1436 822 1545 823 1526 823 1528 823 620 824 596 824 605 824 1650 825 1625 825 1639 825 1442 826 1430 826 1424 826 619 827 605 827 595 827 1243 828 1217 828 1225 828 1244 829 1217 829 1227 829 720 830 705 830 702 830 1245 831 1223 831 1217 831 1544 832 1528 832 1526 832 729 833 711 833 702 833 622 834 596 834 607 834 1294 835 1295 835 1292 835 1233 836 1232 836 1234 836 1240 837 1246 837 1230 837 1240 838 1230 838 1242 838 1242 839 1230 839 1228 839 1242 840 1228 840 1247 840 1247 841 1228 841 1236 841 1643 842 1651 842 1630 842 1245 843 1234 843 1215 843 1215 844 1234 844 1232 844 1249 845 1250 845 1251 845 1251 846 1250 846 1252 846 733 847 736 847 737 847 1251 848 1252 848 1248 848 1251 849 1248 849 1213 849 1213 850 1253 850 1251 850 1243 851 1252 851 1250 851 1251 852 1241 852 1224 852 740 853 730 853 711 853 1253 854 1244 854 1227 854 1446 855 1456 855 1463 855 1133 856 1163 856 1157 856 605 857 638 857 630 857 1543 858 1575 858 1571 858 1231 859 1260 859 1264 859 1258 860 1212 860 1259 860 1259 861 1212 861 1260 861 1259 862 1260 862 1261 862 1262 863 1261 863 1258 863 1914 864 1908 864 1909 864 1258 865 1261 865 1212 865 1258 866 1259 866 1233 866 1237 867 1266 867 1262 867 1265 868 1218 868 1237 868 1233 869 1267 869 1258 869 610 870 648 870 639 870 634 871 622 871 607 871 1458 872 1449 872 1434 872 1472 873 1425 873 1445 873 1433 874 1460 874 1462 874 1461 875 1447 875 1431 875 645 876 600 876 610 876 1272 877 1268 877 1269 877 1269 878 1268 878 1270 878 1269 879 1270 879 1271 879 1271 880 1270 880 1272 880 1272 881 1270 881 1273 881 1272 882 1273 882 1268 882 1272 883 1258 883 1271 883 1270 884 1274 884 1273 884 1219 885 1212 885 1261 885 1273 886 1271 886 1268 886 1268 887 1271 887 1258 887 1268 888 1258 888 1248 888 1248 889 1258 889 1269 889 997 890 998 890 996 890 1291 891 1290 891 1272 891 1281 892 1285 892 1283 892 1283 893 1270 893 1281 893 1281 894 1270 894 1286 894 1281 895 1286 895 1279 895 1279 896 1286 896 1287 896 1279 897 1287 897 1283 897 1283 898 1287 898 1270 898 1285 899 1270 899 1284 899 1292 900 1288 900 1289 900 1293 901 1272 901 1294 901 1294 902 1272 902 1290 902 1294 903 1290 903 1295 903 1295 904 1290 904 1289 904 1295 905 1289 905 1293 905 1293 906 1289 906 1272 906 1329 907 1375 907 1324 907 1297 908 1300 908 1299 908 1301 909 1298 909 1299 909 1302 910 1299 910 1298 910 1394 911 1396 911 1370 911 1299 912 1303 912 1297 912 1298 913 1301 913 1296 913 1297 914 1296 914 1300 914 1301 915 1299 915 1300 915 1818 916 1820 916 1822 916 1209 917 1210 917 1211 917 1307 918 1308 918 1309 918 1307 919 1309 919 1310 919 1310 920 1309 920 1312 920 1815 921 1822 921 1821 921 915 922 944 922 930 922 691 923 689 923 688 923 1108 924 1158 924 1156 924 1313 925 1308 925 1312 925 2142 926 2135 926 2141 926 1109 927 1110 927 1108 927 1213 928 1214 928 1212 928 603 929 594 929 630 929 1317 930 1328 930 1330 930 609 931 595 931 601 931 1726 932 1732 932 1736 932 1334 933 1330 933 1328 933 2167 934 2140 934 2165 934 1336 935 1337 935 1338 935 1336 936 1338 936 1339 936 1336 937 1339 937 1340 937 1336 938 1340 938 1341 938 1336 939 1341 939 1342 939 1336 940 1342 940 1343 940 1751 941 1729 941 1744 941 1345 942 1346 942 1347 942 1345 943 1347 943 1348 943 1345 944 1348 944 1349 944 1345 945 1349 945 1350 945 1345 946 1350 946 1351 946 1345 947 1351 947 1352 947 1339 948 1341 948 1340 948 1349 949 1348 949 1355 949 1326 950 1343 950 1353 950 1339 951 1353 951 1343 951 961 952 913 952 917 952 1355 953 1345 953 1354 953 1357 954 1358 954 1359 954 1360 955 1358 955 1361 955 1362 956 1358 956 1363 956 1363 957 1358 957 1364 957 1366 958 1367 958 1368 958 1368 959 1367 959 1369 959 1369 960 1367 960 1370 960 1371 961 1367 961 1372 961 1372 962 1367 962 1373 962 1376 963 1374 963 1371 963 892 964 893 964 894 964 1368 965 1344 965 1370 965 1370 966 1344 966 1335 966 1335 967 1356 967 1338 967 1338 968 1356 968 1359 968 1338 969 1359 969 1340 969 1340 970 1359 970 1361 970 1340 971 1361 971 1342 971 1342 972 1361 972 1363 972 1342 973 1363 973 1344 973 1344 974 1363 974 1365 974 1344 975 1365 975 1347 975 1347 976 1365 976 1368 976 1347 977 1368 977 1349 977 1349 978 1368 978 1370 978 1349 979 1370 979 1351 979 1351 980 1370 980 1372 980 1351 981 1372 981 1335 981 1335 982 1372 982 1356 982 603 983 594 983 596 983 1389 984 1391 984 1392 984 1390 985 1344 985 1385 985 1390 986 1385 986 1391 986 1391 987 1385 987 1387 987 1391 988 1387 988 1392 988 1392 989 1387 989 1344 989 1392 990 1344 990 1390 990 863 991 857 991 862 991 1393 992 1398 992 1394 992 1399 993 1370 993 1396 993 1399 994 1396 994 1398 994 1398 995 1396 995 1395 995 1395 996 1370 996 1399 996 1400 997 1401 997 1404 997 1402 998 1400 998 1405 998 1405 999 1400 999 1404 999 1403 1000 1402 1000 1407 1000 1407 1001 1402 1001 1406 1001 1401 1002 1403 1002 1407 1002 1400 1003 1402 1003 1408 1003 1400 1004 1408 1004 1401 1004 1402 1005 1403 1005 1408 1005 1403 1006 1409 1006 1406 1006 1403 1007 1406 1007 1408 1007 1408 1008 1406 1008 1405 1008 1408 1009 1405 1009 1409 1009 1408 1010 1409 1010 1401 1010 1401 1011 1409 1011 1403 1011 1410 1012 1411 1012 1412 1012 1412 1013 1411 1013 1413 1013 1412 1014 1413 1014 1414 1014 1414 1015 1413 1015 1415 1015 1414 1016 1415 1016 1410 1016 1410 1017 1415 1017 1411 1017 696 1018 695 1018 688 1018 1414 1019 1417 1019 1412 1019 1306 1020 1310 1020 1312 1020 1723 1021 1717 1021 1722 1021 1418 1022 1413 1022 1411 1022 701 1023 698 1023 699 1023 1731 1024 1724 1024 1730 1024 1421 1025 1423 1025 1424 1025 1623 1026 1626 1026 1627 1026 1421 1027 1424 1027 1426 1027 829 1028 803 1028 816 1028 1444 1029 1425 1029 1424 1029 1551 1030 1525 1030 1533 1030 1441 1031 1424 1031 1429 1031 731 1032 710 1032 702 1032 722 1033 703 1033 702 1033 1450 1034 1436 1034 1423 1034 1449 1035 1423 1035 1434 1035 1452 1036 1435 1036 1423 1036 1644 1037 1630 1037 1633 1037 1448 1038 1434 1038 1422 1038 1552 1039 1537 1039 1525 1039 819 1040 809 1040 801 1040 1556 1041 1533 1041 1525 1041 717 1042 700 1042 706 1042 1541 1043 1523 1043 1530 1043 818 1044 806 1044 809 1044 1539 1045 1524 1045 1531 1045 1437 1046 1426 1046 1438 1046 1455 1047 1454 1047 1440 1047 1455 1048 1440 1048 1448 1048 1452 1049 1444 1049 1432 1049 1432 1050 1444 1050 1442 1050 1432 1051 1442 1051 1455 1051 1455 1052 1442 1052 1454 1052 1456 1053 1457 1053 1458 1053 1458 1054 1459 1054 1460 1054 1458 1055 1460 1055 1420 1055 1439 1056 1474 1056 1466 1056 1468 1057 1427 1057 1439 1057 748 1058 706 1058 717 1058 1541 1059 1576 1059 1567 1059 710 1060 733 1060 740 1060 1458 1061 1451 1061 1436 1061 712 1062 741 1062 736 1062 1665 1063 1650 1063 1639 1063 1443 1064 1470 1064 1472 1064 1674 1065 1634 1065 1646 1065 1466 1066 1419 1066 1467 1066 1466 1067 1467 1067 1468 1067 1468 1068 1467 1068 1469 1068 1469 1069 1467 1069 1470 1069 1963 1070 1964 1070 1962 1070 1419 1071 1429 1071 1474 1071 1559 1072 1550 1072 1532 1072 1429 1073 1466 1073 1474 1073 1562 1074 1553 1074 1537 1074 1469 1075 1430 1075 1443 1075 719 1076 747 1076 749 1076 1940 1077 1968 1077 1962 1077 1028 1078 1046 1078 1042 1078 1640 1079 1662 1079 1664 1079 739 1080 728 1080 712 1080 1493 1081 1476 1081 1466 1081 1466 1082 1476 1082 1477 1082 1477 1083 1492 1083 1460 1083 1477 1084 1460 1084 1493 1084 1493 1085 1460 1085 1476 1085 1460 1086 1466 1086 1479 1086 1479 1087 1466 1087 1477 1087 1479 1088 1477 1088 1480 1088 1480 1089 1477 1089 1478 1089 1480 1090 1478 1090 1460 1090 1460 1091 1478 1091 1466 1091 1915 1092 1917 1092 1922 1092 1986 1093 1988 1093 1984 1093 1417 1094 1415 1094 1413 1094 1420 1095 1433 1095 1422 1095 955 1096 957 1096 956 1096 1329 1097 1376 1097 1371 1097 1482 1098 1483 1098 1481 1098 1481 1099 1483 1099 1482 1099 1484 1100 1487 1100 1489 1100 669 1101 653 1101 663 1101 1476 1102 1479 1102 1492 1102 1486 1103 1492 1103 1490 1103 1486 1104 1490 1104 1487 1104 1487 1105 1490 1105 1491 1105 1487 1106 1491 1106 1489 1106 1489 1107 1491 1107 1492 1107 1489 1108 1492 1108 1486 1108 1485 1109 1490 1109 1492 1109 1498 1110 1497 1110 1496 1110 1493 1111 1497 1111 1494 1111 1499 1112 1493 1112 1495 1112 1499 1113 1495 1113 1500 1113 1500 1114 1495 1114 1496 1114 1500 1115 1496 1115 1501 1115 1501 1116 1496 1116 1493 1116 1501 1117 1493 1117 1499 1117 1500 1118 1501 1118 1498 1118 1811 1119 1807 1119 1806 1119 1505 1120 1503 1120 1504 1120 1509 1121 1502 1121 1507 1121 678 1122 682 1122 680 1122 1508 1123 1503 1123 1509 1123 1502 1124 1506 1124 1510 1124 1502 1125 1510 1125 1504 1125 1503 1126 1505 1126 1506 1126 1506 1127 1508 1127 1509 1127 1506 1128 1509 1128 1510 1128 1510 1129 1509 1129 1507 1129 1510 1130 1507 1130 1508 1130 1510 1131 1508 1131 1505 1131 1505 1132 1508 1132 1506 1132 1511 1133 1518 1133 1512 1133 1518 1134 1516 1134 1517 1134 691 1135 692 1135 690 1135 1512 1136 1513 1136 1511 1136 685 1137 684 1137 683 1137 1234 1138 1247 1138 1236 1138 1615 1139 1613 1139 1614 1139 1042 1140 1004 1140 1040 1140 1503 1141 1508 1141 1504 1141 796 1142 792 1142 798 1142 1519 1143 1512 1143 1518 1143 906 1144 907 1144 905 1144 1524 1145 1525 1145 1526 1145 1826 1146 1823 1146 1824 1146 1542 1147 1529 1147 1523 1147 714 1148 707 1148 701 1148 1331 1149 1318 1149 1325 1149 1548 1150 1532 1150 1524 1150 1548 1151 1536 1151 1534 1151 1550 1152 1525 1152 1532 1152 728 1153 702 1153 712 1153 821 1154 804 1154 808 1154 830 1155 815 1155 803 1155 716 1156 706 1156 701 1156 817 1157 801 1157 810 1157 724 1158 708 1158 710 1158 1954 1159 1939 1159 1928 1159 1655 1160 1638 1160 1637 1160 723 1161 701 1161 703 1161 1653 1162 1627 1162 1641 1162 725 1163 713 1163 701 1163 1647 1164 1628 1164 1626 1164 627 1165 628 1165 621 1165 1556 1166 1538 1166 1555 1166 1556 1167 1555 1167 1552 1167 1522 1168 1561 1168 1557 1168 1557 1169 1561 1169 1558 1169 1557 1170 1558 1170 1559 1170 1559 1171 1558 1171 1560 1171 1559 1172 1560 1172 1561 1172 1559 1173 1561 1173 1522 1173 1559 1174 1563 1174 1536 1174 1547 1175 1558 1175 1561 1175 840 1176 831 1176 815 1176 1639 1177 1666 1177 1658 1177 843 1178 829 1178 816 1178 738 1179 726 1179 709 1179 1574 1180 1527 1180 1546 1180 2080 1181 2041 1181 2057 1181 1533 1182 1566 1182 1559 1182 715 1183 744 1183 748 1183 1431 1184 1463 1184 1456 1184 736 1185 727 1185 713 1185 1571 1186 1521 1186 1567 1186 1567 1187 1521 1187 1568 1187 1569 1188 1568 1188 1570 1188 1569 1189 1570 1189 1571 1189 1571 1190 1570 1190 1521 1190 1543 1191 1571 1191 1567 1191 1529 1192 1570 1192 1575 1192 724 1193 734 1193 742 1193 1572 1194 1531 1194 1539 1194 1539 1195 1568 1195 1573 1195 745 1196 707 1196 715 1196 709 1197 742 1197 734 1197 746 1198 703 1198 723 1198 713 1199 735 1199 738 1199 838 1200 826 1200 814 1200 854 1201 809 1201 818 1201 721 1202 750 1202 746 1202 1577 1203 1578 1203 1579 1203 1579 1204 1578 1204 1580 1204 1579 1205 1580 1205 1581 1205 1581 1206 1580 1206 1582 1206 1581 1207 1582 1207 1577 1207 1577 1208 1582 1208 1578 1208 1561 1209 1577 1209 1584 1209 1584 1210 1577 1210 1579 1210 1584 1211 1579 1211 1585 1211 1585 1212 1579 1212 1583 1212 1585 1213 1583 1213 1580 1213 1580 1214 1583 1214 1582 1214 1582 1215 1583 1215 1571 1215 1561 1216 1571 1216 1577 1216 1540 1217 1556 1217 1548 1217 1586 1218 1588 1218 1587 1218 1587 1219 1588 1219 1586 1219 1594 1220 1590 1220 1589 1220 1593 1221 1594 1221 1595 1221 1595 1222 1594 1222 1591 1222 1590 1223 1580 1223 1589 1223 1589 1224 1595 1224 1592 1224 1592 1225 1595 1225 1580 1225 1592 1226 1580 1226 1590 1226 1598 1227 1596 1227 1597 1227 1599 1228 1601 1228 1597 1228 1597 1229 1601 1229 1602 1229 1597 1230 1602 1230 1577 1230 1577 1231 1602 1231 1600 1231 1598 1232 1577 1232 1603 1232 1603 1233 1577 1233 1596 1233 1601 1234 1603 1234 1596 1234 1607 1235 1606 1235 1604 1235 1609 1236 1605 1236 1608 1236 1609 1237 1604 1237 1605 1237 1610 1238 1604 1238 1611 1238 1610 1239 1605 1239 1604 1239 1604 1240 1606 1240 1611 1240 1609 1241 1607 1241 1604 1241 1608 1242 1611 1242 1612 1242 1609 1243 1610 1243 1607 1243 1607 1244 1610 1244 1611 1244 1607 1245 1611 1245 1608 1245 1613 1246 1615 1246 1616 1246 1617 1247 1618 1247 1614 1247 1617 1248 1614 1248 1613 1248 1322 1249 1315 1249 1321 1249 1843 1250 1874 1250 1878 1250 1616 1251 1621 1251 1613 1251 992 1252 986 1252 988 1252 1722 1253 1721 1253 1715 1253 1515 1254 1554 1254 1544 1254 590 1255 587 1255 591 1255 685 1256 680 1256 679 1256 802 1257 799 1257 800 1257 1624 1258 1625 1258 1626 1258 1626 1259 1625 1259 1627 1259 800 1260 804 1260 803 1260 704 1261 698 1261 747 1261 1645 1262 1630 1262 1656 1262 1596 1263 1600 1263 1599 1263 1641 1264 1627 1264 1625 1264 1649 1265 1625 1265 1638 1265 2049 1266 2037 1266 2034 1266 820 1267 804 1267 807 1267 835 1268 811 1268 802 1268 1031 1269 1019 1269 1006 1269 824 1270 802 1270 813 1270 1654 1271 1637 1271 1640 1271 2056 1272 2041 1272 2036 1272 828 1273 816 1273 803 1273 1851 1274 1838 1274 1826 1274 1857 1275 1835 1275 1827 1275 1854 1276 1827 1276 1839 1276 1949 1277 1931 1277 1930 1277 1022 1278 1010 1278 1009 1278 823 1279 804 1279 805 1279 1852 1280 1827 1280 1838 1280 719 1281 702 1281 704 1281 825 1282 814 1282 802 1282 1840 1283 1834 1283 1833 1283 1612 1284 1606 1284 1605 1284 1657 1285 1656 1285 1630 1285 1657 1286 1630 1286 1651 1286 1636 1287 1643 1287 1629 1287 1450 1288 1438 1288 1426 1288 1440 1289 1450 1289 1448 1289 1655 1290 1656 1290 1657 1290 1623 1291 1662 1291 1658 1291 1658 1292 1662 1292 1659 1292 1658 1293 1659 1293 1660 1293 1660 1294 1662 1294 1623 1294 1659 1295 1662 1295 1649 1295 1672 1296 1628 1296 1648 1296 630 1297 618 1297 604 1297 646 1298 599 1298 613 1298 1835 1299 1868 1299 1864 1299 1645 1300 1671 1300 1674 1300 1131 1301 1156 1301 1159 1301 1125 1302 1162 1302 1154 1302 1644 1303 1669 1303 1675 1303 1841 1304 1872 1304 1879 1304 1670 1305 1669 1305 1671 1305 1670 1306 1671 1306 1672 1306 1672 1307 1671 1307 1668 1307 1845 1308 1874 1308 1876 1308 1646 1309 1677 1309 1672 1309 1948 1310 1974 1310 1978 1310 1867 1311 1854 1311 1839 1311 847 1312 808 1312 821 1312 2047 1313 2076 1313 2071 1313 821 1314 850 1314 852 1314 816 1315 841 1315 842 1315 823 1316 856 1316 851 1316 1678 1317 1679 1317 1680 1317 1678 1318 1680 1318 1681 1318 1681 1319 1680 1319 1682 1319 1682 1320 1680 1320 1662 1320 1662 1321 1668 1321 1683 1321 1683 1322 1668 1322 1678 1322 1683 1323 1678 1323 1684 1323 1684 1324 1678 1324 1681 1324 1684 1325 1681 1325 1662 1325 1662 1326 1681 1326 1668 1326 1769 1327 1781 1327 1768 1327 1691 1328 1689 1328 1692 1328 1691 1329 1680 1329 1695 1329 1691 1330 1695 1330 1690 1330 1690 1331 1695 1331 1694 1331 1694 1332 1695 1332 1696 1332 1694 1333 1696 1333 1691 1333 1691 1334 1696 1334 1680 1334 1690 1335 1689 1335 1691 1335 1702 1336 1699 1336 1701 1336 1702 1337 1701 1337 1697 1337 1698 1338 1682 1338 1700 1338 1701 1339 1700 1339 1703 1339 1701 1340 1703 1340 1698 1340 1698 1341 1703 1341 1682 1341 1697 1342 1703 1342 1700 1342 1706 1343 1705 1343 1708 1343 1707 1344 1706 1344 1710 1344 1710 1345 1706 1345 1708 1345 777 1346 778 1346 781 1346 1707 1347 1710 1347 1704 1347 1704 1348 1705 1348 1707 1348 783 1349 782 1349 780 1349 1707 1350 1711 1350 1712 1350 1707 1351 1712 1351 1706 1351 1706 1352 1712 1352 1705 1352 1705 1353 1712 1353 1709 1353 1705 1354 1709 1354 1711 1354 1705 1355 1711 1355 1707 1355 1715 1356 1716 1356 1717 1356 1817 1357 1819 1357 1818 1357 1717 1358 1718 1358 1720 1358 2126 1359 2131 1359 2125 1359 1720 1360 1722 1360 1715 1360 1331 1361 1353 1361 1339 1361 1807 1362 1811 1362 1809 1362 920 1363 895 1363 896 1363 596 1364 593 1364 597 1364 908 1365 909 1365 907 1365 1727 1366 1728 1366 1726 1366 1729 1367 1730 1367 1728 1367 919 1368 911 1368 914 1368 920 1369 913 1369 911 1369 2155 1370 2145 1370 2142 1370 1742 1371 1726 1371 1740 1371 1742 1372 1738 1372 1726 1372 1754 1373 1729 1373 1752 1373 1744 1374 1745 1374 1746 1374 1744 1375 1746 1375 1747 1375 1744 1376 1747 1376 1748 1376 1744 1377 1748 1377 1749 1377 1744 1378 1749 1378 1750 1378 1744 1379 1750 1379 1751 1379 1346 1380 1320 1380 1344 1380 1753 1381 1754 1381 1755 1381 1753 1382 1755 1382 1756 1382 1753 1383 1756 1383 1757 1383 1753 1384 1757 1384 1758 1384 1753 1385 1758 1385 1759 1385 1728 1386 1773 1386 1772 1386 1729 1387 1735 1387 1744 1387 1704 1388 1708 1388 1705 1388 1746 1389 1745 1389 1761 1389 796 1390 797 1390 793 1390 1325 1391 1354 1391 1345 1391 921 1392 930 1392 928 1392 1764 1393 1765 1393 1766 1393 1767 1394 1765 1394 1768 1394 1768 1395 1765 1395 1769 1395 1770 1396 1765 1396 1771 1396 1343 1397 1320 1397 1336 1397 1773 1398 1774 1398 1775 1398 1775 1399 1774 1399 1776 1399 1776 1400 1774 1400 1777 1400 1777 1401 1774 1401 1778 1401 1778 1402 1774 1402 1779 1402 1337 1403 1316 1403 1335 1403 1777 1404 1778 1404 1780 1404 1736 1405 1765 1405 1781 1405 919 1406 963 1406 960 1406 1763 1407 1783 1407 1748 1407 1763 1408 1748 1408 1772 1408 1772 1409 1748 1409 1782 1409 1772 1410 1782 1410 1777 1410 1777 1411 1782 1411 1783 1411 1777 1412 1783 1412 1763 1412 1777 1413 1775 1413 1772 1413 1783 1414 1759 1414 1743 1414 656 1415 651 1415 629 1415 1743 1416 1763 1416 1746 1416 1746 1417 1763 1417 1766 1417 1746 1418 1766 1418 1748 1418 1748 1419 1766 1419 1768 1419 1748 1420 1768 1420 1750 1420 1750 1421 1768 1421 1770 1421 1750 1422 1770 1422 1752 1422 1752 1423 1770 1423 1772 1423 1752 1424 1772 1424 1755 1424 1755 1425 1772 1425 1775 1425 1755 1426 1775 1426 1757 1426 1757 1427 1775 1427 1777 1427 1757 1428 1777 1428 1759 1428 1759 1429 1777 1429 1779 1429 1759 1430 1779 1430 1743 1430 1743 1431 1779 1431 1763 1431 1803 1432 1804 1432 1763 1432 1791 1433 1782 1433 1797 1433 1791 1434 1797 1434 1793 1434 1793 1435 1797 1435 1796 1435 1796 1436 1797 1436 1798 1436 1796 1437 1798 1437 1782 1437 1796 1438 1782 1438 1791 1438 1800 1439 1799 1439 1804 1439 1803 1440 1802 1440 1805 1440 1805 1441 1802 1441 1799 1441 1802 1442 1763 1442 1804 1442 1804 1443 1805 1443 1800 1443 1800 1444 1805 1444 1763 1444 1800 1445 1763 1445 1802 1445 1806 1446 1810 1446 1808 1446 1810 1447 1809 1447 1808 1447 1808 1448 1809 1448 1813 1448 1812 1449 1808 1449 1813 1449 1809 1450 1810 1450 1807 1450 1795 1451 1798 1451 1794 1451 1810 1452 1813 1452 1807 1452 1807 1453 1813 1453 1814 1453 1807 1454 1814 1454 1806 1454 1806 1455 1814 1455 1812 1455 1806 1456 1812 1456 1810 1456 1815 1457 1816 1457 1817 1457 1815 1458 1817 1458 1818 1458 1196 1459 1202 1459 1195 1459 1819 1460 1815 1460 1821 1460 2132 1461 2131 1461 2130 1461 1817 1462 1816 1462 1822 1462 1821 1463 1816 1463 1820 1463 1520 1464 1516 1464 1511 1464 1335 1465 1361 1465 1370 1465 1822 1466 1820 1466 1817 1466 1825 1467 1826 1467 1827 1467 1825 1468 1827 1468 1828 1468 1844 1469 1830 1469 1828 1469 2061 1470 2035 1470 2043 1470 1841 1471 1825 1471 1832 1471 1850 1472 1826 1472 1837 1472 1128 1473 1115 1473 1110 1473 1228 1474 1221 1474 1216 1474 1847 1475 1825 1475 1829 1475 1849 1476 1837 1476 1826 1476 1038 1477 1009 1477 1005 1477 1951 1478 1928 1478 1937 1478 1845 1479 1828 1479 1830 1479 1855 1480 1836 1480 1827 1480 1020 1481 1012 1481 1005 1481 1853 1482 1839 1482 1827 1482 2057 1483 2034 1483 2041 1483 1941 1484 1934 1484 1927 1484 1024 1485 1014 1485 1008 1485 1947 1486 1935 1486 1930 1486 1026 1487 1013 1487 1008 1487 1945 1488 1933 1488 1927 1488 861 1489 847 1489 860 1489 1853 1490 1852 1490 1851 1490 837 1491 859 1491 865 1491 1860 1492 1842 1492 1849 1492 1849 1493 1842 1493 1859 1493 1849 1494 1859 1494 1851 1494 1851 1495 1859 1495 1834 1495 1851 1496 1834 1496 1853 1496 1853 1497 1834 1497 1858 1497 1853 1498 1858 1498 1855 1498 1855 1499 1858 1499 1846 1499 1855 1500 1846 1500 1857 1500 1857 1501 1846 1501 1844 1501 1857 1502 1844 1502 1860 1502 1860 1503 1844 1503 1842 1503 1862 1504 1863 1504 1864 1504 1864 1505 1863 1505 1865 1505 1864 1506 1865 1506 1861 1506 1864 1507 1861 1507 1824 1507 1865 1508 1852 1508 1869 1508 1876 1509 1829 1509 1847 1509 1864 1510 1852 1510 1838 1510 1838 1511 1863 1511 1866 1511 1877 1512 1832 1512 1841 1512 1839 1513 1869 1513 1864 1513 1975 1514 1935 1514 1948 1514 1864 1515 1856 1515 1836 1515 1840 1516 1874 1516 1877 1516 1939 1517 1963 1517 1966 1517 1871 1518 1823 1518 1872 1518 1871 1519 1872 1519 1873 1519 1873 1520 1872 1520 1874 1520 1873 1521 1874 1521 1875 1521 1875 1522 1874 1522 1871 1522 1871 1523 1874 1523 1823 1523 1848 1524 1863 1524 1861 1524 1814 1525 1811 1525 1812 1525 1977 1526 1934 1526 1942 1526 1951 1527 1962 1527 1968 1527 1875 1528 1833 1528 1840 1528 1847 1529 1880 1529 1875 1529 1045 1530 1030 1530 1016 1530 1964 1531 1958 1531 1936 1531 606 1532 632 1532 634 1532 1881 1533 1882 1533 1883 1533 1881 1534 1861 1534 1882 1534 881 1535 886 1535 884 1535 1882 1536 1886 1536 1885 1536 1895 1537 1882 1537 1896 1537 1898 1538 1895 1538 1892 1538 1898 1539 1892 1539 1899 1539 1899 1540 1892 1540 1897 1540 1897 1541 1892 1541 1882 1541 1191 1542 1169 1542 1187 1542 1891 1543 1899 1543 1897 1543 1881 1544 1883 1544 1886 1544 1900 1545 1901 1545 1904 1545 1903 1546 1902 1546 1906 1546 1906 1547 1902 1547 1904 1547 1906 1548 1904 1548 1905 1548 1901 1549 1881 1549 1907 1549 1901 1550 1907 1550 1902 1550 1902 1551 1907 1551 1900 1551 1906 1552 1900 1552 1907 1552 1900 1553 1906 1553 1905 1553 1911 1554 1909 1554 1908 1554 1912 1555 1909 1555 1911 1555 1912 1556 1910 1556 1909 1556 1912 1557 1908 1557 1910 1557 1913 1558 1909 1558 1910 1558 1912 1559 1913 1559 1908 1559 1908 1560 1913 1560 1911 1560 1911 1561 1910 1561 1914 1561 1911 1562 1914 1562 1912 1562 988 1563 989 1563 987 1563 1921 1564 1916 1564 1915 1564 1410 1565 1418 1565 1416 1565 1922 1566 1923 1566 1915 1566 1352 1567 1316 1567 1345 1567 1921 1568 1924 1568 1917 1568 1306 1569 1307 1569 1305 1569 1728 1570 1771 1570 1765 1570 1338 1571 1368 1571 1361 1571 1358 1572 1362 1572 1361 1572 1898 1573 1882 1573 1895 1573 1725 1574 1726 1574 1724 1574 1927 1575 1928 1575 1929 1575 1927 1576 1929 1576 1930 1576 1007 1577 1003 1577 1008 1577 1931 1578 1927 1578 1930 1578 2058 1579 2044 1579 2046 1579 1948 1580 1930 1580 1935 1580 1131 1581 1113 1581 1117 1581 1554 1582 1535 1582 1525 1582 2054 1583 2042 1583 2036 1583 1959 1584 1937 1584 1929 1584 2055 1585 2036 1585 2042 1585 1652 1586 1636 1586 1635 1586 610 1587 595 1587 600 1587 2060 1588 2043 1588 2035 1588 1955 1589 1929 1589 1939 1589 1957 1590 1936 1590 1929 1590 1956 1591 1929 1591 1938 1591 1953 1592 1928 1592 1940 1592 2053 1593 2036 1593 2039 1593 1133 1594 1110 1594 1116 1594 1958 1595 1929 1595 1936 1595 2052 1596 2038 1596 2040 1596 1025 1597 1008 1597 1014 1597 1919 1598 1952 1598 1951 1598 1952 1599 1945 1599 1954 1599 1954 1600 1945 1600 1943 1600 1960 1601 1943 1601 1941 1601 1960 1602 1941 1602 1957 1602 1957 1603 1941 1603 1949 1603 1957 1604 1949 1604 1959 1604 1959 1605 1949 1605 1947 1605 1926 1606 1961 1606 1962 1606 1962 1607 1961 1607 1963 1607 1964 1608 1965 1608 1926 1608 1926 1609 1965 1609 1961 1609 1937 1610 1926 1610 1962 1610 1961 1611 1969 1611 1951 1611 1956 1612 1967 1612 1965 1612 1041 1613 1032 1613 1019 1613 704 1614 743 1614 752 1614 1936 1615 1967 1615 1964 1615 2057 1616 2078 1616 2084 1616 2082 1617 2042 1617 2055 1617 1942 1618 1972 1618 1976 1618 1229 1619 1261 1619 1263 1619 1976 1620 1932 1620 1944 1620 2084 1621 2037 1621 2050 1621 2071 1622 2065 1622 2048 1622 1971 1623 1925 1623 1972 1623 1973 1624 1974 1624 1975 1624 1950 1625 1973 1625 1978 1625 938 1626 937 1626 943 1626 1961 1627 1982 1627 1986 1627 2048 1628 2069 1628 2073 1628 2073 1629 2063 1629 2047 1629 1978 1630 1931 1630 1950 1630 2071 1631 2061 1631 2043 1631 2045 1632 2070 1632 2072 1632 1535 1633 1561 1633 1562 1633 1047 1634 1034 1634 1018 1634 1258 1635 1222 1635 1235 1635 2043 1636 2075 1636 2069 1636 1119 1637 1148 1637 1150 1637 1981 1638 1982 1638 1983 1638 1981 1639 1983 1639 1984 1639 1984 1640 1983 1640 1985 1640 1985 1641 1983 1641 1986 1641 1271 1642 1248 1642 1269 1642 1986 1643 1984 1643 1987 1643 1986 1644 1987 1644 1971 1644 1986 1645 1971 1645 1961 1645 733 1646 699 1646 736 1646 1933 1647 1972 1647 1925 1647 2012 1648 2013 1648 2007 1648 1997 1649 1983 1649 1999 1649 1999 1650 1983 1650 2003 1650 1999 1651 2003 1651 2001 1651 2001 1652 2003 1652 2004 1652 2001 1653 2004 1653 1997 1653 1997 1654 2004 1654 1983 1654 2003 1655 1983 1655 2000 1655 2008 1656 2010 1656 2012 1656 2005 1657 2010 1657 2009 1657 2011 1658 2008 1658 2013 1658 2013 1659 2008 1659 2006 1659 2005 1660 2007 1660 1985 1660 1985 1661 2007 1661 2006 1661 2017 1662 2015 1662 2014 1662 2021 1663 2014 1663 2015 1663 2020 1664 2015 1664 2016 1664 2014 1665 2022 1665 2017 1665 2015 1666 2017 1666 2018 1666 756 1667 759 1667 743 1667 2016 1668 2015 1668 2022 1668 2022 1669 2015 1669 2018 1669 2022 1670 2020 1670 2019 1670 2022 1671 2019 1671 2017 1671 2017 1672 2019 1672 2021 1672 2017 1673 2021 1673 2018 1673 2018 1674 2021 1674 2020 1674 2018 1675 2020 1675 2022 1675 2023 1676 2028 1676 2024 1676 2023 1677 2024 1677 2025 1677 2025 1678 2024 1678 2026 1678 2025 1679 2026 1679 2027 1679 2027 1680 2026 1680 2028 1680 2027 1681 2028 1681 2023 1681 2027 1682 2023 1682 2030 1682 1861 1683 1886 1683 1882 1683 698 1684 746 1684 747 1684 1053 1685 1054 1685 1052 1685 2031 1686 2024 1686 2028 1686 837 1687 863 1687 858 1687 1208 1688 1206 1688 1210 1688 1471 1689 1428 1689 1437 1689 1318 1690 1315 1690 1316 1690 2034 1691 2035 1691 2036 1691 1420 1692 1421 1692 1419 1692 2036 1693 2032 1693 2039 1693 1028 1694 1006 1694 1015 1694 1137 1695 1121 1695 1111 1695 2066 1696 2046 1696 2036 1696 1242 1697 1225 1697 1217 1697 2063 1698 2036 1698 2047 1698 1030 1699 1006 1699 1016 1699 2065 1700 2036 1700 2048 1700 1029 1701 1016 1701 1006 1701 608 1702 601 1702 595 1702 2064 1703 2048 1703 2036 1703 2059 1704 2035 1704 2045 1704 1543 1705 1526 1705 1529 1705 2062 1706 2047 1706 2035 1706 1140 1707 1112 1707 1123 1707 1642 1708 1624 1708 1632 1708 2152 1709 2138 1709 2145 1709 1027 1710 1005 1710 1013 1710 1126 1711 1114 1711 1110 1711 1138 1712 1112 1712 1121 1712 2060 1713 2051 1713 2062 1713 2062 1714 2051 1714 2067 1714 2062 1715 2049 1715 2064 1715 2038 1716 2066 1716 2054 1716 2071 1717 2068 1717 2033 1717 1005 1718 1010 1718 1003 1718 2065 1719 2074 1719 2068 1719 2039 1720 2083 1720 2078 1720 2055 1721 2085 1721 2080 1721 1025 1722 1060 1722 1054 1722 1044 1723 1036 1723 1017 1723 2052 1724 2078 1724 2083 1724 1057 1725 1009 1725 1022 1725 2058 1726 2072 1726 2070 1726 1121 1727 1146 1727 1149 1727 2079 1728 2040 1728 2052 1728 1018 1729 1049 1729 1041 1729 2077 1730 2032 1730 2078 1730 2077 1731 2078 1731 2079 1731 2079 1732 2078 1732 2080 1732 2080 1733 2078 1733 2081 1733 2080 1734 2081 1734 2077 1734 1999 1735 2001 1735 2000 1735 2085 1736 2042 1736 2081 1736 1225 1737 1257 1737 1251 1737 1127 1738 1155 1738 1160 1738 1532 1739 1558 1739 1563 1739 1546 1740 1568 1740 1572 1740 1027 1741 1053 1741 1056 1741 1015 1742 1048 1742 1044 1742 2069 1743 2059 1743 2045 1743 1224 1744 1256 1744 1249 1744 1019 1745 1043 1745 1045 1745 1017 1746 1040 1746 1047 1746 2087 1747 2089 1747 2090 1747 2090 1748 2089 1748 2091 1748 2090 1749 2091 1749 2092 1749 2068 1750 2077 1750 2088 1750 2088 1751 2077 1751 2094 1751 2088 1752 2094 1752 2089 1752 2089 1753 2094 1753 2093 1753 2089 1754 2093 1754 2091 1754 2091 1755 2093 1755 2068 1755 2068 1756 2093 1756 2092 1756 2068 1757 2092 1757 2077 1757 1733 1758 1764 1758 1781 1758 929 1759 965 1759 926 1759 2107 1760 2091 1760 2105 1760 2105 1761 2091 1761 2101 1761 2105 1762 2101 1762 2106 1762 2106 1763 2101 1763 2104 1763 2106 1764 2104 1764 2107 1764 2107 1765 2104 1765 2091 1765 2106 1766 2107 1766 2103 1766 2112 1767 2111 1767 2110 1767 2108 1768 2112 1768 2109 1768 2113 1769 2108 1769 2114 1769 2114 1770 2108 1770 2111 1770 2112 1771 2087 1771 2109 1771 2110 1772 2109 1772 2115 1772 2110 1773 2115 1773 2112 1773 2112 1774 2115 1774 2087 1774 2114 1775 2109 1775 2087 1775 2122 1776 2117 1776 2120 1776 1568 1777 1569 1777 1567 1777 2116 1778 2123 1778 2121 1778 1418 1779 1412 1779 1417 1779 2117 1780 2123 1780 2119 1780 993 1781 988 1781 987 1781 2116 1782 2118 1782 2119 1782 2119 1783 2120 1783 2116 1783 2116 1784 2124 1784 2123 1784 2119 1785 2122 1785 2120 1785 2132 1786 2125 1786 2131 1786 1920 1787 1921 1787 1919 1787 902 1788 895 1788 901 1788 1169 1789 1193 1789 1189 1789 1738 1790 1732 1790 1730 1790 2133 1791 2131 1791 2134 1791 1737 1792 1780 1792 1779 1792 1522 1793 1523 1793 1521 1793 980 1794 984 1794 982 1794 2137 1795 2148 1795 2149 1795 1737 1796 1730 1796 1733 1796 1233 1797 1216 1797 1219 1797 1023 1798 1008 1798 1011 1798 1330 1799 1324 1799 1317 1799 2142 1800 2154 1800 2155 1800 2150 1801 2141 1801 2144 1801 2151 1802 2150 1802 2149 1802 2155 1803 2149 1803 2148 1803 2155 1804 2148 1804 2138 1804 1333 1805 1306 1805 1321 1805 2154 1806 2141 1806 2151 1806 2154 1807 2151 1807 2155 1807 2155 1808 2151 1808 2149 1808 2157 1809 2158 1809 2159 1809 2157 1810 2160 1810 2161 1810 2157 1811 2161 1811 2162 1811 1765 1812 1767 1812 1766 1812 2157 1813 2163 1813 2164 1813 1745 1814 1725 1814 1743 1814 2166 1815 2167 1815 2168 1815 2166 1816 2168 1816 2169 1816 2166 1817 2169 1817 2170 1817 2166 1818 2170 1818 2171 1818 2166 1819 2171 1819 2172 1819 2166 1820 2136 1820 2174 1820 2152 1821 2156 1821 2166 1821 2150 1822 2193 1822 2189 1822 1724 1823 1764 1823 1763 1823 2176 1824 2177 1824 2178 1824 2178 1825 2177 1825 2179 1825 929 1826 930 1826 927 1826 2180 1827 2177 1827 2181 1827 2181 1828 2177 1828 2182 1828 2182 1829 2177 1829 2183 1829 2183 1830 2177 1830 2184 1830 2184 1831 2177 1831 2139 1831 2186 1832 2185 1832 2187 1832 2188 1833 2185 1833 2189 1833 2189 1834 2185 1834 2190 1834 2190 1835 2185 1835 2191 1835 2194 1836 2186 1836 2184 1836 2192 1837 2179 1837 2180 1837 2193 1838 2186 1838 2189 1838 2194 1839 2156 1839 2195 1839 2195 1840 2156 1840 2163 1840 2195 1841 2163 1841 2184 1841 2184 1842 2163 1842 2170 1842 2184 1843 2170 1843 2194 1843 2194 1844 2170 1844 2156 1844 2220 1845 2217 1845 2218 1845 2180 1846 2178 1846 2195 1846 2170 1847 2163 1847 2165 1847 2156 1848 2175 1848 2159 1848 2159 1849 2175 1849 2178 1849 2159 1850 2178 1850 2161 1850 2161 1851 2178 1851 2180 1851 2161 1852 2180 1852 2163 1852 2163 1853 2180 1853 2182 1853 2163 1854 2182 1854 2165 1854 2165 1855 2182 1855 2184 1855 2165 1856 2184 1856 2168 1856 2168 1857 2184 1857 2186 1857 2168 1858 2186 1858 2170 1858 2170 1859 2186 1859 2188 1859 2170 1860 2188 1860 2172 1860 2172 1861 2188 1861 2190 1861 2172 1862 2190 1862 2156 1862 2156 1863 2190 1863 2175 1863 2200 1864 2202 1864 2201 1864 2170 1865 2200 1865 2204 1865 2205 1866 2203 1866 2204 1866 2170 1867 2206 1867 2200 1867 2200 1868 2206 1868 2202 1868 2202 1869 2206 1869 2207 1869 2202 1870 2207 1870 2170 1870 2205 1871 2206 1871 2170 1871 2213 1872 2211 1872 2208 1872 2203 1873 2207 1873 2206 1873 2214 1874 2209 1874 2211 1874 2210 1875 2194 1875 2215 1875 2210 1876 2215 1876 2208 1876 2213 1877 2208 1877 2194 1877 2213 1878 2194 1878 2210 1878 2217 1879 2216 1879 2219 1879 1046 1880 1004 1880 1041 1880 2216 1881 2217 1881 2222 1881 2222 1882 2217 1882 2221 1882 2218 1883 2216 1883 2222 1883 2214 1884 2208 1884 2215 1884 2218 1885 2223 1885 2216 1885 2218 1886 2219 1886 2223 1886 2219 1887 2220 1887 2222 1887 2219 1888 2222 1888 2223 1888 2223 1889 2222 1889 2221 1889 2223 1890 2221 1890 2216 1890 2216 1891 2221 1891 2219 1891 2219 1892 2221 1892 2220 1892 1386 1893 1389 1893 1385 1893 1389 1894 1388 1894 1387 1894 1385 1895 1389 1895 1387 1895 1385 1896 1344 1896 1384 1896 1344 1897 1388 1897 1384 1897 2135 1898 2144 1898 2177 1898 2177 1899 2143 1899 2139 1899 906 1900 916 1900 908 1900 908 1901 915 1901 910 1901 909 1902 955 1902 954 1902 1669 1903 1670 1903 1668 1903 2162 1904 2163 1904 2157 1904 972 1905 973 1905 977 1905 973 1906 971 1906 976 1906 971 1907 972 1907 976 1907 977 1908 975 1908 972 1908 1794 1909 1798 1909 1797 1909 1795 1910 1792 1910 1782 1910 1792 1911 1794 1911 1782 1911 1782 1912 1798 1912 1795 1912 2145 1913 2157 1913 2173 1913 1110 1914 1115 1914 1108 1914 1101 1915 1135 1915 1134 1915 1134 1916 1143 1916 1101 1916 1139 1917 1138 1917 1137 1917 1298 1918 1297 1918 1304 1918 684 1919 685 1919 681 1919 1558 1920 1550 1920 1560 1920 1550 1921 1566 1921 1560 1921 699 1922 710 1922 740 1922 740 1923 711 1923 736 1923 711 1924 739 1924 736 1924 739 1925 712 1925 736 1925 713 1926 738 1926 734 1926 738 1927 709 1927 734 1927 736 1928 699 1928 740 1928 2069 1929 2068 1929 2071 1929 1261 1930 1262 1930 1259 1930 2133 1931 2132 1931 2130 1931 697 1932 693 1932 695 1932 798 1933 792 1933 797 1933 692 1934 689 1934 690 1934 616 1935 603 1935 635 1935 1315 1936 1356 1936 1373 1936 1918 1937 1924 1937 1920 1937 1628 1938 1629 1938 1626 1938 1629 1939 1632 1939 1626 1939 1633 1940 1630 1940 1624 1940 1631 1941 1626 1941 1622 1941 1741 1942 1756 1942 1754 1942 1756 1943 1759 1943 1758 1943 1759 1944 1739 1944 1753 1944 1739 1945 1761 1945 1745 1945 1739 1946 1745 1946 1743 1946 1762 1947 1741 1947 1752 1947 1756 1948 1755 1948 1754 1948 1749 1949 1762 1949 1750 1949 1739 1950 1743 1950 1753 1950 1751 1951 1750 1951 1762 1951 1752 1952 1751 1952 1762 1952 1754 1953 1752 1953 1741 1953 1756 1954 1758 1954 1757 1954 769 1955 771 1955 768 1955 1711 1956 1709 1956 1704 1956 1449 1957 1464 1957 1459 1957 1457 1958 1449 1958 1459 1958 1464 1959 1451 1959 1459 1959 1451 1960 1465 1960 1459 1960 1465 1961 1453 1961 1459 1961 1459 1962 1453 1962 1460 1962 1446 1963 1463 1963 1457 1963 1460 1964 1446 1964 1457 1964 1668 1965 1681 1965 1682 1965 2212 1966 2209 1966 2215 1966 2209 1967 2214 1967 2215 1967 2214 1968 2212 1968 2194 1968 2194 1969 2208 1969 2214 1969 773 1970 771 1970 755 1970 771 1971 774 1971 755 1971 775 1972 774 1972 769 1972 755 1973 775 1973 773 1973 1701 1974 1698 1974 1697 1974 1729 1975 1735 1975 1731 1975 1731 1976 1734 1976 1725 1976 1863 1977 1862 1977 1824 1977 1095 1978 1094 1978 1097 1978 1312 1979 1308 1979 1306 1979 1924 1980 1921 1980 1923 1980 2127 1981 2134 1981 2129 1981 897 1982 899 1982 903 1982 1945 1983 1920 1983 1946 1983 1960 1984 1954 1984 1943 1984 1918 1985 1922 1985 1924 1985 1517 1986 1513 1986 1520 1986 1513 1987 1516 1987 1520 1987 1740 1988 1741 1988 1735 1988 2029 1989 2024 1989 2031 1989 1124 1990 1132 1990 1141 1990 896 1991 895 1991 908 1991 2142 1992 2141 1992 2139 1992 1240 1993 1215 1993 1232 1993 1918 1994 1917 1994 1915 1994 919 1995 947 1995 962 1995 1331 1996 1325 1996 1322 1996 1050 1997 1067 1997 1062 1997 1827 1998 1824 1998 1823 1998 942 1999 926 1999 906 1999 917 2000 913 2000 962 2000 2125 2001 2138 2001 2148 2001 690 2002 731 2002 720 2002 1306 2003 1305 2003 1318 2003 1143 2004 1141 2004 1132 2004 2152 2005 2172 2005 2174 2005 925 2006 922 2006 924 2006 1511 2007 1519 2007 1520 2007 1519 2008 1518 2008 1520 2008 1662 2009 1679 2009 1678 2009 788 2010 786 2010 790 2010 1714 2011 1716 2011 1715 2011 1311 2012 1314 2012 1310 2012 832 2013 825 2013 812 2013 1738 2014 1742 2014 1731 2014 897 2015 902 2015 904 2015 904 2016 901 2016 897 2016 2060 2017 2044 2017 2038 2017 1974 2018 1973 2018 1971 2018 588 2019 586 2019 591 2019 2135 2020 2175 2020 2191 2020 1104 2021 1103 2021 1101 2021 1068 2022 1040 2022 1064 2022 1068 2023 1064 2023 1062 2023 1088 2024 1084 2024 1086 2024 1367 2025 1366 2025 1365 2025 682 2026 684 2026 681 2026 1374 2027 1376 2027 1323 2027 1731 2028 1713 2028 1714 2028 1515 2029 1542 2029 1548 2029 1333 2030 1322 2030 1326 2030 1917 2031 1924 2031 1922 2031 2088 2032 2087 2032 2092 2032 1420 2033 1419 2033 1424 2033 1304 2034 1303 2034 1300 2034 822 2035 812 2035 830 2035 1457 2036 1459 2036 1458 2036 1619 2037 1617 2037 1620 2037 2146 2038 2153 2038 2164 2038 1002 2039 994 2039 1000 2039 994 2040 996 2040 1000 2040 1515 2041 1512 2041 1517 2041 1719 2042 1714 2042 1713 2042 1102 2043 1101 2043 1143 2043 2212 2044 2214 2044 2211 2044 1812 2045 1813 2045 1810 2045 1765 2046 1770 2046 1769 2046 1923 2047 1916 2047 1924 2047 1618 2048 1617 2048 1616 2048 1734 2049 1744 2049 1761 2049 1386 2050 1384 2050 1390 2050 1384 2051 1388 2051 1392 2051 1390 2052 1384 2052 1392 2052 1388 2053 1389 2053 1392 2053 1391 2054 1389 2054 1386 2054 1390 2055 1391 2055 1386 2055 1605 2056 1606 2056 1608 2056 757 2057 756 2057 755 2057 1920 2058 1919 2058 1917 2058 1519 2059 1511 2059 1513 2059 1318 2060 1320 2060 1319 2060 1512 2061 1515 2061 1514 2061 904 2062 899 2062 901 2062 590 2063 584 2063 592 2063 1460 2064 1457 2064 1456 2064 696 2065 689 2065 695 2065 1759 2066 1756 2066 1760 2066 1327 2067 1323 2067 1375 2067 2070 2068 2069 2068 2033 2068 2029 2069 2023 2069 2025 2069 2117 2070 2122 2070 2121 2070 1630 2071 1631 2071 1622 2071 734 2072 710 2072 699 2072 719 2073 749 2073 746 2073 749 2074 721 2074 746 2074 934 2075 941 2075 964 2075 1861 2076 1885 2076 1883 2076 2193 2077 2143 2077 2147 2077 1312 2078 1309 2078 1314 2078 1516 2079 1513 2079 1514 2079 1401 2080 1407 2080 1404 2080 2219 2081 2218 2081 2217 2081 991 2082 989 2082 988 2082 965 2083 951 2083 947 2083 921 2084 940 2084 943 2084 1925 2085 1971 2085 1975 2085 1064 2086 1040 2086 1065 2086 1301 2087 1300 2087 1303 2087 790 2088 784 2088 791 2088 2164 2089 2165 2089 2140 2089 2082 2090 2055 2090 2077 2090 1099 2091 1102 2091 1101 2091 1355 2092 1332 2092 1326 2092 696 2093 687 2093 697 2093 1513 2094 1517 2094 1519 2094 1986 2095 1982 2095 1981 2095 795 2096 797 2096 792 2096 2147 2097 2148 2097 2137 2097 1307 2098 1311 2098 1305 2098 1305 2099 1311 2099 1310 2099 785 2100 786 2100 788 2100 1621 2101 1615 2101 1614 2101 1885 2102 1861 2102 1881 2102 1101 2103 1102 2103 1128 2103 839 2104 838 2104 800 2104 1620 2105 1618 2105 1619 2105 1187 2106 1188 2106 1193 2106 1193 2107 1194 2107 1187 2107 2169 2108 2153 2108 2146 2108 2134 2109 2131 2109 2128 2109 1334 2110 1333 2110 1321 2110 2056 2111 2066 2111 2064 2111 1419 2112 1466 2112 1469 2112 1714 2113 1713 2113 1740 2113 1719 2114 1721 2114 1716 2114 894 2115 893 2115 888 2115 992 2116 987 2116 986 2116 955 2117 960 2117 959 2117 1248 2118 1250 2118 1249 2118 924 2119 921 2119 916 2119 585 2120 587 2120 590 2120 898 2121 897 2121 895 2121 994 2122 1002 2122 1001 2122 1002 2123 999 2123 1001 2123 592 2124 589 2124 590 2124 1302 2125 1304 2125 1296 2125 1319 2126 1365 2126 1364 2126 1520 2127 1518 2127 1517 2127 865 2128 864 2128 860 2128 592 2129 591 2129 587 2129 1314 2130 1309 2130 1313 2130 2036 2131 2033 2131 2032 2131 593 2132 602 2132 597 2132 1376 2133 1324 2133 1315 2133 1367 2134 1376 2134 1315 2134 1319 2135 1323 2135 1367 2135 1323 2136 1376 2136 1367 2136 1340 2137 1342 2137 1338 2137 1342 2138 1344 2138 1338 2138 603 2139 595 2139 594 2139 1446 2140 1455 2140 1422 2140 1439 2141 1440 2141 1421 2141 1443 2142 1444 2142 1424 2142 624 2143 625 2143 596 2143 625 2144 616 2144 603 2144 616 2145 617 2145 595 2145 1540 2146 1541 2146 1530 2146 1447 2147 1448 2147 1422 2147 618 2148 619 2148 595 2148 725 2149 726 2149 709 2149 1440 2150 1441 2150 1429 2150 1651 2151 1652 2151 1635 2151 1437 2152 1438 2152 1421 2152 1538 2153 1539 2153 1531 2153 621 2154 622 2154 607 2154 1549 2155 1548 2155 1524 2155 623 2156 624 2156 606 2156 721 2157 722 2157 702 2157 715 2158 716 2158 701 2158 1643 2159 1644 2159 1633 2159 1404 2160 1407 2160 1409 2160 623 2161 625 2161 624 2161 625 2162 617 2162 616 2162 619 2163 621 2163 620 2163 622 2164 621 2164 628 2164 1550 2165 1548 2165 1556 2165 1202 2166 1203 2166 1199 2166 1555 2167 1544 2167 1554 2167 624 2168 637 2168 632 2168 637 2169 616 2169 632 2169 632 2170 616 2170 629 2170 594 2171 603 2171 633 2171 606 2172 634 2172 630 2172 634 2173 607 2173 630 2173 1441 2174 1429 2174 1473 2174 602 2175 612 2175 639 2175 1462 2176 1460 2176 1453 2176 612 2177 602 2177 643 2177 1573 2178 1568 2178 1530 2178 644 2179 640 2179 601 2179 642 2180 647 2180 598 2180 607 2181 622 2181 636 2181 842 2182 841 2182 827 2182 618 2183 638 2183 631 2183 638 2184 620 2184 631 2184 620 2185 636 2185 631 2185 636 2186 622 2186 631 2186 622 2187 632 2187 631 2187 615 2188 644 2188 641 2188 642 2189 615 2189 641 2189 644 2190 609 2190 641 2190 609 2191 645 2191 641 2191 645 2192 610 2192 641 2192 610 2193 639 2193 641 2193 612 2194 646 2194 639 2194 646 2195 613 2195 642 2195 642 2196 639 2196 646 2196 593 2197 602 2197 648 2197 648 2198 600 2198 640 2198 647 2199 599 2199 640 2199 640 2200 599 2200 643 2200 643 2201 602 2201 593 2201 598 2202 647 2202 640 2202 615 2203 598 2203 640 2203 1445 2204 1425 2204 1467 2204 1529 2205 1543 2205 1567 2205 1563 2206 1558 2206 1549 2206 1436 2207 1451 2207 1464 2207 1547 2208 1535 2208 1557 2208 613 2209 599 2209 647 2209 717 2210 706 2210 752 2210 852 2211 850 2211 805 2211 1537 2212 1553 2212 1565 2212 1477 2213 1493 2213 1478 2213 809 2214 806 2214 801 2214 799 2215 807 2215 804 2215 810 2216 801 2216 804 2216 655 2217 629 2217 653 2217 1739 2218 1734 2218 1731 2218 664 2219 663 2219 662 2219 663 2220 666 2220 667 2220 666 2221 665 2221 667 2221 668 2222 666 2222 653 2222 666 2223 663 2223 653 2223 670 2224 671 2224 675 2224 671 2225 674 2225 673 2225 671 2226 673 2226 672 2226 1488 2227 1492 2227 1491 2227 1491 2228 1490 2228 1484 2228 1488 2229 1491 2229 1484 2229 674 2230 670 2230 673 2230 670 2231 649 2231 671 2231 674 2232 671 2232 677 2232 676 2233 670 2233 674 2233 677 2234 676 2234 674 2234 671 2235 649 2235 677 2235 1524 2236 1532 2236 1525 2236 1525 2237 1535 2237 1522 2237 1497 2238 1501 2238 1499 2238 1774 2239 1732 2239 1736 2239 679 2240 683 2240 684 2240 1572 2241 1539 2241 1569 2241 1539 2242 1573 2242 1567 2242 1569 2243 1539 2243 1567 2243 1569 2244 1574 2244 1546 2244 693 2245 687 2245 694 2245 2150 2246 2192 2246 2177 2246 1248 2247 1249 2247 1213 2247 1526 2248 1546 2248 1527 2248 1000 2249 997 2249 995 2249 639 2250 650 2250 656 2250 2035 2251 2034 2251 2032 2251 2138 2252 2137 2252 2135 2252 702 2253 698 2253 704 2253 702 2254 703 2254 701 2254 699 2255 710 2255 701 2255 710 2256 708 2256 701 2256 708 2257 709 2257 701 2257 701 2258 713 2258 702 2258 1529 2259 1526 2259 1521 2259 690 2260 725 2260 724 2260 690 2261 724 2261 731 2261 730 2262 729 2262 731 2262 732 2263 728 2263 712 2263 1842 2264 1843 2264 1831 2264 1739 2265 1742 2265 1727 2265 727 2266 732 2266 702 2266 1657 2267 1650 2267 1639 2267 1547 2268 1548 2268 1534 2268 1645 2269 1656 2269 1626 2269 612 2270 626 2270 597 2270 1629 2271 1642 2271 1632 2271 726 2272 725 2272 701 2272 1630 2273 1645 2273 1631 2273 1848 2274 1849 2274 1826 2274 822 2275 823 2275 805 2275 1656 2276 1646 2276 1634 2276 804 2277 817 2277 810 2277 827 2278 828 2278 803 2278 1136 2279 1137 2279 1111 2279 714 2280 723 2280 722 2280 718 2281 691 2281 719 2281 691 2282 720 2282 719 2282 720 2283 722 2283 721 2283 716 2284 718 2284 717 2284 715 2285 714 2285 716 2285 1919 2286 1920 2286 1945 2286 592 2287 588 2287 591 2287 1648 2288 1628 2288 1671 2288 2050 2289 2037 2289 2086 2289 711 2290 730 2290 737 2290 1635 2291 1652 2291 1665 2291 1054 2292 1060 2292 1013 2292 1663 2293 1661 2293 1652 2293 1638 2294 1649 2294 1667 2294 1649 2295 1638 2295 1658 2295 814 2296 826 2296 844 2296 820 2297 807 2297 855 2297 1154 2298 1164 2298 1144 2298 741 2299 728 2299 737 2299 737 2300 730 2300 733 2300 724 2301 742 2301 733 2301 742 2302 726 2302 733 2302 733 2303 726 2303 735 2303 727 2304 741 2304 737 2304 737 2305 735 2305 727 2305 715 2306 748 2306 745 2306 748 2307 717 2307 743 2307 748 2308 743 2308 745 2308 745 2309 746 2309 723 2309 1658 2310 1638 2310 1623 2310 1641 2311 1653 2311 1661 2311 2046 2312 2058 2312 2074 2312 1831 2313 1843 2313 1879 2313 1631 2314 1645 2314 1675 2314 749 2315 747 2315 705 2315 1660 2316 1667 2316 1654 2316 1664 2317 1662 2317 1653 2317 1673 2318 1671 2318 1632 2318 1946 2319 1933 2319 1980 2319 1670 2320 1676 2320 1633 2320 757 2321 758 2321 756 2321 754 2322 759 2322 755 2322 755 2323 759 2323 733 2323 1504 2324 1508 2324 1507 2324 2130 2325 2131 2325 2129 2325 921 2326 922 2326 908 2326 756 2327 743 2327 753 2327 743 2328 758 2328 753 2328 758 2329 757 2329 753 2329 1439 2330 1466 2330 1468 2330 771 2331 773 2331 770 2331 773 2332 769 2332 770 2332 769 2333 768 2333 770 2333 771 2334 769 2334 774 2334 780 2335 782 2335 779 2335 777 2336 779 2336 753 2336 782 2337 753 2337 779 2337 961 2338 963 2338 955 2338 787 2339 786 2339 785 2339 1273 2340 1274 2340 1271 2340 1416 2341 1415 2341 1417 2341 796 2342 794 2342 797 2342 965 2343 934 2343 956 2343 1716 2344 1722 2344 1717 2344 1717 2345 1721 2345 1719 2345 1716 2346 1714 2346 1719 2346 690 2347 691 2347 718 2347 1820 2348 1816 2348 1819 2348 1006 2349 1005 2349 1003 2349 906 2350 905 2350 911 2350 813 2351 800 2351 838 2351 804 2352 833 2352 834 2352 834 2353 819 2353 817 2353 1794 2354 1792 2354 1791 2354 1794 2355 1791 2355 1793 2355 1795 2356 1794 2356 1796 2356 1796 2357 1794 2357 1793 2357 1792 2358 1795 2358 1796 2358 815 2359 812 2359 803 2359 812 2360 813 2360 800 2360 806 2361 807 2361 799 2361 800 2362 813 2362 802 2362 802 2363 811 2363 803 2363 819 2364 820 2364 807 2364 615 2365 608 2365 595 2365 1846 2366 1847 2366 1829 2366 826 2367 835 2367 802 2367 2038 2368 2053 2368 2039 2368 1952 2369 1953 2369 1940 2369 1858 2370 1840 2370 1833 2370 718 2371 719 2371 704 2371 1834 2372 1841 2372 1832 2372 1943 2373 1944 2373 1932 2373 1856 2374 1857 2374 1827 2374 1946 2375 1947 2375 1930 2375 1843 2376 1844 2376 1828 2376 1231 2377 1232 2377 1214 2377 2051 2378 2052 2378 2040 2378 1950 2379 1941 2379 1927 2379 2050 2380 2051 2380 2034 2380 1944 2381 1945 2381 1927 2381 1960 2382 1956 2382 1938 2382 1942 2383 1943 2383 1927 2383 833 2384 804 2384 823 2384 833 2385 823 2385 822 2385 832 2386 822 2386 821 2386 820 2387 819 2387 832 2387 825 2388 824 2388 812 2388 826 2389 825 2389 835 2389 812 2390 831 2390 830 2390 828 2391 830 2391 829 2391 827 2392 835 2392 836 2392 828 2393 827 2393 836 2393 627 2394 621 2394 619 2394 827 2395 839 2395 846 2395 846 2396 839 2396 826 2396 844 2397 826 2397 839 2397 845 2398 824 2398 837 2398 824 2399 844 2399 839 2399 837 2400 824 2400 839 2400 843 2401 831 2401 837 2401 831 2402 845 2402 837 2402 829 2403 843 2403 841 2403 837 2404 841 2404 843 2404 811 2405 827 2405 846 2405 1962 2406 1970 2406 1955 2406 1536 2407 1549 2407 1564 2407 818 2408 809 2408 849 2408 1937 2409 1951 2409 1969 2409 807 2410 820 2410 853 2410 817 2411 810 2411 850 2411 1848 2412 1835 2412 1862 2412 813 2413 824 2413 845 2413 1938 2414 1956 2414 1970 2414 854 2415 818 2415 848 2415 818 2416 853 2416 848 2416 853 2417 820 2417 848 2417 820 2418 847 2418 848 2418 817 2419 854 2419 851 2419 821 2420 852 2420 847 2420 852 2421 823 2421 851 2421 851 2422 847 2422 852 2422 854 2423 848 2423 851 2423 809 2424 850 2424 849 2424 1878 2425 1874 2425 1830 2425 851 2426 856 2426 810 2426 609 2427 601 2427 640 2427 1964 2428 1967 2428 1956 2428 1837 2429 1850 2429 1870 2429 1056 2430 1053 2430 1012 2430 1966 2431 1963 2431 1953 2431 1545 2432 1528 2432 1570 2432 2053 2433 2039 2433 2081 2433 1866 2434 1863 2434 1850 2434 864 2435 859 2435 858 2435 2185 2436 2188 2436 2187 2436 1849 2437 1848 2437 1860 2437 1856 2438 1855 2438 1857 2438 1542 2439 1540 2439 1548 2439 871 2440 873 2440 872 2440 873 2441 871 2441 859 2441 874 2442 873 2442 859 2442 875 2443 872 2443 874 2443 874 2444 872 2444 878 2444 878 2445 876 2445 874 2445 876 2446 873 2446 874 2446 873 2447 876 2447 877 2447 882 2448 879 2448 881 2448 881 2449 883 2449 886 2449 883 2450 885 2450 886 2450 1133 2451 1132 2451 1124 2451 1128 2452 1127 2452 1126 2452 2067 2453 2049 2453 2062 2453 887 2454 891 2454 892 2454 889 2455 892 2455 894 2455 2130 2456 2129 2456 2128 2456 1321 2457 1327 2457 1323 2457 1417 2458 1414 2458 1416 2458 1310 2459 1313 2459 1307 2459 904 2460 900 2460 903 2460 1718 2461 1713 2461 1715 2461 1609 2462 1608 2462 1612 2462 2031 2463 2030 2463 2023 2463 1613 2464 1620 2464 1617 2464 1988 2465 1983 2465 1961 2465 1882 2466 1885 2466 1884 2466 1926 2467 1928 2467 1927 2467 2138 2468 2140 2468 2139 2468 1625 2469 1624 2469 1622 2469 2015 2470 2020 2470 2021 2470 913 2471 909 2471 911 2471 914 2472 911 2472 905 2472 1948 2473 1978 2473 1973 2473 1975 2474 1948 2474 1973 2474 1979 2475 1946 2475 1971 2475 1976 2476 1944 2476 1971 2476 1944 2477 1979 2477 1971 2477 1977 2478 1942 2478 1973 2478 1942 2479 1976 2479 1971 2479 1973 2480 1950 2480 1977 2480 1971 2481 1973 2481 1942 2481 1332 2482 1326 2482 1318 2482 1329 2483 1330 2483 1321 2483 1327 2484 1328 2484 1317 2484 2153 2485 2154 2485 2142 2485 918 2486 907 2486 913 2486 1929 2487 1926 2487 1925 2487 919 2488 918 2488 925 2488 920 2489 919 2489 925 2489 918 2490 917 2490 896 2490 917 2491 920 2491 896 2491 2016 2492 2019 2492 2020 2492 921 2493 924 2493 922 2493 908 2494 895 2494 923 2494 895 2495 912 2495 923 2495 2141 2496 2154 2496 2125 2496 2135 2497 2177 2497 2176 2497 933 2498 934 2498 910 2498 915 2499 910 2499 943 2499 910 2500 935 2500 943 2500 935 2501 906 2501 943 2501 906 2502 916 2502 943 2502 928 2503 944 2503 927 2503 910 2504 915 2504 930 2504 930 2505 916 2505 906 2505 930 2506 906 2506 927 2506 930 2507 944 2507 928 2507 1734 2508 1739 2508 1759 2508 2143 2509 2177 2509 2192 2509 1315 2510 1358 2510 1357 2510 2158 2511 2157 2511 2136 2511 946 2512 951 2512 950 2512 909 2513 953 2513 952 2513 961 2514 917 2514 953 2514 917 2515 950 2515 952 2515 917 2516 952 2516 953 2516 919 2517 960 2517 955 2517 960 2518 961 2518 959 2518 950 2519 947 2519 948 2519 947 2520 919 2520 946 2520 948 2521 949 2521 950 2521 961 2522 953 2522 954 2522 961 2523 954 2523 956 2523 961 2524 956 2524 957 2524 945 2525 946 2525 919 2525 961 2526 957 2526 958 2526 961 2527 958 2527 959 2527 955 2528 945 2528 919 2528 952 2529 950 2529 951 2529 1987 2530 1984 2530 1985 2530 1985 2531 1971 2531 1987 2531 962 2532 913 2532 946 2532 913 2533 909 2533 946 2533 914 2534 962 2534 905 2534 1735 2535 1741 2535 1762 2535 945 2536 964 2536 947 2536 958 2537 956 2537 964 2537 949 2538 947 2538 951 2538 945 2539 960 2539 964 2539 960 2540 958 2540 964 2540 953 2541 951 2541 956 2541 2045 2542 2072 2542 2069 2542 2072 2543 2046 2543 2033 2543 2069 2544 2072 2544 2033 2544 2069 2545 2071 2545 2043 2545 937 2546 939 2546 934 2546 934 2547 939 2547 941 2547 932 2548 934 2548 965 2548 965 2549 929 2549 932 2549 2057 2550 2084 2550 2080 2550 2084 2551 2050 2551 2080 2551 2052 2552 2083 2552 2079 2552 2083 2553 2053 2553 2077 2553 2053 2554 2082 2554 2077 2554 2079 2555 2080 2555 2050 2555 2093 2556 2090 2556 2092 2556 2090 2557 2093 2557 2094 2557 2087 2558 2090 2558 2094 2558 2077 2559 2092 2559 2087 2559 1647 2560 1656 2560 1655 2560 2122 2561 2119 2561 2123 2561 2086 2562 2037 2562 2078 2562 2040 2563 2086 2563 2078 2563 2078 2564 2032 2564 2039 2564 973 2565 972 2565 934 2565 934 2566 972 2566 974 2566 972 2567 971 2567 970 2567 2081 2568 2032 2568 2077 2568 2104 2569 2103 2569 2091 2569 2103 2570 2100 2570 2091 2570 981 2571 982 2571 964 2571 980 2572 981 2572 964 2572 982 2573 979 2573 964 2573 964 2574 979 2574 978 2574 979 2575 981 2575 978 2575 979 2576 984 2576 985 2576 2121 2577 2122 2577 2124 2577 2124 2578 2120 2578 2121 2578 997 2579 1001 2579 999 2579 1206 2580 1208 2580 1211 2580 1126 2581 1139 2581 1137 2581 1920 2582 1919 2582 1959 2582 1415 2583 1416 2583 1411 2583 1416 2584 1414 2584 1410 2584 997 2585 1000 2585 1001 2585 1001 2586 1000 2586 996 2586 1131 2587 1159 2587 1158 2587 1159 2588 1133 2588 1158 2588 1158 2589 1133 2589 1157 2589 995 2590 999 2590 1002 2590 1522 2591 1521 2591 1526 2591 1804 2592 1803 2592 1805 2592 1011 2593 1008 2593 1003 2593 1015 2594 1004 2594 1007 2594 1006 2595 1019 2595 1007 2595 1021 2596 1038 2596 1005 2596 1134 2597 1135 2597 1111 2597 1553 2598 1554 2598 1525 2598 1037 2599 1028 2599 1015 2599 1132 2600 1133 2600 1116 2600 1035 2601 1036 2601 1017 2601 1124 2602 1125 2602 1118 2602 1232 2603 1233 2603 1219 2603 1036 2604 1037 2604 1007 2604 1032 2605 1033 2605 1007 2605 614 2606 615 2606 598 2606 1455 2607 1447 2607 1431 2607 1130 2608 1131 2608 1117 2608 832 2609 821 2609 808 2609 1125 2610 1126 2610 1110 2610 1229 2611 1230 2611 1216 2611 627 2612 610 2612 600 2612 1129 2613 1130 2613 1113 2613 1034 2614 1035 2614 1007 2614 1020 2615 1027 2615 1026 2615 1024 2616 1026 2616 1025 2616 1022 2617 1038 2617 1010 2617 1023 2618 1010 2618 1024 2618 1031 2619 1030 2619 1029 2619 1033 2620 1035 2620 1034 2620 1037 2621 1029 2621 1028 2621 1037 2622 1036 2622 1039 2622 1036 2623 1035 2623 1039 2623 2139 2624 2143 2624 2193 2624 2193 2625 2144 2625 2185 2625 2144 2626 2135 2626 2185 2626 2185 2627 2139 2627 2193 2627 1033 2628 1032 2628 1031 2628 1017 2629 1047 2629 1044 2629 1047 2630 1018 2630 1041 2630 1044 2631 1047 2631 1041 2631 1044 2632 1004 2632 1015 2632 1040 2633 1036 2633 1048 2633 1048 2634 1028 2634 1040 2634 1032 2635 1049 2635 1043 2635 1049 2636 1034 2636 1040 2636 1043 2637 1049 2637 1040 2637 1042 2638 1040 2638 1028 2638 1016 2639 1030 2639 1042 2639 1150 2640 1148 2640 1140 2640 1022 2641 1009 2641 1051 2641 1134 2642 1120 2642 1145 2642 1011 2643 1023 2643 1058 2643 1122 2644 1136 2644 1152 2644 1571 2645 1575 2645 1528 2645 1226 2646 1239 2646 1254 2646 723 2647 703 2647 751 2647 1023 2648 1011 2648 1055 2648 1021 2649 1057 2649 1052 2649 1057 2650 1022 2650 1052 2650 1052 2651 1027 2651 1056 2651 1058 2652 1023 2652 1050 2652 1023 2653 1059 2653 1050 2653 1059 2654 1025 2654 1054 2654 1054 2655 1027 2655 1052 2655 1022 2656 1058 2656 1052 2656 1050 2657 1052 2657 1058 2657 1060 2658 1014 2658 1055 2658 1011 2659 1003 2659 1055 2659 2217 2660 2220 2660 2221 2660 1013 2661 1060 2661 1053 2661 1060 2662 1055 2662 1053 2662 1003 2663 1011 2663 1051 2663 1053 2664 1051 2664 1009 2664 1263 2665 1261 2665 1220 2665 1021 2666 1012 2666 1053 2666 1059 2667 1055 2667 1014 2667 1219 2668 1233 2668 1264 2668 1559 2669 1565 2669 1551 2669 1158 2670 1161 2670 1117 2670 1262 2671 1266 2671 1221 2671 1123 2672 1140 2672 1153 2672 633 2673 637 2673 624 2673 1147 2674 1153 2674 1138 2674 1067 2675 1050 2675 1061 2675 1066 2676 1063 2676 1065 2676 1061 2677 1063 2677 1067 2677 1050 2678 1066 2678 1065 2678 1073 2679 1076 2679 1064 2679 1076 2680 1079 2680 1077 2680 1079 2681 1078 2681 1077 2681 1076 2682 1077 2682 1075 2682 1074 2683 1073 2683 1064 2683 1077 2684 1078 2684 1074 2684 1064 2685 1077 2685 1074 2685 1076 2686 1075 2686 1064 2686 1074 2687 1078 2687 1081 2687 1080 2688 1078 2688 1079 2688 1079 2689 1073 2689 1075 2689 1075 2690 1073 2690 1081 2690 1073 2691 1074 2691 1081 2691 1083 2692 1084 2692 1082 2692 1087 2693 1083 2693 1082 2693 1084 2694 1087 2694 1085 2694 1086 2695 1085 2695 1087 2695 1084 2696 1083 2696 1061 2696 1083 2697 1088 2697 1061 2697 1090 2698 1095 2698 1096 2698 1915 2699 1923 2699 1921 2699 1921 2700 1917 2700 1919 2700 2133 2701 2130 2701 2127 2701 2129 2702 2133 2702 2127 2702 1094 2703 1095 2703 1091 2703 1163 2704 1116 2704 1156 2704 1162 2705 1118 2705 1156 2705 1118 2706 1163 2706 1156 2706 1114 2707 1162 2707 1155 2707 1108 2708 1115 2708 1155 2708 1515 2709 1517 2709 1516 2709 688 2710 693 2710 692 2710 1103 2711 1098 2711 1105 2711 1103 2712 1100 2712 1101 2712 699 2713 698 2713 702 2713 1760 2714 1756 2714 1741 2714 1106 2715 1104 2715 1102 2715 1106 2716 1102 2716 1099 2716 1217 2717 1213 2717 1212 2717 918 2718 919 2718 914 2718 798 2719 794 2719 793 2719 1106 2720 1103 2720 1105 2720 1106 2721 1099 2721 1107 2721 1107 2722 1098 2722 1100 2722 1808 2723 1812 2723 1811 2723 790 2724 791 2724 788 2724 1108 2725 1115 2725 1113 2725 1113 2726 1116 2726 1110 2726 1120 2727 1109 2727 1112 2727 1546 2728 1538 2728 1524 2728 1127 2729 1128 2729 1110 2729 1135 2730 1136 2730 1122 2730 1237 2731 1228 2731 1216 2731 1142 2732 1143 2732 1112 2732 1139 2733 1140 2733 1123 2733 1235 2734 1236 2734 1216 2734 1241 2735 1242 2735 1217 2735 617 2736 618 2736 604 2736 1234 2737 1235 2737 1222 2737 1141 2738 1142 2738 1119 2738 611 2739 612 2739 602 2739 626 2740 613 2740 599 2740 730 2741 731 2741 702 2741 1236 2742 1237 2742 1218 2742 1240 2743 1241 2743 1224 2743 1230 2744 1231 2744 1220 2744 1143 2745 1134 2745 1120 2745 1426 2746 1437 2746 1428 2746 1109 2747 1120 2747 1111 2747 1121 2748 1112 2748 1111 2748 1121 2749 1149 2749 1145 2749 1149 2750 1122 2750 1145 2750 1145 2751 1120 2751 1109 2751 1150 2752 1123 2752 1147 2752 1147 2753 1119 2753 1150 2753 1143 2754 1142 2754 1141 2754 1140 2755 1139 2755 1141 2755 903 2756 900 2756 898 2756 902 2757 900 2757 904 2757 1109 2758 1120 2758 1147 2758 1120 2759 1151 2759 1147 2759 1151 2760 1119 2760 1147 2760 1142 2761 1151 2761 1144 2761 1148 2762 1142 2762 1144 2762 1151 2763 1134 2763 1144 2763 1134 2764 1152 2764 1144 2764 1152 2765 1136 2765 1146 2765 1148 2766 1153 2766 1140 2766 1129 2767 1128 2767 1102 2767 1130 2768 1132 2768 1131 2768 1130 2769 1129 2769 1102 2769 1153 2770 1148 2770 1146 2770 1534 2771 1536 2771 1524 2771 1524 2772 1522 2772 1534 2772 1149 2773 1146 2773 1136 2773 1159 2774 1156 2774 1116 2774 1120 2775 1134 2775 1151 2775 1157 2776 1163 2776 1118 2776 1154 2777 1162 2777 1114 2777 1437 2778 1428 2778 1475 2778 1235 2779 1222 2779 1261 2779 630 2780 636 2780 620 2780 1115 2781 1129 2781 1160 2781 1160 2782 1129 2782 1154 2782 1154 2783 1129 2783 1158 2783 1127 2784 1160 2784 1154 2784 1157 2785 1125 2785 1154 2785 1117 2786 1161 2786 1156 2786 1161 2787 1115 2787 1156 2787 1115 2788 1108 2788 1156 2788 1255 2789 1252 2789 1243 2789 1227 2790 1244 2790 1252 2790 1249 2791 1256 2791 1239 2791 1435 2792 1453 2792 1465 2792 1129 2793 1115 2793 1161 2793 1434 2794 1449 2794 1457 2794 1642 2795 1632 2795 1676 2795 604 2796 618 2796 629 2796 1950 2797 1931 2797 1974 2797 603 2798 616 2798 637 2798 1168 2799 1154 2799 1165 2799 1154 2800 1169 2800 1165 2800 1167 2801 1170 2801 1144 2801 1164 2802 1167 2802 1144 2802 1182 2803 1181 2803 1167 2803 1181 2804 1180 2804 1179 2804 1180 2805 1182 2805 1183 2805 1179 2806 1180 2806 1183 2806 1185 2807 1180 2807 1184 2807 1182 2808 1180 2808 1185 2808 1186 2809 1182 2809 1185 2809 1186 2810 1184 2810 1181 2810 1181 2811 1182 2811 1186 2811 1188 2812 1187 2812 1169 2812 1189 2813 1188 2813 1169 2813 1192 2814 1188 2814 1189 2814 1191 2815 1192 2815 1189 2815 1189 2816 1190 2816 1191 2816 1985 2817 2012 2817 2010 2817 1188 2818 1192 2818 1193 2818 1192 2819 1187 2819 1194 2819 1190 2820 1193 2820 1192 2820 2145 2821 2136 2821 2157 2821 2140 2822 2146 2822 2173 2822 2157 2823 2140 2823 2173 2823 1182 2824 1167 2824 1183 2824 1202 2825 1201 2825 1197 2825 1313 2826 1310 2826 1314 2826 1112 2827 1109 2827 1108 2827 2149 2828 2150 2828 2144 2828 1402 2829 1405 2829 1406 2829 1620 2830 1614 2830 1618 2830 1320 2831 1322 2831 1321 2831 1283 2832 1284 2832 1280 2832 1280 2833 1282 2833 1279 2833 1223 2834 1213 2834 1217 2834 1214 2835 1219 2835 1212 2835 1226 2836 1217 2836 1215 2836 1227 2837 1255 2837 1251 2837 1255 2838 1225 2838 1251 2838 1224 2839 1249 2839 1251 2839 1226 2840 1254 2840 1249 2840 1254 2841 1223 2841 1249 2841 1223 2842 1213 2842 1249 2842 1247 2843 1244 2843 1227 2843 613 2844 614 2844 597 2844 1033 2845 1034 2845 1018 2845 1438 2846 1439 2846 1427 2846 1646 2847 1647 2847 1626 2847 1239 2848 1240 2848 1217 2848 1451 2849 1452 2849 1423 2849 620 2850 621 2850 596 2850 1650 2851 1651 2851 1625 2851 1442 2852 1443 2852 1430 2852 619 2853 620 2853 605 2853 1243 2854 1247 2854 1217 2854 1244 2855 1245 2855 1217 2855 720 2856 721 2856 705 2856 1245 2857 1238 2857 1223 2857 1544 2858 1545 2858 1528 2858 729 2859 730 2859 711 2859 622 2860 623 2860 596 2860 1246 2861 1232 2861 1231 2861 1236 2862 1235 2862 1234 2862 1246 2863 1231 2863 1230 2863 1237 2864 1236 2864 1228 2864 1230 2865 1229 2865 1228 2865 1288 2866 1292 2866 1295 2866 1293 2867 1288 2867 1295 2867 1292 2868 1291 2868 1294 2868 1291 2869 1293 2869 1294 2869 1239 2870 1215 2870 1240 2870 1215 2871 1238 2871 1245 2871 1241 2872 1240 2872 1242 2872 1243 2873 1242 2873 1247 2873 1247 2874 1245 2874 1244 2874 1643 2875 1636 2875 1651 2875 1148 2876 1144 2876 1147 2876 1223 2877 1253 2877 1213 2877 1253 2878 1227 2878 1251 2878 1250 2879 1257 2879 1243 2879 1254 2880 1239 2880 1248 2880 1239 2881 1256 2881 1250 2881 1248 2882 1239 2882 1250 2882 1256 2883 1241 2883 1250 2883 1241 2884 1257 2884 1250 2884 1238 2885 1254 2885 1248 2885 1244 2886 1253 2886 1252 2886 1253 2887 1238 2887 1248 2887 1248 2888 1252 2888 1253 2888 1251 2889 1257 2889 1241 2889 740 2890 733 2890 730 2890 1446 2891 1433 2891 1456 2891 1133 2892 1116 2892 1163 2892 1223 2893 1238 2893 1253 2893 605 2894 620 2894 638 2894 1543 2895 1529 2895 1575 2895 1231 2896 1220 2896 1260 2896 1914 2897 1910 2897 1908 2897 1235 2898 1265 2898 1262 2898 1265 2899 1237 2899 1262 2899 1264 2900 1233 2900 1259 2900 1263 2901 1231 2901 1259 2901 1231 2902 1264 2902 1259 2902 1259 2903 1229 2903 1263 2903 1235 2904 1262 2904 1258 2904 1221 2905 1266 2905 1261 2905 1266 2906 1218 2906 1261 2906 1219 2907 1260 2907 1212 2907 1261 2908 1260 2908 1220 2908 1237 2909 1218 2909 1266 2909 1265 2910 1261 2910 1218 2910 1233 2911 1219 2911 1267 2911 610 2912 600 2912 648 2912 634 2913 632 2913 622 2913 1458 2914 1464 2914 1449 2914 1472 2915 1470 2915 1425 2915 1433 2916 1446 2916 1460 2916 1461 2917 1457 2917 1447 2917 645 2918 640 2918 600 2918 1216 2919 1220 2919 1214 2919 1219 2920 1216 2920 1212 2920 1272 2921 1269 2921 1258 2921 1229 2922 1259 2922 1262 2922 1261 2923 1222 2923 1267 2923 1267 2924 1219 2924 1261 2924 1248 2925 1274 2925 1270 2925 1270 2926 1268 2926 1248 2926 997 2927 999 2927 998 2927 1288 2928 1291 2928 1272 2928 1281 2929 1279 2929 1282 2929 1282 2930 1285 2930 1281 2930 1285 2931 1284 2931 1283 2931 1282 2932 1280 2932 1286 2932 1280 2933 1284 2933 1287 2933 1284 2934 1270 2934 1287 2934 1270 2935 1285 2935 1282 2935 1286 2936 1270 2936 1282 2936 1280 2937 1287 2937 1286 2937 1291 2938 1288 2938 1293 2938 1272 2939 1289 2939 1288 2939 1289 2940 1290 2940 1292 2940 1290 2941 1291 2941 1292 2941 1296 2942 1297 2942 1298 2942 1210 2943 1204 2943 1211 2943 1204 2944 1207 2944 1211 2944 1302 2945 1303 2945 1299 2945 1320 2946 1326 2946 1322 2946 1322 2947 1325 2947 1316 2947 1393 2948 1394 2948 1370 2948 843 2949 816 2949 840 2949 816 2950 842 2950 840 2950 842 2951 811 2951 840 2951 814 2952 844 2952 838 2952 815 2953 843 2953 840 2953 813 2954 840 2954 800 2954 811 2955 838 2955 840 2955 1205 2956 1210 2956 1209 2956 1816 2957 1815 2957 1819 2957 1816 2958 1821 2958 1822 2958 915 2959 923 2959 944 2959 691 2960 690 2960 689 2960 1108 2961 1154 2961 1158 2961 2142 2962 2136 2962 2135 2962 1109 2963 1111 2963 1110 2963 1213 2964 1215 2964 1214 2964 1321 2965 1323 2965 1319 2965 1315 2966 1324 2966 1321 2966 1317 2967 1324 2967 1315 2967 1319 2968 1323 2968 1317 2968 604 2969 635 2969 630 2969 635 2970 603 2970 630 2970 1313 2971 1309 2971 1308 2971 1742 2972 1740 2972 1727 2972 1627 2973 1654 2973 1640 2973 609 2974 627 2974 595 2974 1321 2975 1306 2975 1327 2975 1306 2976 1328 2976 1327 2976 1318 2977 1326 2977 1320 2977 1316 2978 1325 2978 1318 2978 1318 2979 1305 2979 1332 2979 1305 2980 1333 2980 1332 2980 1334 2981 1331 2981 1333 2981 2167 2982 2166 2982 2140 2982 1751 2983 1752 2983 1729 2983 1326 2984 1353 2984 1320 2984 1320 2985 1353 2985 1336 2985 1353 2986 1325 2986 1316 2986 1353 2987 1316 2987 1336 2987 1345 2988 1326 2988 1320 2988 1316 2989 1325 2989 1345 2989 1339 2990 1343 2990 1341 2990 1343 2991 1332 2991 1344 2991 1332 2992 1355 2992 1346 2992 1332 2993 1346 2993 1344 2993 1355 2994 1354 2994 1349 2994 1350 2995 1354 2995 1351 2995 1354 2996 1331 2996 1335 2996 1331 2997 1339 2997 1337 2997 1337 2998 1339 2998 1338 2998 1342 2999 1341 2999 1343 2999 1331 3000 1337 3000 1335 3000 1354 3001 1335 3001 1352 3001 1346 3002 1355 3002 1347 3002 1354 3003 1352 3003 1351 3003 1348 3004 1347 3004 1355 3004 1354 3005 1350 3005 1349 3005 1326 3006 1332 3006 1343 3006 961 3007 955 3007 913 3007 1388 3008 1344 3008 1387 3008 1361 3009 1362 3009 1360 3009 1362 3010 1375 3010 1359 3010 1360 3011 1362 3011 1359 3011 1375 3012 1329 3012 1357 3012 1329 3013 1371 3013 1373 3013 1357 3014 1329 3014 1356 3014 1371 3015 1374 3015 1370 3015 1374 3016 1327 3016 1365 3016 1327 3017 1362 3017 1364 3017 1364 3018 1362 3018 1363 3018 1327 3019 1364 3019 1365 3019 1359 3020 1375 3020 1357 3020 1356 3021 1329 3021 1373 3021 1374 3022 1365 3022 1366 3022 1374 3023 1366 3023 1368 3023 1374 3024 1368 3024 1369 3024 1372 3025 1373 3025 1371 3025 1374 3026 1369 3026 1370 3026 1324 3027 1375 3027 1315 3027 1315 3028 1375 3028 1358 3028 1375 3029 1323 3029 1319 3029 1375 3030 1319 3030 1358 3030 1361 3031 1368 3031 1363 3031 1368 3032 1365 3032 1363 3032 1359 3033 1356 3033 1370 3033 1361 3034 1359 3034 1370 3034 1356 3035 1372 3035 1370 3035 602 3036 593 3036 595 3036 1347 3037 1349 3037 1344 3037 1349 3038 1351 3038 1344 3038 1344 3039 1351 3039 1335 3039 1629 3040 1627 3040 1636 3040 863 3041 861 3041 857 3041 1394 3042 1397 3042 1396 3042 1397 3043 1393 3043 1395 3043 1396 3044 1397 3044 1395 3044 1393 3045 1370 3045 1395 3045 1303 3046 1304 3046 1297 3046 1393 3047 1397 3047 1398 3047 1398 3048 1397 3048 1399 3048 1397 3049 1394 3049 1399 3049 1394 3050 1398 3050 1395 3050 1394 3051 1395 3051 1399 3051 1721 3052 1718 3052 1715 3052 1306 3053 1305 3053 1310 3053 1720 3054 1723 3054 1722 3054 1206 3055 1204 3055 1210 3055 1358 3056 1360 3056 1359 3056 701 3057 700 3057 698 3057 1724 3058 1763 3058 1774 3058 1731 3059 1725 3059 1724 3059 1623 3060 1622 3060 1626 3060 1429 3061 1419 3061 1421 3061 1425 3062 1426 3062 1424 3062 1426 3063 1428 3063 1421 3063 627 3064 611 3064 610 3064 626 3065 614 3065 613 3065 627 3066 609 3066 608 3066 615 3067 614 3067 608 3067 1429 3068 1424 3068 1419 3068 1435 3069 1432 3069 1423 3069 1432 3070 1433 3070 1420 3070 1432 3071 1420 3071 1423 3071 1422 3072 1434 3072 1423 3072 1441 3073 1454 3073 1442 3073 1442 3074 1444 3074 1443 3074 829 3075 830 3075 803 3075 1444 3076 1445 3076 1425 3076 1551 3077 1552 3077 1525 3077 1441 3078 1442 3078 1424 3078 731 3079 724 3079 710 3079 722 3080 723 3080 703 3080 1450 3081 1451 3081 1436 3081 1449 3082 1450 3082 1423 3082 1452 3083 1453 3083 1435 3083 1432 3084 1446 3084 1433 3084 1448 3085 1449 3085 1434 3085 1552 3086 1553 3086 1537 3086 819 3087 818 3087 809 3087 1556 3088 1551 3088 1533 3088 717 3089 718 3089 700 3089 1541 3090 1542 3090 1523 3090 818 3091 819 3091 806 3091 1539 3092 1540 3092 1524 3092 1453 3093 1452 3093 1432 3093 1450 3094 1449 3094 1448 3094 1448 3095 1447 3095 1455 3095 1446 3096 1432 3096 1455 3096 1468 3097 1469 3097 1445 3097 1469 3098 1443 3098 1472 3098 1445 3099 1469 3099 1472 3099 1445 3100 1471 3100 1468 3100 1471 3101 1437 3101 1468 3101 1451 3102 1450 3102 1452 3102 1438 3103 1440 3103 1439 3103 1454 3104 1441 3104 1440 3104 1445 3105 1444 3105 1426 3105 1434 3106 1461 3106 1458 3106 1461 3107 1431 3107 1456 3107 1433 3108 1420 3108 1456 3108 1458 3109 1462 3109 1435 3109 1461 3110 1456 3110 1458 3110 1714 3111 1726 3111 1736 3111 1736 3112 1738 3112 1714 3112 1485 3113 1488 3113 1489 3113 1486 3114 1487 3114 1485 3114 1485 3115 1489 3115 1486 3115 639 3116 649 3116 650 3116 1439 3117 1427 3117 1474 3117 1468 3118 1475 3118 1427 3118 748 3119 744 3119 706 3119 1541 3120 1530 3120 1576 3120 710 3121 724 3121 733 3121 1458 3122 1465 3122 1451 3122 712 3123 728 3123 741 3123 1443 3124 1430 3124 1470 3124 1674 3125 1671 3125 1634 3125 1619 3126 1616 3126 1617 3126 1430 3127 1473 3127 1470 3127 1473 3128 1429 3128 1470 3128 1429 3129 1419 3129 1470 3129 1425 3130 1470 3130 1467 3130 1475 3131 1428 3131 1467 3131 1474 3132 1427 3132 1467 3132 1427 3133 1475 3133 1467 3133 1467 3134 1419 3134 1474 3134 1559 3135 1566 3135 1550 3135 1429 3136 1441 3136 1466 3136 1562 3137 1561 3137 1553 3137 1469 3138 1473 3138 1430 3138 719 3139 704 3139 747 3139 1940 3140 1953 3140 1968 3140 1028 3141 1015 3141 1046 3141 1640 3142 1654 3142 1662 3142 739 3143 737 3143 728 3143 1466 3144 1478 3144 1493 3144 1460 3145 1479 3145 1476 3145 1460 3146 1492 3146 1480 3146 1986 3147 1983 3147 1988 3147 1329 3148 1324 3148 1376 3148 1488 3149 1484 3149 1489 3149 1484 3150 1485 3150 1487 3150 663 3151 664 3151 669 3151 664 3152 668 3152 665 3152 669 3153 664 3153 665 3153 1479 3154 1480 3154 1492 3154 1420 3155 1433 3155 1458 3155 1433 3156 1462 3156 1458 3156 1488 3157 1485 3157 1492 3157 1485 3158 1484 3158 1490 3158 666 3159 662 3159 665 3159 1493 3160 1496 3160 1497 3160 1496 3161 1495 3161 1494 3161 1494 3162 1498 3162 1496 3162 1493 3163 1494 3163 1495 3163 1498 3164 1494 3164 1500 3164 1497 3165 1498 3165 1501 3165 1494 3166 1499 3166 1500 3166 678 3167 684 3167 682 3167 1518 3168 1511 3168 1516 3168 691 3169 688 3169 692 3169 1234 3170 1245 3170 1247 3170 1042 3171 1041 3171 1004 3171 796 3172 793 3172 792 3172 906 3173 908 3173 907 3173 1826 3174 1825 3174 1823 3174 1529 3175 1521 3175 1523 3175 1527 3176 1524 3176 1526 3176 1530 3177 1523 3177 1524 3177 682 3178 683 3178 680 3178 1542 3179 1543 3179 1529 3179 714 3180 715 3180 707 3180 1331 3181 1334 3181 1318 3181 1548 3182 1550 3182 1532 3182 1548 3183 1549 3183 1536 3183 1550 3184 1556 3184 1525 3184 728 3185 729 3185 702 3185 821 3186 822 3186 804 3186 2141 3187 2147 3187 2143 3187 830 3188 831 3188 815 3188 716 3189 717 3189 706 3189 817 3190 819 3190 801 3190 724 3191 725 3191 708 3191 1954 3192 1955 3192 1939 3192 1655 3193 1649 3193 1638 3193 723 3194 714 3194 701 3194 725 3195 727 3195 713 3195 1636 3196 1653 3196 1641 3196 1647 3197 1648 3197 1628 3197 1539 3198 1538 3198 1540 3198 1515 3199 1544 3199 1543 3199 1542 3200 1515 3200 1543 3200 1555 3201 1538 3201 1546 3201 1546 3202 1526 3202 1555 3202 1555 3203 1526 3203 1545 3203 1541 3204 1540 3204 1542 3204 1544 3205 1555 3205 1545 3205 1554 3206 1514 3206 1547 3206 1551 3207 1556 3207 1552 3207 1553 3208 1552 3208 1554 3208 1514 3209 1548 3209 1547 3209 627 3210 608 3210 628 3210 1557 3211 1535 3211 1522 3211 1557 3212 1559 3212 1536 3212 1566 3213 1551 3213 1560 3213 1551 3214 1565 3214 1560 3214 1565 3215 1553 3215 1561 3215 1547 3216 1564 3216 1558 3216 1564 3217 1549 3217 1558 3217 1561 3218 1560 3218 1565 3218 1532 3219 1563 3219 1559 3219 1562 3220 1537 3220 1559 3220 1522 3221 1535 3221 1559 3221 1535 3222 1562 3222 1559 3222 700 3223 704 3223 698 3223 700 3224 701 3224 706 3224 840 3225 845 3225 831 3225 1639 3226 1650 3226 1666 3226 738 3227 735 3227 726 3227 1574 3228 1570 3228 1527 3228 2080 3229 2085 3229 2041 3229 1533 3230 1551 3230 1566 3230 715 3231 707 3231 744 3231 1431 3232 1447 3232 1463 3232 736 3233 741 3233 727 3233 1545 3234 1574 3234 1569 3234 1545 3235 1569 3235 1571 3235 1573 3236 1541 3236 1567 3236 1529 3237 1521 3237 1570 3237 1527 3238 1570 3238 1568 3238 1528 3239 1575 3239 1570 3239 1529 3240 1576 3240 1521 3240 1576 3241 1530 3241 1568 3241 1568 3242 1521 3242 1576 3242 724 3243 710 3243 734 3243 1572 3244 1568 3244 1531 3244 1539 3245 1531 3245 1568 3245 745 3246 751 3246 707 3246 709 3247 726 3247 742 3247 746 3248 750 3248 703 3248 713 3249 727 3249 735 3249 838 3250 846 3250 826 3250 854 3251 850 3251 809 3251 721 3252 705 3252 750 3252 1581 3253 1571 3253 1583 3253 1581 3254 1583 3254 1579 3254 1577 3255 1571 3255 1581 3255 1578 3256 1582 3256 1561 3256 1585 3257 1580 3257 1578 3257 1578 3258 1561 3258 1584 3258 1584 3259 1585 3259 1578 3259 1593 3260 1591 3260 1592 3260 1590 3261 1593 3261 1592 3261 1591 3262 1594 3262 1589 3262 1594 3263 1593 3263 1590 3263 1591 3264 1589 3264 1592 3264 1593 3265 1595 3265 1589 3265 1593 3266 1589 3266 1580 3266 1591 3267 1593 3267 1580 3267 1630 3268 1644 3268 1643 3268 1646 3269 1656 3269 1647 3269 1648 3270 1647 3270 1629 3270 1629 3271 1643 3271 1642 3271 1597 3272 1577 3272 1598 3272 1651 3273 1650 3273 1657 3273 1627 3274 1655 3274 1654 3274 1657 3275 1649 3275 1655 3275 1598 3276 1603 3276 1602 3276 1602 3277 1601 3277 1596 3277 1598 3278 1602 3278 1596 3278 1601 3279 1599 3279 1603 3279 1599 3280 1600 3280 1603 3280 710 3281 699 3281 702 3281 1610 3282 1612 3282 1605 3282 584 3283 586 3283 585 3283 2026 3284 2031 3284 2028 3284 2024 3285 2029 3285 2026 3285 1744 3286 1762 3286 1761 3286 1815 3287 1818 3287 1822 3287 1322 3288 1316 3288 1315 3288 1843 3289 1831 3289 1874 3289 1204 3290 1206 3290 1205 3290 2132 3291 2134 3291 2126 3291 2127 3292 2126 3292 2134 3292 1614 3293 1620 3293 1621 3293 898 3294 902 3294 903 3294 902 3295 897 3295 903 3295 1515 3296 1514 3296 1554 3296 586 3297 590 3297 591 3297 685 3298 686 3298 680 3298 802 3299 801 3299 799 3299 800 3300 799 3300 804 3300 1599 3301 1597 3301 1596 3301 1577 3302 1600 3302 1596 3302 1623 3303 1638 3303 1625 3303 1640 3304 1637 3304 1627 3304 1637 3305 1638 3305 1623 3305 1637 3306 1623 3306 1627 3306 1635 3307 1636 3307 1625 3307 1636 3308 1641 3308 1625 3308 1649 3309 1657 3309 1625 3309 2049 3310 2050 3310 2037 3310 820 3311 832 3311 804 3311 835 3312 827 3312 811 3312 1031 3313 1032 3313 1019 3313 824 3314 825 3314 802 3314 1654 3315 1655 3315 1637 3315 2056 3316 2057 3316 2041 3316 828 3317 829 3317 816 3317 1851 3318 1852 3318 1838 3318 1857 3319 1848 3319 1835 3319 1854 3320 1855 3320 1827 3320 1949 3321 1950 3321 1931 3321 1852 3322 1853 3322 1827 3322 719 3323 720 3323 702 3323 1215 3324 1239 3324 1226 3324 825 3325 826 3325 814 3325 1636 3326 1627 3326 1653 3326 1652 3327 1651 3327 1636 3327 1612 3328 1611 3328 1606 3328 698 3329 704 3329 744 3329 704 3330 752 3330 744 3330 752 3331 706 3331 744 3331 707 3332 751 3332 744 3332 751 3333 703 3333 744 3333 703 3334 750 3334 744 3334 750 3335 705 3335 747 3335 750 3336 747 3336 744 3336 1621 3337 1620 3337 1613 3337 1440 3338 1438 3338 1450 3338 1641 3339 1663 3339 1660 3339 1663 3340 1635 3340 1660 3340 1635 3341 1665 3341 1660 3341 1665 3342 1639 3342 1660 3342 1639 3343 1658 3343 1660 3343 1664 3344 1641 3344 1660 3344 1640 3345 1664 3345 1660 3345 1623 3346 1638 3346 1660 3346 1591 3347 1580 3347 1595 3347 1654 3348 1667 3348 1662 3348 1667 3349 1649 3349 1662 3349 1649 3350 1666 3350 1659 3350 1666 3351 1650 3351 1659 3351 1650 3352 1665 3352 1659 3352 1665 3353 1652 3353 1659 3353 1652 3354 1661 3354 1659 3354 1653 3355 1662 3355 1661 3355 1672 3356 1677 3356 1628 3356 630 3357 638 3357 618 3357 646 3358 643 3358 599 3358 815 3359 831 3359 843 3359 1835 3360 1848 3360 1868 3360 1645 3361 1631 3361 1671 3361 1131 3362 1117 3362 1156 3362 1125 3363 1118 3363 1162 3363 1644 3364 1633 3364 1669 3364 1841 3365 1832 3365 1872 3365 1689 3366 1693 3366 1695 3366 1674 3367 1646 3367 1668 3367 1668 3368 1646 3368 1672 3368 1668 3369 1645 3369 1674 3369 1628 3370 1677 3370 1671 3370 1677 3371 1634 3371 1671 3371 1631 3372 1622 3372 1671 3372 1845 3373 1830 3373 1874 3373 1646 3374 1634 3374 1677 3374 1948 3375 1935 3375 1974 3375 847 3376 855 3376 808 3376 2047 3377 2063 3377 2076 3377 824 3378 813 3378 844 3378 821 3379 808 3379 850 3379 816 3380 829 3380 841 3380 823 3381 805 3381 856 3381 1668 3382 1682 3382 1678 3382 1753 3383 1725 3383 1760 3383 1725 3384 1734 3384 1760 3384 1760 3385 1735 3385 1729 3385 1760 3386 1729 3386 1753 3386 1680 3387 1684 3387 1662 3387 1673 3388 1642 3388 1672 3388 1672 3389 1642 3389 1670 3389 1644 3390 1675 3390 1670 3390 1675 3391 1645 3391 1668 3391 1675 3392 1668 3392 1670 3392 1648 3393 1673 3393 1672 3393 1679 3394 1662 3394 1683 3394 1684 3395 1680 3395 1683 3395 1680 3396 1679 3396 1683 3396 1676 3397 1632 3397 1671 3397 1671 3398 1669 3398 1676 3398 1669 3399 1622 3399 1631 3399 1676 3400 1669 3400 1633 3400 1771 3401 1772 3401 1736 3401 1736 3402 1781 3402 1771 3402 1781 3403 1764 3403 1766 3403 1737 3404 1763 3404 1764 3404 1770 3405 1771 3405 1781 3405 1769 3406 1770 3406 1781 3406 1781 3407 1766 3407 1767 3407 1781 3408 1767 3408 1768 3408 1693 3409 1692 3409 1696 3409 1696 3410 1692 3410 1680 3410 1692 3411 1689 3411 1695 3411 1696 3412 1695 3412 1693 3412 1692 3413 1695 3413 1680 3413 1692 3414 1693 3414 1694 3414 1691 3415 1692 3415 1694 3415 1693 3416 1689 3416 1690 3416 1694 3417 1693 3417 1690 3417 1697 3418 1698 3418 1699 3418 1698 3419 1700 3419 1699 3419 1700 3420 1701 3420 1699 3420 780 3421 779 3421 778 3421 779 3422 781 3422 776 3422 778 3423 777 3423 780 3423 779 3424 776 3424 778 3424 1702 3425 1697 3425 1700 3425 1697 3426 1699 3426 1703 3426 1703 3427 1699 3427 1682 3427 1699 3428 1702 3428 1682 3428 1682 3429 1702 3429 1700 3429 1732 3430 1726 3430 1728 3430 1726 3431 1733 3431 1724 3431 779 3432 777 3432 781 3432 1704 3433 1710 3433 1711 3433 780 3434 777 3434 783 3434 783 3435 777 3435 753 3435 1709 3436 1712 3436 1708 3436 1710 3437 1708 3437 1712 3437 1710 3438 1712 3438 1711 3438 1817 3439 1820 3439 1819 3439 1717 3440 1719 3440 1718 3440 2126 3441 2127 3441 2131 3441 1331 3442 1325 3442 1353 3442 1811 3443 1813 3443 1809 3443 793 3444 795 3444 798 3444 920 3445 912 3445 895 3445 596 3446 594 3446 593 3446 908 3447 910 3447 909 3447 1727 3448 1729 3448 1728 3448 1729 3449 1731 3449 1730 3449 1730 3450 1732 3450 1728 3450 1733 3451 1730 3451 1724 3451 1734 3452 1727 3452 1725 3452 1727 3453 1735 3453 1729 3453 919 3454 920 3454 911 3454 920 3455 917 3455 913 3455 2155 3456 2152 3456 2145 3456 812 3457 824 3457 813 3457 923 3458 915 3458 908 3458 1713 3459 1731 3459 1741 3459 1713 3460 1741 3460 1740 3460 1754 3461 1753 3461 1729 3461 1346 3462 1345 3462 1320 3462 1728 3463 1774 3463 1773 3463 1732 3464 1728 3464 1765 3464 1724 3465 1733 3465 1781 3465 1765 3466 1724 3466 1781 3466 1744 3467 1734 3467 1725 3467 1704 3468 1709 3468 1708 3468 1761 3469 1762 3469 1748 3469 1746 3470 1761 3470 1747 3470 1762 3471 1749 3471 1748 3471 1748 3472 1747 3472 1761 3472 1325 3473 1331 3473 1354 3473 921 3474 916 3474 930 3474 1343 3475 1344 3475 1320 3475 1337 3476 1336 3476 1316 3476 1774 3477 1763 3477 1737 3477 1737 3478 1779 3478 1774 3478 1779 3479 1780 3479 1778 3479 1780 3480 1736 3480 1773 3480 1775 3481 1780 3481 1773 3481 1736 3482 1772 3482 1773 3482 1780 3483 1775 3483 1776 3483 1780 3484 1776 3484 1777 3484 1780 3485 1733 3485 1724 3485 1774 3486 1780 3486 1724 3486 1728 3487 1732 3487 1774 3487 1736 3488 1732 3488 1765 3488 919 3489 914 3489 963 3489 1770 3490 1768 3490 1772 3490 1768 3491 1766 3491 1763 3491 1779 3492 1777 3492 1763 3492 1763 3493 1772 3493 1768 3493 1743 3494 1746 3494 1783 3494 1748 3495 1783 3495 1746 3495 1750 3496 1752 3496 1782 3496 1752 3497 1755 3497 1782 3497 1755 3498 1757 3498 1782 3498 1757 3499 1759 3499 1783 3499 1782 3500 1757 3500 1783 3500 1782 3501 1748 3501 1750 3501 654 3502 655 3502 653 3502 654 3503 653 3503 651 3503 656 3504 654 3504 651 3504 1799 3505 1801 3505 1805 3505 1801 3506 1803 3506 1763 3506 1805 3507 1801 3507 1763 3507 1792 3508 1796 3508 1791 3508 1801 3509 1799 3509 1800 3509 1799 3510 1802 3510 1804 3510 1803 3511 1801 3511 1802 3511 1801 3512 1800 3512 1802 3512 2166 3513 2156 3513 2136 3513 1971 3514 1985 3514 1981 3514 1981 3515 1984 3515 1988 3515 1196 3516 1200 3516 1202 3516 905 3517 945 3517 955 3517 939 3518 940 3518 935 3518 1671 3519 1622 3519 1668 3519 1335 3520 1338 3520 1361 3520 2116 3521 2121 3521 2118 3521 2121 3522 2120 3522 2118 3522 1828 3523 1829 3523 1825 3523 1833 3524 1834 3524 1825 3524 1831 3525 1828 3525 1823 3525 1824 3526 1835 3526 1826 3526 1827 3527 1826 3527 1838 3527 1835 3528 1824 3528 1827 3528 808 3529 855 3529 850 3529 855 3530 807 3530 799 3530 855 3531 799 3531 850 3531 810 3532 856 3532 850 3532 856 3533 805 3533 850 3533 1838 3534 1866 3534 1864 3534 1866 3535 1837 3535 1862 3535 1864 3536 1866 3536 1862 3536 1835 3537 1824 3537 1862 3537 1844 3538 1845 3538 1830 3538 2061 3539 2062 3539 2035 3539 1841 3540 1842 3540 1825 3540 1850 3541 1851 3541 1826 3541 1128 3542 1129 3542 1115 3542 1228 3543 1229 3543 1221 3543 1847 3544 1858 3544 1825 3544 1849 3545 1850 3545 1837 3545 1038 3546 1022 3546 1009 3546 1951 3547 1952 3547 1928 3547 1845 3548 1846 3548 1828 3548 1855 3549 1856 3549 1836 3549 1020 3550 1021 3550 1012 3550 1853 3551 1854 3551 1839 3551 2057 3552 2049 3552 2034 3552 1941 3553 1942 3553 1934 3553 1024 3554 1025 3554 1014 3554 1947 3555 1948 3555 1935 3555 1026 3556 1027 3556 1013 3556 1945 3557 1946 3557 1933 3557 1846 3558 1845 3558 1844 3558 1843 3559 1842 3559 1844 3559 1859 3560 1842 3560 1841 3560 1859 3561 1841 3561 1834 3561 1847 3562 1846 3562 1858 3562 1834 3563 1840 3563 1858 3563 862 3564 857 3564 860 3564 861 3565 863 3565 847 3565 1853 3566 1855 3566 1854 3566 1850 3567 1849 3567 1851 3567 859 3568 864 3568 865 3568 1510 3569 1505 3569 1504 3569 1824 3570 1835 3570 1864 3570 1836 3571 1867 3571 1864 3571 1867 3572 1839 3572 1864 3572 1869 3573 1854 3573 1865 3573 1854 3574 1867 3574 1865 3574 1867 3575 1861 3575 1865 3575 970 3576 971 3576 934 3576 971 3577 973 3577 934 3577 1876 3578 1874 3578 1829 3578 1864 3579 1869 3579 1852 3579 1838 3580 1852 3580 1863 3580 1877 3581 1874 3581 1832 3581 1839 3582 1854 3582 1869 3582 1836 3583 1856 3583 1867 3583 1975 3584 1980 3584 1935 3584 1864 3585 1868 3585 1856 3585 1840 3586 1833 3586 1874 3586 1939 3587 1955 3587 1963 3587 1879 3588 1843 3588 1871 3588 1843 3589 1878 3589 1871 3589 1878 3590 1845 3590 1871 3590 1845 3591 1876 3591 1871 3591 1876 3592 1847 3592 1875 3592 1876 3593 1875 3593 1871 3593 1841 3594 1879 3594 1873 3594 1873 3595 1879 3595 1871 3595 1840 3596 1877 3596 1873 3596 1877 3597 1841 3597 1873 3597 1873 3598 1875 3598 1840 3598 1848 3599 1870 3599 1863 3599 1870 3600 1850 3600 1863 3600 1863 3601 1852 3601 1865 3601 1868 3602 1848 3602 1861 3602 1867 3603 1856 3603 1861 3603 1856 3604 1868 3604 1861 3604 1823 3605 1831 3605 1872 3605 1832 3606 1874 3606 1872 3606 1834 3607 1832 3607 1825 3607 1825 3608 1831 3608 1823 3608 1833 3609 1880 3609 1874 3609 1880 3610 1829 3610 1874 3610 1874 3611 1831 3611 1823 3611 1238 3612 1223 3612 1254 3612 1977 3613 1974 3613 1934 3613 1951 3614 1937 3614 1962 3614 1875 3615 1880 3615 1833 3615 1847 3616 1829 3616 1880 3616 1944 3617 1932 3617 1979 3617 1933 3618 1946 3618 1979 3618 1045 3619 1043 3619 1030 3619 1964 3620 1969 3620 1958 3620 606 3621 624 3621 632 3621 1881 3622 1871 3622 1884 3622 883 3623 880 3623 884 3623 885 3624 883 3624 884 3624 880 3625 881 3625 884 3625 2030 3626 2026 3626 2029 3626 881 3627 880 3627 861 3627 882 3628 881 3628 861 3628 880 3629 883 3629 879 3629 861 3630 880 3630 879 3630 1894 3631 1893 3631 1892 3631 1893 3632 1891 3632 1892 3632 1891 3633 1882 3633 1892 3633 1895 3634 1894 3634 1892 3634 1891 3635 1896 3635 1882 3635 1896 3636 1894 3636 1895 3636 1191 3637 1190 3637 1169 3637 1896 3638 1891 3638 1897 3638 1891 3639 1893 3639 1899 3639 1893 3640 1894 3640 1899 3640 1894 3641 1898 3641 1899 3641 1894 3642 1896 3642 1898 3642 1897 3643 1898 3643 1896 3643 1903 3644 1901 3644 1902 3644 1871 3645 1881 3645 1886 3645 1905 3646 1904 3646 1901 3646 1903 3647 1905 3647 1901 3647 1902 3648 1900 3648 1904 3648 1907 3649 1903 3649 1906 3649 1905 3650 1903 3650 1881 3650 1903 3651 1907 3651 1881 3651 1881 3652 1900 3652 1905 3652 639 3653 652 3653 649 3653 1913 3654 1914 3654 1909 3654 1098 3655 1107 3655 1105 3655 1107 3656 1104 3656 1105 3656 1418 3657 1411 3657 1416 3657 2026 3658 2030 3658 2031 3658 1106 3659 1100 3659 1103 3659 1352 3660 1335 3660 1316 3660 1306 3661 1308 3661 1307 3661 1728 3662 1772 3662 1771 3662 1338 3663 1344 3663 1368 3663 1898 3664 1897 3664 1882 3664 1725 3665 1727 3665 1726 3665 1111 3666 1112 3666 1110 3666 1007 3667 1004 3667 1003 3667 1933 3668 1930 3668 1925 3668 1933 3669 1925 3669 1927 3669 1926 3670 1937 3670 1928 3670 1948 3671 1949 3671 1930 3671 1131 3672 1132 3672 1113 3672 1554 3673 1547 3673 1535 3673 2054 3674 2055 3674 2042 3674 1959 3675 1951 3675 1937 3675 2055 3676 2056 3676 2036 3676 610 3677 611 3677 595 3677 2060 3678 2061 3678 2043 3678 1955 3679 1960 3679 1929 3679 1957 3680 1958 3680 1936 3680 1956 3681 1957 3681 1929 3681 1953 3682 1954 3682 1928 3682 2053 3683 2054 3683 2036 3683 2044 3684 2059 3684 2045 3684 1133 3685 1124 3685 1110 3685 1958 3686 1959 3686 1929 3686 1025 3687 1026 3687 1008 3687 1943 3688 1945 3688 1944 3688 1946 3689 1920 3689 1947 3689 1948 3690 1947 3690 1949 3690 1943 3691 1942 3691 1941 3691 1950 3692 1949 3692 1941 3692 1959 3693 1919 3693 1951 3693 1960 3694 1955 3694 1954 3694 1956 3695 1960 3695 1957 3695 1954 3696 1953 3696 1952 3696 1958 3697 1957 3697 1959 3697 1615 3698 1621 3698 1619 3698 1621 3699 1616 3699 1619 3699 1939 3700 1966 3700 1962 3700 1966 3701 1940 3701 1962 3701 1938 3702 1962 3702 1964 3702 1937 3703 1964 3703 1926 3703 1935 3704 1980 3704 1974 3704 1980 3705 1933 3705 1974 3705 1933 3706 1925 3706 1974 3706 1972 3707 1934 3707 1974 3707 1972 3708 1979 3708 1932 3708 1968 3709 1953 3709 1961 3709 1953 3710 1963 3710 1961 3710 1955 3711 1970 3711 1963 3711 1970 3712 1956 3712 1963 3712 1951 3713 1968 3713 1961 3713 1967 3714 1958 3714 1965 3714 1958 3715 1969 3715 1965 3715 1969 3716 1961 3716 1965 3716 1965 3717 1963 3717 1956 3717 1041 3718 1049 3718 1032 3718 704 3719 719 3719 743 3719 1936 3720 1958 3720 1967 3720 2057 3721 2041 3721 2078 3721 2082 3722 2081 3722 2042 3722 1942 3723 1934 3723 1972 3723 1229 3724 1221 3724 1261 3724 1976 3725 1972 3725 1932 3725 2084 3726 2078 3726 2037 3726 2071 3727 2074 3727 2065 3727 943 3728 940 3728 939 3728 940 3729 921 3729 926 3729 921 3730 928 3730 927 3730 926 3731 921 3731 927 3731 923 3732 943 3732 936 3732 936 3733 943 3733 937 3733 944 3734 923 3734 933 3734 929 3735 927 3735 944 3735 931 3736 929 3736 944 3736 940 3737 926 3737 942 3737 932 3738 931 3738 944 3738 933 3739 932 3739 944 3739 940 3740 942 3740 941 3740 934 3741 933 3741 923 3741 934 3742 923 3742 936 3742 943 3743 939 3743 938 3743 2048 3744 2065 3744 2069 3744 2073 3745 2069 3745 2063 3745 1978 3746 1974 3746 1931 3746 2071 3747 2076 3747 2061 3747 2045 3748 2059 3748 2070 3748 1535 3749 1547 3749 1561 3749 1047 3750 1040 3750 1034 3750 1258 3751 1267 3751 1222 3751 2043 3752 2061 3752 2075 3752 1119 3753 1142 3753 1148 3753 909 3754 913 3754 907 3754 914 3755 905 3755 907 3755 1982 3756 1961 3756 1983 3756 1271 3757 1274 3757 1248 3757 912 3758 916 3758 906 3758 910 3759 915 3759 912 3759 1933 3760 1979 3760 1972 3760 2012 3761 2011 3761 2013 3761 1998 3762 2002 3762 1997 3762 2002 3763 2001 3763 1997 3763 2000 3764 2002 3764 2003 3764 2003 3765 2002 3765 2004 3765 2002 3766 1998 3766 2004 3766 1998 3767 2000 3767 1983 3767 1983 3768 2004 3768 1998 3768 2007 3769 2008 3769 2012 3769 2008 3770 2011 3770 2010 3770 2011 3771 2009 3771 2010 3771 2009 3772 2006 3772 2005 3772 2006 3773 2008 3773 2005 3773 2008 3774 2007 3774 2005 3774 2006 3775 2009 3775 1985 3775 1985 3776 2009 3776 2012 3776 2009 3777 2011 3777 2012 3777 2013 3778 2006 3778 2007 3778 2021 3779 2019 3779 2014 3779 963 3780 914 3780 955 3780 914 3781 905 3781 955 3781 955 3782 909 3782 913 3782 2030 3783 2029 3783 2027 3783 2029 3784 2025 3784 2027 3784 1861 3785 1871 3785 1886 3785 1963 3786 1965 3786 1964 3786 698 3787 743 3787 746 3787 2088 3788 2089 3788 2087 3788 1053 3789 1055 3789 1054 3789 837 3790 847 3790 863 3790 1210 3791 1205 3791 1208 3791 900 3792 901 3792 899 3792 1471 3793 1467 3793 1428 3793 1318 3794 1317 3794 1315 3794 1420 3795 1422 3795 1421 3795 2046 3796 2033 3796 2036 3796 2036 3797 2041 3797 2034 3797 2040 3798 2038 3798 2034 3798 2038 3799 2039 3799 2032 3799 2038 3800 2032 3800 2034 3800 2047 3801 2036 3801 2035 3801 2044 3802 2045 3802 2035 3802 2033 3803 2046 3803 2035 3803 2046 3804 2044 3804 2035 3804 1028 3805 1029 3805 1006 3805 1137 3806 1138 3806 1121 3806 2066 3807 2058 3807 2046 3807 1010 3808 1023 3808 1011 3808 1242 3809 1243 3809 1225 3809 2063 3810 2064 3810 2036 3810 1030 3811 1031 3811 1006 3811 2065 3812 2066 3812 2036 3812 1029 3813 1030 3813 1016 3813 608 3814 609 3814 601 3814 2064 3815 2065 3815 2048 3815 2059 3816 2060 3816 2035 3816 1543 3817 1544 3817 1526 3817 2062 3818 2063 3818 2047 3818 1140 3819 1141 3819 1112 3819 1642 3820 1643 3820 1624 3820 2152 3821 2155 3821 2138 3821 1027 3822 1020 3822 1005 3822 1126 3823 1127 3823 1114 3823 1138 3824 1139 3824 1112 3824 2038 3825 2052 3825 2051 3825 2067 3826 2051 3826 2050 3826 2067 3827 2050 3827 2049 3827 2053 3828 2038 3828 2054 3828 2049 3829 2057 3829 2056 3829 2054 3830 2056 3830 2055 3830 2062 3831 2061 3831 2060 3831 2058 3832 2066 3832 2044 3832 2060 3833 2059 3833 2044 3833 2033 3834 2046 3834 2071 3834 2048 3835 2073 3835 2071 3835 2073 3836 2047 3836 2071 3836 2062 3837 2064 3837 2063 3837 2066 3838 2065 3838 2064 3838 2038 3839 2044 3839 2066 3839 1128 3840 1137 3840 1135 3840 1009 3841 1010 3841 1005 3841 1010 3842 1011 3842 1003 3842 2074 3843 2058 3843 2068 3843 2068 3844 2058 3844 2070 3844 2068 3845 2069 3845 2065 3845 2039 3846 2053 3846 2083 3846 2055 3847 2042 3847 2085 3847 1025 3848 1014 3848 1060 3848 1044 3849 1048 3849 1036 3849 2052 3850 2040 3850 2078 3850 1057 3851 1053 3851 1009 3851 2058 3852 2046 3852 2072 3852 1121 3853 1138 3853 1146 3853 2079 3854 2086 3854 2040 3854 1018 3855 1034 3855 1049 3855 2059 3856 2075 3856 2070 3856 2075 3857 2061 3857 2070 3857 2061 3858 2076 3858 2069 3858 2070 3859 2061 3859 2069 3859 2076 3860 2063 3860 2069 3860 2000 3861 1998 3861 1999 3861 1998 3862 1997 3862 1999 3862 2001 3863 2002 3863 2000 3863 2039 3864 2032 3864 2081 3864 2081 3865 2078 3865 2085 3865 2078 3866 2041 3866 2085 3866 1225 3867 1243 3867 1257 3867 1127 3868 1114 3868 1155 3868 1532 3869 1550 3869 1558 3869 1546 3870 1527 3870 1568 3870 1027 3871 1013 3871 1053 3871 1015 3872 1028 3872 1048 3872 2069 3873 2075 3873 2059 3873 1224 3874 1241 3874 1256 3874 1019 3875 1032 3875 1043 3875 1017 3876 1036 3876 1040 3876 1733 3877 1737 3877 1764 3877 928 3878 929 3878 926 3878 1937 3879 1926 3879 1929 3879 1929 3880 1928 3880 1939 3880 2102 3881 2103 3881 2101 3881 2101 3882 2103 3882 2104 3882 2100 3883 2102 3883 2101 3883 2101 3884 2091 3884 2100 3884 976 3885 972 3885 975 3885 2103 3886 2102 3886 2106 3886 2102 3887 2105 3887 2106 3887 2100 3888 2103 3888 2107 3888 2105 3889 2102 3889 2100 3889 2107 3890 2105 3890 2100 3890 2113 3891 2111 3891 2112 3891 2111 3892 2108 3892 2110 3892 2108 3893 2113 3893 2112 3893 2109 3894 2110 3894 2108 3894 2113 3895 2114 3895 2087 3895 2114 3896 2111 3896 2115 3896 2111 3897 2113 3897 2115 3897 2087 3898 2115 3898 2113 3898 2114 3899 2115 3899 2109 3899 2068 3900 2088 3900 2091 3900 1413 3901 1418 3901 1417 3901 2222 3902 2220 3902 2218 3902 993 3903 992 3903 988 3903 2132 3904 2126 3904 2125 3904 793 3905 794 3905 792 3905 1426 3906 1452 3906 1450 3906 1920 3907 1916 3907 1921 3907 2129 3908 2131 3908 2133 3908 902 3909 896 3909 895 3909 1169 3910 1194 3910 1193 3910 1820 3911 1818 3911 1821 3911 1818 3912 1819 3912 1821 3912 1738 3913 1736 3913 1732 3913 1737 3914 1733 3914 1780 3914 1522 3915 1524 3915 1523 3915 2141 3916 2143 3916 2139 3916 2135 3917 2144 3917 2141 3917 2137 3918 2144 3918 2135 3918 2143 3919 2137 3919 2139 3919 2136 3920 2145 3920 2138 3920 2138 3921 2146 3921 2140 3921 979 3922 982 3922 984 3922 982 3923 983 3923 980 3923 983 3924 979 3924 980 3924 979 3925 985 3925 980 3925 2142 3926 2145 3926 2136 3926 2140 3927 2146 3927 2142 3927 2138 3928 2153 3928 2146 3928 1737 3929 1726 3929 1730 3929 1233 3930 1234 3930 1216 3930 1023 3931 1024 3931 1008 3931 890 3932 889 3932 887 3932 1726 3933 1737 3933 1733 3933 1330 3934 1329 3934 1324 3934 1726 3935 1738 3935 1730 3935 2150 3936 2151 3936 2141 3936 2141 3937 2126 3937 2147 3937 2126 3938 2148 3938 2147 3938 2125 3939 2154 3939 2153 3939 2153 3940 2138 3940 2125 3940 1333 3941 1305 3941 1306 3941 1745 3942 1744 3942 1725 3942 1753 3943 1743 3943 1725 3943 2174 3944 2146 3944 2140 3944 2174 3945 2140 3945 2166 3945 2136 3946 2145 3946 2174 3946 2172 3947 2152 3947 2166 3947 2152 3948 2173 3948 2158 3948 2152 3949 2158 3949 2156 3949 729 3950 728 3950 732 3950 732 3951 727 3951 725 3951 2150 3952 2144 3952 2193 3952 1724 3953 1765 3953 1764 3953 929 3954 931 3954 930 3954 888 3955 892 3955 889 3955 2194 3956 2190 3956 2188 3956 2188 3957 2186 3957 2194 3957 2181 3958 2192 3958 2180 3958 2192 3959 2178 3959 2179 3959 2147 3960 2192 3960 2183 3960 2192 3961 2181 3961 2182 3961 2182 3962 2183 3962 2192 3962 1418 3963 1410 3963 1412 3963 2178 3964 2175 3964 2195 3964 2175 3965 2190 3965 2194 3965 2195 3966 2175 3966 2194 3966 2195 3967 2184 3967 2182 3967 2182 3968 2180 3968 2195 3968 2165 3969 2168 3969 2170 3969 2172 3970 2156 3970 2170 3970 2159 3971 2161 3971 2163 3971 2159 3972 2163 3972 2156 3972 2176 3973 2178 3973 2192 3973 2192 3974 2150 3974 2176 3974 2150 3975 2189 3975 2191 3975 2176 3976 2150 3976 2175 3976 2189 3977 2186 3977 2187 3977 2188 3978 2189 3978 2187 3978 2186 3979 2147 3979 2185 3979 2147 3980 2183 3980 2184 3980 2147 3981 2184 3981 2185 3981 2175 3982 2150 3982 2191 3982 2190 3983 2191 3983 2189 3983 2203 3984 2201 3984 2202 3984 2201 3985 2204 3985 2200 3985 2204 3986 2203 3986 2202 3986 2170 3987 2204 3987 2202 3987 2203 3988 2205 3988 2207 3988 2205 3989 2204 3989 2206 3989 2170 3990 2207 3990 2205 3990 2212 3991 2211 3991 2213 3991 2209 3992 2212 3992 2210 3992 2210 3993 2212 3993 2213 3993 2208 3994 2211 3994 2209 3994 2210 3995 2208 3995 2209 3995 2201 3996 2203 3996 2206 3996 2206 3997 2204 3997 2201 3997 2173 3998 2164 3998 2162 3998 2164 3999 2153 3999 2165 3999 2153 4000 2169 4000 2167 4000 2169 4001 2172 4001 2171 4001 2170 4002 2169 4002 2171 4002 2158 4003 2173 4003 2159 4003 2160 4004 2159 4004 2173 4004 2161 4005 2160 4005 2173 4005 2169 4006 2168 4006 2167 4006 2162 4007 2161 4007 2173 4007 2163 4008 2162 4008 2164 4008 2153 4009 2167 4009 2165 4009 1019 4010 1045 4010 1041 4010 1045 4011 1016 4011 1041 4011 1016 4012 1046 4012 1041 4012 1046 4013 1015 4013 1004 4013</p>
        </triangles>
        <triangles material="metallic-material" count="2002">
          <input semantic="VERTEX" source="#Test_011-mesh-vertices" offset="0"/>
          <input semantic="NORMAL" source="#Test_011-mesh-normals" offset="1"/>
          <p>329 4014 323 4014 1889 4014 505 4015 564 4015 504 4015 17 4016 19 4016 9 4016 22 4017 8 4017 3 4017 22 4018 3 4018 23 4018 23 4019 3 4019 9 4019 23 4020 9 4020 24 4020 24 4021 9 4021 8 4021 24 4022 8 4022 22 4022 36 4023 18 4023 19 4023 36 4024 19 4024 17 4024 25 4025 10 4025 13 4025 25 4026 13 4026 26 4026 26 4027 13 4027 11 4027 11 4028 10 4028 25 4028 27 4029 1 4029 28 4029 28 4030 1 4030 4 4030 28 4031 4 4031 22 4031 22 4032 4 4032 14 4032 22 4033 14 4033 27 4033 27 4034 14 4034 1 4034 29 4035 15 4035 10 4035 29 4036 10 4036 30 4036 30 4037 10 4037 6 4037 30 4038 6 4038 15 4038 31 4039 20 4039 16 4039 16 4040 21 4040 31 4040 6 4041 3 4041 11 4041 11 4042 3 4042 5 4042 32 4043 4 4043 7 4043 34 4044 1 4044 0 4044 35 4045 9 4045 36 4045 9 4046 2 4046 36 4046 36 4047 2 4047 26 4047 348 4048 1994 4048 1995 4048 37 4049 12 4049 10 4049 38 4050 10 4050 16 4050 451 4051 450 4051 1071 4051 250 4052 205 4052 206 4052 289 4053 505 4053 268 4053 230 4054 233 4054 169 4054 62 4055 50 4055 54 4055 63 4056 59 4056 49 4056 63 4057 39 4057 59 4057 87 4058 58 4058 57 4058 87 4059 57 4059 43 4059 61 4060 62 4060 44 4060 44 4061 64 4061 60 4061 40 4062 48 4062 88 4062 269 4063 268 4063 267 4063 248 4064 142 4064 141 4064 304 4065 291 4065 567 4065 298 4066 206 4066 207 4066 92 4067 234 4067 228 4067 128 4068 246 4068 197 4068 87 4069 175 4069 75 4069 428 4070 568 4070 443 4070 47 4071 64 4071 41 4071 500 4072 1382 4072 1383 4072 64 4073 44 4073 62 4073 553 4074 424 4074 423 4074 58 4075 40 4075 57 4075 89 4076 224 4076 225 4076 120 4077 101 4077 68 4077 115 4078 80 4078 117 4078 564 4079 572 4079 504 4079 136 4080 134 4080 139 4080 30 4081 15 4081 38 4081 496 4082 497 4082 491 4082 477 4083 472 4083 476 4083 80 4084 112 4084 105 4084 543 4085 382 4085 580 4085 159 4086 92 4086 157 4086 182 4087 179 4087 181 4087 74 4088 73 4088 170 4088 179 4089 65 4089 87 4089 1 4090 34 4090 33 4090 84 4091 139 4091 140 4091 238 4092 182 4092 181 4092 113 4093 194 4093 112 4093 112 4094 194 4094 114 4094 1176 4095 463 4095 1178 4095 199 4096 52 4096 200 4096 200 4097 52 4097 201 4097 202 4098 52 4098 203 4098 203 4099 52 4099 204 4099 204 4100 52 4100 71 4100 204 4101 71 4101 205 4101 205 4102 71 4102 206 4102 206 4103 71 4103 207 4103 207 4104 71 4104 53 4104 207 4105 53 4105 208 4105 208 4106 53 4106 209 4106 209 4107 53 4107 210 4107 212 4108 76 4108 213 4108 214 4109 88 4109 215 4109 215 4110 88 4110 216 4110 216 4111 88 4111 217 4111 217 4112 88 4112 48 4112 217 4113 48 4113 218 4113 218 4114 48 4114 219 4114 219 4115 48 4115 220 4115 286 4116 446 4116 445 4116 221 4117 76 4117 222 4117 222 4118 76 4118 211 4118 150 4119 152 4119 224 4119 150 4120 224 4120 153 4120 159 4121 227 4121 161 4121 159 4122 160 4122 227 4122 171 4123 229 4123 169 4123 169 4124 229 4124 170 4124 174 4125 230 4125 176 4125 176 4126 230 4126 231 4126 176 4127 231 4127 175 4127 175 4128 231 4128 174 4128 561 4129 484 4129 478 4129 307 4130 306 4130 280 4130 552 4131 417 4131 418 4131 473 4132 571 4132 474 4132 132 4133 134 4133 84 4133 764 4134 765 4134 767 4134 163 4135 174 4135 165 4135 191 4136 98 4136 241 4136 303 4137 517 4137 281 4137 178 4138 175 4138 177 4138 68 4139 192 4139 120 4139 563 4140 562 4140 570 4140 247 4141 136 4141 133 4141 470 4142 1176 4142 1177 4142 138 4143 248 4143 136 4143 113 4144 105 4144 244 4144 143 4145 236 4145 147 4145 67 4146 118 4146 119 4146 224 4147 149 4147 153 4147 165 4148 235 4148 227 4148 1786 4149 1784 4149 1785 4149 473 4150 474 4150 472 4150 170 4151 233 4151 174 4151 189 4152 190 4152 184 4152 522 4153 523 4153 517 4153 239 4154 186 4154 232 4154 232 4155 186 4155 185 4155 114 4156 244 4156 195 4156 71 4157 73 4157 90 4157 298 4158 271 4158 256 4158 115 4159 245 4159 116 4159 304 4160 305 4160 281 4160 136 4161 149 4161 251 4161 287 4162 569 4162 557 4162 181 4163 179 4163 76 4163 294 4164 297 4164 296 4164 184 4165 190 4165 249 4165 87 4166 185 4166 184 4166 225 4167 224 4167 152 4167 265 4168 254 4168 272 4168 272 4169 254 4169 266 4169 274 4170 257 4170 258 4170 274 4171 258 4171 259 4171 275 4172 271 4172 7 4172 275 4173 7 4173 274 4173 11 4174 276 4174 272 4174 11 4175 272 4175 7 4175 32 4176 276 4176 11 4176 271 4177 298 4177 277 4177 294 4178 265 4178 267 4178 149 4179 147 4179 71 4179 254 4180 217 4180 278 4180 278 4181 294 4181 293 4181 228 4182 234 4182 162 4182 285 4183 286 4183 443 4183 12 4184 37 4184 26 4184 95 4185 93 4185 94 4185 263 4186 262 4186 264 4186 762 4187 410 4187 761 4187 184 4188 187 4188 186 4188 507 4189 506 4189 509 4189 124 4190 246 4190 127 4190 356 4191 355 4191 278 4191 149 4192 155 4192 165 4192 280 4193 304 4193 281 4193 300 4194 571 4194 559 4194 315 4195 305 4195 312 4195 282 4196 316 4196 317 4196 166 4197 167 4197 74 4197 156 4198 235 4198 165 4198 231 4199 237 4199 87 4199 292 4200 349 4200 337 4200 335 4201 342 4201 343 4201 342 4202 344 4202 343 4202 358 4203 361 4203 362 4203 513 4204 574 4204 516 4204 293 4205 374 4205 369 4205 376 4206 377 4206 284 4206 294 4207 254 4207 265 4207 293 4208 579 4208 262 4208 294 4209 386 4209 385 4209 257 4210 262 4210 259 4210 294 4211 400 4211 401 4211 399 4212 581 4212 398 4212 351 4213 352 4213 350 4213 249 4214 97 4214 69 4214 430 4215 294 4215 429 4215 296 4216 582 4216 552 4216 285 4217 438 4217 439 4217 457 4218 458 4218 287 4218 247 4219 134 4219 135 4219 148 4220 146 4220 147 4220 454 4221 444 4221 453 4221 489 4222 288 4222 290 4222 290 4223 500 4223 494 4223 507 4224 511 4224 512 4224 313 4225 530 4225 312 4225 312 4226 530 4226 315 4226 315 4227 530 4227 531 4227 315 4228 531 4228 316 4228 316 4229 531 4229 317 4229 317 4230 531 4230 308 4230 308 4231 531 4231 532 4231 308 4232 532 4232 309 4232 309 4233 532 4233 310 4233 310 4234 532 4234 311 4234 286 4235 438 4235 554 4235 307 4236 530 4236 306 4236 306 4237 530 4237 314 4237 331 4238 533 4238 332 4238 332 4239 533 4239 333 4239 304 4240 521 4240 520 4240 328 4241 534 4241 327 4241 327 4242 534 4242 321 4242 321 4243 534 4243 322 4243 535 4244 330 4244 329 4244 326 4245 535 4245 325 4245 325 4246 535 4246 323 4246 323 4247 535 4247 329 4247 303 4248 519 4248 518 4248 330 4249 533 4249 331 4249 347 4250 536 4250 348 4250 348 4251 536 4251 349 4251 349 4252 536 4252 337 4252 337 4253 536 4253 338 4253 338 4254 536 4254 339 4254 339 4255 536 4255 537 4255 339 4256 537 4256 340 4256 340 4257 537 4257 341 4257 341 4258 537 4258 538 4258 341 4259 538 4259 342 4259 342 4260 538 4260 344 4260 344 4261 538 4261 345 4261 345 4262 538 4262 346 4262 346 4263 538 4263 536 4263 346 4264 536 4264 347 4264 362 4265 539 4265 363 4265 363 4266 539 4266 364 4266 364 4267 539 4267 365 4267 365 4268 539 4268 356 4268 356 4269 539 4269 540 4269 356 4270 540 4270 355 4270 355 4271 540 4271 353 4271 353 4272 540 4272 354 4272 354 4273 540 4273 360 4273 359 4274 541 4274 357 4274 357 4275 541 4275 361 4275 361 4276 541 4276 362 4276 362 4277 541 4277 539 4277 378 4278 542 4278 379 4278 379 4279 542 4279 543 4279 379 4280 543 4280 380 4280 380 4281 543 4281 373 4281 373 4282 543 4282 374 4282 374 4283 543 4283 262 4283 374 4284 262 4284 369 4284 369 4285 262 4285 370 4285 370 4286 262 4286 371 4286 558 4287 467 4287 265 4287 372 4288 542 4288 375 4288 375 4289 542 4289 376 4289 377 4290 542 4290 378 4290 387 4291 545 4291 386 4291 386 4292 545 4292 385 4292 385 4293 545 4293 394 4293 394 4294 545 4294 546 4294 394 4295 546 4295 395 4295 395 4296 546 4296 396 4296 396 4297 546 4297 384 4297 384 4298 546 4298 391 4298 392 4299 547 4299 393 4299 393 4300 547 4300 390 4300 390 4301 547 4301 388 4301 388 4302 547 4302 545 4302 388 4303 545 4303 387 4303 412 4304 549 4304 411 4304 411 4305 549 4305 295 4305 411 4306 295 4306 400 4306 400 4307 295 4307 401 4307 401 4308 295 4308 402 4308 403 4309 548 4309 404 4309 404 4310 548 4310 405 4310 406 4311 549 4311 407 4311 407 4312 549 4312 409 4312 409 4313 549 4313 410 4313 410 4314 549 4314 412 4314 424 4315 551 4315 425 4315 425 4316 551 4316 426 4316 427 4317 552 4317 419 4317 419 4318 552 4318 418 4318 540 4319 359 4319 360 4319 417 4320 552 4320 420 4320 420 4321 552 4321 421 4321 422 4322 553 4322 416 4322 416 4323 553 4323 423 4323 546 4324 392 4324 391 4324 158 4325 156 4325 72 4325 542 4326 371 4326 262 4326 216 4327 254 4327 215 4327 215 4328 254 4328 214 4328 213 4329 294 4329 212 4329 212 4330 294 4330 211 4330 211 4331 294 4331 222 4331 222 4332 294 4332 221 4332 221 4333 294 4333 220 4333 220 4334 294 4334 278 4334 220 4335 278 4335 219 4335 219 4336 278 4336 218 4336 218 4337 278 4337 217 4337 205 4338 280 4338 204 4338 204 4339 280 4339 203 4339 203 4340 280 4340 277 4340 203 4341 277 4341 202 4341 202 4342 277 4342 201 4342 201 4343 277 4343 200 4343 200 4344 277 4344 199 4344 199 4345 277 4345 298 4345 199 4346 298 4346 210 4346 210 4347 298 4347 209 4347 209 4348 298 4348 208 4348 208 4349 298 4349 207 4349 206 4350 280 4350 205 4350 430 4351 551 4351 428 4351 428 4352 551 4352 429 4352 440 4353 286 4353 441 4353 442 4354 286 4354 431 4354 431 4355 286 4355 432 4355 432 4356 286 4356 296 4356 432 4357 296 4357 433 4357 433 4358 296 4358 434 4358 434 4359 296 4359 435 4359 435 4360 296 4360 554 4360 435 4361 554 4361 436 4361 436 4362 554 4362 437 4362 437 4363 554 4363 438 4363 439 4364 286 4364 440 4364 452 4365 555 4365 453 4365 453 4366 555 4366 454 4366 454 4367 555 4367 455 4367 455 4368 555 4368 456 4368 456 4369 555 4369 448 4369 448 4370 555 4370 556 4370 448 4371 556 4371 447 4371 447 4372 556 4372 446 4372 446 4373 556 4373 265 4373 446 4374 265 4374 445 4374 445 4375 265 4375 449 4375 449 4376 265 4376 450 4376 450 4377 265 4377 451 4377 451 4378 265 4378 555 4378 451 4379 555 4379 452 4379 299 4380 557 4380 457 4380 299 4381 265 4381 557 4381 468 4382 558 4382 469 4382 469 4383 558 4383 470 4383 471 4384 558 4384 460 4384 460 4385 558 4385 461 4385 461 4386 558 4386 300 4386 461 4387 300 4387 462 4387 462 4388 300 4388 463 4388 463 4389 300 4389 464 4389 464 4390 300 4390 265 4390 464 4391 265 4391 465 4391 465 4392 265 4392 466 4392 466 4393 265 4393 467 4393 486 4394 559 4394 475 4394 476 4395 560 4395 477 4395 477 4396 560 4396 483 4396 483 4397 560 4397 482 4397 567 4398 525 4398 524 4398 481 4399 561 4399 480 4399 480 4400 561 4400 479 4400 479 4401 561 4401 478 4401 484 4402 559 4402 485 4402 485 4403 559 4403 486 4403 495 4404 562 4404 501 4404 501 4405 562 4405 502 4405 502 4406 562 4406 503 4406 530 4407 311 4407 532 4407 496 4408 563 4408 497 4408 497 4409 563 4409 492 4409 549 4410 405 4410 548 4410 493 4411 563 4411 498 4411 498 4412 563 4412 499 4412 499 4413 563 4413 564 4413 499 4414 564 4414 500 4414 500 4415 564 4415 494 4415 494 4416 564 4416 495 4416 495 4417 564 4417 562 4417 523 4418 567 4418 524 4418 534 4419 326 4419 322 4419 525 4420 303 4420 526 4420 526 4421 303 4421 527 4421 527 4422 303 4422 518 4422 559 4423 476 4423 475 4423 519 4424 304 4424 529 4424 529 4425 304 4425 528 4425 528 4426 304 4426 520 4426 560 4427 481 4427 482 4427 521 4428 567 4428 522 4428 522 4429 567 4429 523 4429 294 4430 300 4430 299 4430 128 4431 126 4431 83 4431 465 4432 464 4432 1173 4432 533 4433 328 4433 333 4433 154 4434 155 4434 72 4434 575 4435 280 4435 303 4435 368 4436 367 4436 293 4436 333 4437 328 4437 283 4437 416 4438 423 4438 297 4438 290 4439 288 4439 300 4439 389 4440 398 4440 397 4440 118 4441 80 4441 120 4441 252 4442 211 4442 253 4442 183 4443 87 4443 181 4443 1996 4444 346 4444 1995 4444 508 4445 565 4445 302 4445 68 4446 78 4446 103 4446 265 4447 457 4447 569 4447 510 4448 573 4448 513 4448 96 4449 93 4449 249 4449 120 4450 86 4450 47 4450 9 4451 35 4451 0 4451 286 4452 554 4452 428 4452 561 4453 560 4453 288 4453 300 4454 489 4454 265 4454 583 4455 250 4455 251 4455 293 4456 366 4456 358 4456 254 4457 213 4457 214 4457 238 4458 179 4458 66 4458 553 4459 582 4459 297 4459 243 4460 106 4460 104 4460 197 4461 247 4461 131 4461 71 4462 83 4462 49 4462 107 4463 109 4463 79 4463 196 4464 118 4464 67 4464 68 4465 103 4465 192 4465 515 4466 573 4466 566 4466 243 4467 109 4467 108 4467 151 4468 226 4468 224 4468 99 4469 70 4469 68 4469 563 4470 503 4470 562 4470 1993 4471 1995 4471 1994 4471 498 4472 493 4472 1378 4472 657 4473 658 4473 659 4473 657 4474 659 4474 660 4474 392 4475 391 4475 658 4475 396 4476 661 4476 395 4476 394 4477 661 4477 385 4477 386 4478 661 4478 387 4478 388 4479 661 4479 390 4479 390 4480 661 4480 393 4480 392 4481 661 4481 391 4481 391 4482 661 4482 384 4482 541 4483 579 4483 367 4483 32 4484 11 4484 255 4484 118 4485 115 4485 116 4485 413 4486 414 4486 408 4486 761 4487 760 4487 762 4487 762 4488 760 4488 763 4488 403 4489 402 4489 763 4489 404 4490 765 4490 403 4490 403 4491 765 4491 402 4491 401 4492 766 4492 400 4492 411 4493 766 4493 412 4493 410 4494 767 4494 409 4494 409 4495 767 4495 407 4495 1382 4496 503 4496 1381 4496 406 4497 767 4497 405 4497 766 4498 764 4498 767 4498 552 4499 422 4499 421 4499 161 4500 228 4500 165 4500 551 4501 427 4501 426 4501 867 4502 866 4502 868 4502 868 4503 866 4503 869 4503 417 4504 870 4504 418 4504 418 4505 870 4505 419 4505 427 4506 870 4506 426 4506 425 4507 870 4507 424 4507 424 4508 870 4508 423 4508 416 4509 870 4509 422 4509 421 4510 870 4510 420 4510 141 4511 85 4511 137 4511 108 4512 107 4512 68 4512 766 4513 402 4513 765 4513 120 4514 245 4514 119 4514 419 4515 418 4515 296 4515 542 4516 579 4516 544 4516 109 4517 243 4517 193 4517 292 4518 271 4518 268 4518 966 4519 968 4519 967 4519 436 4520 435 4520 968 4520 434 4521 969 4521 433 4521 433 4522 969 4522 432 4522 431 4523 969 4523 442 4523 442 4524 969 4524 441 4524 1788 4525 310 4525 1790 4525 440 4526 969 4526 439 4526 438 4527 969 4527 437 4527 436 4528 969 4528 435 4528 350 4529 578 4529 351 4529 85 4530 141 4530 142 4530 583 4531 304 4531 280 4531 470 4532 458 4532 469 4532 340 4533 1994 4533 339 4533 463 4534 464 4534 299 4534 1069 4535 1070 4535 1071 4535 1069 4536 447 4536 448 4536 447 4537 1072 4537 448 4537 456 4538 1072 4538 455 4538 454 4539 1072 4539 453 4539 453 4540 1072 4540 452 4540 451 4541 1072 4541 450 4541 450 4542 1072 4542 449 4542 445 4543 1072 4543 446 4543 392 4544 383 4544 391 4544 319 4545 323 4545 324 4545 286 4546 444 4546 265 4546 290 4547 267 4547 271 4547 582 4548 408 4548 415 4548 1171 4549 461 4549 460 4549 218 4550 217 4550 262 4550 1172 4551 1171 4551 1173 4551 460 4552 1176 4552 471 4552 470 4553 1177 4553 469 4553 469 4554 1177 4554 468 4554 467 4555 1177 4555 466 4555 410 4556 766 4556 767 4556 465 4557 1178 4557 464 4557 464 4558 1178 4558 463 4558 462 4559 1176 4559 461 4559 1177 4560 1175 4560 1178 4560 1178 4561 1175 4561 1176 4561 191 4562 100 4562 99 4562 87 4563 217 4563 120 4563 153 4564 152 4564 90 4564 76 4565 220 4565 48 4565 136 4566 132 4566 83 4566 1277 4567 1275 4567 1276 4567 480 4568 1276 4568 479 4568 481 4569 1278 4569 482 4569 483 4570 1278 4570 477 4570 476 4571 1278 4571 475 4571 486 4572 1278 4572 485 4572 484 4573 1278 4573 478 4573 479 4574 1278 4574 480 4574 1176 4575 460 4575 461 4575 281 4576 518 4576 519 4576 472 4577 288 4577 571 4577 76 4578 184 4578 185 4578 530 4579 575 4579 531 4579 512 4580 573 4580 565 4580 1377 4581 1379 4581 1378 4581 1377 4582 502 4582 501 4582 497 4583 1381 4583 496 4583 496 4584 1381 4584 503 4584 502 4585 1382 4585 501 4585 495 4586 1382 4586 494 4586 500 4587 1383 4587 499 4587 498 4588 1383 4588 493 4588 493 4589 1383 4589 492 4589 1383 4590 1380 4590 1381 4590 1381 4591 1380 4591 1382 4591 1382 4592 1380 4592 1383 4592 154 4593 224 4593 226 4593 236 4594 148 4594 147 4594 385 4595 386 4595 659 4595 1686 4596 519 4596 518 4596 129 4597 130 4597 131 4597 284 4598 294 4598 543 4598 223 4599 236 4599 145 4599 173 4600 172 4600 169 4600 16 4601 33 4601 38 4601 489 4602 490 4602 288 4602 570 4603 490 4603 563 4603 536 4604 350 4604 343 4604 290 4605 280 4605 291 4605 265 4606 252 4606 296 4606 242 4607 94 4607 241 4607 294 4608 432 4608 433 4608 87 4609 65 4609 238 4609 177 4610 179 4610 178 4610 198 4611 248 4611 140 4611 1383 4612 497 4612 492 4612 92 4613 161 4613 160 4613 52 4614 210 4614 53 4614 111 4615 112 4615 79 4615 49 4616 83 4616 82 4616 163 4617 165 4617 73 4617 509 4618 506 4618 572 4618 544 4619 368 4619 284 4619 532 4620 576 4620 318 4620 296 4621 262 4621 295 4621 384 4622 661 4622 396 4622 1687 4623 1685 4623 1686 4623 519 4624 1688 4624 518 4624 527 4625 1688 4625 526 4625 525 4626 1688 4626 524 4626 523 4627 1688 4627 522 4627 522 4628 1688 4628 521 4628 207 4629 208 4629 49 4629 520 4630 1688 4630 528 4630 528 4631 1688 4631 529 4631 195 4632 244 4632 81 4632 127 4633 128 4633 123 4633 413 4634 582 4634 414 4634 309 4635 1788 4635 308 4635 317 4636 1788 4636 316 4636 315 4637 1789 4637 312 4637 313 4638 1789 4638 314 4638 314 4639 1789 4639 306 4639 307 4640 1790 4640 311 4640 311 4641 1790 4641 310 4641 1788 4642 1787 4642 1789 4642 1789 4643 1787 4643 1790 4643 1790 4644 1787 4644 1788 4644 112 4645 244 4645 193 4645 7 4646 4 4646 16 4646 243 4647 105 4647 106 4647 167 4648 168 4648 164 4648 427 4649 426 4649 869 4649 422 4650 421 4650 867 4650 407 4651 397 4651 406 4651 327 4652 1888 4652 1887 4652 322 4653 1890 4653 321 4653 321 4654 1890 4654 327 4654 328 4655 1890 4655 333 4655 332 4656 1890 4656 331 4656 331 4657 1890 4657 330 4657 329 4658 1890 4658 323 4658 325 4659 1890 4659 326 4659 465 4660 1177 4660 1178 4660 252 4661 87 4661 249 4661 1784 4662 307 4662 311 4662 544 4663 580 4663 382 4663 149 4664 154 4664 151 4664 188 4665 239 4665 242 4665 162 4666 164 4666 92 4666 548 4667 402 4667 295 4667 546 4668 543 4668 580 4668 279 4669 514 4669 515 4669 98 4670 94 4670 97 4670 1990 4671 1989 4671 1991 4671 1992 4672 1989 4672 1990 4672 1992 4673 1990 4673 337 4673 339 4674 1994 4674 338 4674 337 4675 1994 4675 349 4675 404 4676 767 4676 765 4676 348 4677 1995 4677 347 4677 347 4678 1995 4678 346 4678 530 4679 319 4679 318 4679 345 4680 1996 4680 344 4680 342 4681 1996 4681 341 4681 341 4682 1996 4682 340 4682 1996 4683 1993 4683 1994 4683 1995 4684 1993 4684 1996 4684 166 4685 234 4685 229 4685 300 4686 479 4686 478 4686 513 4687 514 4687 512 4687 164 4688 229 4688 234 4688 102 4689 240 4689 99 4689 244 4690 105 4690 111 4690 196 4691 246 4691 122 4691 488 4692 570 4692 487 4692 556 4693 555 4693 287 4693 262 4694 254 4694 273 4694 358 4695 368 4695 579 4695 37 4696 29 4696 30 4696 2097 4697 361 4697 357 4697 966 4698 431 4698 442 4698 2096 4699 2095 4699 2097 4699 2097 4700 2095 4700 2098 4700 356 4701 2098 4701 2095 4701 353 4702 2099 4702 355 4702 356 4703 2099 4703 365 4703 364 4704 2099 4704 363 4704 362 4705 2099 4705 361 4705 357 4706 2099 4706 359 4706 360 4707 2099 4707 354 4707 76 4708 214 4708 213 4708 335 4709 324 4709 336 4709 429 4710 296 4710 430 4710 112 4711 80 4711 113 4711 307 4712 1789 4712 1790 4712 123 4713 122 4713 124 4713 536 4714 262 4714 292 4714 2196 4715 2197 4715 2198 4715 370 4716 369 4716 2197 4716 379 4717 378 4717 2198 4717 369 4718 2199 4718 374 4718 315 4719 1788 4719 1789 4719 373 4720 2199 4720 380 4720 379 4721 2199 4721 378 4721 2199 4722 369 4722 370 4722 377 4723 2199 4723 376 4723 375 4724 2199 4724 372 4724 371 4725 2199 4725 370 4725 316 4726 315 4726 1786 4726 326 4727 322 4727 1887 4727 1887 4728 1888 4728 332 4728 1888 4729 333 4729 332 4729 325 4730 326 4730 1887 4730 323 4731 325 4731 1889 4731 325 4732 1887 4732 1889 4732 1887 4733 332 4733 331 4733 1887 4734 331 4734 330 4734 1887 4735 330 4735 1889 4735 330 4736 329 4736 1889 4736 505 4737 491 4737 564 4737 495 4738 501 4738 1382 4738 348 4739 349 4739 1994 4739 1070 4740 456 4740 455 4740 445 4741 446 4741 1069 4741 1070 4742 455 4742 454 4742 1070 4743 454 4743 453 4743 449 4744 445 4744 1069 4744 450 4745 449 4745 1069 4745 1071 4746 1070 4746 453 4746 1071 4747 453 4747 452 4747 450 4748 1069 4748 1071 4748 1071 4749 452 4749 451 4749 250 4750 251 4750 205 4750 268 4751 564 4751 301 4751 564 4752 491 4752 301 4752 301 4753 289 4753 268 4753 505 4754 504 4754 268 4754 45 4755 44 4755 60 4755 45 4756 60 4756 59 4756 45 4757 59 4757 68 4757 49 4758 68 4758 39 4758 39 4759 68 4759 59 4759 53 4760 49 4760 59 4760 53 4761 59 4761 50 4761 59 4762 60 4762 50 4762 60 4763 61 4763 50 4763 50 4764 61 4764 54 4764 52 4765 51 4765 61 4765 51 4766 54 4766 61 4766 61 4767 44 4767 55 4767 44 4768 57 4768 55 4768 165 4769 52 4769 56 4769 56 4770 52 4770 55 4770 55 4771 52 4771 61 4771 57 4772 165 4772 55 4772 233 4773 74 4773 169 4773 169 4774 172 4774 230 4774 270 4775 271 4775 267 4775 267 4776 7 4776 269 4776 268 4777 270 4777 267 4777 248 4778 223 4778 142 4778 489 4779 487 4779 570 4779 291 4780 574 4780 567 4780 174 4781 231 4781 87 4781 230 4782 237 4782 231 4782 298 4783 280 4783 206 4783 157 4784 92 4784 228 4784 130 4785 126 4785 197 4785 126 4786 128 4786 197 4786 87 4787 177 4787 175 4787 75 4788 65 4788 178 4788 75 4789 178 4789 87 4789 443 4790 286 4790 428 4790 39 4791 63 4791 86 4791 39 4792 86 4792 49 4792 49 4793 51 4793 50 4793 61 4794 60 4794 62 4794 60 4795 49 4795 62 4795 49 4796 50 4796 62 4796 56 4797 55 4797 62 4797 165 4798 87 4798 43 4798 55 4799 165 4799 43 4799 55 4800 43 4800 62 4800 64 4801 62 4801 43 4801 64 4802 43 4802 58 4802 64 4803 58 4803 42 4803 86 4804 60 4804 46 4804 58 4805 87 4805 42 4805 60 4806 64 4806 47 4806 46 4807 60 4807 47 4807 45 4808 47 4808 86 4808 46 4809 45 4809 86 4809 87 4810 40 4810 42 4810 64 4811 42 4811 41 4811 383 4812 547 4812 580 4812 580 4813 284 4813 383 4813 767 4814 406 4814 407 4814 500 4815 494 4815 1382 4815 553 4816 551 4816 424 4816 511 4817 302 4817 565 4817 565 4818 573 4818 511 4818 40 4819 47 4819 41 4819 146 4820 89 4820 225 4820 296 4821 286 4821 265 4821 103 4822 78 4822 101 4822 120 4823 103 4823 101 4823 20 4824 4 4824 1 4824 16 4825 20 4825 1 4825 160 4826 165 4826 227 4826 148 4827 225 4827 149 4827 81 4828 80 4828 115 4828 118 4829 116 4829 117 4829 80 4830 118 4830 117 4830 569 4831 558 4831 265 4831 564 4832 563 4832 572 4832 247 4833 135 4833 136 4833 134 4834 198 4834 139 4834 48 4835 41 4835 44 4835 41 4836 42 4836 44 4836 45 4837 68 4837 48 4837 47 4838 45 4838 48 4838 47 4839 48 4839 44 4839 46 4840 47 4840 44 4840 44 4841 45 4841 46 4841 42 4842 40 4842 43 4842 40 4843 58 4843 43 4843 57 4844 44 4844 43 4844 42 4845 43 4845 44 4845 29 4846 38 4846 15 4846 33 4847 21 4847 20 4847 38 4848 33 4848 20 4848 31 4849 38 4849 20 4849 31 4850 30 4850 38 4850 497 4851 492 4851 491 4851 492 4852 301 4852 491 4852 491 4853 490 4853 496 4853 538 4854 350 4854 536 4854 536 4855 351 4855 578 4855 477 4856 288 4856 472 4856 112 4857 111 4857 105 4857 157 4858 160 4858 159 4858 159 4859 161 4859 92 4859 90 4860 89 4860 71 4860 182 4861 66 4861 179 4861 530 4862 313 4862 314 4862 126 4863 130 4863 127 4863 246 4864 128 4864 127 4864 176 4865 172 4865 174 4865 172 4866 75 4866 174 4866 75 4867 175 4867 174 4867 65 4868 76 4868 180 4868 180 4869 76 4869 87 4869 76 4870 179 4870 87 4870 84 4871 71 4871 139 4871 71 4872 138 4872 139 4872 140 4873 138 4873 137 4873 140 4874 137 4874 84 4874 238 4875 232 4875 182 4875 1176 4876 462 4876 463 4876 452 4877 453 4877 444 4877 286 4878 287 4878 446 4878 447 4879 287 4879 448 4879 287 4880 454 4880 455 4880 287 4881 455 4881 456 4881 451 4882 452 4882 444 4882 450 4883 451 4883 444 4883 287 4884 456 4884 448 4884 450 4885 444 4885 286 4885 449 4886 450 4886 286 4886 287 4887 447 4887 446 4887 445 4888 449 4888 286 4888 254 4889 263 4889 264 4889 408 4890 582 4890 550 4890 550 4891 397 4891 408 4891 561 4892 559 4892 484 4892 11 4893 36 4893 26 4893 234 4894 168 4894 167 4894 166 4895 229 4895 167 4895 163 4896 234 4896 167 4896 280 4897 282 4897 307 4897 307 4898 282 4898 311 4898 282 4899 317 4899 308 4899 282 4900 308 4900 309 4900 313 4901 305 4901 280 4901 314 4902 313 4902 280 4902 282 4903 309 4903 310 4903 310 4904 311 4904 282 4904 306 4905 314 4905 280 4905 245 4906 81 4906 118 4906 473 4907 558 4907 571 4907 132 4908 135 4908 134 4908 163 4909 167 4909 174 4909 535 4910 576 4910 533 4910 281 4911 575 4911 303 4911 303 4912 574 4912 517 4912 178 4913 65 4913 175 4913 240 4914 103 4914 120 4914 156 4915 91 4915 157 4915 193 4916 111 4916 80 4916 120 4917 115 4917 117 4917 117 4918 116 4918 245 4918 117 4919 245 4919 120 4919 562 4920 564 4920 570 4920 564 4921 489 4921 570 4921 143 4922 71 4922 146 4922 136 4923 130 4923 133 4923 133 4924 131 4924 247 4924 470 4925 471 4925 1176 4925 138 4926 140 4926 248 4926 139 4927 138 4927 136 4927 113 4928 115 4928 105 4928 244 4929 114 4929 194 4929 244 4930 194 4930 113 4930 143 4931 145 4931 236 4931 119 4932 121 4932 67 4932 149 4933 152 4933 153 4933 224 4934 154 4934 149 4934 459 4935 300 4935 473 4935 474 4936 300 4936 472 4936 459 4937 473 4937 472 4937 174 4938 167 4938 170 4938 167 4939 171 4939 170 4939 170 4940 229 4940 233 4940 237 4941 177 4941 87 4941 188 4942 242 4942 190 4942 239 4943 188 4943 189 4943 184 4944 239 4944 189 4944 526 4945 281 4945 517 4945 291 4946 281 4946 528 4946 291 4947 528 4947 520 4947 525 4948 526 4948 517 4948 524 4949 525 4949 517 4949 291 4950 520 4950 521 4950 291 4951 521 4951 522 4951 523 4952 524 4952 517 4952 291 4953 522 4953 517 4953 115 4954 113 4954 195 4954 113 4955 114 4955 195 4955 91 4956 72 4956 90 4956 91 4957 90 4957 73 4957 115 4958 195 4958 245 4958 304 4959 303 4959 305 4959 870 4960 427 4960 419 4960 563 4961 493 4961 492 4961 474 4962 571 4962 300 4962 558 4963 473 4963 300 4963 573 4964 512 4964 566 4964 512 4965 279 4965 566 4965 279 4966 574 4966 566 4966 76 4967 66 4967 183 4967 66 4968 182 4968 183 4968 183 4969 181 4969 76 4969 431 4970 432 4970 969 4970 551 4971 297 4971 554 4971 870 4972 416 4972 423 4972 184 4973 249 4973 87 4973 152 4974 149 4974 225 4974 573 4975 515 4975 514 4975 513 4976 573 4976 514 4976 290 4977 294 4977 267 4977 280 4978 278 4978 283 4978 283 4979 282 4979 280 4979 71 4980 89 4980 149 4980 89 4981 148 4981 149 4981 147 4982 146 4982 71 4982 254 4983 216 4983 217 4983 294 4984 284 4984 293 4984 542 4985 377 4985 376 4985 162 4986 165 4986 228 4986 443 4987 265 4987 444 4987 443 4988 444 4988 285 4988 94 4989 77 4989 95 4989 77 4990 96 4990 95 4990 93 4991 69 4991 94 4991 259 4992 32 4992 274 4992 32 4993 272 4993 274 4993 762 4994 412 4994 410 4994 63 4995 49 4995 60 4995 60 4996 86 4996 63 4996 324 4997 335 4997 533 4997 335 4998 577 4998 533 4998 184 4999 76 4999 187 4999 249 5000 99 5000 120 5000 289 5001 302 5001 509 5001 302 5002 507 5002 509 5002 507 5003 505 5003 506 5003 264 5004 262 5004 265 5004 1890 5005 328 5005 327 5005 124 5006 122 5006 246 5006 127 5007 121 5007 125 5007 125 5008 124 5008 127 5008 360 5009 359 5009 352 5009 293 5010 362 5010 363 5010 293 5011 363 5011 364 5011 354 5012 360 5012 352 5012 353 5013 354 5013 352 5013 278 5014 293 5014 364 5014 278 5015 364 5015 365 5015 353 5016 352 5016 355 5016 352 5017 278 5017 355 5017 278 5018 365 5018 356 5018 73 5019 92 5019 91 5019 133 5020 83 5020 132 5020 305 5021 303 5021 280 5021 163 5022 162 5022 234 5022 571 5023 560 5023 559 5023 559 5024 561 5024 300 5024 316 5025 282 5025 305 5025 305 5026 313 5026 312 5026 315 5027 316 5027 305 5027 558 5028 569 5028 459 5028 459 5029 571 5029 558 5029 73 5030 74 5030 167 5030 74 5031 168 5031 166 5031 165 5032 155 5032 91 5032 155 5033 158 5033 91 5033 156 5034 158 5034 235 5034 165 5035 91 5035 156 5035 341 5036 342 5036 335 5036 292 5037 278 5037 349 5037 278 5038 343 5038 347 5038 348 5039 278 5039 347 5039 343 5040 344 5040 345 5040 343 5041 345 5041 346 5041 340 5042 341 5042 335 5042 339 5043 340 5043 335 5043 343 5044 346 5044 347 5044 339 5045 335 5045 338 5045 335 5046 292 5046 338 5046 278 5047 348 5047 349 5047 337 5048 338 5048 292 5048 358 5049 352 5049 359 5049 358 5050 359 5050 357 5050 362 5051 293 5051 358 5051 358 5052 357 5052 361 5052 513 5053 566 5053 574 5053 369 5054 370 5054 293 5054 370 5055 368 5055 293 5055 293 5056 284 5056 373 5056 293 5057 373 5057 374 5057 380 5058 373 5058 284 5058 368 5059 370 5059 371 5059 368 5060 371 5060 372 5060 380 5061 284 5061 379 5061 368 5062 372 5062 375 5062 368 5063 375 5063 376 5063 378 5064 379 5064 284 5064 377 5065 378 5065 284 5065 284 5066 368 5066 376 5066 293 5067 367 5067 579 5067 384 5068 391 5068 383 5068 294 5069 295 5069 386 5069 295 5070 389 5070 388 5070 387 5071 295 5071 388 5071 389 5072 392 5072 393 5072 389 5073 393 5073 390 5073 396 5074 384 5074 383 5074 395 5075 396 5075 383 5075 389 5076 390 5076 388 5076 395 5077 383 5077 294 5077 394 5078 395 5078 294 5078 295 5079 387 5079 386 5079 385 5080 394 5080 294 5080 405 5081 406 5081 397 5081 294 5082 408 5082 412 5082 411 5083 294 5083 412 5083 408 5084 407 5084 409 5084 408 5085 409 5085 410 5085 404 5086 405 5086 397 5086 403 5087 404 5087 397 5087 408 5088 410 5088 412 5088 403 5089 397 5089 402 5089 397 5090 294 5090 402 5090 294 5091 411 5091 400 5091 401 5092 402 5092 294 5092 189 5093 77 5093 187 5093 76 5094 77 5094 190 5094 77 5095 188 5095 190 5095 189 5096 187 5096 190 5096 187 5097 76 5097 190 5097 296 5098 408 5098 294 5098 415 5099 414 5099 296 5099 399 5100 547 5100 581 5100 304 5101 583 5101 291 5101 583 5102 513 5102 291 5102 351 5103 278 5103 352 5103 52 5104 202 5104 201 5104 280 5105 290 5105 277 5105 191 5106 99 5106 69 5106 99 5107 249 5107 69 5107 241 5108 98 5108 97 5108 69 5109 98 5109 191 5109 249 5110 241 5110 97 5110 430 5111 297 5111 294 5111 294 5112 428 5112 429 5112 582 5113 553 5113 552 5113 552 5114 551 5114 296 5114 439 5115 440 5115 285 5115 285 5116 428 5116 438 5116 382 5117 543 5117 383 5117 543 5118 294 5118 383 5118 284 5119 381 5119 382 5119 383 5120 284 5120 382 5120 457 5121 265 5121 458 5121 299 5122 457 5122 287 5122 247 5123 198 5123 134 5123 447 5124 446 5124 1072 5124 148 5125 89 5125 146 5125 454 5126 287 5126 444 5126 490 5127 488 5127 487 5127 290 5128 490 5128 487 5128 487 5129 489 5129 290 5129 503 5130 496 5130 490 5130 301 5131 492 5131 493 5131 301 5132 493 5132 498 5132 502 5133 503 5133 490 5133 501 5134 502 5134 490 5134 290 5135 301 5135 499 5135 301 5136 498 5136 499 5136 501 5137 490 5137 495 5137 490 5138 290 5138 495 5138 290 5139 499 5139 500 5139 494 5140 495 5140 290 5140 512 5141 510 5141 289 5141 510 5142 302 5142 289 5142 511 5143 510 5143 512 5143 507 5144 302 5144 511 5144 69 5145 93 5145 77 5145 93 5146 96 5146 77 5146 517 5147 516 5147 291 5147 513 5148 279 5148 291 5148 68 5149 105 5149 78 5149 105 5150 104 5150 78 5150 286 5151 439 5151 438 5151 558 5152 471 5152 470 5152 304 5153 567 5153 521 5153 535 5154 533 5154 330 5154 303 5155 304 5155 519 5155 558 5156 468 5156 467 5156 170 5157 73 5157 169 5157 74 5158 170 5158 171 5158 169 5159 74 5159 171 5159 540 5160 541 5160 359 5160 546 5161 547 5161 392 5161 156 5162 157 5162 72 5162 158 5163 72 5163 91 5163 489 5164 564 5164 268 5164 268 5165 265 5165 489 5165 542 5166 372 5166 371 5166 295 5167 545 5167 547 5167 137 5168 223 5168 248 5168 248 5169 84 5169 137 5169 567 5170 303 5170 525 5170 397 5171 550 5171 581 5171 581 5172 389 5172 397 5172 530 5173 307 5173 311 5173 549 5174 406 5174 405 5174 534 5175 535 5175 326 5175 559 5176 560 5176 476 5176 560 5177 561 5177 481 5177 295 5178 547 5178 399 5178 398 5179 581 5179 295 5179 73 5180 71 5180 52 5180 290 5181 300 5181 294 5181 126 5182 127 5182 82 5182 82 5183 83 5183 126 5183 83 5184 129 5184 128 5184 1173 5185 1174 5185 468 5185 1174 5186 471 5186 470 5186 1174 5187 470 5187 469 5187 461 5188 1171 5188 1172 5188 462 5189 461 5189 1172 5189 1174 5190 469 5190 468 5190 463 5191 462 5191 1172 5191 464 5192 463 5192 1172 5192 1173 5193 468 5193 467 5193 1173 5194 467 5194 466 5194 464 5195 1172 5195 1173 5195 466 5196 465 5196 1173 5196 57 5197 52 5197 165 5197 554 5198 297 5198 428 5198 533 5199 534 5199 328 5199 581 5200 549 5200 548 5200 295 5201 549 5201 550 5201 581 5202 548 5202 295 5202 67 5203 82 5203 125 5203 155 5204 149 5204 90 5204 90 5205 72 5205 155 5205 581 5206 550 5206 549 5206 47 5207 87 5207 120 5207 530 5208 318 5208 576 5208 577 5209 538 5209 537 5209 577 5210 537 5210 292 5210 537 5211 536 5211 292 5211 326 5212 325 5212 319 5212 283 5213 324 5213 330 5213 332 5214 283 5214 331 5214 324 5215 323 5215 329 5215 324 5216 329 5216 330 5216 322 5217 326 5217 319 5217 321 5218 322 5218 319 5218 330 5219 331 5219 283 5219 321 5220 319 5220 327 5220 319 5221 283 5221 327 5221 283 5222 332 5222 333 5222 328 5223 327 5223 283 5223 423 5224 424 5224 297 5224 297 5225 415 5225 416 5225 335 5226 336 5226 292 5226 292 5227 334 5227 283 5227 334 5228 324 5228 283 5228 1177 5229 1176 5229 1175 5229 543 5230 542 5230 544 5230 579 5231 542 5231 262 5231 286 5232 442 5232 441 5232 389 5233 399 5233 398 5233 80 5234 67 5234 121 5234 120 5235 119 5235 118 5235 80 5236 121 5236 120 5236 252 5237 212 5237 211 5237 183 5238 182 5238 185 5238 182 5239 232 5239 185 5239 185 5240 87 5240 183 5240 87 5241 238 5241 181 5241 1996 5242 345 5242 346 5242 268 5243 508 5243 302 5243 265 5244 443 5244 568 5244 274 5245 256 5245 271 5245 555 5246 265 5246 568 5246 764 5247 766 5247 765 5247 287 5248 557 5248 265 5248 457 5249 557 5249 569 5249 278 5250 273 5250 254 5250 48 5251 40 5251 41 5251 50 5252 51 5252 53 5252 51 5253 52 5253 53 5253 510 5254 511 5254 573 5254 302 5255 510 5255 513 5255 242 5256 95 5256 96 5256 93 5257 95 5257 241 5257 190 5258 242 5258 96 5258 93 5259 241 5259 249 5259 190 5260 96 5260 249 5260 280 5261 281 5261 291 5261 533 5262 336 5262 334 5262 292 5263 336 5263 577 5263 533 5264 334 5264 292 5264 560 5265 571 5265 288 5265 288 5266 488 5266 561 5266 488 5267 300 5267 561 5267 300 5268 488 5268 489 5268 583 5269 292 5269 250 5269 268 5270 583 5270 251 5270 367 5271 368 5271 366 5271 368 5272 358 5272 366 5272 184 5273 186 5273 239 5273 72 5274 235 5274 226 5274 226 5275 151 5275 72 5275 243 5276 192 5276 107 5276 192 5277 78 5277 107 5277 79 5278 193 5278 107 5278 193 5279 243 5279 107 5279 254 5280 294 5280 213 5280 232 5281 238 5281 66 5281 551 5282 553 5282 297 5282 104 5283 105 5283 192 5283 192 5284 243 5284 104 5284 131 5285 130 5285 197 5285 458 5286 459 5286 569 5286 569 5287 287 5287 458 5287 71 5288 84 5288 83 5288 107 5289 108 5289 109 5289 421 5290 422 5290 870 5290 67 5291 246 5291 196 5291 196 5292 245 5292 118 5292 76 5293 212 5293 211 5293 103 5294 240 5294 192 5294 566 5295 513 5295 515 5295 110 5296 109 5296 193 5296 193 5297 80 5297 110 5297 80 5298 105 5298 108 5298 110 5299 80 5299 108 5299 105 5300 243 5300 108 5300 224 5301 89 5301 151 5301 100 5302 70 5302 99 5302 101 5303 100 5303 102 5303 68 5304 101 5304 102 5304 102 5305 99 5305 68 5305 388 5306 387 5306 661 5306 120 5307 192 5307 105 5307 171 5308 167 5308 229 5308 563 5309 496 5309 503 5309 86 5310 120 5310 49 5310 1378 5311 1379 5311 498 5311 1379 5312 499 5312 498 5312 80 5313 79 5313 68 5313 68 5314 49 5314 80 5314 277 5315 290 5315 271 5315 384 5316 396 5316 658 5316 396 5317 659 5317 658 5317 384 5318 658 5318 391 5318 658 5319 657 5319 392 5319 657 5320 660 5320 390 5320 393 5321 657 5321 390 5321 660 5322 388 5322 390 5322 657 5323 393 5323 392 5323 969 5324 440 5324 441 5324 476 5325 477 5325 1278 5325 22 5326 27 5326 34 5326 520 5327 521 5327 1688 5327 367 5328 366 5328 541 5328 366 5329 293 5329 541 5329 123 5330 197 5330 246 5330 246 5331 67 5331 123 5331 254 5332 264 5332 255 5332 254 5333 255 5333 11 5333 255 5334 263 5334 32 5334 263 5335 254 5335 260 5335 254 5336 262 5336 260 5336 263 5337 260 5337 32 5337 260 5338 261 5338 258 5338 261 5339 273 5339 258 5339 266 5340 254 5340 11 5340 11 5341 7 5341 266 5341 258 5342 273 5342 259 5342 273 5343 256 5343 257 5343 273 5344 257 5344 259 5344 260 5345 258 5345 32 5345 73 5346 52 5346 57 5346 10 5347 38 5347 37 5347 118 5348 81 5348 115 5348 414 5349 415 5349 408 5349 408 5350 296 5350 413 5350 761 5351 410 5351 409 5351 761 5352 409 5352 407 5352 763 5353 760 5353 404 5353 403 5354 763 5354 404 5354 411 5355 412 5355 762 5355 760 5356 761 5356 406 5356 761 5357 407 5357 406 5357 411 5358 762 5358 400 5358 762 5359 763 5359 400 5359 760 5360 406 5360 405 5360 760 5361 405 5361 404 5361 401 5362 400 5362 763 5362 402 5363 401 5363 763 5363 436 5364 437 5364 969 5364 332 5365 333 5365 1890 5365 1382 5366 502 5366 503 5366 342 5367 344 5367 1996 5367 65 5368 179 5368 175 5368 179 5369 237 5369 175 5369 237 5370 230 5370 175 5370 230 5371 172 5371 175 5371 552 5372 553 5372 422 5372 575 5373 305 5373 532 5373 305 5374 282 5374 532 5374 282 5375 576 5375 532 5375 165 5376 160 5376 161 5376 161 5377 227 5377 228 5377 575 5378 281 5378 305 5378 551 5379 552 5379 427 5379 101 5380 70 5380 100 5380 582 5381 415 5381 297 5381 105 5382 115 5382 120 5382 1688 5383 519 5383 529 5383 313 5384 312 5384 1789 5384 71 5385 136 5385 137 5385 136 5386 141 5386 137 5386 335 5387 343 5387 538 5387 538 5388 577 5388 335 5388 68 5389 79 5389 108 5389 108 5390 79 5390 110 5390 79 5391 109 5391 110 5391 105 5392 68 5392 107 5392 78 5393 104 5393 106 5393 106 5394 105 5394 107 5394 107 5395 78 5395 106 5395 481 5396 480 5396 1278 5396 49 5397 56 5397 51 5397 278 5398 292 5398 283 5398 766 5399 401 5399 402 5399 572 5400 563 5400 505 5400 491 5401 505 5401 563 5401 505 5402 507 5402 565 5402 505 5403 565 5403 572 5403 303 5404 567 5404 574 5404 422 5405 416 5405 415 5405 297 5406 424 5406 425 5406 297 5407 425 5407 426 5407 421 5408 422 5408 415 5408 420 5409 421 5409 415 5409 296 5410 297 5410 426 5410 296 5411 426 5411 427 5411 417 5412 420 5412 415 5412 418 5413 417 5413 415 5413 296 5414 427 5414 419 5414 418 5415 415 5415 296 5415 291 5416 516 5416 574 5416 292 5417 257 5417 271 5417 968 5418 966 5418 439 5418 966 5419 440 5419 439 5419 967 5420 968 5420 435 5420 436 5421 968 5421 437 5421 435 5422 434 5422 967 5422 968 5423 439 5423 438 5423 968 5424 438 5424 437 5424 451 5425 452 5425 1072 5425 1788 5426 309 5426 310 5426 386 5427 385 5427 661 5427 379 5428 380 5428 2199 5428 498 5429 499 5429 1383 5429 350 5430 538 5430 578 5430 71 5431 143 5431 85 5431 143 5432 144 5432 85 5432 145 5433 143 5433 146 5433 144 5434 145 5434 85 5434 145 5435 146 5435 85 5435 233 5436 230 5436 173 5436 278 5437 280 5437 298 5437 49 5438 130 5438 136 5438 1171 5439 1174 5439 1173 5439 71 5440 85 5440 136 5440 136 5441 85 5441 142 5441 292 5442 583 5442 280 5442 143 5443 147 5443 136 5443 147 5444 149 5444 136 5444 470 5445 459 5445 458 5445 84 5446 248 5446 198 5446 198 5447 132 5447 84 5447 340 5448 1996 5448 1994 5448 468 5449 469 5449 458 5449 299 5450 459 5450 461 5450 462 5451 299 5451 461 5451 459 5452 470 5452 471 5452 459 5453 471 5453 460 5453 467 5454 468 5454 458 5454 466 5455 467 5455 458 5455 459 5456 460 5456 461 5456 466 5457 458 5457 465 5457 458 5458 299 5458 465 5458 299 5459 462 5459 463 5459 464 5460 465 5460 299 5460 456 5461 1070 5461 448 5461 1070 5462 1069 5462 448 5462 1069 5463 446 5463 447 5463 362 5464 363 5464 2099 5464 523 5465 524 5465 1688 5465 392 5466 389 5466 383 5466 150 5467 153 5467 151 5467 151 5468 89 5468 150 5468 541 5469 293 5469 539 5469 293 5470 536 5470 539 5470 536 5471 540 5471 539 5471 319 5472 325 5472 323 5472 158 5473 155 5473 226 5473 226 5474 235 5474 158 5474 576 5475 535 5475 534 5475 530 5476 576 5476 534 5476 534 5477 533 5477 530 5477 142 5478 223 5478 143 5478 143 5479 136 5479 142 5479 248 5480 141 5480 136 5480 119 5481 245 5481 196 5481 121 5482 119 5482 196 5482 444 5483 287 5483 568 5483 568 5484 285 5484 444 5484 129 5485 247 5485 197 5485 197 5486 123 5486 129 5486 508 5487 506 5487 505 5487 289 5488 509 5488 508 5488 508 5489 505 5489 289 5489 336 5490 533 5490 577 5490 191 5491 241 5491 94 5491 70 5492 240 5492 191 5492 191 5493 94 5493 70 5493 460 5494 471 5494 1171 5494 471 5495 1174 5495 1171 5495 268 5496 251 5496 204 5496 251 5497 205 5497 204 5497 204 5498 203 5498 268 5498 203 5499 202 5499 268 5499 202 5500 201 5500 268 5500 201 5501 200 5501 268 5501 200 5502 199 5502 268 5502 292 5503 268 5503 199 5503 292 5504 199 5504 210 5504 292 5505 210 5505 209 5505 292 5506 209 5506 208 5506 292 5507 208 5507 207 5507 292 5508 207 5508 206 5508 206 5509 250 5509 292 5509 262 5510 253 5510 222 5510 253 5511 211 5511 222 5511 262 5512 222 5512 221 5512 262 5513 221 5513 220 5513 220 5514 219 5514 262 5514 219 5515 218 5515 262 5515 212 5516 252 5516 265 5516 213 5517 212 5517 265 5517 214 5518 213 5518 265 5518 215 5519 214 5519 265 5519 216 5520 215 5520 265 5520 217 5521 216 5521 265 5521 217 5522 265 5522 262 5522 425 5523 426 5523 870 5523 410 5524 412 5524 766 5524 1072 5525 445 5525 449 5525 76 5526 48 5526 68 5526 268 5527 302 5527 513 5527 191 5528 240 5528 100 5528 87 5529 252 5529 212 5529 212 5530 213 5530 87 5530 253 5531 120 5531 222 5531 221 5532 222 5532 120 5532 220 5533 221 5533 120 5533 87 5534 213 5534 214 5534 87 5535 214 5535 215 5535 219 5536 220 5536 120 5536 218 5537 219 5537 120 5537 87 5538 215 5538 216 5538 217 5539 218 5539 120 5539 87 5540 216 5540 217 5540 49 5541 67 5541 80 5541 112 5542 114 5542 81 5542 152 5543 150 5543 89 5543 89 5544 90 5544 152 5544 90 5545 151 5545 153 5545 53 5546 71 5546 49 5546 76 5547 221 5547 220 5547 256 5548 273 5548 278 5548 136 5549 135 5549 132 5549 83 5550 84 5550 136 5550 136 5551 84 5551 134 5551 481 5552 1277 5552 1276 5552 480 5553 481 5553 1276 5553 478 5554 479 5554 1276 5554 1276 5555 1275 5555 484 5555 1277 5556 481 5556 482 5556 1277 5557 482 5557 483 5557 484 5558 478 5558 1276 5558 485 5559 484 5559 1275 5559 1275 5560 1277 5560 477 5560 1277 5561 483 5561 477 5561 486 5562 485 5562 1275 5562 1275 5563 477 5563 476 5563 475 5564 486 5564 1275 5564 1275 5565 476 5565 475 5565 360 5566 359 5566 2099 5566 527 5567 518 5567 1688 5567 394 5568 395 5568 661 5568 528 5569 281 5569 529 5569 529 5570 281 5570 519 5570 281 5571 526 5571 527 5571 281 5572 527 5572 518 5572 571 5573 459 5573 472 5573 268 5574 513 5574 583 5574 186 5575 187 5575 66 5575 66 5576 76 5576 185 5576 185 5577 186 5577 66 5577 530 5578 280 5578 575 5578 575 5579 532 5579 531 5579 70 5580 98 5580 69 5580 97 5581 94 5581 69 5581 74 5582 233 5582 229 5582 229 5583 164 5583 74 5583 138 5584 71 5584 137 5584 536 5585 293 5585 262 5585 516 5586 517 5586 279 5586 279 5587 513 5587 516 5587 434 5588 435 5588 969 5588 507 5589 512 5589 565 5589 322 5590 326 5590 1890 5590 500 5591 499 5591 1379 5591 1378 5592 493 5592 492 5592 500 5593 1379 5593 494 5593 1379 5594 1377 5594 494 5594 1378 5595 492 5595 497 5595 1378 5596 497 5596 496 5596 495 5597 494 5597 1377 5597 501 5598 495 5598 1377 5598 1377 5599 1378 5599 496 5599 1377 5600 496 5600 503 5600 1377 5601 503 5601 502 5601 1890 5602 329 5602 330 5602 479 5603 478 5603 1278 5603 525 5604 526 5604 1688 5604 56 5605 62 5605 54 5605 54 5606 51 5606 56 5606 285 5607 568 5607 428 5607 299 5608 287 5608 286 5608 286 5609 294 5609 299 5609 530 5610 533 5610 292 5610 155 5611 154 5611 226 5611 73 5612 76 5612 75 5612 76 5613 65 5613 75 5613 88 5614 73 5614 40 5614 236 5615 225 5615 148 5615 282 5616 283 5616 530 5616 320 5617 282 5617 530 5617 320 5618 318 5618 319 5618 320 5619 319 5619 282 5619 388 5620 660 5620 387 5620 660 5621 659 5621 386 5621 385 5622 659 5622 394 5622 659 5623 396 5623 395 5623 659 5624 395 5624 394 5624 386 5625 387 5625 660 5625 518 5626 527 5626 1686 5626 527 5627 1687 5627 1686 5627 1686 5628 529 5628 519 5628 129 5629 83 5629 130 5629 130 5630 83 5630 133 5630 131 5631 133 5631 132 5631 131 5632 132 5632 129 5632 292 5633 262 5633 257 5633 543 5634 381 5634 284 5634 145 5635 144 5635 223 5635 144 5636 143 5636 223 5636 173 5637 73 5637 172 5637 73 5638 75 5638 172 5638 169 5639 73 5639 174 5639 169 5640 174 5640 173 5640 136 5641 251 5641 250 5641 250 5642 49 5642 136 5642 16 5643 1 5643 33 5643 377 5644 378 5644 2199 5644 489 5645 488 5645 490 5645 490 5646 491 5646 563 5646 350 5647 352 5647 343 5647 343 5648 278 5648 536 5648 278 5649 351 5649 536 5649 289 5650 301 5650 290 5650 291 5651 279 5651 289 5651 289 5652 290 5652 291 5652 262 5653 296 5653 253 5653 253 5654 296 5654 252 5654 242 5655 239 5655 77 5655 242 5656 77 5656 94 5656 228 5657 227 5657 157 5657 227 5658 235 5658 157 5658 235 5659 72 5659 157 5659 437 5660 438 5660 428 5660 285 5661 440 5661 441 5661 285 5662 441 5662 442 5662 436 5663 437 5663 428 5663 435 5664 436 5664 428 5664 294 5665 285 5665 431 5665 285 5666 442 5666 431 5666 435 5667 428 5667 434 5667 428 5668 294 5668 434 5668 294 5669 431 5669 432 5669 433 5670 434 5670 294 5670 538 5671 343 5671 352 5671 352 5672 541 5672 578 5672 578 5673 538 5673 352 5673 178 5674 180 5674 87 5674 65 5675 180 5675 238 5675 274 5676 271 5676 257 5676 274 5677 272 5677 275 5677 275 5678 272 5678 270 5678 268 5679 271 5679 275 5679 268 5680 275 5680 270 5680 270 5681 272 5681 269 5681 269 5682 272 5682 266 5682 268 5683 269 5683 265 5683 266 5684 265 5684 269 5684 272 5685 276 5685 255 5685 265 5686 272 5686 255 5686 276 5687 32 5687 261 5687 32 5688 259 5688 261 5688 260 5689 276 5689 261 5689 259 5690 262 5690 261 5690 264 5691 265 5691 255 5691 276 5692 260 5692 262 5692 276 5693 262 5693 263 5693 255 5694 276 5694 263 5694 177 5695 237 5695 179 5695 140 5696 139 5696 198 5696 1383 5697 1381 5697 497 5697 146 5698 225 5698 236 5698 236 5699 85 5699 146 5699 160 5700 157 5700 91 5700 91 5701 92 5701 160 5701 52 5702 199 5702 210 5702 47 5703 40 5703 87 5703 57 5704 40 5704 73 5704 80 5705 111 5705 79 5705 165 5706 162 5706 92 5706 92 5707 73 5707 165 5707 164 5708 162 5708 163 5708 73 5709 164 5709 163 5709 506 5710 508 5710 572 5710 508 5711 268 5711 572 5711 565 5712 508 5712 509 5712 572 5713 565 5713 509 5713 73 5714 88 5714 76 5714 284 5715 580 5715 544 5715 544 5716 579 5716 368 5716 318 5717 320 5717 532 5717 320 5718 530 5718 532 5718 550 5719 296 5719 295 5719 1685 5720 1687 5720 524 5720 1687 5721 527 5721 526 5721 1687 5722 526 5722 525 5722 528 5723 529 5723 1686 5723 1687 5724 525 5724 524 5724 528 5725 1686 5725 1685 5725 520 5726 528 5726 1685 5726 1685 5727 524 5727 523 5727 1685 5728 523 5728 522 5728 521 5729 520 5729 1685 5729 1685 5730 522 5730 521 5730 357 5731 361 5731 2099 5731 438 5732 439 5732 969 5732 2 5733 12 5733 26 5733 250 5734 206 5734 49 5734 206 5735 207 5735 49 5735 251 5736 149 5736 204 5736 149 5737 165 5737 56 5737 204 5738 149 5738 203 5738 203 5739 149 5739 56 5739 202 5740 203 5740 56 5740 201 5741 202 5741 56 5741 200 5742 201 5742 56 5742 200 5743 56 5743 199 5743 56 5744 49 5744 199 5744 210 5745 199 5745 49 5745 209 5746 210 5746 49 5746 208 5747 209 5747 49 5747 397 5748 398 5748 294 5748 398 5749 295 5749 294 5749 399 5750 389 5750 295 5750 337 5751 338 5751 1994 5751 77 5752 189 5752 188 5752 300 5753 459 5753 299 5753 483 5754 482 5754 1278 5754 232 5755 66 5755 187 5755 187 5756 77 5756 239 5756 239 5757 232 5757 187 5757 299 5758 458 5758 265 5758 112 5759 81 5759 244 5759 81 5760 245 5760 195 5760 296 5761 414 5761 582 5761 296 5762 550 5762 413 5762 68 5763 70 5763 76 5763 132 5764 198 5764 247 5764 247 5765 129 5765 132 5765 490 5766 570 5766 288 5766 128 5767 129 5767 123 5767 123 5768 82 5768 127 5768 69 5769 77 5769 76 5769 76 5770 70 5770 69 5770 173 5771 230 5771 73 5771 230 5772 174 5772 73 5772 233 5773 173 5773 174 5773 413 5774 550 5774 582 5774 371 5775 372 5775 2199 5775 484 5776 485 5776 1278 5776 454 5777 455 5777 1072 5777 392 5778 393 5778 661 5778 1177 5779 467 5779 468 5779 175 5780 172 5780 176 5780 79 5781 112 5781 193 5781 9 5782 0 5782 8 5782 0 5783 1 5783 14 5783 0 5784 14 5784 4 5784 0 5785 4 5785 8 5785 4 5786 20 5786 21 5786 8 5787 4 5787 5 5787 3 5788 8 5788 5 5788 21 5789 16 5789 4 5789 16 5790 10 5790 15 5790 16 5791 6 5791 7 5791 16 5792 15 5792 6 5792 24 5793 0 5793 35 5793 35 5794 36 5794 23 5794 36 5795 17 5795 22 5795 23 5796 36 5796 22 5796 23 5797 24 5797 35 5797 17 5798 18 5798 5 5798 18 5799 36 5799 11 5799 22 5800 17 5800 5 5800 11 5801 25 5801 6 5801 25 5802 26 5802 37 5802 37 5803 7 5803 6 5803 37 5804 6 5804 25 5804 11 5805 5 5805 18 5805 180 5806 178 5806 179 5806 179 5807 238 5807 180 5807 10 5808 18 5808 3 5808 3 5809 6 5809 10 5809 18 5810 17 5810 3 5810 17 5811 9 5811 3 5811 192 5812 240 5812 101 5812 240 5813 70 5813 101 5813 78 5814 192 5814 101 5814 168 5815 74 5815 164 5815 164 5816 73 5816 167 5816 85 5817 236 5817 223 5817 223 5818 137 5818 85 5818 426 5819 425 5819 868 5819 868 5820 869 5820 426 5820 869 5821 419 5821 427 5821 868 5822 425 5822 424 5822 868 5823 424 5823 423 5823 867 5824 868 5824 423 5824 416 5825 867 5825 423 5825 869 5826 866 5826 417 5826 866 5827 867 5827 420 5827 417 5828 866 5828 420 5828 418 5829 419 5829 869 5829 417 5830 418 5830 869 5830 867 5831 416 5831 422 5831 421 5832 420 5832 867 5832 407 5833 408 5833 397 5833 322 5834 321 5834 1887 5834 328 5835 333 5835 1888 5835 1887 5836 321 5836 327 5836 327 5837 328 5837 1888 5837 375 5838 376 5838 2199 5838 465 5839 466 5839 1177 5839 249 5840 120 5840 253 5840 252 5841 249 5841 253 5841 1785 5842 1784 5842 311 5842 310 5843 1785 5843 311 5843 1784 5844 306 5844 307 5844 417 5845 420 5845 870 5845 530 5846 292 5846 280 5846 540 5847 536 5847 578 5847 578 5848 541 5848 540 5848 268 5849 504 5849 572 5849 382 5850 381 5850 544 5850 381 5851 543 5851 544 5851 154 5852 72 5852 151 5852 151 5853 90 5853 149 5853 574 5854 279 5854 517 5854 548 5855 403 5855 402 5855 546 5856 545 5856 543 5856 545 5857 295 5857 543 5857 580 5858 547 5858 546 5858 165 5859 174 5859 87 5859 515 5860 289 5860 279 5860 98 5861 70 5861 94 5861 1991 5862 346 5862 345 5862 345 5863 344 5863 1991 5863 1989 5864 1992 5864 347 5864 348 5865 1992 5865 349 5865 1990 5866 1991 5866 341 5866 340 5867 1990 5867 341 5867 1991 5868 344 5868 342 5868 1991 5869 342 5869 341 5869 346 5870 1991 5870 1989 5870 347 5871 346 5871 1989 5871 1990 5872 340 5872 339 5872 348 5873 347 5873 1992 5873 1990 5874 339 5874 338 5874 1990 5875 338 5875 337 5875 337 5876 349 5876 1992 5876 404 5877 405 5877 767 5877 530 5878 283 5878 319 5878 166 5879 168 5879 234 5879 475 5880 476 5880 472 5880 300 5881 288 5881 479 5881 480 5882 288 5882 481 5882 288 5883 477 5883 483 5883 288 5884 483 5884 482 5884 486 5885 475 5885 472 5885 485 5886 486 5886 472 5886 288 5887 482 5887 481 5887 485 5888 472 5888 300 5888 484 5889 485 5889 300 5889 288 5890 480 5890 479 5890 478 5891 484 5891 300 5891 127 5892 130 5892 49 5892 49 5893 121 5893 127 5893 514 5894 279 5894 512 5894 289 5895 515 5895 513 5895 289 5896 513 5896 512 5896 7 5897 271 5897 270 5897 256 5898 274 5898 7 5898 256 5899 7 5899 257 5899 257 5900 7 5900 258 5900 32 5901 258 5901 272 5901 272 5902 258 5902 7 5902 270 5903 269 5903 7 5903 266 5904 7 5904 267 5904 267 5905 265 5905 266 5905 234 5906 92 5906 164 5906 102 5907 100 5907 240 5907 240 5908 120 5908 99 5908 111 5909 193 5909 244 5909 122 5910 125 5910 196 5910 125 5911 121 5911 196 5911 488 5912 288 5912 570 5912 555 5913 568 5913 287 5913 556 5914 287 5914 265 5914 261 5915 262 5915 273 5915 352 5916 358 5916 541 5916 541 5917 358 5917 579 5917 34 5918 0 5918 22 5918 0 5919 24 5919 22 5919 5 5920 32 5920 22 5920 28 5921 22 5921 32 5921 34 5922 27 5922 28 5922 28 5923 32 5923 21 5923 32 5924 7 5924 21 5924 33 5925 34 5925 28 5925 30 5926 31 5926 7 5926 31 5927 21 5927 7 5927 21 5928 33 5928 28 5928 7 5929 37 5929 30 5929 37 5930 38 5930 29 5930 2097 5931 2098 5931 362 5931 2097 5932 362 5932 361 5932 359 5933 2096 5933 357 5933 2096 5934 2097 5934 357 5934 967 5935 434 5935 433 5935 967 5936 433 5936 432 5936 966 5937 967 5937 432 5937 431 5938 966 5938 432 5938 440 5939 966 5939 441 5939 442 5940 441 5940 966 5940 2095 5941 2096 5941 353 5941 354 5942 2096 5942 360 5942 2096 5943 359 5943 360 5943 363 5944 362 5944 2098 5944 364 5945 363 5945 2098 5945 2096 5946 354 5946 353 5946 365 5947 364 5947 2098 5947 2095 5948 353 5948 355 5948 356 5949 365 5949 2098 5949 2095 5950 355 5950 356 5950 353 5951 354 5951 2099 5951 486 5952 475 5952 1278 5952 411 5953 400 5953 766 5953 373 5954 374 5954 2199 5954 121 5955 49 5955 120 5955 76 5956 88 5956 214 5956 278 5957 298 5957 256 5957 324 5958 334 5958 336 5958 285 5959 294 5959 286 5959 356 5960 355 5960 2099 5960 429 5961 551 5961 554 5961 296 5962 551 5962 430 5962 429 5963 554 5963 296 5963 80 5964 81 5964 114 5964 80 5965 114 5965 113 5965 389 5966 581 5966 547 5966 547 5967 383 5967 389 5967 307 5968 306 5968 1789 5968 533 5969 576 5969 319 5969 576 5970 282 5970 319 5970 324 5971 533 5971 319 5971 262 5972 543 5972 295 5972 297 5973 430 5973 428 5973 12 5974 2 5974 13 5974 13 5975 2 5975 11 5975 2 5976 9 5976 18 5976 18 5977 9 5977 19 5977 18 5978 10 5978 2 5978 10 5979 11 5979 2 5979 13 5980 10 5980 12 5980 82 5981 67 5981 49 5981 95 5982 242 5982 241 5982 67 5983 125 5983 122 5983 124 5984 125 5984 123 5984 125 5985 82 5985 123 5985 123 5986 67 5986 122 5986 2196 5987 378 5987 377 5987 2196 5988 377 5988 376 5988 380 5989 2198 5989 373 5989 2198 5990 2197 5990 373 5990 2196 5991 376 5991 375 5991 374 5992 373 5992 2197 5992 369 5993 374 5993 2197 5993 2196 5994 375 5994 372 5994 2196 5995 372 5995 371 5995 2196 5996 371 5996 2197 5996 371 5997 370 5997 2197 5997 2198 5998 380 5998 379 5998 378 5999 2196 5999 2198 5999 456 6000 448 6000 1072 6000 315 6001 316 6001 1788 6001 317 6002 308 6002 1788 6002 364 6003 365 6003 2099 6003 325 6004 323 6004 1890 6004 314 6005 306 6005 1784 6005 1785 6006 310 6006 309 6006 1785 6007 309 6007 308 6007 313 6008 314 6008 1784 6008 312 6009 313 6009 1784 6009 1786 6010 1785 6010 308 6010 1786 6011 308 6011 317 6011 312 6012 1784 6012 1786 6012 315 6013 312 6013 1786 6013 1786 6014 317 6014 316 6014 5 6015 4 6015 32 6015</p>
        </triangles>
      </mesh>
    </geometry>
  </library_geometries>
  <library_visual_scenes>
    <visual_scene id="Scene" name="Scene">
      <node id="wheel_lf" name="wheel_lf" type="NODE">
        <matrix sid="transform">-1 1.50996e-7 0 0 -1.50996e-7 -1 0 0 0 0 1 1.41561e-7 0 0 0 1</matrix>
        <instance_geometry url="#Test_011-mesh" name="wheel_lf">
          <bind_material>
            <technique_common>
              <instance_material symbol="wheel_dark-material" target="#wheel_dark-material"/>
              <instance_material symbol="metallic-material" target="#metallic-material"/>
            </technique_common>
          </bind_material>
        </instance_geometry>
      </node>
    </visual_scene>
  </library_visual_scenes>
  <scene>
    <instance_visual_scene url="#Scene"/>
  </scene>
</COLLADA>