<?xml version="1.0" encoding="utf-8"?>
<COLLADA xmlns="http://www.collada.org/2005/11/COLLADASchema" version="1.4.1" xmlns:xsi="http://www.w3.org/2001/XMLSchema-instance">
  <asset>
    <contributor>
      <author>Blender User</author>
      <authoring_tool>Blender 3.0.1</authoring_tool>
    </contributor>
    <created>2025-11-22T09:08:05</created>
    <modified>2025-11-22T09:08:05</modified>
    <unit name="meter" meter="1"/>
    <up_axis>Z_UP</up_axis>
  </asset>
  <library_effects>
    <effect id="wheel_dark-effect">
      <profile_COMMON>
        <technique sid="common">
          <lambert>
            <emission>
              <color sid="emission">0 0 0 1</color>
            </emission>
            <diffuse>
              <color sid="diffuse">0.05345978 0.05345978 0.05345978 1</color>
            </diffuse>
            <reflectivity>
              <float sid="specular">0.7647059</float>
            </reflectivity>
            <index_of_refraction>
              <float sid="ior">1.45</float>
            </index_of_refraction>
          </lambert>
        </technique>
      </profile_COMMON>
    </effect>
    <effect id="metallic-effect">
      <profile_COMMON>
        <technique sid="common">
          <lambert>
            <emission>
              <color sid="emission">0 0 0 1</color>
            </emission>
            <diffuse>
              <color sid="diffuse">0.708207 0.6028823 0.5500854 1</color>
            </diffuse>
            <reflectivity>
              <float sid="specular">0.977591</float>
            </reflectivity>
            <index_of_refraction>
              <float sid="ior">1.45</float>
            </index_of_refraction>
          </lambert>
        </technique>
      </profile_COMMON>
    </effect>
  </library_effects>
  <library_images/>
  <library_materials>
    <material id="wheel_dark-material" name="wheel_dark">
      <instance_effect url="#wheel_dark-effect"/>
    </material>
    <material id="metallic-material" name="metallic">
      <instance_effect url="#metallic-effect"/>
    </material>
  </library_materials>
  <library_geometries>
    <geometry id="Test_010-mesh" name="Test.010">
      <mesh>
        <source id="Test_010-mesh-positions">
          <float_array id="Test_010-mesh-positions-array" count="6738">0.02811783 -0.01887601 0.003856658 0.02466493 -0.02064877 -0.01222807 -0.01838004 -0.02067565 0.02206408 0.01714736 -0.02062922 0.01239275 -1.97855e-4 -0.02073252 -0.01504188 0.01175177 -0.02067553 0.006027221 -0.009229958 -0.0208199 0.007483482 -0.002716243 -0.0186541 -0.01022636 0.02188682 -0.02062439 0.01247799 0.01158601 -0.01918053 0.02590441 -0.01995909 -0.01912558 0.008740186 -0.01724994 -0.01944863 0.01295161 0.01780724 -0.02062416 -0.01330369 0.01392269 -0.01927208 -0.02440989 0.02005469 -0.01912003 -0.008651256 -0.0132277 -0.01912075 -0.02667278 -0.01918715 -0.01926445 -0.008576035 -0.02801269 -0.020509 -0.002092778 -0.02196663 -0.01864957 -0.01136904 0.002144217 -0.02072644 0.02448832 -0.002316594 -0.01875007 0.02136284 3.69255e-4 -0.0205748 -0.02672743 0.001417279 -0.01862561 -0.02005386 0.02004337 -0.0176146 0.008680403 0.02312326 -0.01762527 0.01387619 -8.24216e-4 -0.01762115 0.02675908 0.01021987 -0.01772874 0.01660722 -0.02176868 -0.01762437 0.01247799 0.01032161 -0.0171014 -0.006586015 0.02188682 -0.01762437 -0.01238912 -0.02182376 -0.01755672 -0.01605391 0.002294301 -0.01758885 -0.02401185 -0.002575159 -0.01762115 -0.0226553 -0.00774306 -0.01752299 -0.007542371 -0.009616792 -0.01762688 0.004108071 -0.002292871 -0.01767319 0.0107249 0.008471488 -0.01758641 0.006657421 0.02343404 -0.01762366 -0.01454418 -0.0242663 -0.01758027 0.01676285 0.02301877 0.01001894 -0.00788182 0.04470402 -0.001998066 -0.001042306 -0.007122874 0.008247435 0.02957689 -0.01131904 0.01054376 0.0162366 4.70374e-5 0.01015061 0.02088552 0.003914773 0.01102012 0.01032763 0.02098339 0.01049429 0.01205176 0.0162245 0.009839355 0.01125395 0.01858049 0.01011753 0.0179975 0.01594233 0.01076674 0.02416479 0.01755893 0.008246839 -0.02144414 0.004493415 0.01045089 -0.02074968 -0.001224279 0.01012068 -0.02431321 -0.02068018 0.01078927 -0.02080553 0.003635168 0.01017707 -0.02473419 0.003480732 0.01076573 -0.02884399 -0.01702427 0.01005506 -0.01050454 -0.01611524 0.01041823 -0.01485359 -0.02179884 0.004997313 -0.01909941 -0.03704094 0.004835426 0.02118963 -0.008671343 0.01060652 0.005594968 -0.02021002 0.009892463 0.01214265 0.007193624 0.01088577 -0.01126819 0.01898288 0.009339272 -0.006868481 -0.01554507 0.009454727 0.003996968 0.01046937 0.009702384 -0.004746437 4.5692e-4 0.009375751 0.01022011 0.002083063 -0.001749694 -0.03765755 -0.04758888 0.02094197 0.0481674 -0.02654623 0.02095192 0.06282913 0.04849338 0.01251333 0.03558611 -0.003400504 -0.002247095 0.04293191 0.01086145 0.01109343 0.05398142 0.02683001 0.02045267 0.06395816 0.05391699 0.01105773 -0.01080054 -0.04880619 0.02068209 -0.04858911 -0.06862652 0.02075403 2.53019e-4 1.25462e-4 0.02070856 0.06857359 0.0341295 0.01333487 0.04450428 0.06389659 0.02064168 0.02640098 0.06024426 0.01340335 0.009091079 0.06209993 0.01953065 1.05526e-4 0.04577922 0.01104861 -0.03006595 0.0439468 0.01961547 -0.04367423 0.007099151 0.006555736 -0.04965358 0.02691924 0.02031594 -0.06434661 -6.35791e-5 0.02069866 -0.06896018 0.02819782 0.009388029 0.004022538 -0.02181738 0.009655177 0.02018398 -0.02655208 0.02067756 -0.06371283 -0.03027957 0.01107543 -0.04555392 -0.04693281 0.0120511 -0.03371018 -0.06352275 0.02068668 -0.02616024 0.009055793 0.00994265 0.06804579 0.01392799 0.008616447 0.06938308 0.009294033 0.01017302 0.05771881 0.01757752 0.01105511 0.06431585 0.01879054 0.01046556 0.06727439 0.03214222 0.01237833 0.05870813 0.03756731 0.008567512 0.06001949 0.03956061 0.001531124 0.02632653 0.04324662 0.01062804 0.0552833 0.04085928 0.01115787 0.05308675 0.05200177 0.0181452 0.04919755 0.04292696 0.01226389 0.05244362 0.04756838 0.01713401 0.04408138 0.0551235 0.01224219 0.04506868 0.05693727 0.01590585 0.02857238 0.06121987 0.01083236 0.0344327 0.06051409 0.0125665 0.03229868 0.0672869 0.010257 0.01799106 0.06456094 0.01089805 0.01798623 0.07020497 0.0069893 0.01386833 0.06954646 0.01089268 0.008637189 0.07158499 0.01920694 1.49578e-5 0.06851899 0.0121746 -0.006805658 0.06956887 0.01160752 -0.008702516 0.05781477 0.01020264 -0.01001596 0.0702036 0.006972253 -0.01388853 0.06365764 0.01963961 -0.0244773 0.06544601 0.01028698 -0.01718199 0.06020772 0.01736623 -0.02228194 0.06138759 0.01123476 -0.03392088 0.05956715 0.006937325 -0.03959506 0.05038154 0.01011091 -0.03164947 0.0590527 0.01240861 -0.03195649 0.05222499 0.01207864 -0.0419268 0.05414676 0.009987592 -0.04130733 0.05462938 0.01187342 -0.04362231 0.05060279 0.0192191 -0.05053484 0.04404771 0.01729053 -0.0477882 0.04367774 0.01116526 -0.05483067 0.03999292 0.006894648 -0.05928277 0.02730643 5.62211e-4 -0.03821837 0.03431224 0.01109999 -0.06123727 0.03442627 0.01009762 -0.05859225 0.01565223 0.007964015 -0.06967735 0.01851141 0.01220643 -0.06455862 0.01897299 0.01184254 -0.06763321 0.01498287 0.005946516 -0.06990051 0.008583247 0.01135128 -0.06642973 0.008663892 0.01057082 -0.06942707 0.006689786 0.01222467 -0.06748563 -0.008587539 0.01080679 -0.06642276 -0.006785571 0.01256322 -0.06833076 -0.01379299 0.006824433 -0.07010495 -0.004243195 0.01447594 -0.07117301 -0.01815354 0.01134133 -0.06763076 -0.02250909 0.01730483 -0.06134033 -0.03449934 0.01178878 -0.06108492 -0.03956252 0.006908774 -0.05947321 -0.03245985 0.0121833 -0.06059408 -0.03303474 0.01111602 -0.05788469 -0.04351627 0.01132613 -0.05471563 -0.0437439 0.01728057 -0.04793262 -0.0594213 0.007007718 -0.03965681 -0.05452072 0.009944498 -0.04175078 -0.05362939 0.01227957 -0.04381483 -0.05915844 0.009999871 -0.03416353 -0.06113958 0.01119792 -0.03374499 -0.0588265 0.01232516 -0.03245931 -0.06742078 0.01115673 -0.01925742 -0.05852401 0.01050531 -0.01327097 -0.07004797 0.006926238 -0.0139774 -0.04835104 0.002010583 -7.61499e-4 -0.06809908 0.01247179 -0.00659877 -0.06647068 0.01079404 -0.008585333 -0.0695216 0.01086151 -0.008472263 -0.07021725 0.01348668 0.005434989 -0.065306 0.01698154 0.003652215 -0.07008689 0.007032573 0.01392763 -0.06598734 0.01922875 0.02746641 -0.06666547 0.01212745 0.02003258 -0.06671643 0.009886384 0.01786386 -0.06406527 0.01202934 0.01832908 -0.05918985 0.008013486 0.03798133 -0.06117379 0.0119034 0.03446316 -0.05707633 0.01669222 0.02693092 -0.05419939 0.01171714 0.04391622 -0.04884082 0.01104909 0.0363658 -0.05470997 0.01019519 0.04176914 -0.04331243 0.01116216 0.05512177 -0.03770905 0.008247554 0.05979818 -0.04093652 0.01039469 0.05324184 -0.04289501 0.0126177 0.05271637 -0.02740716 0.01700323 0.05864417 -0.03128212 0.01006114 0.04941058 -0.0183466 0.0120325 0.0646559 -0.01973342 0.01177912 0.06706476 -0.0177586 0.01008176 0.06582492 -0.01391243 0.006997048 0.07017093 -0.006838917 0.0123077 0.06764096 -0.008261919 0.01054906 0.06929194 -0.01010644 0.01056325 0.0590381 0.001896798 0.01781445 0.06517124 0.02316653 0.0177235 0.05981236 0.03306871 0.01099526 0.06146734 0.05804777 0.005967319 0.04040229 0.06673079 0.01560747 0.02495884 0.0686596 0.009600579 -0.008461713 0.07153242 0.01746916 -3.34609e-5 0.06610977 0.0174672 -0.02723956 0.05062115 0.0174936 -0.05049574 0.02695924 0.0173 -0.05905771 0.02031683 0.01156014 -0.06582099 0.003930747 -0.003324151 -0.0376653 0.003130674 -0.003324151 -0.0378797 0.002544999 -0.003324151 -0.03846538 0.00233072 -0.003324151 -0.03926539 0.002544999 -0.003324151 -0.04006528 0.003130674 -0.003324151 -0.04065102 0.003930747 -0.003324151 -0.04086536 0.004730701 -0.003324151 -0.04065102 0.005316317 -0.003324151 -0.04006528 0.005530655 -0.003324151 -0.03926539 0.005316317 -0.003324151 -0.03846538 0.004730701 -0.003324151 -0.0378797 -0.003812611 -0.00332427 0.04095417 -0.004612565 -0.00332427 0.04073983 -0.00519824 -0.00332427 0.04015415 -0.005412518 -0.00332427 0.0393542 -0.00519824 -0.00332427 0.03855419 -0.004612565 -0.00332427 0.03796851 -0.003812611 -0.00332427 0.03775417 -0.003012537 -0.00332427 0.03796851 -0.002426922 -0.00332427 0.03855419 -0.002212584 -0.00332427 0.0393542 -0.002426922 -0.00332427 0.04015415 -0.003012537 -0.00332427 0.04073983 -0.009296178 0.006606161 -0.05248934 -0.01884734 0.00933957 -0.0678513 -0.03831613 0.005788624 -0.05955511 -0.02728068 0.01745682 -0.06597489 -0.05043166 0.01746594 -0.05054563 -0.06597578 0.0174753 -0.02727675 -0.06466978 0.01545739 0.02951657 -0.05977183 0.009637534 0.03392881 -0.04867881 0.01845246 0.0486021 -0.03400141 0.009530723 0.06013339 -0.02730977 0.01751273 0.06608825 -0.07012581 0.005039334 0.01393753 -0.07010519 0.005136191 -0.0137763 -0.05939155 0.005070745 -0.0397104 -0.05930906 0.00512892 0.03988713 -0.03952878 0.005156815 0.05960452 -0.01383191 0.005018234 0.07022678 0.03969353 0.005134165 0.05956 0.01402497 0.005217254 0.07016134 2.97963e-5 0.01741486 0.0714938 0.07017147 0.005131185 0.01411646 0.07021898 0.00507152 -0.01380932 0.05954653 0.005086898 -0.03962856 0.03973823 0.005151152 -0.05944007 0.01156157 0.006486535 -0.07047051 -0.01277565 0.005643606 -0.0702781 0.00435096 -0.003324151 -0.0409739 0.003851771 -0.003324151 -0.04102301 -0.004232943 -0.00332427 0.04106277 -0.003733634 -0.00332427 0.04111182 -0.00867331 -0.003112018 0.04306411 -0.007831633 -0.01497769 0.03022497 -0.003446102 -0.01681333 0.0200752 0.004849135 -0.01691275 -0.02168589 8.45758e-4 -0.01701629 -0.01994448 0.02616053 -0.005746781 -0.0319488 0.02132809 -0.01688617 -0.01190191 0.01884555 -0.01764911 -0.007208466 0.02620267 -0.01681065 -0.007152497 0.01562678 -0.01729726 0.01355874 0.02002298 -0.01656407 0.01093333 6.74656e-4 -0.01681947 0.0225107 -0.003058671 -0.01680487 0.02618306 -0.02513629 -0.01689827 0.01222151 -0.02048498 -0.0167585 0.006546556 -0.02208662 -0.0165404 -0.01336997 -0.01701313 -0.0166549 -0.01050108 -0.02037918 -0.0179826 -0.01788049 0.02854478 -0.01754266 0.008366048 -0.01354777 -0.01616883 0.005508601 0.01810777 -0.01602166 -0.008192241 0.006251752 -0.01600372 0.008944869 0.03458333 -0.007214367 0.02137029 -0.01359391 -0.02755117 -0.0668286 0.02096545 -0.01747077 -0.05394369 0.01365768 -0.02731168 -0.06744706 0.03863155 -0.02734833 -0.05758309 0.04224234 -0.0201351 -0.03708195 0.05739843 -0.02667409 0.03810423 -0.003581404 -0.004772663 0.04193902 -0.0359959 -0.02539414 0.05241757 -0.03998446 -0.01751708 0.04279935 -0.05749291 -0.0273 0.03820633 -0.06234449 -0.02554225 -0.0131396 -0.03894293 -0.01794975 -0.03903687 -0.03141719 -0.009426534 -0.02916967 6.91878e-4 -0.01443022 -0.05368512 0.05267727 -0.01748228 -0.02279877 0.06380534 -0.02591776 -0.01084864 0.05091708 -0.01926618 0.0216937 0.03658574 -0.02027451 0.04520016 0.02531391 -0.01877009 0.05482381 0.0043118 -0.01857942 0.05880653 -0.01352369 -0.0274235 0.06759142 0.005981683 -0.01505768 -0.03012645 -0.01638388 -0.02017408 0.05820953 -0.05702412 -0.01918876 0.01282709 -0.04232478 -0.008862316 0.008663654 -0.05312401 -0.02549409 -0.03661876 -0.03704136 -0.02705335 -0.05759072 0.01431989 -0.02377969 -0.06431335 0.02755492 -0.01354384 -0.06596904 0.02967178 -0.01850163 -0.05998283 0.03024375 -0.01906925 -0.05979102 0.03199464 -0.01907777 -0.06193912 0.03194409 -0.01949095 -0.06122303 0.03155565 -0.01964038 -0.06050699 0.03093326 -0.01948601 -0.05998283 0.02980983 -0.0173729 -0.06193912 0.02942126 -0.01752233 -0.06122303 0.02937084 -0.01793551 -0.06050699 0.03043222 -0.01752728 -0.06246334 0.03112173 -0.01794403 -0.06265515 0.03169357 -0.01851165 -0.06246334 0.05075496 -0.01356852 -0.05036544 0.04337859 -0.01931047 -0.05287539 0.04563415 -0.01703196 -0.05287843 0.05104482 -0.01738697 -0.04570013 0.05179768 -0.01744782 -0.04603976 0.05330348 -0.01891219 -0.04519814 0.05948346 -0.02592492 -0.03972947 0.05310171 -0.01832842 -0.04574996 0.05255061 -0.01779252 -0.04605799 0.05049359 -0.01762604 -0.04513001 0.05029183 -0.01810115 -0.04448235 0.05310171 -0.01938724 -0.04455029 0.05255061 -0.01962625 -0.0439803 0.05179768 -0.0195654 -0.04364061 0.05104482 -0.01922076 -0.04362237 0.05049359 -0.01868486 -0.04393047 0.05975532 -0.0190649 -0.03171128 0.06609523 -0.01349562 -0.02737933 0.06245023 -0.01746004 -0.03161656 0.06344032 -0.0184229 -0.0215404 0.06365406 -0.01786875 -0.02211761 0.06423813 -0.01748555 -0.02256262 0.06503593 -0.017376 -0.02275609 0.06583374 -0.01756936 -0.02264618 0.06641775 -0.01801389 -0.02226251 0.0701676 -0.02599292 -0.01408249 0.06663155 -0.01859045 -0.02170771 0.06641775 -0.01914453 -0.02113044 0.06583374 -0.01952773 -0.02068543 0.06503593 -0.01963722 -0.02049189 0.06423813 -0.01944386 -0.02060168 0.06365406 -0.01899939 -0.02098554 0.0698685 -0.01793086 -0.00568515 0.07156878 -0.01358455 2.7514e-4 0.06838202 -0.01739686 0.003738403 0.06916564 -0.01742959 0.004004478 0.0675984 -0.01766163 0.00378108 0.06702476 -0.01815271 0.004121184 0.06973928 -0.01886051 0.005660653 0.07020109 -0.02602595 0.01395481 0.06994926 -0.0182746 0.005114376 0.06973928 -0.01775074 0.004508078 0.06916564 -0.01935172 0.006000757 0.06838202 -0.01961642 0.006043434 0.0675984 -0.01958376 0.005777359 0.06702476 -0.01926249 0.005273759 0.06681478 -0.01873862 0.00466752 0.06677812 -0.01770919 0.02155888 0.06604725 -0.01356077 0.02759861 0.06061053 -0.01793551 0.02935618 0.06132656 -0.01752233 0.02940666 0.06204259 -0.0173729 0.02979516 0.06256675 -0.01752728 0.03041762 0.0598945 -0.01906925 0.03022909 0.0600863 -0.01850163 0.02965718 0.06275862 -0.01794403 0.03110706 0.06256675 -0.01851165 0.03167897 0.06204259 -0.01907777 0.03197997 0.06132656 -0.01949095 0.03192949 0.06061053 -0.01964044 0.03154093 0.0600863 -0.01948601 0.03091853 0.05306738 -0.01938301 0.04476034 0.05062484 -0.01345968 0.05061364 0.05297958 -0.01709103 0.04542773 0.05028486 -0.01735258 0.04415881 0.04614329 -0.01744788 0.05178308 0.04403394 -0.01868486 0.05047905 0.04372578 -0.01922076 0.05103009 0.04374402 -0.0195654 0.05178308 0.04408377 -0.01962625 0.05253601 0.03992396 -0.02590972 0.05941236 0.04465383 -0.01938724 0.05308717 0.04616153 -0.01779252 0.05253601 0.04585337 -0.01832842 0.05308717 0.04530155 -0.01891219 0.05328887 0.04458576 -0.01810115 0.05027729 0.04523348 -0.01762604 0.05047905 0.04580354 -0.01738703 0.05103009 0.02734428 -0.01352983 0.06612861 0.03157794 -0.01739513 0.06271916 0.02108895 -0.01899939 0.06363952 0.02164381 -0.0184229 0.06342571 0.02222102 -0.01786875 0.06363952 0.02266603 -0.01748555 0.06422352 0.02285957 -0.017376 0.06502133 0.02274978 -0.01756936 0.06581914 0.02236592 -0.01801389 0.06640315 0.02181112 -0.01859045 0.06661695 0.01403003 -0.02602666 0.070176 0.02123391 -0.01914453 0.06640315 0.02078884 -0.01952773 0.06581914 0.02070528 -0.01944392 0.06422352 0.02059543 -0.01963734 0.06502133 0.006868839 -0.01868039 0.06906259 0.004710674 -0.01700669 0.06964462 8.85792e-4 -0.01410126 0.07149076 -0.001665413 -0.01463747 0.07148504 -0.005557239 -0.01886051 0.06972467 -0.00363487 -0.01739686 0.06836742 -0.003677546 -0.01766163 0.06758379 -0.004017651 -0.01815277 0.06701016 -0.003900945 -0.01742959 0.06915104 -0.004404664 -0.01775079 0.06972467 -0.005010843 -0.0182746 0.06993466 -0.005897343 -0.01935172 0.06915104 -0.00594002 -0.01961642 0.06836742 -0.005673885 -0.01958376 0.06758379 -0.005170226 -0.01926249 0.06701016 -0.004563987 -0.01873868 0.06680017 -0.0198884 -0.01916521 0.06580859 -0.02214455 -0.01704728 0.06587374 -0.02748006 -0.01362752 0.06602913 -0.03012555 -0.01906925 0.05987983 -0.02955377 -0.01850163 0.0600717 -0.02925264 -0.01793551 0.06059587 -0.02930325 -0.01752233 0.06131196 -0.02969175 -0.01737296 0.06202799 -0.03031408 -0.01752734 0.06255215 -0.03100365 -0.01794403 0.06274402 -0.0315755 -0.01851165 0.06255215 -0.03964537 -0.02588492 0.05952584 -0.0318765 -0.01907777 0.06202799 -0.03182595 -0.01949095 0.06131196 -0.03143745 -0.01964044 0.06059587 -0.03081512 -0.01948601 0.0600717 -0.04524177 -0.01788675 0.05365055 -0.05040401 -0.01343661 0.05075579 -0.05037552 -0.01868486 0.04401934 -0.05092662 -0.01922076 0.04371124 -0.05167961 -0.01956546 0.04372948 -0.05243247 -0.01962631 0.04406911 -0.05017375 -0.01810115 0.04457116 -0.05037552 -0.01762604 0.04521888 -0.05092662 -0.01738703 0.045789 -0.05167961 -0.01744788 0.04612869 -0.05243247 -0.01779252 0.04614681 -0.0529837 -0.01832842 0.04583883 -0.0531854 -0.01891219 0.04528695 -0.0529837 -0.01938724 0.04463917 -0.06128633 -0.01836597 0.03257012 -0.06597548 -0.0134775 0.02741497 -0.07007014 -0.02595925 0.01410686 -0.06571567 -0.01952773 0.02077424 -0.06491786 -0.01963734 0.0205807 -0.06412005 -0.01944392 0.02069056 -0.06353598 -0.01899939 0.02107435 -0.06332224 -0.0184229 0.02162921 -0.06353598 -0.01786875 0.02220648 -0.06412005 -0.01748555 0.02265143 -0.06491786 -0.01737606 0.02284497 -0.06571567 -0.01756942 0.02273505 -0.06629967 -0.01801389 0.02235132 -0.06651347 -0.01859045 0.02179652 -0.06629967 -0.01914453 0.02121925 -0.07143718 -0.01261013 2.14571e-4 -0.06853985 -0.01903736 0.006724476 -0.06920886 -0.01737952 0.004000246 -0.06904757 -0.01742959 -0.003915667 -0.0696212 -0.01775079 -0.004419267 -0.06983119 -0.0182746 -0.005025506 -0.07011163 -0.02587413 -0.01361387 -0.0666967 -0.01873868 -0.00457859 -0.06690669 -0.01926249 -0.005184829 -0.06748032 -0.01958376 -0.005688548 -0.06826394 -0.01961642 -0.005954623 -0.06904757 -0.01935172 -0.005911946 -0.0696212 -0.01886051 -0.005571842 -0.06690669 -0.01815277 -0.004032254 -0.06748032 -0.01766163 -0.00369215 -0.06826394 -0.01739686 -0.003649473 -0.06658571 -0.0172798 -0.02141368 -0.06596893 -0.01355534 -0.02744531 -0.05944573 -0.02588713 -0.03962385 -0.06120842 -0.01949095 -0.03184068 -0.06049239 -0.01964044 -0.03145205 -0.06049239 -0.01793551 -0.02926737 -0.06120842 -0.01752233 -0.02931791 -0.06244868 -0.01851165 -0.03159016 -0.06192445 -0.01907777 -0.0318911 -0.05996829 -0.01948601 -0.03082972 -0.05977636 -0.01906925 -0.03014028 -0.05996829 -0.01850163 -0.02956837 -0.06192445 -0.0173729 -0.02970635 -0.06244868 -0.01752728 -0.03032875 -0.06264054 -0.01794403 -0.03101819 -0.0526086 -0.01685869 -0.04571318 -0.05044931 -0.01358205 -0.05056953 -0.04196077 -0.01676917 -0.04013371 -0.04456764 -0.01700741 -0.05067366 -0.04523336 -0.01789367 -0.05351513 -0.0376389 -0.02372485 -0.05197811 -0.03010779 -0.01681393 -0.06159263 -0.03251856 -0.01871591 -0.0614854 -0.02724748 -0.01355665 -0.06604909 -0.02241188 -0.01682388 -0.05483138 -0.02147519 -0.01770061 -0.06662517 -0.01523011 -0.02395415 -0.06290107 -0.005818545 -0.01847892 -0.06958764 -0.006321132 -0.01885825 -0.06717419 2.83753e-4 -0.01358562 -0.07146888 0.006015419 -0.01935172 -0.06906217 0.006058156 -0.01961642 -0.06827861 0.004682183 -0.01873862 -0.0667113 0.004135787 -0.01815271 -0.06692129 0.003795683 -0.01766163 -0.06749498 0.003753006 -0.01739686 -0.06827861 0.004019141 -0.01742959 -0.06906217 0.0045228 -0.01775074 -0.0696358 0.00512892 -0.0182746 -0.06984585 0.005675375 -0.01886051 -0.0696358 0.005288362 -0.01926249 -0.06692129 0.005791962 -0.01958376 -0.06749498 0.03349977 -0.01178497 -0.03978091 0.03213191 -0.01685065 -0.06204444 0.03635966 -0.02176606 -0.06030654 0.05359655 -0.01845306 -0.04325234 0.052455 -0.01627397 -0.04515719 0.05773878 -0.02478218 -0.03829932 0.06337887 -0.01714193 -0.02044641 0.06611639 -0.01642215 -0.02155387 0.06681865 -0.02442252 -0.0146988 0.06978565 -0.02151805 0.01027315 0.04444795 -0.008259654 0.01451069 0.07050901 -0.01287168 0.001519739 0.06188023 -0.01739609 0.0328148 0.05922812 -0.01838314 0.03171622 0.04330396 -0.01714015 0.0506438 0.04523628 -0.01660287 0.0532974 0.04249387 -0.02126908 0.05671226 0.02102094 -0.01697206 0.05486357 0.02181977 -0.01617205 0.06526309 0.0199989 -0.01804465 0.06669229 0.01360785 -0.02579522 0.06809365 -0.004681527 -0.01620054 0.06789672 -0.01048135 -0.0221219 0.06901788 -0.0329284 -0.0180909 0.06120711 -0.03241258 -0.004405081 0.03173935 -0.0302664 -0.01611149 0.06114518 -0.03962838 -0.02412271 0.05947732 -0.05347794 -0.01696348 0.04500615 -0.05769199 -0.02219521 0.04186546 -0.05397331 -0.02322983 0.03532415 -0.06841284 -0.02011024 0.01416516 -0.05542945 -0.01851111 0.01829594 -0.0638653 -0.01633828 0.02150279 -0.06929707 -0.01636242 -0.005236566 -0.06932109 -0.02123737 -0.00976938 -0.06654751 -0.0169149 -0.004995584 -0.06135809 -0.01605534 -0.03061628 -0.06082713 -0.02153772 -0.03594535 -0.04226726 -0.009879052 -0.02166521 -0.03972113 -0.02325183 -0.05944842 -0.01383602 -0.02413225 -0.07006514 0.004661262 -0.01618641 -0.06763797 0.01456773 -0.02109473 -0.06891715 -0.05045694 -0.01173317 0.05065089 -0.0660094 -0.01172995 0.02745646 -0.06598913 -0.0117169 -0.02737307 -0.05053234 -0.01179683 -0.0504496 -0.02717173 -0.01182186 -0.0660429 -1.26991e-4 -0.01172137 -0.07148826 0.02738791 -0.01179802 -0.06606519 0.05062633 -0.01175785 -0.05051475 0.06610298 -0.01169115 -0.02731591 0.06610935 -0.01181358 0.02743035 0.05070656 -0.01168233 0.05051314 0.02744263 -0.01170206 0.06610506 5.96009e-5 -0.01164275 0.07157856 -0.02730613 -0.01171725 0.06611615 -0.001726686 -0.003984987 -0.04446983 0.01505994 0.004378437 0.06911426 0.01589781 0.01024836 0.05894088 0.04578959 -0.01150625 0.04576241 0.0260446 0.01282185 0.07159364 0.04844796 -0.0146805 0.05808174 0.04007589 -0.02219796 0.05834084 0.02620112 0.0175774 0.06148904 0.0356549 -0.02369815 0.05530405 0.0240249 0.008973121 0.06415545 0.0427078 -0.01219522 0.05401408 0.02664136 9.73412e-4 0.05905175 0.04035007 -0.01587629 0.05735671 0.02522963 0.01243358 0.06623178 0.01977515 0.00389719 0.06692135 0.02437263 0.007135987 0.06863075 0.02224522 0.009546458 0.0596801 0.01846033 0.005386888 0.0613895 0.02589929 0.01062732 0.06415545 0.04458212 -0.01054102 0.05401408 0.04092818 -0.01162201 0.04953885 0.03714323 -0.01578146 0.05124825 0.04305559 -0.01403242 0.0584895 0.03845798 -0.01727116 0.05678004 0.01601439 0.005631148 0.06818008 0.01596921 0.008209407 0.06274169 0.01975423 0.01236885 0.06103223 0.02128744 0.01383304 0.06077849 0.02340823 0.01344978 0.06550765 0.02188158 0.009958446 0.069983 0.02103751 0.008545577 0.07136005 0.01728409 0.006719708 0.06827354 0.04707324 -0.01336348 0.05266201 0.04774427 -0.01202094 0.05110388 0.04341924 -0.01444447 0.0481866 0.04193818 -0.01512169 0.04689484 0.03963422 -0.01860392 0.04989612 0.03805416 -0.02026391 0.05046969 0.04094904 -0.02009356 0.05542784 0.04204475 -0.0201202 0.05751729 0.04554665 -0.01685488 0.05713731 0.04688644 -0.01603245 0.05791342 0.0148946 0.008087277 0.06099265 0.04475474 -0.01439768 0.05054092 0.0383079 -0.01478958 0.05133634 0.04119253 -0.01816576 0.05183321 0.04463887 -0.01721149 0.0562238 0.04332393 -0.01288592 0.05658382 0.04061931 -0.01625901 0.058649 0.04340761 -0.01024627 0.05123513 0.0394392 -0.02016746 0.05280035 0.04721969 -0.01456546 0.05544096 0.0409072 -0.01658511 0.04802709 0.0215215 0.01241171 0.06420814 0.02130597 0.007831633 0.06155931 0.01782959 0.01028573 0.06180381 0.01768988 0.007269561 0.06787168 0.0236451 0.007094025 0.06736516 0.02347826 0.01207304 0.06851053 0.01826518 0.003823339 0.06429386 0.02216655 0.00507158 0.06887584 0.01973325 0.007405757 0.0595206 0.02454191 0.01086801 0.06115251 0.04305011 -0.01628249 0.05134493 0.01811569 0.008900821 0.06525552 0.04475283 -0.01621836 0.05434936 0.02053999 0.009706199 0.06803792 0.04205971 -0.01848655 0.05411273 0.04222351 -0.01645964 0.05019021 0.04646939 -0.019593 0.05046749 0.0431717 -0.02056759 0.0528205 0.04648393 -0.01838219 0.05437564 0.03035223 -0.001608133 0.05776244 0.04568403 -0.01728874 0.05104631 0.04422134 -0.01833128 0.05043083 0.0436933 -0.01670038 0.05096173 0.04303342 -0.01558279 0.04872196 0.04480803 -0.01620352 0.05340385 0.04648762 -0.01588207 0.05447387 0.04294067 -0.01840567 0.05320698 0.04197496 -0.01974135 0.05530917 0.04616737 -0.01464635 0.05385017 0.04244863 -0.01674699 0.05122131 0.04276126 -0.01766216 0.05375152 0.01946252 0.01207256 0.06224852 0.01962691 0.01056003 0.06712549 0.02195775 0.01106089 0.06889194 0.01986616 0.01182246 0.06474578 0.01639693 0.008039116 0.06509548 0.01785427 0.00995481 0.06493771 0.01996475 0.01106464 0.06414246 0.01868027 0.009169578 0.06561595 0.02085703 0.01072663 0.0664919 0.01439172 0.01163226 0.06609725 0.0172398 0.01381558 0.0701853 0.01752012 0.01648831 0.06589388 0.01444244 0.0146628 0.06538939 0.0167672 0.01588511 0.06908756 0.01867008 0.01363962 0.06471145 0.01991176 0.01316195 0.06798011 0.01684373 0.01057589 0.06765425 0.01434886 0.01365554 0.06928491 -0.009979128 0.008741259 0.06017386 0.02461904 -0.0114175 0.0620287 0.02449429 -0.01207882 0.06521373 -0.002285063 0.0147345 0.06802529 0.02487027 -0.01208585 0.06915825 -0.001544117 0.01610583 0.06108105 -0.008863091 0.007352352 0.07518279 0.01678901 -0.02137881 0.06191658 0.0115078 -0.02201652 0.07152426 -5.88038e-4 0.01563 0.07250571 -0.002296388 0.009085416 0.06772935 0.01884526 -0.01208299 0.06550967 0.007206082 -0.002142608 0.06258046 -0.004760921 0.006314337 0.07069432 0.01583009 -0.01541131 0.06857752 -0.00677371 0.004306375 0.07066017 -5.27501e-4 0.01085203 0.06772935 -0.006980001 0.007607698 0.07326984 -0.002723336 0.008161723 0.07247161 -0.003220677 0.008659601 0.06298708 -0.007080972 0.004614174 0.06479847 0.01792097 -0.01250874 0.06076741 0.02061408 -0.01031631 0.06550967 0.01841819 -0.01300662 0.07025188 0.01436781 -0.01686197 0.06844055 0.01406049 -0.01655423 0.06257879 -0.01084506 0.005945742 0.07020312 -0.009899914 0.007436633 0.06509441 -0.008563756 0.009048581 0.06244909 -0.0060395 0.011482 0.06328302 -0.003925979 0.01356858 0.06347513 -0.003346323 0.01367449 0.06802529 -0.003409147 0.01316863 0.07228505 -0.005542278 0.01098418 0.07276755 -0.009592592 0.007128894 0.07095617 0.02343297 -0.01313877 0.06521373 0.02329415 -0.01294296 0.06204134 0.02073985 -0.0153312 0.06047135 0.0188505 -0.01704645 0.05886638 0.01687937 -0.01937669 0.06228286 0.01561874 -0.02081161 0.0640127 0.01718676 -0.01968443 0.06814455 0.01736474 -0.01970309 0.07011163 0.02123707 -0.01582914 0.06995594 0.02263182 -0.01452261 0.07086449 -0.01156133 0.005688369 0.0659424 0.01618635 -0.0144909 0.06293308 0.01907795 -0.01710993 0.06158936 0.01891559 -0.01799649 0.06866604 0.01903843 -0.012156 0.06819009 0.01577037 -0.01462942 0.06050771 0.01609224 -0.01534748 0.07042092 0.01620525 -0.02037274 0.06536036 0.0226587 -0.01357841 0.06203168 0.02310228 -0.01377785 0.06815844 -0.005150258 0.01176041 0.06912153 -0.005318284 0.006321668 0.06520283 -0.007514178 0.009906232 0.06446003 -0.008051335 0.008625686 0.07125598 -0.001869201 0.009278655 0.06996983 -0.01058954 0.006455898 0.0678786 -0.003786981 0.01290076 0.07120728 -0.003985822 0.01334458 0.06508064 -0.004846692 0.00601381 0.07273125 -0.005564332 0.00633651 0.06281805 -0.005726993 0.01125246 0.06793367 0.02152651 -0.01500082 0.06475454 -0.007603228 0.009458839 0.06768906 0.01856034 -0.01795768 0.0649445 0.01999998 -0.01675802 0.06700146 -0.008194684 0.008661329 0.06970298 -0.006984591 0.01033467 0.06522041 0.02357691 -0.01967245 0.06433349 0.02166372 -0.01887238 0.06790226 0.01958554 -0.02061158 0.06460928 0.005566895 -0.001983761 0.0648117 0.02254164 -0.01739573 0.06419819 0.02126699 -0.01864773 0.0635553 0.02134406 -0.01629728 0.06426107 0.0217061 -0.01513189 0.06193208 0.02043485 -0.01713234 0.06899762 0.02093887 -0.01691716 0.06667953 0.01929795 -0.01841264 0.06521773 0.01810562 -0.01881468 0.06266748 0.02070212 -0.0157606 0.06416773 0.02014541 -0.0165866 0.06678152 -0.008526444 0.009672224 0.06769841 -0.00628829 0.01160168 0.06443512 -0.009813547 0.007793426 0.06868737 -0.004970848 0.01299744 0.06987249 -0.006846249 0.01062351 0.06970638 -0.006479144 0.01174765 0.06737476 -0.007750213 0.01003044 0.07164436 -0.004972517 0.01170384 0.07094377 -0.007668137 0.009550213 0.06664055 -0.01357638 0.01313316 0.06716156 -0.009639143 0.01502168 0.07098865 -0.009892463 0.0161609 0.06673073 -0.006712555 0.0144276 0.06711781 -0.009299278 0.01200753 0.06576299 -0.007747828 0.01305395 0.06973314 -0.0107243 0.01026135 0.06904834 -0.01330029 0.01387482 0.06957018 -0.01060318 0.01627618 0.06993275 -0.008500099 -0.02060449 0.06038212 -0.03360354 0.006714761 0.05276972 -0.02594524 0.01555484 0.05731701 -3.64339e-4 -0.01112914 0.06650239 -0.01017296 -0.01829034 0.07474076 -0.03485018 0.01065653 0.06886756 -0.02976387 -0.01115548 0.0667718 -6.18672e-4 -0.008446872 0.07197904 -0.01432383 -0.01052594 0.05533641 -0.02785223 0.009052753 0.06099873 -0.007470548 -0.01211553 0.06703865 -0.02189648 -0.001468062 0.05991578 -0.01081198 -0.01430386 0.07064557 -0.02889257 0.009126484 0.06478422 -0.03297758 0.004939377 0.06387752 -0.0260514 0.01078677 0.06099873 -0.02920418 0.009080111 0.06565672 -0.03026777 0.005377054 0.05626755 -0.02787613 0.007700741 0.05634093 -0.0321567 0.004086852 0.05812007 -0.01177495 -0.01708143 0.06415987 -0.005669653 -0.01038157 0.06703865 -0.00749439 -0.01346755 0.06238073 -0.008822441 -0.01208823 0.07169657 -0.01259577 -0.01622903 0.06991744 -0.03684103 0.00646454 0.06242626 -0.03487432 0.00690937 0.05731475 -0.03059375 0.0105232 0.05553561 -0.02992498 0.0107336 0.05400133 -0.02876889 0.01360923 0.06019347 -0.02816617 0.01461184 0.06170952 -0.0319218 0.01190257 0.0648514 -0.03569507 0.007761836 0.06307226 -0.002952039 -0.01320403 0.06784397 -0.001938462 -0.01266133 0.0662893 -0.004776835 -0.01629 0.06318604 -0.009057462 -0.01990389 0.06496518 -0.01072049 -0.02132827 0.06554734 -0.009878218 -0.01905149 0.07072269 -0.01004672 -0.01864498 0.07268083 -0.006104826 -0.01491069 0.07250183 -0.004863381 -0.0134561 0.07339179 -0.03269714 0.01169127 0.06676036 -0.03672981 0.005360484 0.05814749 -0.004933536 -0.01691645 0.06149429 -0.004772782 -0.01509612 0.06735002 -0.009773433 -0.01487582 0.06507676 -0.007332503 -0.01835298 0.06460076 -0.007969439 -0.01698815 0.07143557 -0.007449626 -0.01138192 0.06960058 -0.01122319 -0.01435256 0.07186257 -0.0096336 -0.01560002 0.06212568 -0.003124952 -0.01426225 0.06471854 -0.003858268 -0.01325142 0.07073628 -0.01033908 -0.02027547 0.06798803 -0.03125572 0.01195567 0.06277257 -0.03200864 0.009446203 0.05655348 -0.02697378 0.009174704 0.05844849 -0.03166872 0.005773365 0.06254887 -0.03406941 0.009451925 0.06347787 -0.03611493 0.006495118 0.06004941 -0.02885055 0.01270532 0.0573011 -0.02695763 0.01073938 0.06389111 -0.0302295 0.005387425 0.05617481 -0.03141611 0.007023096 0.06591182 -0.006772518 -0.01737934 0.06623119 -0.03267496 0.009442925 0.05877274 -0.03393173 0.008901 0.06111329 -0.006790459 -0.01629245 0.06997561 -0.03121662 0.01124775 0.06023007 -0.03336054 0.008645594 0.05829149 -0.03088873 0.01096332 0.0580734 -0.008570909 -0.01845049 0.06842124 -0.00289613 -0.02026581 0.0687111 -0.004957258 -0.01785427 0.07119446 -0.006980121 -0.02061879 0.06837409 -0.003783583 -0.01834058 0.06556099 -0.02149295 -0.002841532 0.06524038 -0.006045341 -0.01950258 0.06838029 -0.005342185 -0.01846516 0.06980675 -0.00641781 -0.01608926 0.06907379 -0.005895495 -0.01649034 0.06625908 -0.003556072 -0.01458007 0.06713753 -0.005947053 -0.01767843 0.0642336 -0.007942795 -0.01757532 0.07121455 -0.00634706 -0.01797628 0.06695365 -0.004827082 -0.01605755 0.06814444 -0.006561875 -0.01731652 0.06958585 -0.03278332 0.01018548 0.06173515 -0.02996397 0.01319062 0.06121939 -0.0355159 0.008221507 0.06199753 -0.03288149 0.009253203 0.05880469 -0.03256696 0.009444713 0.05633074 -0.03176343 0.01166337 0.05934166 -0.03385347 0.009551882 0.05915778 -0.03341645 0.01067841 0.06163138 -0.03436726 0.01650089 0.05927783 -0.03696054 0.01459479 0.05630719 -0.03831565 0.01360905 0.06106555 -0.03413528 0.01144856 0.05652391 -0.03304803 0.0137518 0.0611869 -0.03596252 0.01125442 0.06221395 -0.03721892 0.01561635 0.06075161 -0.0351085 0.01172173 0.06107664 -0.03413856 0.0117768 0.05800497 -0.03712064 -0.02067095 0.06015235 -0.05804467 0.006142318 0.04320448 -0.03630411 -0.02236801 0.05638599 -0.05904227 0.004784345 0.04232776 -0.04638862 0.01377642 0.039375 -0.02481526 -0.01311063 0.05996882 -0.0583406 0.009339332 0.04878515 -0.03819131 -0.01908951 0.06404149 -0.03123134 -0.001288652 0.04438894 -0.05665683 0.01159453 0.05240058 -0.05038601 -0.008963227 0.04837453 -0.04874682 0.008856773 0.04498851 -0.03222787 -0.01231157 0.05836838 -0.04938465 0.005874574 0.04108256 -0.03022539 -0.01643955 0.05449908 -0.05268859 0.005780756 0.04498851 -0.03616964 -0.01538765 0.05836838 -0.0516324 0.009281158 0.04923754 -0.03526204 -0.01376092 0.06451368 -0.0546596 0.004242718 0.04498851 -0.04677587 0.01039481 0.04498851 -0.03814065 -0.01692569 0.05836838 -0.03025692 -0.01077353 0.05836838 -0.05686205 0.007065176 0.04320448 -0.05177742 0.007079601 0.03698188 -0.04897838 0.01321727 0.04320448 -0.05581623 0.01177412 0.04936915 -0.02805441 -0.01359599 0.06015235 -0.03593808 -0.01974815 0.06015235 -0.04736447 0.01405936 0.04254281 -0.03011387 -0.01499754 0.06047773 -0.03270834 -0.01590245 0.05559724 -0.02966153 -0.01613497 0.05811935 -0.03063511 -0.01693898 0.05804961 -0.03101992 -0.01733249 0.05790203 -0.03216725 -0.01810884 0.05809038 -0.03263688 -0.01832312 0.05833113 -0.03359901 -0.01843684 0.05933898 -0.03387862 -0.0183466 0.05982697 -0.03516292 -0.01295179 0.06099361 -0.03409194 -0.01773124 0.061064 -0.03401774 -0.01738917 0.06151354 -0.03335726 -0.0164051 0.06225508 -0.03297269 -0.01601171 0.0624026 -0.03027838 -0.01356559 0.06298136 -0.03158754 -0.01523691 0.06191885 -0.03039348 -0.01490724 0.06096559 -0.03137946 -0.01746559 0.05429118 -0.03556776 -0.01300495 0.06470966 -0.05083847 0.0115602 0.04287922 -0.05006778 0.007112681 0.04178315 -0.04992932 0.01141077 0.04148793 -0.05148506 0.009957969 0.04114258 -0.05262571 0.009134531 0.04124373 -0.05358839 0.007561445 0.0398758 -0.05410712 0.008354663 0.04184341 -0.05445694 0.00836575 0.04229283 -0.054838 0.008912503 0.0436294 -0.05604577 0.008705019 0.04476773 -0.05152297 0.009478032 0.0473175 -0.05279487 0.01090717 0.04421073 -0.05418199 0.01151984 0.04687845 -0.05332344 0.01124882 0.0454548 -0.05284845 0.01152628 0.04530721 -0.05156224 0.01257324 0.04534518 -0.04917401 0.005035221 0.039397 -0.05161082 0.01005083 0.05040955 -0.03334122 -0.01754736 0.06040889 -0.02950716 -0.02049529 0.06185269 -0.02820962 -0.01695829 0.06083524 -0.03144657 -0.0174725 0.06404328 -0.04196 -5.22739e-4 0.05319839 -0.02937579 -0.01743429 0.0612061 -0.03105038 -0.01781284 0.0626747 -0.03119182 -0.01545286 0.06119072 -0.0289967 -0.01431638 0.06108319 -0.03194308 -0.01755493 0.05873799 -0.03187859 -0.01915001 0.05689233 -0.03428113 -0.01694875 0.06340086 -0.03084284 -0.01759564 0.05913382 -0.03071099 -0.01605165 0.06134092 -0.03291642 -0.01769262 0.06146758 -0.04994207 0.01232081 0.0420233 -0.05400454 0.009972214 0.04426938 -0.05519574 0.0109167 0.04636287 -0.05360537 0.009383141 0.04177868 -0.05307692 0.007951974 0.03985214 -0.05462795 0.00804907 0.04023772 -0.0519728 0.011366 0.04217886 -0.05378347 0.01128637 0.04422777 -0.05821323 0.01355481 0.04258024 -0.05683344 0.01224339 0.03848743 -0.05417627 0.01642352 0.03998649 -0.05844348 0.01352 0.0399816 -0.0571506 0.01615291 0.04193216 -0.05242675 0.0135973 0.04164284 -0.05521011 0.01307481 0.04434847 -0.055296 0.01041823 0.04021394 -0.05580538 0.01516848 0.03863638 -0.04794406 -0.01111382 0.04716426 -0.0707125 0.01303261 0.02573037 -0.05975598 -0.01731401 0.04630041 -0.07055842 0.005221307 0.01688587 -0.04823017 -0.0201565 0.03769946 -0.05793315 0.01053714 0.01611447 -0.05525505 -0.01066863 0.05001324 -0.06203275 -0.02063983 0.04262584 -0.05613148 0.01249849 0.01382505 -0.06405198 0.005664408 0.02026152 -0.05391067 -0.01550394 0.03894442 -0.06299078 -0.002272903 0.03210145 -0.05056023 -0.01187556 0.04123461 -0.06026029 0.007303535 0.02006441 -0.06852734 0.005091071 0.02204114 -0.06705832 0.00383532 0.01982086 -0.06405198 0.0040102 0.01838707 -0.06681787 0.00925064 0.02582603 -0.06128603 0.01074028 0.02451121 -0.05957663 0.007501602 0.01991373 -0.05391067 -0.01715821 0.03707003 -0.05838596 -0.01607728 0.04072403 -0.04943531 -0.01366674 0.03859663 -0.05114471 -0.01042807 0.04319423 -0.05667656 -0.01191771 0.04450905 -0.0634672 0.01478564 0.02386558 -0.06817007 0.01207304 0.02333498 -0.06985741 0.01155185 0.02367573 -0.06987953 0.007913589 0.01955014 -0.07142502 0.006762444 0.01910251 -0.06540411 0.006832659 0.01589608 -0.06317937 0.006706595 0.01454794 -0.06092882 0.01032406 0.01742273 -0.05970627 0.01203292 0.01870322 -0.06263822 0.01356273 0.02202028 -0.05255854 -0.0199806 0.03956109 -0.05486094 -0.02092921 0.0397287 -0.05703377 -0.01889967 0.04321509 -0.05858153 -0.01896709 0.04396235 -0.05532443 -0.01474016 0.04700005 -0.05500859 -0.01316702 0.04860502 -0.04979252 -0.01325047 0.04568523 -0.0477162 -0.01319915 0.04460799 -0.04808312 -0.0164892 0.04108768 -0.04800081 -0.01834273 0.03894001 -0.05511212 -0.01893365 0.04213792 -0.05744582 -0.01480185 0.04169517 -0.05028039 -0.01380109 0.04532629 -0.05152148 -0.01249969 0.04103916 -0.05083864 -0.01837456 0.04042011 -0.05404913 -0.01042866 0.04476994 -0.05668962 -0.01745289 0.03824448 -0.05090773 -0.0157814 0.037 -0.04927575 -0.01144021 0.04103285 -0.05719333 -0.01675903 0.04572713 -0.06369191 0.008649647 0.01702886 -0.06693881 0.005141913 0.02122366 -0.06788635 0.01006835 0.02090108 -0.06108081 0.009734451 0.02325135 -0.06290233 0.01154613 0.01986801 -0.06554263 0.01356208 0.02359592 -0.06076925 0.01255065 0.01985895 -0.06942391 0.008538126 0.02322196 -0.06818306 0.006537914 0.01707059 -0.06127291 0.005212247 0.01824069 -0.06646823 0.008914172 0.01878899 -0.05413371 -0.01729798 0.04345571 -0.06584954 0.01099139 0.02084988 -0.05257892 -0.01544708 0.04470354 -0.06348246 0.01111233 0.01970249 -0.05130279 -0.01749634 0.04169559 -0.06624984 0.01154983 0.02170205 -0.0500282 -0.0157442 0.04298764 -0.0547797 -0.01652646 0.04468053 -0.05068361 -0.02039963 0.04568636 -0.05454528 -0.01902353 0.04590576 -0.05064219 -0.01644575 0.04670101 -0.06887656 0.01648551 0.01361674 -0.05096316 -0.01910459 0.04346817 -0.0531243 -0.01904839 0.04491251 -0.05173945 -0.01729959 0.04591983 -0.05268841 -0.014274 0.04659843 -0.05115234 -0.01649492 0.04264944 -0.05534988 -0.01947045 0.04244357 -0.04901862 -0.01706576 0.04159212 -0.05389291 -0.01768249 0.04288929 -0.05369627 -0.01752364 0.04436814 -0.05130445 -0.01789218 0.04253143 -0.0514726 -0.0160675 0.04469001 -0.06323403 0.01309579 0.02044588 -0.06708508 0.01048541 0.01958376 -0.06880968 0.01104342 0.02176111 -0.06415492 0.01015108 0.01842784 -0.06292748 0.009869158 0.01667475 -0.06743127 0.007802486 0.01749515 -0.06378084 0.008288443 0.01667791 -0.06257605 0.01252007 0.02082753 -0.0653637 0.01131838 0.02059292 -0.06855398 0.01480054 0.01893854 -0.06553083 0.01554501 0.01449102 -0.06837272 0.01209241 0.0138961 -0.0698601 0.01449418 0.01700901 -0.06763797 0.01657301 0.01710909 -0.0632615 0.01280999 0.01699298 -0.06635892 0.01375746 0.01972746 -0.06777036 0.01034128 0.01666498 -0.0648697 0.0122112 0.0172348 -0.06759256 -0.01091021 0.02637857 -0.06051951 0.01420283 -0.003284692 -0.07692658 0.01092129 -0.00533694 -0.06713891 -0.02211385 0.01445049 -0.0651102 -0.02126526 0.01528137 -0.06792181 0.005548 -0.01149791 -0.05703914 -0.01804012 0.01788073 -0.06065285 0.008274734 -0.009440839 -0.07492685 -0.01181888 5.24145e-4 -0.06115847 -0.009213566 0.02556937 -0.06762588 0.005552113 -0.005848765 -0.0654062 -0.01561617 0.01529282 -0.07063984 0.008892357 -0.002190172 -0.06938016 -0.0152049 0.01611894 -0.06187939 -0.01242554 0.01811283 -0.06395137 0.007703065 -0.004076957 -0.07236814 0.005977988 -0.004924476 -0.0731855 0.006925642 -0.008520603 -0.06762588 0.003785431 -0.007617652 -0.064695 0.01033115 -0.001371443 -0.06477791 0.004438996 -0.007262349 -0.06288361 0.006475925 -0.005421698 -0.07055675 0.01002335 -0.001064062 -0.06066387 -0.01469242 0.01571983 -0.0654062 -0.01738286 0.01352387 -0.06833702 -0.01114493 0.0200774 -0.07014846 -0.01519042 0.01621711 -0.06247532 -0.01083719 0.0197702 -0.07085269 0.01284587 -0.003883004 -0.07263147 0.012838 -0.003692507 -0.07266408 0.008800446 -0.007743299 -0.06792181 0.00660789 -0.01043653 -0.06317955 0.009298384 -0.00824064 -0.06169074 0.008814692 -0.008878231 -0.06499093 0.01315361 -0.004190266 -0.0651102 -0.02020531 0.01634269 -0.06990027 -0.01961916 0.01744049 -0.06985247 -0.01801288 0.01903599 -0.070661 -0.01556187 0.02157682 -0.06804108 -0.01396745 0.02289628 -0.06663811 -0.01253807 0.02417302 -0.06217926 -0.01365965 0.02258896 -0.06020909 -0.01352882 0.02250266 -0.060368 -0.017515 0.01853871 -0.05969959 -0.0187909 0.01718521 -0.06539267 0.01449453 -0.002800643 -0.06703889 -0.0179966 0.01875936 -0.06861996 -0.0130558 0.01818126 -0.06495946 -0.01397681 0.02256095 -0.06132036 -0.01649731 0.01966166 -0.06229496 -0.01528996 0.01528286 -0.06049484 -0.01235175 0.01804584 -0.06831878 -0.01869696 0.0159195 -0.06555289 -0.01016432 0.02076709 -0.07002151 -0.01568979 0.0213797 -0.06216549 -0.01956623 0.0166735 -0.06930351 0.008369028 -0.008538901 -0.07058852 0.008360087 -0.002708673 -0.07120996 0.01151072 -0.005181491 -0.06415247 0.01085269 -0.006565749 -0.06508624 0.005515396 -0.006151139 -0.0680685 0.01382648 -0.003193378 -0.07086658 0.006937921 -0.009797036 -0.06473988 0.007381618 -0.009995937 -0.07253718 0.00830096 -0.002580761 -0.06262391 0.008623719 -0.003298521 -0.06927227 0.01030272 -0.006599009 -0.06625401 -0.01583874 0.02118402 -0.06616669 0.01102137 -0.006201922 -0.06351274 -0.0169931 0.01939141 -0.06986737 0.01150947 -0.005322694 -0.06648254 0.009315073 -0.007891535 -0.06295174 -0.0177161 0.01860857 -0.06347686 -0.01505678 0.02132636 -0.06458437 -0.02013278 0.0236774 -0.06276506 -0.01976716 0.02022475 -0.06664115 -0.02038699 0.02000772 -0.06643038 -0.01669335 0.02367961 -0.06854277 0.01674854 -0.01356256 -0.0653761 -0.01946669 0.02049976 -0.06578588 -0.01735454 0.02260273 -0.06333631 -0.01834875 0.02149307 -0.06539666 -0.01778227 0.01875656 -0.06483453 -0.01967 0.01728171 -0.06844067 -0.01526772 0.02170008 -0.06363052 -0.01632595 0.02063548 -0.06246548 -0.01463013 0.02162784 -0.06549477 -0.01451003 0.02336263 -0.06263345 -0.01823359 0.0192793 -0.06432318 0.01127308 -0.006714344 -0.06688624 0.01110345 -0.006002128 -0.06952071 0.009823203 -0.006991922 -0.06956452 0.007807493 -0.009620845 -0.06995064 0.01271492 -0.004653275 -0.06912875 0.009805023 -0.00829184 -0.06793206 0.01190626 -0.006291508 -0.06648343 0.01033574 -0.007990241 -0.07100415 0.01305758 -0.01192766 -0.06601005 0.01614826 -0.01086807 -0.06981122 0.01634079 -0.009942114 -0.06539624 0.01192122 -0.01099473 -0.06988561 0.01350587 -0.007389247 -0.06864953 0.01043027 -0.01053106 -0.06978398 0.01603549 -0.01101577 -0.06665974 0.01561486 -0.0116201 -0.06822043 0.01377153 -0.01331424 -0.06716454 -0.01088303 7.03615e-5 -0.06757879 0.01392465 -0.03068917 -0.07326185 -0.01949119 -0.01108664 -0.05872172 0.004325866 -0.03800624 -0.06229335 -0.02164107 -0.01034229 -0.05268847 0.01071017 -0.0295605 -0.05741292 -1.91772e-4 -0.03769427 -0.05566412 0.01456648 -0.02430832 -0.07720643 -0.0120095 -0.007160604 -0.06089532 0.005584836 -0.03146874 -0.06693518 -0.01558357 -0.011087 -0.06224662 0.005542099 -0.03486847 -0.07090634 -0.01406031 -0.01068067 -0.06296318 0.01019459 -0.02729123 -0.06786417 -0.01093155 -0.006534993 -0.05724126 0.007183015 -0.02872061 -0.06267601 -0.01505309 -0.009278655 -0.05801653 0.009698212 -0.02634352 -0.06089532 0.003850758 -0.0332697 -0.06555324 0.006936728 -0.03144484 -0.0637741 0.01055061 -0.02716428 -0.0569123 0.005597531 -0.0342046 -0.05623733 0.005557477 -0.03011685 -0.06693518 -0.01731759 -0.01288795 -0.06981396 -0.01061773 -0.006782472 -0.06405639 -0.01147013 -0.005961716 -0.0715931 -0.01423162 -0.01106309 -0.06227719 -0.01561093 -0.009735047 -0.06296879 0.01337307 -0.02988189 -0.06471157 0.0137313 -0.03001433 -0.06474792 0.009759247 -0.03416252 -0.06008994 0.006673276 -0.03598719 -0.05543208 0.008379936 -0.03283447 -0.05559039 0.01300942 -0.02807378 -0.05721122 0.01252067 -0.02906107 -0.06774049 -0.02014005 -0.01017034 -0.07239842 -0.01705408 -0.008345603 -0.07388794 -0.01522207 -0.006887376 -0.07061922 -0.01344019 -0.004064977 -0.06929135 -0.0122981 -0.002494275 -0.06486171 -0.01429259 -0.003244221 -0.06308257 -0.01843339 -0.007017493 -0.06281888 -0.01993536 -0.008509814 -0.06669777 0.01061218 -0.03385442 -0.06951689 -0.02084708 -0.01144379 -0.06267845 -0.0146315 -0.00295484 -0.06692653 -0.01835006 -0.008058547 -0.07013994 -0.01260751 -0.008940219 -0.07085627 -0.01479661 -0.00554943 -0.06412899 -0.01665776 -0.005486786 -0.06388205 -0.01575493 -0.01037037 -0.07184815 -0.01209902 -0.008923888 -0.06211119 -0.01334673 -0.007334232 -0.07086592 -0.01908183 -0.009997427 -0.06484812 -0.02009272 -0.009264111 -0.06759649 -0.01306861 -0.002783358 -0.06239938 0.009459078 -0.03378891 -0.06317049 0.005315661 -0.03243356 -0.06405746 0.00914669 -0.02871394 -0.0605933 0.01209175 -0.03052073 -0.06062698 0.01027131 -0.02652603 -0.0576055 0.00886774 -0.03297245 -0.05871653 0.004748225 -0.03168427 -0.05696451 0.006805956 -0.03492319 -0.06500303 0.01189172 -0.03202325 -0.06023401 0.01378726 -0.02864134 -0.06298238 0.007577121 -0.03590559 -0.05568015 0.008835673 -0.02890211 -0.06205731 0.01078838 -0.03229463 -0.06964468 -0.01694047 -0.00741136 -0.06716209 -0.01579099 -0.005468189 -0.05900323 0.01122832 -0.03093469 -0.06221008 0.009319126 -0.03386747 -0.06706964 -0.01494967 -0.004580855 -0.06975817 -0.01534152 -0.005784571 -0.06910908 -0.02007097 -0.002677261 -0.06591963 -0.02023661 -0.0059008 -0.06723415 -0.01672708 -0.002638161 -0.07037842 -0.01954174 -0.006503701 -0.05809998 0.01661676 -0.0389117 -0.06939101 -0.0189684 -0.005909085 -0.06808513 -0.01725482 -0.003829121 -0.06690073 -0.01917886 -0.005316019 -0.06721574 -0.01838725 -0.006976366 -0.06603604 -0.01969134 -0.008736968 -0.07164996 -0.0165435 -0.006993472 -0.06949806 -0.01702618 -0.006279528 -0.06755489 -0.01622146 -0.004857361 -0.06667196 -0.01455831 -0.003291547 -0.06917124 -0.01691687 -0.007228374 -0.06623047 -0.01738035 -0.006865203 -0.06049972 0.007992327 -0.03467732 -0.06380403 0.01045989 -0.03394889 -0.06037914 0.01125007 -0.03128129 -0.05636364 0.0107547 -0.03127622 -0.05897778 0.009247481 -0.03322553 -0.05997753 0.01294928 -0.02978873 -0.05737417 0.008464813 -0.03449922 -0.06121069 0.01026904 -0.03376221 -0.06000578 0.01175057 -0.03189265 -0.0573678 0.01570481 -0.03427314 -0.05773687 0.01221227 -0.03817111 -0.06177157 0.01378202 -0.03759318 -0.05654692 0.01423263 -0.0372523 -0.05984878 0.0141983 -0.0322203 -0.0573104 0.01132678 -0.03444886 -0.06149917 0.01123183 -0.03582537 -0.05919647 0.01417106 -0.03851526 -0.05950993 0.01663309 -0.03605824 -0.06004881 -0.01267319 -0.02688652 -0.04310107 0.01414006 -0.04781049 -0.06670051 -0.01224899 -0.03173142 -0.04743587 0.01580315 -0.04908734 -0.04147517 0.005194723 -0.05980706 -0.05588728 -0.02319717 -0.0354377 -0.04003238 0.01330411 -0.04621249 -0.0610283 -0.004466593 -0.04674398 -0.05753606 -0.01059645 -0.02361989 -0.04481422 -0.008578658 -0.04949569 -0.04488497 0.005780756 -0.05270332 -0.05826491 -0.01538765 -0.03618437 -0.04922723 0.009460747 -0.05149358 -0.06408268 -0.01216715 -0.03374093 -0.04488497 0.008856832 -0.04876142 -0.05826491 -0.01231151 -0.03224247 -0.03974789 0.005536198 -0.05127137 -0.05400007 -0.0167126 -0.03079164 -0.04488497 0.01039481 -0.04679054 -0.04488497 0.004242718 -0.0546742 -0.05826491 -0.01692563 -0.03815519 -0.05826491 -0.01077353 -0.03027158 -0.04310107 0.01321727 -0.04899305 -0.04913765 0.01163977 -0.05589485 -0.04310107 0.007065176 -0.05687665 -0.03857249 0.01084649 -0.04835617 -0.06004881 -0.01974809 -0.03595268 -0.06004881 -0.01359599 -0.02806901 -0.05869972 -0.02190643 -0.03761708 -0.05968666 -0.01820671 -0.03368645 -0.06220304 -0.01251572 -0.03562825 -0.06096065 -0.01773113 -0.03410661 -0.06140995 -0.01738911 -0.03403234 -0.06215161 -0.0164051 -0.03337198 -0.06214392 -0.01571375 -0.03249198 -0.06211084 -0.01523536 -0.03183984 -0.06187009 -0.01502096 -0.03137028 -0.06086218 -0.01490724 -0.03040808 -0.06037425 -0.01499748 -0.03012847 -0.05502235 -0.01603412 -0.03437745 -0.05647498 -0.01639872 -0.02876627 -0.05782008 -0.01683163 -0.03037655 -0.05794608 -0.01693904 -0.0306499 -0.05779856 -0.01733249 -0.0310344 -0.05798691 -0.01810878 -0.03218179 -0.05822753 -0.01832312 -0.03265148 -0.05923551 -0.01843684 -0.03361362 -0.05404549 -0.01717054 -0.03114593 -0.06369191 -0.01304256 -0.03032106 -0.06343495 -0.01769238 -0.03605902 -0.04342651 0.008722364 -0.05501669 -0.04391425 0.009015381 -0.0550363 -0.0475201 0.008397758 -0.05149734 -0.04492235 0.009921133 -0.05469208 -0.04516297 0.01032447 -0.0543701 -0.04535126 0.01124882 -0.05333817 -0.04698061 0.01251637 -0.05307281 -0.04407411 0.01178514 -0.0516178 -0.04401278 0.01191663 -0.05139815 -0.04277575 0.0115602 -0.05085307 -0.04228758 0.01126694 -0.0508334 -0.04113453 0.006500005 -0.0499618 -0.04127985 0.01036143 -0.05117768 -0.04103899 0.009957849 -0.05149978 -0.04108148 0.009095668 -0.05263864 -0.04099828 0.00875616 -0.05300664 -0.0410009 0.007705569 -0.05436247 -0.03849387 0.006590783 -0.05058401 -0.05005073 0.009805202 -0.05319654 -0.0439887 0.009732663 -0.05414366 -0.06224215 -0.01993525 -0.02943879 -0.061365 -0.0166586 -0.02833789 -0.05927777 -0.02053558 -0.03163307 -0.03883808 0.01667535 -0.05818891 -0.06239926 -0.01837515 -0.03164649 -0.06146204 -0.01727461 -0.02962619 -0.05982857 -0.019423 -0.03101915 -0.06079828 -0.01444095 -0.02903234 -0.06119811 -0.01656591 -0.03288638 -0.0635268 -0.01686561 -0.03414398 -0.05886554 -0.01795536 -0.0321002 -0.05879449 -0.01922523 -0.03434205 -0.05705004 -0.01943677 -0.03165549 -0.05984711 -0.01654338 -0.03020125 -0.06154757 -0.01741462 -0.03266388 -0.04180651 0.009169816 -0.05313122 -0.03944796 0.009619295 -0.05137938 -0.04255408 0.007961213 -0.05603498 -0.04307782 0.011123 -0.05161553 -0.04582148 0.0129165 -0.05224102 -0.04287463 0.009699046 -0.054771 -0.04414892 0.0115292 -0.05345773 -0.04178845 0.01108735 -0.05218285 -0.03998643 0.01645499 -0.05473726 -0.03776013 0.01436066 -0.05595189 -0.04259401 0.01579755 -0.05747389 -0.04040563 0.01269847 -0.05859607 -0.03908216 0.01200389 -0.05266118 -0.0442304 0.01351732 -0.05469578 -0.0427621 0.01141083 -0.0561521 -0.04039388 0.01185101 -0.05363625 -0.02496749 0.0154699 -0.06434231 -0.04312175 -0.02042663 -0.06021118 -0.02293175 0.00927639 -0.07358205 -0.01371318 0.008178591 -0.05981886 -0.0386486 -0.0171355 -0.04421377 -0.0472849 -0.01718127 -0.06118667 -0.0380522 -0.002308845 -0.04560226 -0.02221959 -0.006865322 -0.06315672 -0.02015805 0.005664527 -0.06406664 -0.03884088 -0.01550388 -0.05392527 -0.02043527 0.004837095 -0.06630188 -0.04021418 -0.01602631 -0.05754446 -0.02886545 0.002483665 -0.05872368 -0.04355454 -0.01157534 -0.05441403 -0.02440786 0.01074033 -0.06130069 -0.02193766 0.00509119 -0.06854194 -0.02572262 0.00925064 -0.06683254 -0.01828366 0.0040102 -0.06406664 -0.01981025 0.007501602 -0.05959129 -0.04062062 -0.01607722 -0.05840069 -0.03696656 -0.01715821 -0.05392527 -0.04440551 -0.01191771 -0.05669116 -0.03849315 -0.01366674 -0.04944998 -0.04309076 -0.01042807 -0.05115944 -0.02386569 0.01461619 -0.06402575 -0.02323162 0.01207304 -0.06818473 -0.02352976 0.01146376 -0.06997555 -0.01944667 0.007913649 -0.06989413 -0.01905858 0.006868422 -0.07133787 -0.01579254 0.006832659 -0.06541877 -0.01731926 0.01032406 -0.06094342 -0.01896017 0.01230704 -0.05982041 -0.0219168 0.01356279 -0.06265288 -0.03945755 -0.0199806 -0.0525732 -0.04311168 -0.01889961 -0.05704843 -0.04407435 -0.0187245 -0.05848306 -0.04689651 -0.01474016 -0.05533903 -0.04666692 -0.01202094 -0.04923456 -0.04558175 -0.01325047 -0.04980725 -0.04098427 -0.0164892 -0.04809772 -0.03960967 -0.01738119 -0.04745423 -0.01513022 0.006237864 -0.06327074 -0.03829169 -0.02136933 -0.05334782 -0.04704332 -0.015944 -0.05812197 -0.04136019 -0.01834118 -0.05264067 -0.03903913 -0.01637899 -0.0560801 -0.04590547 -0.01528656 -0.05471736 -0.0426436 -0.01157021 -0.05266368 -0.04222071 -0.01585799 -0.04901623 -0.04294317 -0.01414471 -0.05864566 -0.04092931 -0.01144015 -0.04929035 -0.03808879 -0.01728785 -0.05034703 -0.04081499 -0.02022123 -0.05557608 -0.04709172 -0.01317662 -0.05243468 -0.01875388 0.008626163 -0.06712937 -0.02053886 0.004706561 -0.0667594 -0.0242204 0.007713913 -0.06731796 -0.02069973 0.0127744 -0.06198108 -0.02180159 0.01084834 -0.06220501 -0.01937913 0.005998849 -0.06191784 -0.02349251 0.01356214 -0.06555718 -0.01696705 0.006537914 -0.06819766 -0.01572251 0.008209407 -0.06241583 -0.02176916 0.009846031 -0.07013922 -0.0220164 0.009566068 -0.05934613 -0.04341816 -0.01733511 -0.05434608 -0.0206291 0.01141422 -0.06477165 -0.01798826 0.009826242 -0.06321519 -0.02062797 0.009813725 -0.06809663 -0.04479265 -0.01463407 -0.05124634 -0.04695957 -0.01810288 -0.05136424 -0.04433333 -0.02066963 -0.05111569 -0.01374733 0.0169084 -0.068448 -0.04241698 -0.01837503 -0.05228388 -0.04056447 -0.01933753 -0.05187767 -0.04608511 -0.01597899 -0.05516201 -0.04433643 -0.0173949 -0.0537973 -0.04455292 -0.01611608 -0.0514279 -0.04494762 -0.0143181 -0.05014592 -0.04394477 -0.01678001 -0.05414497 -0.04202109 -0.01725065 -0.05159783 -0.04407161 -0.01555567 -0.0518369 -0.01975226 0.01109105 -0.06394189 -0.01611089 0.008267045 -0.0642119 -0.01832616 0.009421467 -0.0646826 -0.01979023 0.009670794 -0.06672042 -0.02153998 0.01332706 -0.06388616 -0.02011507 0.009433984 -0.06918948 -0.01986056 0.01103025 -0.0667001 -0.01927626 0.01154786 -0.06436085 -0.01770395 0.009839773 -0.06502968 -0.01735615 0.01651221 -0.067932 -0.01342064 0.01378649 -0.06577992 -0.01660472 0.01339894 -0.07028687 -0.0152896 0.01611423 -0.06563645 -0.0142883 0.01349037 -0.06913959 -0.01999467 0.01436847 -0.06593376 -0.01643139 0.01196229 -0.06430196 -0.01681357 0.0104621 -0.06810051 -0.0187202 0.01330095 -0.06558567 -0.0260027 -0.01231515 -0.06523573 0.005186378 0.01201462 -0.07631975 -0.0140621 -0.02249222 -0.0684266 -0.01517802 -0.02126526 -0.06512486 0.01160132 0.005548 -0.06793648 -0.01613527 -0.01971882 -0.05923175 0.007790923 0.01041418 -0.0590251 -0.02469909 -0.007542192 -0.06054759 0.01345825 0.001932978 -0.06504017 -0.009880125 -0.00359553 -0.0763548 0.005952239 0.005552113 -0.06764048 -0.01518929 -0.01561617 -0.0654208 0.002786278 0.008347332 -0.07113778 -0.01725232 -0.0139352 -0.06906598 -0.01904284 -0.01152127 -0.0630474 0.00555402 0.006362378 -0.06368511 0.001474857 0.01033115 -0.0647096 0.005525231 0.006475925 -0.06289827 0.007721126 0.00378549 -0.06764048 0.005028009 0.005977988 -0.07238274 0.001167595 0.01002347 -0.07057136 -0.01997399 -0.01114487 -0.06835168 -0.01966667 -0.01083719 -0.06248992 -0.01407444 -0.01702839 -0.06826877 -0.01608449 -0.01854491 -0.06037485 -0.01342046 -0.01738286 -0.0654208 -0.01611357 -0.01519042 -0.07016307 -0.01561629 -0.01469242 -0.0606786 0.002891898 0.01435142 -0.06688314 0.003986418 0.01284593 -0.07086735 0.003694593 0.01294189 -0.07260161 0.007846891 0.008800506 -0.07267868 0.008650183 0.007831037 -0.07413089 0.01054 0.006608009 -0.06793648 0.01013451 0.007491767 -0.06342035 0.008344113 0.009298384 -0.06319421 0.005563557 0.01214057 -0.06259769 0.004293799 0.01315361 -0.0650056 -0.01623934 -0.02020531 -0.06512486 -0.01822596 -0.01885157 -0.07116895 -0.01893252 -0.01801288 -0.06986707 -0.02279287 -0.01396739 -0.06805574 -0.02248555 -0.01365965 -0.06219393 -0.02196091 -0.01395559 -0.06010913 -0.01843518 -0.01751494 -0.0603826 -0.02419972 -0.01255583 -0.06811529 -0.0154922 -0.01564264 -0.06845295 -0.01759564 -0.01867276 -0.06333762 -0.02117252 -0.01561588 -0.06837844 -0.01882386 -0.01181602 -0.06359547 -0.0203731 -0.01569598 -0.06153881 -0.01386106 -0.01660919 -0.06223875 -0.01826411 -0.01306974 -0.07042276 -0.0179423 -0.01235169 -0.06050956 -0.01701354 -0.01976573 -0.06830686 -0.02346712 -0.01297134 -0.06497812 0.008568346 0.008611977 -0.06748533 0.003938615 0.007227241 -0.07058548 0.006536126 0.0102216 -0.07158023 0.004862189 0.01255416 -0.06521546 0.006201505 0.005578577 -0.06500965 0.01009941 0.007381618 -0.06475448 0.00990051 0.006937921 -0.07088118 4.93395e-4 0.01101946 -0.06749385 0.002684175 0.008301079 -0.07255178 0.003401935 0.008623778 -0.06263858 -0.01944208 -0.01715344 -0.066522 0.006538033 0.01038253 -0.07005041 -0.02078884 -0.01572048 -0.06593942 0.00547713 0.01176309 -0.06700021 -0.01939201 -0.01688498 -0.06349009 -0.02122282 -0.01505678 -0.06349146 -0.01892817 -0.01776468 -0.06745988 -0.02124249 -0.01539146 -0.06687033 -0.02372419 -0.01791596 -0.06567478 -0.02134364 -0.02100211 -0.06394004 0.013682 0.01672339 -0.06868028 -0.01916599 -0.01840919 -0.06568247 -0.02124458 -0.01644307 -0.06610572 -0.02050501 -0.01690638 -0.06910115 -0.01757997 -0.01938766 -0.06294959 -0.02088916 -0.01660966 -0.06371891 -0.02223223 -0.0145716 -0.06284987 -0.01872396 -0.01780426 -0.0658912 -0.01966041 -0.01660811 -0.0634042 0.007144868 0.01011514 -0.0663923 0.006108403 0.01193261 -0.06460714 0.006294727 0.010692 -0.06941074 0.01002657 0.007651567 -0.06726312 0.005605041 0.01184654 -0.07135987 0.007689595 0.01048272 -0.06955122 0.006571829 0.01177471 -0.06726974 0.008376896 0.01003956 -0.06662553 0.00848025 0.01555442 -0.07020258 0.0110588 0.01435846 -0.07127416 0.01286458 0.01293712 -0.06657826 0.007448196 0.01373744 -0.06717026 0.009697139 0.01169514 -0.06576633 0.01112025 0.00986582 -0.06918382 0.01118659 0.0161277 -0.06652176 0.01005661 0.01096588 -0.06889379 0.0291478 0.01579934 -0.06730937 0.004580497 -0.01264691 -0.07469737 0.007294416 -0.01443791 -0.07733994 0.03866839 0.004760742 -0.06227356 0.00722593 -0.02020925 -0.05954104 0.03275531 0.007527589 -0.05192112 0.01337903 -0.02340948 -0.06354492 2.4508e-4 -0.009960234 -0.06361216 0.03157228 0.005584836 -0.06090992 0.01119047 -0.01558357 -0.06694984 0.02259457 9.18921e-4 -0.06685948 0.007663488 -0.01322758 -0.06330221 0.03040409 0.005602061 -0.05703812 0.02644693 0.009698212 -0.05803126 0.03337311 0.003850758 -0.06090992 0.02726781 0.01055061 -0.06378871 0.03154838 0.006936728 -0.06556785 0.03022027 0.005557477 -0.05625206 0.006886005 -0.01061773 -0.06982856 0.0129913 -0.01731759 -0.06694984 0.01116663 -0.01423162 -0.07160776 0.009838581 -0.01561093 -0.06229192 0.006065249 -0.01147013 -0.06407105 0.02849835 0.01429879 -0.06118434 0.0299853 0.01337307 -0.06298345 0.03136909 0.01273924 -0.06544405 0.03426599 0.009759247 -0.06476259 0.03568023 0.008509397 -0.06519341 0.03609073 0.006673276 -0.0601046 0.03293788 0.008379936 -0.05544674 0.03158664 0.009262204 -0.05401337 0.02916461 0.01252067 -0.05722594 0.01027381 -0.02014005 -0.0677551 0.008449077 -0.01705408 -0.07241302 0.007799446 -0.0160042 -0.07385671 0.004168391 -0.01344019 -0.07063382 0.00250405 -0.01200872 -0.07002103 0.003347635 -0.01429259 -0.06487637 0.003609836 -0.01515537 -0.06271249 0.007120966 -0.01843339 -0.06309717 0.008117914 -0.0196169 -0.06227189 0.02810871 0.01323688 -0.05617332 0.03707736 0.005328416 -0.0587486 0.01165771 -0.02111345 -0.06898403 0.009893715 -0.01362514 -0.06937146 0.007183969 -0.01612162 -0.07143557 0.003966987 -0.01411575 -0.06762051 0.006921589 -0.01771694 -0.06495529 0.0107603 -0.01594942 -0.0642066 0.005645394 -0.01020354 -0.06709396 0.007437825 -0.01334679 -0.0621258 0.009027361 -0.01209902 -0.07186281 0.01010096 -0.01908183 -0.07088053 0.009367644 -0.02009272 -0.06486284 0.03452843 0.0081532 -0.05997061 0.03209549 0.005828499 -0.06359237 0.03130012 0.01215887 -0.06325614 0.02865445 0.007543206 -0.05796694 0.03075242 0.01076591 -0.0564813 0.02874475 0.01378726 -0.06024867 0.0350266 0.006805956 -0.05697911 0.03600913 0.007577002 -0.06299698 0.02919495 0.009250164 -0.06573396 0.0280084 0.007614374 -0.05599695 0.007202386 -0.01648509 -0.07020008 0.03155279 0.01114434 -0.06044417 0.03196376 0.01004552 -0.05799794 0.03069251 0.01206225 -0.06077545 0.03334897 0.01004707 -0.06267732 0.00535351 -0.01586478 -0.06615996 0.003293037 -0.02013474 -0.06821984 0.006984055 -0.020181 -0.06942206 0.002747535 -0.01647877 -0.06807291 0.01918858 -0.002352118 -0.06113034 0.003909707 -0.0175786 -0.06742918 0.005419433 -0.01917886 -0.06691533 0.009292542 -0.01946288 -0.06866073 0.007045984 -0.01774716 -0.06922274 0.004949092 -0.01616233 -0.06795573 0.006761074 -0.01819413 -0.06669461 0.005150079 -0.01685065 -0.06399607 0.005137085 -0.01492387 -0.07114726 0.007514655 -0.01713824 -0.06918114 0.006657958 -0.01702249 -0.06621927 0.03463476 0.01019859 -0.06345015 0.03196221 0.01158404 -0.06075781 0.0300101 0.01324057 -0.05961495 0.03264486 0.01011615 -0.0584678 0.03378576 0.00941205 -0.06097322 0.03248405 0.01020687 -0.05623924 0.03558599 0.007789909 -0.06165146 0.03035926 0.01279973 -0.06206071 0.0328176 0.008765876 -0.05663138 0.0384714 0.01208895 -0.05969655 0.03446185 0.01510113 -0.05663233 0.03555828 0.01599448 -0.06112647 0.03551411 0.01663154 -0.05827927 0.03805708 0.01372021 -0.05676239 0.03801304 0.01484453 -0.06076967 0.03233224 0.01401847 -0.0592435 0.03524947 0.0107789 -0.05776214 0.03559404 0.01165163 -0.06193518 0.02698993 -0.01267313 -0.06006348 0.04791396 0.01414006 -0.04311573 0.03667873 -0.01610404 -0.06757146 0.04674369 0.0157904 -0.04460752 0.06049376 0.00591135 -0.04561686 0.05013072 0.00743103 -0.03547364 0.02743476 -0.01714283 -0.05365234 0.02456706 -0.01053452 -0.05716753 0.03518778 -0.02247357 -0.05302143 0.05769395 0.009902834 -0.05364817 0.05280679 0.005780816 -0.0448997 0.03628784 -0.01538759 -0.05827951 0.05474191 0.00985068 -0.04858934 0.03584218 -0.01236003 -0.06250184 0.04886496 0.008856832 -0.0448997 0.03234601 -0.01231151 -0.05827951 0.04971694 0.005465626 -0.04058712 0.0310797 -0.01716411 -0.05381357 0.04689401 0.01039487 -0.0448997 0.05477768 0.004242718 -0.0448997 0.03825873 -0.01692563 -0.05827951 0.03037506 -0.01077347 -0.05827951 0.04909658 0.01321727 -0.04311573 0.05698019 0.007065176 -0.04311573 0.05028015 0.008550405 -0.03726059 0.03605622 -0.01974809 -0.06006348 0.03247952 -0.01313728 -0.06607985 0.02817255 -0.01359593 -0.06006348 0.03768479 -0.02038699 -0.06106311 0.03399676 -0.01834654 -0.05973809 0.03565931 -0.01246285 -0.06221669 0.03421002 -0.01773113 -0.06097519 0.03413575 -0.01738911 -0.06142467 0.03347527 -0.01640504 -0.06216627 0.03295016 -0.015998 -0.06215238 0.0319435 -0.01523536 -0.0621255 0.03147375 -0.01502096 -0.06188476 0.03051155 -0.01490724 -0.06087678 0.03023201 -0.01499748 -0.06038886 0.03316569 -0.01603889 -0.05613267 0.02935248 -0.01728534 -0.05567902 0.03075325 -0.01693892 -0.0579608 0.03113794 -0.01733243 -0.05781316 0.03228545 -0.01810884 -0.05800151 0.03435099 -0.01944172 -0.05845409 0.03159707 -0.01500809 -0.05311125 0.03615808 -0.01767474 -0.06346887 0.03040748 -0.01307255 -0.06365215 0.05477559 0.009380996 -0.04404759 0.05513978 0.0090155 -0.0439291 0.05153596 0.008396208 -0.04736387 0.05617582 0.00865513 -0.04463279 0.05447345 0.01032459 -0.04517769 0.05344158 0.01124888 -0.04536592 0.05250787 0.01277416 -0.04649341 0.05172359 0.01182729 -0.04415589 0.05150169 0.01191669 -0.04402738 0.05095648 0.0115602 -0.04279035 0.05093687 0.011267 -0.04230231 0.04957342 0.006999909 -0.0409671 0.05128121 0.01036131 -0.04129433 0.05160319 0.009957849 -0.04105365 0.05272656 0.009089887 -0.0410794 0.05311012 0.00875622 -0.04101294 0.05420517 0.007756412 -0.04077738 0.05103737 0.00640738 -0.0385794 0.05271708 0.009373188 -0.05042141 0.03046083 -0.01562327 -0.05959194 0.03283488 -0.01785707 -0.05907821 0.02907919 -0.02040034 -0.06244838 0.03297632 -0.01928627 -0.06276732 0.03001606 -0.0166403 -0.06335282 0.02825772 -0.0172379 -0.06023651 0.03087586 -0.0202381 -0.05871593 0.05794799 0.01698976 -0.03892338 0.03126031 -0.01772797 -0.06263744 0.02946227 -0.01785802 -0.06040787 0.03127855 -0.0193867 -0.06003034 0.03097558 -0.01607114 -0.06140202 0.02940678 -0.01428878 -0.06133759 0.03299576 -0.01767998 -0.0613507 0.03365093 -0.01619046 -0.06358516 0.03432852 -0.01989561 -0.05917233 0.02920818 -0.01658761 -0.05760264 0.03164964 -0.01785111 -0.05889827 0.03220874 -0.01875895 -0.05685991 0.03344929 -0.01704674 -0.06116646 0.04992401 0.01302826 -0.04295557 0.05338782 0.009377479 -0.04154616 0.05301851 0.009009778 -0.03950721 0.05460959 0.01060271 -0.04399198 0.05640172 0.009499609 -0.04528886 0.05219 0.01174157 -0.04278892 0.0530579 0.008170902 -0.03987604 0.05241304 0.01117813 -0.04407989 0.05486327 0.01648104 -0.04008978 0.05833929 0.01575297 -0.04218327 0.05600845 0.01289284 -0.03780096 0.05220264 0.01291477 -0.04012101 0.05479866 0.01335096 -0.04397612 0.05627655 0.01034516 -0.04108554 0.05831694 0.01428353 -0.0397073 0.05543786 0.01520204 -0.03841227 0.06014418 -0.02140212 -0.04277169 0.06207156 0.00645852 -0.01351195 0.0441547 -0.01301223 -0.04172426 0.04889076 -0.01074868 -0.04822504 0.05766046 0.01476699 -0.02043032 0.07342106 0.00594902 -0.01877957 0.05584049 -0.023386 -0.03644108 0.07116955 0.012088 -0.02879428 0.06417006 0.008973121 -0.02392143 0.05402874 -0.01219522 -0.04260432 0.06053692 0.007277667 -0.0200299 0.05040937 -0.01167345 -0.04123145 0.06092083 -0.008081257 -0.03448641 0.06693595 0.00389719 -0.01967161 0.06864541 0.007135987 -0.02426922 0.06417006 0.01062732 -0.02579575 0.05969464 0.009546458 -0.02214175 0.0614041 0.005386888 -0.0183568 0.05402874 -0.01054102 -0.04447877 0.0585041 -0.01403242 -0.04295206 0.04955345 -0.01162195 -0.04082465 0.05126291 -0.01578146 -0.03703969 0.0567947 -0.01727116 -0.03835451 0.06632196 0.005989253 -0.01529169 0.06275629 0.008209407 -0.0158658 0.06104683 0.01236885 -0.01965063 0.06049436 0.01370871 -0.02088361 0.06552225 0.01344978 -0.02330482 0.07016956 0.01111471 -0.02316635 0.06999754 0.009958446 -0.02177816 0.07049661 0.007041037 -0.01873576 0.06828814 0.006719708 -0.01718062 0.05267655 -0.01336348 -0.04696983 0.05110925 -0.01226913 -0.04734534 0.04820132 -0.01444441 -0.04331564 0.04991072 -0.01860392 -0.03953081 0.05038827 -0.01989632 -0.0383113 0.05544257 -0.02009356 -0.04084563 0.05829769 -0.01796752 -0.04481852 0.05715197 -0.01685488 -0.04544305 0.05610138 -0.01452857 -0.04750692 0.06490463 0.01477652 -0.02447277 0.06068998 0.00900644 -0.01565283 0.05620867 -0.02136397 -0.0398221 0.04654932 -0.01480394 -0.0420047 0.05452293 -0.01545375 -0.04560947 0.05197578 -0.01125615 -0.0425536 0.04907602 -0.01562178 -0.04247349 0.05614054 -0.0164718 -0.03889101 0.05259591 -0.01840168 -0.04124313 0.0493083 -0.01355445 -0.03850203 0.05703175 -0.01191776 -0.04454874 0.05739694 -0.01891928 -0.04323709 0.05281502 -0.02016741 -0.03933566 0.04967361 -0.01312279 -0.04561233 0.06750035 0.01158064 -0.02226948 0.06138575 0.009863317 -0.02344882 0.06205022 0.01061016 -0.01819127 0.06522572 0.005293607 -0.02033704 0.0687409 0.008098542 -0.01899772 0.06538379 0.006720364 -0.01560491 0.06274336 0.01374459 -0.02213031 0.05953526 0.007405698 -0.01962965 0.066949 0.009425342 -0.02594226 0.06889045 0.005071461 -0.02206295 0.06402373 0.009774506 -0.01832634 0.05135667 -0.01538759 -0.04395985 0.0523895 -0.01762831 -0.04197567 0.06680792 0.008713185 -0.0186333 0.066769 0.01060336 -0.02074122 0.06387484 0.01186972 -0.02062016 0.05238652 -0.01788979 -0.04168951 0.05135107 -0.02001637 -0.04581558 0.0502392 -0.01658707 -0.04616916 0.0572521 -0.002218723 -0.02860528 0.05044537 -0.01833122 -0.04411786 0.05188935 -0.0194692 -0.04355973 0.05319291 -0.01926749 -0.04053962 0.05335527 -0.01803177 -0.04259812 0.05575138 -0.01615649 -0.04598677 0.05257111 -0.01570188 -0.04421246 0.04896539 -0.01543754 -0.04322135 0.05154031 -0.01950144 -0.04069244 0.05082464 -0.01707053 -0.04304879 0.05341994 -0.01683497 -0.04476648 0.06595486 0.009618401 -0.01788586 0.06670755 0.007742762 -0.01682102 0.06464606 0.01178765 -0.01962321 0.06166094 0.01201349 -0.01907598 0.06715786 0.01089394 -0.02001202 0.06908756 0.01078063 -0.02142232 0.06400972 0.01072943 -0.01944738 0.06636255 0.008937716 -0.01864844 0.06686776 0.0131492 -0.01330453 0.06724721 0.01633977 -0.01814055 0.07017517 0.01333785 -0.01584398 0.06973546 0.01437997 -0.01510882 0.06726509 0.016568 -0.0164954 0.06596976 0.01524853 -0.01425004 0.06409251 0.01285612 -0.01727068 0.06785482 0.01341807 -0.01997148 0.06758272 0.01038408 -0.01638811 0.0610432 -0.02179175 -0.01414239 0.07061707 0.004665315 0.01228487 0.06047081 0.01311558 0.004685997 0.06557023 -0.01071447 -0.02571326 0.06522828 -0.01207876 -0.02439075 0.06803989 0.0147345 0.002388477 0.07044625 0.01550436 0.001239478 0.07338201 -0.01857703 -0.01882106 0.05749589 -0.01337957 -0.0218082 0.07566326 0.01465874 6.99521e-4 0.06583499 -0.01374322 9.3486e-4 0.06774395 0.009085476 0.002399802 0.06552428 -0.01208293 -0.01874172 0.06412321 0.006383776 0.005484879 0.0615288 -0.01262772 -0.01777404 0.06955814 -0.01406502 -0.01717889 0.07159709 0.008385598 0.002694129 0.07067483 0.004306375 0.006877124 0.06300169 0.008659601 0.003324151 0.06774395 0.01085203 6.31005e-4 0.06481307 0.004614174 0.007184565 0.07248622 0.008161723 0.002826929 0.07026648 -0.01300662 -0.01831465 0.06552428 -0.01031631 -0.02051067 0.06845515 -0.01686197 -0.0142644 0.0625934 -0.01655423 -0.01395708 0.06425249 -0.01971697 -0.01474201 0.06078195 -0.01250874 -0.01781743 0.07010573 0.005777418 0.0111373 0.06510901 0.007436633 0.01000338 0.06298989 0.007962524 0.009689509 0.06329762 0.011482 0.006143033 0.06259804 0.01311761 0.004570782 0.06803989 0.01367449 0.003449857 0.07179361 0.01321506 0.003517806 0.07278215 0.01098418 0.005645751 0.07410061 0.009701728 0.006782352 0.07097077 0.007128894 0.009696125 0.06522828 -0.01313877 -0.02332955 0.06045687 -0.01373338 -0.0222395 0.06048601 -0.0153312 -0.02063632 0.05960756 -0.01763284 -0.01823985 0.06229746 -0.01937669 -0.01677596 0.06815916 -0.01968443 -0.01708322 0.07016885 -0.01956456 -0.01740545 0.06997054 -0.01582914 -0.02113366 0.0704171 -0.01405572 -0.02294838 0.06712877 -0.01483458 -0.02184665 0.06266129 -0.01182591 -0.01870983 0.06168013 -0.01732784 -0.0187667 0.06739801 -0.01601016 -0.01501196 0.06875646 -0.01802343 -0.01877486 0.07043558 -0.01534742 -0.0159887 0.06052225 -0.01462936 -0.01566696 0.06870633 -0.01109004 -0.02007001 0.06204617 -0.01357841 -0.02255523 0.06537491 -0.02037268 -0.01610171 0.06835025 0.01173365 0.00538063 0.06480127 0.009027361 0.00276196 0.06444972 0.009709179 0.007797002 0.07073545 0.006339132 0.004834413 0.07122707 0.008561849 0.008259415 0.0678932 0.006455898 0.01069301 0.07122188 0.01290076 0.003890395 0.06509524 0.01334458 0.004089236 0.06283265 0.006336629 0.005667746 0.07274591 0.00601387 0.004950106 0.06555926 -0.01589089 -0.02060973 0.06632703 0.01126694 0.006040513 0.06936597 0.009500622 0.007488071 0.06417775 -0.01794421 -0.0184071 0.06630599 -0.01778441 -0.0187276 0.06774455 0.008248627 0.008916378 0.06254708 -0.01626819 -0.01991456 0.06509613 -0.01972246 -0.02311259 0.0637573 -0.02033317 -0.01966106 0.06509578 -1.9357e-4 -0.006719887 0.06393975 -0.01761192 -0.02223962 0.06580543 -0.01744836 -0.0225526 0.06523704 -0.01842355 -0.01917403 0.06818872 -0.01892411 -0.01835417 0.06110781 -0.01719051 -0.01948189 0.06383854 -0.01644146 -0.02101397 0.06674623 -0.0145682 -0.02257072 0.06679707 -0.01705294 -0.02071017 0.06360018 -0.01659977 -0.01967108 0.06620913 -0.0158407 -0.02072703 0.0677511 0.009679079 0.008654952 0.06977033 0.01064425 0.007437407 0.06584823 0.00828886 0.009591341 0.07183551 0.009714603 0.007703959 0.0677495 0.01188242 0.006409943 0.06666612 0.01322597 0.00461471 0.06645387 0.01069796 0.006596744 0.06880384 0.009245157 0.007735252 0.06847041 0.01264166 0.01342791 0.06566613 0.0126698 0.01207005 0.07097166 0.01512855 0.01144933 0.06884759 0.01629 0.008738875 0.06676429 0.01619023 0.01100528 0.06573081 0.01247841 0.008852779 0.06834 0.01376801 0.007298469 0.07151055 0.01141637 0.009335696 0.06988298 0.01178014 0.009130239 0.05259746 0.004815459 0.03572797 0.05994689 -0.0211327 0.009266376 0.05222302 0.007995128 0.03211581 0.06756693 0.01413536 0.0313903 0.06435561 -0.01113229 3.44381e-4 0.07550305 -0.01912903 0.01054096 0.06800216 0.007100939 0.03704679 0.06489855 0.01809805 0.02600342 0.0610134 0.009052813 0.02795577 0.06705325 -0.01211553 0.007573962 0.05772578 0.005524873 0.03064405 0.06301617 -0.0132789 0.007586956 0.07071298 -0.0143634 0.01099312 0.06474465 0.009150862 0.0289573 0.05813467 0.004086852 0.03226017 0.0610134 0.01078677 0.02615487 0.05635547 0.007700741 0.02797967 0.06389218 0.004939377 0.03308105 0.06567132 0.009080111 0.02930772 0.06417453 -0.01708143 0.01187849 0.06239533 -0.01346755 0.007597923 0.06705325 -0.01038157 0.005773127 0.06993198 -0.01622903 0.01269924 0.07171118 -0.01208823 0.008925914 0.06211531 0.006354272 0.03696209 0.05732929 0.00690937 0.03497779 0.05497878 0.006551086 0.03464359 0.05555015 0.0105232 0.03069716 0.05527383 0.01186382 0.02921146 0.06020808 0.01360923 0.02887243 0.0649982 0.0136137 0.03029507 0.064866 0.01190257 0.03202521 0.0656619 0.009566485 0.03468888 0.06308686 0.007761836 0.03579854 0.06785857 -0.01320403 0.003055512 0.06686079 -0.01221603 0.001744508 0.06320065 -0.01629 0.004880309 0.06273078 -0.01936763 0.007929861 0.06497985 -0.01990389 0.009160876 0.06703126 -0.02091258 0.0108202 0.0707373 -0.01905149 0.009981691 0.07249939 -0.01885688 0.01031345 0.0725165 -0.01491069 0.00620836 0.07401269 -0.01401197 0.005730211 0.05867147 0.01439607 0.02759987 0.06197339 -0.01556617 0.003764808 0.06971365 -0.01433593 0.00478065 0.06413769 -0.01400339 0.00867629 0.06428384 -0.01783442 0.006795108 0.06839513 -0.01920938 0.009419977 0.07089465 -0.01369643 0.01032531 0.06214022 -0.01560002 0.009737133 0.07017868 -0.01051425 0.00683701 0.06690919 -0.01749569 0.01311904 0.0647332 -0.01426219 0.003228366 0.07277154 -0.01696771 0.008420288 0.05773341 0.01127308 0.03055167 0.05726468 0.006349086 0.02970129 0.06008517 0.007504463 0.03517198 0.06490975 0.008217096 0.02998995 0.06256079 0.01148694 0.03177154 0.05529505 0.008390724 0.03283637 0.06333351 0.01347655 0.02993643 0.06503206 0.009638428 0.03442603 0.05788797 0.00972855 0.02632772 0.06115746 0.003715336 0.03354179 0.06643784 -0.01639449 0.005948007 0.06674677 -0.01765924 0.007271587 0.05967384 0.008569896 0.03394812 0.06919997 -0.01651078 0.006887257 0.06208932 0.01101589 0.03214788 0.06852948 -0.01839435 0.008644998 0.0650376 -0.01691395 0.006070792 0.07041585 -0.01619946 0.006924331 0.06903415 -0.01986342 0.003845989 0.06564599 -0.01870805 0.004289329 0.06678199 -0.002513706 0.02105247 0.06917124 -0.01922404 0.006089568 0.06968522 -0.01762384 0.004579842 0.0650177 -0.01902663 0.007596611 0.07149142 -0.0172109 0.007687926 0.06939822 -0.0168479 0.007296264 0.06917959 -0.01414734 0.003937065 0.06797355 -0.01555848 0.005477845 0.06652098 -0.01801216 0.006475329 0.06774789 -0.01613014 0.004884243 0.06961083 -0.01735663 0.006690979 0.05877232 0.01106697 0.03234499 0.05676317 0.008567929 0.03383785 0.06056404 0.009742021 0.03417181 0.06366646 0.01001095 0.03421396 0.06160479 0.01140105 0.03275728 0.06095081 0.01324623 0.03005278 0.05882912 0.009734213 0.03245007 0.06172078 0.009913325 0.03315925 0.05653011 0.01489949 0.03645694 0.0575903 0.01344853 0.03850889 0.06160813 0.01353102 0.03800302 0.05870485 0.01576644 0.03374594 0.05994123 0.01672375 0.03588378 0.05682933 0.01055634 0.03520166 0.06199115 0.01325613 0.03390717 0.06056994 0.01064622 0.0362367 0.05807667 0.01229816 0.0337094 0.06016695 -0.02067089 0.03722411 0.04321914 0.006142437 0.05814808 0.05327367 -0.01748561 0.02692598 0.03712004 0.005144596 0.05453145 0.03855484 0.01196527 0.04680675 0.05055743 0.01308739 0.05510747 0.06887805 -0.01389527 0.03477013 0.04521727 0.006197333 0.05956095 0.04444277 0.01545011 0.04604816 0.05759948 -0.02250587 0.03916418 0.05948764 7.55575e-4 0.04866892 0.04212117 -0.00488919 0.03853344 0.04500311 0.008856832 0.04885023 0.05838292 -0.01231151 0.03233128 0.04082745 0.00532478 0.04998481 0.05421048 -0.01767367 0.03246843 0.04500311 0.005780756 0.05279213 0.05838292 -0.01538765 0.03627318 0.04916256 0.009347677 0.05158793 0.06383991 -0.01363265 0.03580367 0.04500311 0.004242718 0.05476301 0.04500311 0.01039481 0.04687941 0.05838292 -0.01077353 0.03036046 0.05838292 -0.01692563 0.038244 0.04321914 0.007065176 0.05696552 0.03702414 0.007295191 0.05163204 0.04321914 0.01321727 0.04908192 0.0442906 0.01437711 0.04847431 0.04931992 0.01173263 0.05589586 0.06016695 -0.01359599 0.02815788 0.06016695 -0.01974809 0.03604149 0.06121766 -0.01213586 0.02712178 0.06031471 -0.01516109 0.03028339 0.05510872 -0.01442748 0.03229999 0.05925536 -0.01561284 0.03000402 0.05880582 -0.01595491 0.03007823 0.05806428 -0.01693898 0.03073871 0.05802041 -0.01766127 0.03163856 0.05810499 -0.01810878 0.03227066 0.05834561 -0.01832312 0.03274029 0.05935359 -0.01843684 0.03370249 0.05984163 -0.01834654 0.03398203 0.06233513 -0.01221716 0.03533774 0.06107854 -0.01773118 0.03419548 0.06152802 -0.01738911 0.03412121 0.06226968 -0.01640504 0.03346061 0.0624172 -0.01601165 0.03307604 0.06222891 -0.01523536 0.03192877 0.06198823 -0.01502096 0.03145915 0.06098026 -0.01490724 0.03049695 0.05601942 -0.0192036 0.03478342 0.06323033 -0.01297414 0.02984148 0.05665916 -0.01581436 0.02814918 0.06411242 -0.01711517 0.03585815 0.04289382 0.0115602 0.05094188 0.04240572 0.01126694 0.05092227 0.04241639 0.006040573 0.05040115 0.04218077 0.01092368 0.05121105 0.03988242 0.01057255 0.04979366 0.04096889 0.00903362 0.05262053 0.04111635 0.00875616 0.05309545 0.04147404 0.00858277 0.05360662 0.04230743 0.008365809 0.05456054 0.04339444 0.008798003 0.05488127 0.04740315 0.008890926 0.05242061 0.04497468 0.008932113 0.05600017 0.04528111 0.01032453 0.05445891 0.04525643 0.01124733 0.05325722 0.04691755 0.01282525 0.05257141 0.04458034 0.01192778 0.05183684 0.04413092 0.01191669 0.05148696 0.03888976 0.005753457 0.05069917 0.05049085 0.009708285 0.05222588 0.06269234 -0.02048897 0.02947163 0.05868309 -0.01926922 0.02951717 0.06066453 -0.02043265 0.03259986 0.06280523 -0.01636588 0.02912533 0.03897428 0.01687252 0.05803769 0.05981004 -0.01868098 0.03003019 0.06193035 -0.01890063 0.0321018 0.06194067 -0.01726967 0.02985125 0.05900007 -0.01690936 0.03084385 0.05734944 -0.01913928 0.03213936 0.06012219 -0.01634567 0.02997595 0.05985498 -0.01842236 0.03263705 0.06377774 -0.01479613 0.03191071 0.05966937 -0.01956182 0.03445088 0.05762678 -0.01660406 0.03008353 0.06144332 -0.01634758 0.03274232 0.0417273 0.00927037 0.05352544 0.04145163 0.007873058 0.05593717 0.04628646 0.0125721 0.0538997 0.04194355 0.01112413 0.05223882 0.03976351 0.008028686 0.0530703 0.04436516 0.0106365 0.05391043 0.04263764 0.01249915 0.0500279 0.04651296 0.01059228 0.05504626 0.03974497 0.01239383 0.05845493 0.04345029 0.01538425 0.05658906 0.038854 0.01483595 0.05357986 0.04189038 0.01541662 0.05795258 0.04111516 0.01665747 0.05553096 0.03811663 0.01456755 0.05592769 0.04051983 0.01283627 0.05248153 0.0441941 0.01281237 0.05558282 0.04046583 0.01046735 0.05546337</float_array>
          <technique_common>
            <accessor source="#Test_010-mesh-positions-array" count="2246" stride="3">
              <param name="X" type="float"/>
              <param name="Y" type="float"/>
              <param name="Z" type="float"/>
            </accessor>
          </technique_common>
        </source>
        <source id="Test_010-mesh-normals">
          <float_array id="Test_010-mesh-normals-array" count="18171">0.7150311 0.271656 0.6441534 -0.525941 0.7255405 -0.4438211 0.2019056 -0.7055317 -0.6793079 0.233191 -0.5023532 0.8326243 0.4262405 0.803245 -0.4160727 -0.0733357 0.705249 -0.7051566 0.3713847 0.7445807 -0.5546829 -0.4091843 -0.08672827 0.9083208 -0.4778146 0.8273813 -0.2951838 0.8046572 -0.5195751 -0.2873474 -0.8558347 -0.5097825 -0.0875715 0.9360147 0.3065887 0.1728582 -0.02615398 0.17194 0.9847602 -0.7588462 0.4214742 -0.4964999 0.3105155 0.8487491 -0.4280249 0.291553 -0.6007586 0.7443695 -0.9827939 -0.01872056 0.1837542 0.6598924 0.0387029 0.7503627 0.3221825 -0.6250001 -0.7110368 -0.4597711 -0.1567278 -0.8740978 -0.5458267 0.1173999 -0.8296326 -0.4197789 0.5801042 -0.6980437 -0.7467152 0.5469657 0.3784773 0.7946097 -0.09597009 -0.5994875 0.4621459 0.5958595 0.6567897 -0.04448676 0.7070878 -0.705725 -0.3677408 0.6260659 0.6876106 -0.5912973 -0.7967928 -0.1244545 0.9512866 0.1897583 -0.2429933 -0.704787 0.7056631 0.07290399 0.6683197 -0.6863832 -0.2867524 -0.7052523 -0.6558514 0.2692177 0.4501512 -0.8820747 0.1389539 0.3775236 0.9201065 -0.1043074 0.4586904 0.7913299 0.404228 -0.2961708 0.6646705 -0.6859271 -0.4878276 0.6419482 -0.5915461 0.2667119 0.482481 0.8343122 0.4473181 0.7005211 0.5560366 0.494453 -0.6439177 0.5838546 0.7513349 -0.44752 0.4849968 0.2552837 -0.6694237 -0.6976405 -0.6809306 -0.09058916 0.7267236 -0.6445776 -0.01992559 0.7642793 0.5158133 0.3001482 0.8024013 0.5337767 0.2841259 0.796464 0.6195952 -0.7625995 0.1858597 0.4602454 -0.713737 -0.5279713 0.507602 -0.5948243 -0.6233173 0.8842977 0.4647403 0.04509931 0.4858191 0.8518266 0.1958857 -0.8025451 0.461838 0.37766 0.8392971 0.4383055 0.3216657 -0.6237979 -0.7363741 0.2619724 -0.9487943 -0.2037618 0.241393 -0.8913651 0.4444357 -0.0891354 0.1139578 0.6949902 0.7099313 -0.70548 -0.3839066 -0.5957462 -0.8074015 -0.5776429 0.1201313 -0.2457085 0.4659453 -0.8500131 -0.44509 -0.7143313 0.5400239 0.2921447 -0.8470396 -0.4440444 0.5527797 -0.684233 0.4756679 0.936054 0.08316516 -0.3418869 0.7393976 0.1471993 0.6569807 -0.6515299 0.2014454 -0.7313882 0.5991213 -0.6576021 -0.4567419 0.04122257 -0.02116024 -0.9989259 0.4579477 0.6952334 0.5540166 0.8003131 -0.5099399 0.3153734 0.832142 -0.123045 -0.54074 -0.1557959 -7.61505e-4 -0.987789 -0.9374021 0.3233081 -0.1294184 0.8872051 0.2210642 -0.4049665 -0.9255639 -0.08932811 0.3679023 0.5051304 -0.2928183 0.8118503 -0.8180143 -0.5751329 0.008654534 -0.5528725 0.5590972 0.6178531 0.6227843 -0.1971926 0.7571361 0.6445331 -0.7624896 0.05645161 0.9870038 -0.1459189 0.06731474 0.4501684 0.8718588 -0.1929006 0.5008769 -0.05992937 0.8634414 0.2719243 -0.7058019 0.6541414 0.6707694 0.5845503 -0.456475 0.9289943 -0.2572875 -0.2660314 0.6927908 -0.6618981 0.2862374 -0.5606283 0.3518039 -0.7496199 0.2928197 -0.4663184 0.8347477 -0.6163208 -0.6882261 0.3827449 -0.9704478 0.1139965 0.2126874 -0.7764286 0.6288745 -0.0409345 0.03093588 0.08620983 -0.9957967 -0.9870697 0.02611446 0.15815 -0.7914628 0.2714977 0.5476089 -0.6116709 -0.4436848 -0.654983 -0.5065182 0.6104259 -0.6089496 -0.6235303 0.03079575 0.7811924 -0.8658088 0.2962649 -0.4032399 -0.3803959 -0.2331179 -0.8949609 -0.6732385 0.701991 0.2322902 -0.2816724 0.6600126 -0.6964511 -0.703747 -0.4126981 -0.578291 -0.8248056 0.4219058 -0.376419 -0.649263 0.5989887 -0.4686899 -0.5292733 -0.4246714 0.734523 0.8314601 0.4488312 0.327452 -0.4389929 -0.8782375 0.1896952 -0.7758667 0.3177773 0.5450215 0.3815351 -0.0905925 -0.9199043 0.2875688 -0.05380421 0.9562475 0.4347704 -0.331694 0.8372299 -0.4731128 -0.3328493 -0.8157056 0.7743368 0.6327609 -0.00404936 0.3774092 0.8005542 -0.465484 0.08596432 -0.3820386 0.9201396 0.2052574 -0.1955386 0.9589756 -0.7534708 0.5024899 -0.4240116 -0.9333027 -0.2247054 0.2800958 -0.4734207 0.4552405 0.7540748 -0.8213255 -0.5696467 0.03045159 -0.4675185 -0.6441901 -0.6053475 0.824572 0.3766046 -0.4221968 -0.5257655 -0.497188 0.690199 -0.218393 0.1165128 -0.9688805 0.4108316 -0.3208173 0.8534013 -0.7326699 -0.3183716 -0.6015267 -0.1235043 0.3804036 -0.9165368 -0.7212092 -0.5915629 0.3604313 0.02671444 -0.4126321 0.910506 -0.9322265 0.3561525 -0.06410193 -0.4950321 0.8391617 -0.2252796 -0.3920224 -0.1695197 0.9042022 -0.6293427 -0.7084586 0.3193965 -0.254204 0.5910817 0.7655083 -0.05685037 0.5620509 0.8251466 -0.6971469 0.7063117 -0.122923 -0.4847199 0.8018979 -0.3492941 -0.6551212 -0.2453845 -0.7145648 0.1437264 0.6872171 0.7120923 0.5957931 -0.7077234 -0.3796818 0.5740168 -0.5057495 0.6439894 0.2566928 0.3507972 -0.9005832 0.6287024 -0.7006461 -0.3373848 -0.5887112 0.7430812 0.3181974 -0.2654482 -0.5641918 0.7818087 0.2631104 -0.2580865 0.9296044 0.5550025 0.1496543 0.8182763 0.7869998 0.6109091 0.08614856 0.5844488 0.7340085 -0.3459062 0.2019931 0.5419635 -0.8157661 -0.1874933 0.3123212 -0.9312905 -0.6343254 -0.2710238 -0.7240009 -0.7853255 -0.4850571 -0.3846862 -0.1206408 0.8046581 -0.581353 -0.10519 -0.2321806 -0.9669681 -0.6458619 -0.4624252 0.6074746 -0.6502507 -0.2571748 0.7148673 0.9780717 -0.0489369 0.2024381 -0.6203687 0.7072235 0.3390836 -0.6230618 0.7059338 0.3368256 0.7169671 0.6876392 -0.1145006 -0.9993564 -0.03514117 0.007213771 0.3179683 0.2270891 -0.9205036 0.1328487 0.2020828 -0.9703164 -0.008681416 -0.1128704 0.9935719 0.6711053 -0.7038438 -0.2328556 0.3958561 -0.3045179 0.8663526 0.1584524 0.3093653 0.9376493 0.2918313 -0.717997 0.6319137 -0.548529 0.1184761 0.8276952 0.5378807 0.4029431 -0.7404872 0.2741045 0.4717693 -0.8380337 -0.5508285 -0.7422542 -0.3816369 -0.03868055 -0.9931142 -0.1105808 0.08726835 0.5340836 0.8409156 0.7434452 0.5350844 0.4012155 -0.6871043 0.6175003 0.3828591 0.04646098 0.1499755 -0.9875975 0.01129949 -0.7421239 -0.6701675 0.6694382 -0.6958585 -0.2600646 0.3869077 0.4685232 -0.7942219 -0.5194362 0.7812913 -0.3460781 0.4214468 -0.1787452 0.8890629 -0.2553946 0.9562076 -0.142971 -0.5849164 0.1329044 -0.8001308 0.244716 0.4765503 0.8444016 0.385276 0.2930411 0.8750368 0.7857401 0.3659729 0.4986746 -0.3956097 0.111834 -0.9115844 0.007573664 -0.3914777 0.9201565 -0.08335697 -0.4699254 0.8787615 0.6108633 0.7045226 -0.3612394 -0.0856409 0.9832375 -0.1609652 -0.6484594 0.6913974 0.3185437 0.150434 -0.3424279 0.9274227 0.4173834 -0.1369004 0.8983593 0.7742721 0.548464 0.3157375 0.4680837 0.651941 -0.596549 -0.1857253 0.3175285 -0.9298827 -0.7487924 -0.4355552 -0.4996016 -0.7914456 -0.5513077 -0.2639579 -0.6215412 -0.7042105 0.3431823 -0.6880776 -0.3734906 0.6221367 -0.8557646 0.03858453 0.5159247 0.18085 -0.4054082 -0.8960677 -0.9668987 -0.25365 0.0277267 -0.10087 -0.7757247 -0.6229581 -0.07171452 0.9832882 -0.1673356 0.4531886 -0.4529318 0.7677714 0.7063426 0.7073227 -0.02783644 0.8924804 0.3462445 -0.2891256 -0.5208756 0.4892299 -0.6995303 0.03870147 -0.6295803 -0.775971 -0.7310998 -0.207784 0.6498607 0.363072 -0.7876304 0.4978122 0.1266112 0.8709639 0.474754 0.6087644 0.4408648 -0.6595789 -0.2848364 0.2225485 0.9323843 -0.8943041 -0.3512668 -0.2771859 0.9997105 -0.01184064 0.02095365 0.2930489 -0.394935 -0.8707175 0.514631 -0.8564578 -0.04043424 0.155356 0.9047133 -0.3966845 -0.2641384 -0.581582 -0.769411 -0.8073736 -0.566262 -0.165817 0.1864645 -0.3374852 0.9226781 0.2135882 -0.1461632 0.9659278 0.6241574 0.771333 -0.1243906 0.4695373 0.6200277 0.62857 -0.1511868 -0.5224518 0.8391584 -0.7472907 -0.664471 -0.005920946 -0.5442558 0.2745918 -0.7927075 0.356974 -0.9102846 -0.2096465 -0.9085309 0.3054462 -0.2850865 -0.7624523 -0.6468607 0.01542162 0.6331161 0.4249988 -0.6469468 -0.7777135 0.3065241 -0.5488213 -0.7040431 -0.7060095 0.07664138 -0.5468881 -0.7781828 0.3087799 -0.6524593 -0.6855062 0.3230763 0.1094275 0.1426478 -0.9837059 -0.3244337 0.8346521 0.445083 0.626503 0.05685138 -0.7773429 0.6251866 -0.2386881 -0.7430812 -0.5615323 -0.6765711 -0.476375 0.2418128 0.4042277 -0.8821149 0.4863613 0.5563808 -0.673716 0.7019673 0.3130765 0.639707 0.520543 -0.270106 -0.8099862 0.556742 -0.7418448 0.3737708 -0.0588504 -0.9957887 -0.07029515 -0.801616 0.4955551 -0.3344206 0.6265803 0.742464 -0.2369481 -0.503685 0.5690986 -0.6499449 0.4590029 -0.6227393 0.6336499 -0.3106122 0.6871283 0.6567912 0.6005475 -0.4196153 -0.6806363 0.12622 0.02505367 -0.9916859 -0.9598321 -0.1413973 0.2423414 0.5509746 0.7057345 0.4453828 0.7040385 -0.7068526 -0.06847858 -0.7068747 0.7026619 0.08120578 0.791638 0.6069086 -0.0705077 -0.3015302 -0.357394 0.8839395 -0.0424543 -0.1795389 0.9828344 -0.4929733 -0.4412868 0.7498289 0.419449 0.4641134 -0.7801676 0.01542866 0.128421 -0.9915997 -0.1423446 -0.08326303 -0.986309 -0.6939902 -0.712264 -0.105156 -0.887797 0.05590003 0.4568279 0.8208955 0.02921396 0.5703309 0.7314736 0.6810137 -0.03415751 0.7049304 -0.7058099 -0.07003933 0.9161833 0.1553811 0.3694118 0.5774208 -0.3448022 -0.7400653 -0.3247107 0.2569179 -0.9102506 0.4240076 0.5024885 -0.7534739 -0.7110515 -0.6249893 -0.3221712 0.609054 -0.6952904 0.3816078 0.9828397 -0.07569229 -0.1682167 0.601997 -0.1936003 0.7746732 -0.2857894 -0.7034125 -0.6507958 -0.3009156 -0.95357 0.01241737 0.9618523 0.1367599 -0.2369327 -0.4058994 0.2855364 0.8681675 -0.8249619 -0.5399699 -0.1669444 0.181352 -0.8890813 0.4202928 0.1315279 0.4718797 0.871797 0.6227807 0.7603731 -0.1843286 -0.704755 0.7056351 0.07348239 -0.603285 -0.4181673 0.6791049 0.672021 0.6304329 0.3885129 -0.07190489 0.9789971 -0.1907735 0.06080859 -0.9048975 -0.4212636 0.4645702 0.07146149 -0.8826482 0.897358 -0.3485516 -0.2706667 -0.8296084 -0.2849326 0.4801702 0.8902465 -0.1568897 -0.4276061 -0.6668701 -0.7082129 -0.2317736 -0.2521812 0.482192 -0.8389847 0.577412 0.3448083 -0.7400693 0.5257285 0.4590332 0.7161691 0.007261335 0.1276386 -0.9917942 -0.08365046 0.0199089 -0.9962964 -0.5022616 -0.5464035 0.6702064 -0.2586938 -0.296483 0.9193342 0.6094084 0.5777992 -0.5429268 0.5505552 0.7056328 0.446062 -0.5687937 -0.6493698 0.50477 0.03878164 0.02527135 0.9989282 0.6787831 0.608868 0.4105283 0.5611485 0.8019211 0.2050243 -0.9311709 -0.2838638 -0.2287843 0.08651322 -0.4059944 -0.9097715 -0.1213457 -0.3091768 -0.9432312 0.5881746 0.7542269 0.2918775 0.3981848 0.846893 0.3524505 -0.1500324 -0.6019944 0.7842786 -0.5249551 -0.3998271 0.7513723 0.6609874 0.4993873 0.5600965 0.7791707 -0.6037653 -0.1684062 -0.5441228 0.8066923 -0.2306035 0.1867374 -0.6267337 -0.7565276 -0.9678459 0.1611719 0.1931265 0.5785009 -0.04084503 -0.8146585 -0.6275353 0.5300886 -0.5702681 0.2043739 -0.9397112 0.274179 0.2315094 0.8615391 0.4518339 -0.7140601 0.6760061 0.1820279 -0.1915858 0.9439727 -0.2687202 0.4331871 -0.3619169 -0.8254484 -0.7263706 -0.673515 -0.1369791 -0.4488992 -0.8695297 -0.205931 0.6491683 0.1555078 -0.744579 -0.1739148 0.4054393 -0.8974256 -0.2105916 -0.6511161 -0.7291769 0.1431922 0.6027185 -0.7850009 0.637908 -0.7535369 0.1589197 -0.6682073 0.07698392 -0.7399814 -0.7190194 -0.4342105 -0.5426529 -0.05564707 -0.1814547 0.9818237 -0.04405051 -0.1005976 0.9939516 0.9664657 0.1704535 -0.1920666 0.4031575 0.1175748 -0.9075464 0.4726944 0.1545115 -0.867575 0.2757166 0.5384231 0.7962921 0.5161245 0.5697536 0.6395282 0.5893461 -0.7691538 -0.2471308 0.8198517 0.4479874 0.3565819 0.6655113 -0.4993384 0.5547576 0.3156793 -0.6333526 0.7065487 -0.8746155 -0.478915 0.07542079 -0.5470092 -0.7077801 -0.4470216 0.06807821 0.9597531 -0.2724693 0.7738654 -0.6191816 0.1332161 -0.8003694 -0.5862131 0.1255517 0.07195305 0.8205781 0.5669872 -0.3354254 -0.7075229 -0.6220138 0.4102983 -0.70602 0.5772271 0.9198068 -0.3877708 -0.05991172 -0.9134479 -0.2659826 0.3080037 -0.2762421 -0.5001385 -0.820702 -0.3254278 -0.5332594 0.780853 -0.9627156 -0.2384095 0.1278265 -0.6001847 0.6713296 -0.4348505 -0.948423 0.06196349 0.3108931 0.4809589 0.4190639 -0.7701065 -0.8215963 -0.08036017 -0.5643773 -0.6421437 0.2296981 0.7313619 0.5161154 -0.42254 -0.7450401 0.800333 0.1326143 -0.5847057 -0.7855874 -0.4944254 -0.3720164 0.3760946 0.09928148 -0.9212471 -0.8077749 -0.5570884 -0.1927497 -0.8942589 0.4083536 -0.1831623 -0.5863612 -0.3950011 0.7072162 0.1846411 0.1579356 -0.970033 0.8593356 0.4036845 0.3139765 -0.1886126 -0.8318264 -0.5220061 -0.6810512 -0.5798588 0.4471389 -0.6115957 -0.3621718 0.7034077 0.2495858 0.4569475 0.8537599 0.1941614 0.4332401 0.8801163 0.7286086 0.6675515 -0.1533122 0.7107366 0.6336663 -0.3054844 0.5372925 0.2435814 -0.8074558 0.1866903 -0.05207043 -0.981038 -0.3834353 -0.6077752 -0.695404 -0.6476738 -0.6804181 -0.3428554 0.4934027 0.3919827 0.7764686 -0.8152832 -0.5777218 0.03938293 -0.925342 0.1926804 0.3265218 0.7460255 0.1436546 0.6502379 0.7375623 0.6475675 -0.1914632 -0.679181 0.7057164 -0.2016869 0.3186934 -0.8863881 0.3357837 -0.2670428 -0.8202726 -0.5058073 -0.4496212 -0.4602407 0.765519 -0.1019421 0.03520309 -0.9941673 -0.08352929 -0.2314901 0.9692447 0.9759032 0.08491891 0.2010021 0.2632335 -0.02172899 -0.9644875 0.6455318 0.7585934 -0.08845824 0.6465782 -0.4382756 0.6243807 -0.2278747 0.6999236 -0.67689 0.4790009 0.7923868 -0.3777317 0.03172385 0.9977741 0.05865508 0.1514527 -0.8390277 -0.5225846 0.4200347 -0.06081521 0.9054682 -0.6795452 0.7057532 -0.200327 -0.94267 0.04888993 -0.3301261 0.9394013 -0.3013346 0.1634704 0.9935727 -0.1128622 0.008695185 -0.9894335 0.1402928 -0.03659671 -0.1520308 0.9476922 -0.2806531 0.3413132 -0.8944296 0.2889658 -0.2973308 0.05254495 -0.9533277 0.1487882 -0.2755105 -0.9497137 0.8421413 -0.4125411 0.3472866 0.3666313 0.5107106 -0.7776607 0.3720427 0.1248706 -0.9197781 0.5043497 0.2579002 -0.8240869 -0.5697162 -0.6789492 -0.4630891 -0.70073 -0.6860368 0.1957832 0.01034069 0.3417129 0.9397476 0.4534624 0.6265093 0.6339228 -0.3374159 -0.7066448 -0.6219355 0.679349 -0.7056369 0.2013992 -0.09855902 0.1968999 0.9754572 0.4208567 0.6292882 0.6533575 0.7195554 0.689427 0.08324939 0.4061436 0.1351119 -0.9037656 0.4887353 0.2071856 -0.8474739 -0.4893668 -0.5880451 -0.64399 0.6816689 -0.7037337 0.2002163 0.826133 -0.4243457 -0.3707224 -0.1134817 0.9804477 -0.1607615 0.4785086 0.2896696 0.8289276 -0.9882525 0.1408115 0.05940854 -0.8472161 -0.5274919 0.06306433 -0.5825476 0.7799779 -0.2286326 -0.2308284 -0.7279077 -0.6456538 0.7770835 -0.2299438 -0.5858901 -0.2371948 0.3147974 -0.9190437 -0.1773037 -0.9361051 0.3037608 -0.5999196 -0.6828199 0.4169575 0.4279733 0.6760664 0.5998109 -0.1245491 0.8670932 0.4823246 0.5928145 -0.80101 0.08339118 0.6578111 -0.6794098 0.3250954 -0.486922 0.1309687 -0.8635707 -0.4884403 -0.6983321 -0.5232192 -0.6574031 0.7279946 -0.1945381 0.7397677 0.4279901 -0.5191996 -0.5668081 -0.759671 -0.3187927 -0.4990978 -0.8491377 -0.1728202 0.06641274 0.1186635 0.9907111 -0.088104 0.03533178 0.9954845 0.417055 0.8907769 -0.1805037 0.07679498 -0.4069559 -0.910214 0.4740843 -0.2631729 -0.8402287 0.2549908 0.7085596 0.6579688 0.04255646 0.4956845 0.8674595 0.2414531 -0.5075133 0.827122 -0.1805118 0.663322 0.7262364 0.943098 0.2988342 -0.1458227 0.7187326 0.6854773 -0.1163808 -0.09672468 -0.4034038 -0.9098954 0.1540696 -0.7207803 -0.6758242 -0.5195123 0.5727683 -0.6340691 -0.02853989 0.253979 0.9667886 0.2471064 -0.6988984 0.6711778 0.4123227 -0.4921898 -0.7666415 0.1867999 0.6258957 -0.7572056 -0.8346183 0.474796 0.2792512 -0.07502424 -0.7061197 -0.7041069 0.2024614 -0.7024332 -0.6823467 -0.2021626 0.7049172 0.6798691 0.5058959 -0.7062357 -0.4952782 0.5301615 -0.2873957 0.7977045 -0.6804292 0.640394 -0.3562467 0.6121558 0.6892913 -0.3874827 0.2659094 -0.6879215 -0.6753194 -0.1451005 0.9544481 0.26072 0.23929 -0.9011859 0.3613922 -0.7005729 -0.1177891 0.7037922 0.7982369 -0.2405449 -0.5522284 -0.7127834 -0.6786957 -0.1769517 -0.4407157 -0.5313008 -0.7235256 0.1392033 -0.5624495 0.8150296 0.5051775 -0.5544089 -0.6613823 0.6317585 -0.3602863 -0.686349 0.3416012 -0.6658009 -0.6633384 0.001845419 -0.7486665 -0.6629444 -0.5118284 -0.6497941 -0.5619604 -0.9291788 -0.2036549 0.3084663 -0.4404228 0.09579241 0.8926655 -0.3528705 0.1710014 0.9199136 -0.3690493 -0.2894998 -0.8831719 0.2994028 0.7213329 0.6245293 -0.3649662 0.6153046 -0.6987131 -0.8964886 0.3399724 0.2841249 -0.2721973 -0.5078278 -0.8173248 0.05318599 -0.1940478 -0.9795493 0.4762764 0.3926675 -0.7867484 -0.2905248 -0.9350705 -0.2030727 0.832535 0.2642564 -0.4868821 -0.4183502 0.7479453 0.5153262 0.282189 -0.07477521 -0.9564404 0.5765054 0.7930644 0.1966989 -0.1431229 0.6445096 0.7510814 -0.2870525 -0.778469 -0.5581997 -0.2013268 0.7056177 0.6793904 -0.08024132 -0.3192018 0.9442837 0.09908944 -0.8910895 -0.442878 -0.5420004 -0.6766102 0.4984319 0.7958817 0.5386586 -0.2764404 -0.1962976 -0.6616615 -0.7236515 -0.4794049 -0.7135058 -0.5109604 -0.4412177 0.1967753 0.8755607 -0.6465572 -0.007782936 0.7628259 0.6960239 0.6926719 0.1890938 -0.5484598 0.710195 -0.4413785 -0.5496082 0.7048214 -0.4485061 -0.8185599 -0.5628931 0.1145035 -0.6431118 -0.682669 -0.3469443 -0.373584 0.2623208 0.8897319 -0.330147 0.2948679 0.8966917 -0.06965911 0.4900294 0.8689182 0.04644483 0.5519458 0.8325856 0.5348823 0.7118119 0.4552196 0.7561483 0.6454588 0.107809 0.8321421 0.5089389 -0.2202746 0.4600642 -0.2206072 -0.8600426 0.6620897 -0.0187596 -0.7491897 0.7494279 0.6469566 0.1407303 -8.7889e-4 -0.5284513 -0.8489633 0.2253826 -0.3742042 -0.8995409 -0.4575127 -0.6741586 -0.579821 -0.7936484 -0.6081423 0.01688736 0.2614593 -0.6411895 -0.7214673 -0.1132381 -0.9894576 -0.09028297 -0.01668196 -0.9982748 -0.05629467 0.2676371 0.689562 -0.6729596 0.760483 0.5098617 -0.4021275 -0.07931083 0.1822401 0.9800502 -0.7141119 0.5953935 0.3681722 -0.6832007 0.6168996 -0.3907324 0.1555103 0.8129159 -0.5612347 0.1721808 -0.5346966 0.827317 -0.04971867 0.9027606 -0.4272603 0.7468465 -0.6463989 0.1561691 -0.9687149 0.1568343 -0.1923397 0.02757269 0.02702927 0.9992544 0.342288 0.8772335 0.3366012 0.09419286 -0.78276 0.6151542 -0.2107862 0.9294533 0.3027969 0.5838077 0.8094779 -0.06256341 0.3257889 -0.3601583 0.8741554 -0.54837 0.01572507 -0.836088 0.2049275 -0.7992347 -0.5650034 -0.6542499 0.1500681 0.74124 -0.7168894 0.2182434 0.6621477 0.7925578 0.3979263 0.4620682 0.9161273 -0.3936396 -0.07588589 0.3347061 -0.8566874 0.3925031 0.554229 -0.2354387 0.7983726 0.7460149 0.664817 0.03847408 0.1439691 -0.6837316 0.7153908 0.4713335 0.8791551 -0.07022321 -0.2574586 -0.3293078 -0.9084446 -0.4395713 -0.385259 0.8113894 -0.8955892 -0.3655841 0.2535117 0.4184323 0.7092012 0.5674048 0.1722505 -0.5296276 -0.8305568 -0.7142854 0.53276 0.4538317 -0.6241061 0.6861412 0.3737672 0.8307728 -0.556502 -0.01105415 -0.06546491 -0.0260747 -0.9975141 0.6887568 0.503764 0.521379 0.8802295 0.1723452 0.4421461 0.1229034 0.7628491 0.6347882 0.7524358 0.6292893 0.1945136 0.9378323 0.3470801 0.002469778 -0.3807622 0.5025888 0.7761603 0.6108713 -0.3388766 -0.7155411 -0.3705196 -0.5872082 -0.719654 0.194675 0.7221493 -0.6637787 0.4348623 -0.6713245 -0.600182 0.8917564 -0.2811791 0.3545545 -0.8708696 0.01634144 0.4912424 0.3942528 -0.379363 -0.8370475 0.3292426 0.7085656 0.6241267 0.6101516 -0.7084411 -0.3547202 -0.8145536 0.1772831 0.5523345 0.7844632 -0.6045497 -0.1383374 0.9075366 -0.1478874 0.3930734 0.2762427 0.5001397 0.8207011 0.3496732 0.4331387 -0.8307343 0.6364163 0.5106452 -0.578114 -0.7466359 0.3253465 -0.5802453 0.1347023 0.3670225 -0.9204075 -0.1545759 0.6395899 0.7530146 0.3554774 0.6857248 0.6351515 0.6955104 0.6477025 0.3110414 0.8419324 -0.09323322 -0.5314672 0.8984654 0.1114316 -0.4246683 -0.3558374 -0.6774468 -0.6437745 -0.7627043 -0.6028593 -0.2341855 -0.9490659 -0.2081431 0.2365381 -0.8103018 0.07494956 0.5812001 -0.6084517 -0.4160789 -0.6757699 -0.4305635 -0.1477703 0.8903814 -0.3039196 0.8835996 0.3562088 -0.240355 -0.7643879 -0.5982815 0.5384601 0.1499577 -0.8292006 -0.2205442 -0.6221776 -0.7511693 0.3407334 -0.7079836 0.6185952 -0.4461981 -0.7054863 0.5506327 -0.2677788 0.7413409 -0.6153928 -0.337909 0.7052562 -0.6232426 -0.8541801 -0.3198748 0.4099471 0.3666355 -0.5106946 -0.7776693 0.9385616 0.3015973 -0.1677536 0.4042116 -0.2581385 -0.8774837 0.6114503 -0.202319 0.7649809 0.6704881 0.7403661 0.04799801 -0.4303841 -0.4302631 -0.7935007 -0.09557801 -0.72597 -0.6810525 -0.6994072 -0.179818 -0.6917334 0.8618174 -0.4168576 -0.2889651 0.3373211 -0.7051029 0.6237344 0.3666504 -0.5106979 -0.7776601 0.9759027 -0.08490324 0.2010114 0.8814911 -0.2841891 -0.3771076 -0.4057517 0.4877806 0.7729396 -0.3624506 -0.4423887 -0.8203182 0.3221698 0.6249936 -0.7110484 0.2654761 -0.9470507 -0.180603 -0.5092331 -0.05559623 0.8588311 0.9287492 -0.2086466 -0.3064173 -0.4017751 -0.720701 -0.5649487 0.8939846 0.4411266 0.07873332 0.5126257 -0.3753938 -0.772201 0.9763048 -0.1971052 0.08932346 -0.1534188 0.6386714 0.7540302 0.4396267 0.6755564 0.5919054 0.952559 -0.2170911 -0.2133141 -0.05956417 -0.1278317 0.9900057 -0.8831174 0.4642609 0.067568 -0.06440365 -0.9912753 0.115003 -0.1285754 0.09736639 -0.9869085 0.9763926 -0.1213984 0.1786614 0.4854036 0.867886 -0.1056285 -0.3378474 0.7051221 -0.6234277 -0.4776546 0.6522566 -0.588564 -0.295161 0.7867091 -0.5421889 -0.06937783 -0.9914098 0.1108759 0.004767119 -0.5486952 -0.8360089 -0.7234718 -0.5524997 0.4139239 -0.8580327 0.4627599 -0.2227851 0.2324217 -0.1235421 0.9647371 -0.3141832 0.3273934 -0.8911244 -0.4177432 0.5761311 -0.7025408 -0.3447967 0.6527191 -0.674591 -0.7995681 -0.1786228 -0.5733976 -0.5251129 0.2946579 0.7983942 -0.4322193 0.7166987 0.5472928 0.6520809 -0.6809842 -0.3332433 -0.6676393 -0.6242585 -0.4056588 -0.5752559 0.7212008 0.3859406 0.4677876 -0.504503 -0.7257077 -0.4662811 -0.1626036 -0.8695642 -0.4760274 0.4731549 0.7412978 0.8303911 0.5318089 0.1662223 0.7613807 0.4952788 0.4183282 -0.9688523 -0.1978261 0.1489636 0.259281 0.6885139 -0.6772902 0.7172232 0.5468838 0.431867 0.9832826 -0.1413366 0.1148015 -0.9072701 -0.3616407 -0.2146556 -0.3079305 0.9304907 -0.1984081 -0.444541 -0.6121881 0.6539183 0.2504464 -0.9674215 -0.03704416 -0.564828 -0.8249424 -0.02096682 -0.2484186 0.5677213 -0.7848444 -0.181524 -0.7513777 0.6344137 0.304064 0.7195581 0.6243247 0.6337695 -0.5911189 -0.4989136 0.07400661 -0.7056071 0.7047281 0.06726628 -0.7081676 0.7028329 0.7806064 0.5679528 -0.260928 0.7937811 0.588343 -0.1541572 -0.9530674 0.1580017 0.2582599 0.05418986 0.4699078 -0.8810507 0.9618472 -0.2371357 0.1364433 0.7822641 -0.2832415 0.5548309 -0.1270196 -0.2707217 -0.954241 0.6738004 -0.698283 -0.2416484 -0.06549561 0.7017448 0.7094115 -0.254541 0.5511013 -0.7946676 -0.1726214 -0.01633858 -0.9848527 0.8830375 0.1694425 0.4376463 0.7971282 0.6024933 -0.03985822 0.566443 0.3055124 -0.7653787 0.01938384 0.6905854 0.722991 -0.6832001 0.646786 -0.3389772 0.02514278 -0.9294686 -0.3680434 -0.8458673 -0.007514417 0.5333406 -0.3589826 0.08032315 0.9298816 -0.04775369 0.396976 -0.916586 0.987713 0.1530669 0.03151977 0.9953429 -0.01558458 -0.09513026 0.6976687 -0.4486048 -0.5585806 0.2420455 -0.6908968 -0.681231 0.5462495 0.2037879 -0.8124543 -0.5685864 0.6240677 0.5359562 -0.7601804 -0.3100701 -0.5709487 -0.9460325 -0.1506406 -0.2869321 -0.070315 0.7020218 -0.7086758 -0.07409524 0.7051917 -0.7051345 -0.07441681 0.7054449 -0.7048473 0.388518 -0.6304298 -0.6720209 -0.7285254 0.408821 0.549651 -0.5925852 0.2328286 0.7711251 -0.1782397 0.2927373 -0.9394337 -0.2684829 0.8758764 0.4009459 -0.4072127 0.6236801 0.6672338 0.7720391 -0.04913812 0.6336727 0.3885128 -0.6304321 -0.6720218 0.7414406 0.6517042 -0.1598361 -0.7667924 -0.6189846 -0.1699641 -0.9181541 -0.3403325 -0.2028969 0.2056965 0.6289832 0.7497127 0.520959 -0.02486789 0.8532193 0.413106 -0.1421494 -0.8995205 -0.09275001 -0.7160077 -0.6919035 -0.04717636 0.7930763 -0.6072927 -0.07551282 0.7060473 -0.7041272 -0.8253206 3.34513e-4 0.5646644 0.1584696 0.3093544 0.9376499 -0.3153393 0.7033569 0.6370639 -0.9354228 0.2276744 -0.2704599 -0.6947997 0.3191152 0.6445299 -0.973314 0.222093 -0.05774557 -0.8541631 0.3198887 0.4099716 3.41894e-5 -0.1611627 0.9869279 -0.596188 0.6907606 -0.4091575 0.9759032 -0.08492004 0.2010018 -0.5013373 -0.5990368 -0.6243525 -0.2468948 0.6922209 0.6781395 0.6044891 0.5677594 0.5587864 0.9886119 -0.03910368 -0.1453186 0.3111713 -0.6669623 -0.6770036 0.07563114 -0.7068202 0.7033386 0.6023522 -0.5624304 -0.566431 0.9902681 0.1316842 0.04503685 0.9687114 -0.09445959 -0.2295121 0.2232899 -0.6630281 -0.7145177 -0.249466 -0.7150686 -0.6530265 -0.878652 -0.1217078 -0.4616904 0.1590127 0.7612356 -0.6286776 -0.3880728 -0.4904644 0.7802848 -0.4118418 0.5109581 -0.7545253 0.1057054 -0.962149 0.2511889 -0.2353418 -0.7975572 0.5554428 0.2424556 0.6431105 -0.7263774 0.04586559 0.8456678 -0.5317353 0.1310033 0.7308291 -0.669871 -0.176158 -0.9835759 -0.03933042 -0.734806 0.6379138 -0.2304914 -0.3187472 -0.07462489 0.9448976 0.6289462 0.7595466 -0.1658787 0.9813295 0.01936221 0.1913574 0.1316239 -0.09526765 -0.9867114 -0.5458653 0.1636283 -0.8217402 -0.06478303 0.4225127 0.9040389 -0.6758465 -0.1199286 0.7272198 0.900461 -0.4118053 0.1399515 -0.7918042 0.1200032 0.5988702 0.4884434 -0.4322518 0.7580116 0.01801121 -0.9616035 0.2738511 0.001788377 -0.8163855 0.5775046 -0.8928897 -0.2149301 -0.3956679 -0.9622796 -0.2097414 -0.1732815 0.6034725 0.6459575 0.467504 0.2149314 0.2340587 0.9481672 -0.05507653 -0.1849723 -0.9811993 0.8485283 -0.3987269 -0.3478747 -0.9144631 0.3088859 0.2614324 -0.7560496 -0.2307245 -0.6124991 -0.09439909 -0.7197508 -0.6877847 0.9014824 -0.01060712 0.432686 0.1198283 0.7735722 0.622276 -0.3044353 0.7286202 -0.6135404 0.1090077 0.7726721 0.6253761 -0.8335748 0.4068225 -0.3736958 -0.4710297 -0.7046439 0.5306676 0.7632865 0.2551334 0.5935493 0.2445874 -0.3035635 0.9208835 -0.963355 0.1781728 -0.2005032 -0.844443 0.4620782 0.2709237 0.466555 0.5624424 0.682631 0.6560152 0.3995287 0.6403287 0.7029329 0.3739002 -0.6050488 -0.6958417 0.6238033 -0.3559128 -0.3177617 -0.4350001 -0.8424977 -0.5023258 -0.8515141 -0.1503087 0.4013575 -0.687214 0.6055156 -0.665158 -0.07070291 -0.7433478 -0.754128 -0.4262202 -0.4996274 0.08040195 0.935263 0.3447009 -0.4800667 0.6756631 0.5594778 0.05079799 0.4676108 -0.8824737 0.9038298 -0.05896133 -0.4238104 0.05519473 0.2567 -0.9649139 0.5642283 0.7043449 -0.4307489 0.9410231 0.05321675 0.3341313 -0.7084887 0.6943589 -0.1261333 0.6810305 -0.1333144 -0.7200173 0.3018248 -0.2037916 0.9313275 -0.3283336 -0.09555536 0.9397161 0.4658998 0.6267752 0.6245721 -0.9938108 -0.01743876 0.1097086 0.9050279 -0.4007369 -0.1425991 0.7324721 -0.5512552 -0.3995026 0.08618605 -0.7309255 -0.6769933 -0.2671117 -0.6096884 -0.7462784 -0.982377 0.1469652 -0.1154847 -0.9797614 0.1981568 -0.02831411 -0.3639933 0.7011709 0.613081 -0.09796524 0.6756168 0.7307153 -0.738065 -0.4850245 -0.4690538 0.2158034 0.798924 0.5613815 0.4748092 0.8608202 0.1831526 0.5909389 -0.7980893 -0.1176642 0.116117 -0.7331563 -0.6700737 0.4578248 -0.8839135 -0.0953592 0.4317961 -0.6497403 0.6256115 0.1977831 0.7061923 -0.6798341 -0.1742443 0.6392486 -0.7489994 -0.4297299 -0.2828538 0.8575115 -0.309846 -0.4644814 -0.8296098 -0.7400704 -0.3447961 -0.577418 0.4248184 -0.05787724 0.9034267 0.7880045 -0.3440721 -0.5105522 0.1298322 -0.5192651 -0.8446937 -0.1905271 0.8719906 0.4509233 -0.3747364 -0.9222007 0.09549158 -0.4433884 -0.5433225 -0.7128867 0.08805668 -0.4863963 -0.8692898 0.4004361 -0.3513467 -0.8462899 -0.949135 0.07674932 -0.3053726 -0.6903494 0.7000923 -0.1824516 -0.4891857 0.7952023 0.3582609 0.7982218 0.5455639 0.2553474 0.8918866 -0.1028155 0.4404174 -0.1886379 -0.2463859 -0.9506365 0.2016689 0.7060945 -0.6787933 0.8468791 -0.3083945 0.4332305 -0.7491738 -0.3359122 -0.5708779 -0.562443 -0.3106572 0.7662572 -0.8389811 0.4821962 0.2521855 -0.02028435 -0.5429023 -0.8395509 0.4498215 -0.5879223 0.6723154 0.6676385 -0.1833066 0.721566 -0.5921069 -0.1426085 -0.7931408 0.1413778 -0.3950943 0.9076965 0.9714157 0.2249698 0.07576417 -0.4736785 -0.5150455 -0.7143926 -0.4456719 -0.5272567 -0.723448 -0.6465976 0.5998409 0.4712775 -0.374086 0.6934021 0.6158355 0.9766963 -0.1568754 0.146473 0.9755947 -0.105257 0.1927069 0.3120337 0.8632718 -0.3967328 0.204806 0.7051808 -0.6788038 0.4563649 0.5640844 0.6881424 0.2731378 -0.5399843 -0.7961236 -0.07321894 0.686913 0.7230419 0.3545988 0.8491727 -0.3913636 0.371571 0.4930797 -0.7866432 -0.5182256 0.8196055 0.244314 -0.4522526 0.8902986 -0.05325543 -0.5533911 -0.7841206 -0.2809154 0.1211714 -0.008968114 -0.9925912 0.5018114 -0.5634899 0.6562504 0.8375685 0.01086854 0.5462242 -0.02330821 -0.86765 0.4966288 -0.09299772 0.8252024 -0.5571289 -0.009813547 -0.2951648 0.9553961 -0.5410978 -0.4535759 0.7081541 -0.9015952 0.3277177 -0.2823601 0.8337769 0.04961115 0.5498682 -0.2697568 -0.9339877 0.2343037 0.903595 -0.01124203 -0.4282402 -0.4794582 0.8477106 -0.2269505 0.6201357 -0.07134318 -0.7812438 -0.5493739 -0.7992799 0.2435982 -0.5218095 0.3522233 -0.7769516 0.2668501 0.3561705 0.8955075 0.3426903 -0.6413965 0.6864211 0.3273705 0.5616734 0.7598367 -0.8614392 0.2995798 -0.4100911 -0.9273754 0.3475198 0.1385821 0.6233003 0.4519199 0.6381734 0.3204922 -0.6999527 -0.6382406 -0.7826445 0.1663625 -0.599826 -0.5892755 -0.3327828 -0.7362133 0.923038 -0.3654949 0.120061 -0.2797805 -0.858852 0.4290646 -0.3907868 -0.3999511 -0.8290507 0.4776473 -0.2875465 0.8301627 -0.1036497 0.7549802 -0.6475043 0.0394985 -0.7015302 -0.7115443 -0.2985352 -0.05146354 -0.9530102 0.7922964 -0.07011705 -0.6060941 0.5959485 -0.7100372 0.3750901 0.4132655 -0.8628177 -0.291131 0.3359539 -0.8294568 -0.4462472 -0.813357 -0.3333448 0.4767931 -0.281033 -0.5144103 0.8101868 0.3694421 -0.6851068 0.6278067 0.4413954 0.1890025 -0.8771821 -0.8392976 0.3923709 -0.3763306 -0.1004517 0.497952 0.8613672 -0.4845843 0.5992245 -0.637266 -0.4016743 -0.3433872 -0.8489658 -0.8227515 -0.2933246 -0.4868683 -0.9998982 -0.00561434 0.01312381 -0.9991359 0.01818877 0.03737366 -0.8849215 0.3678681 0.2856346 -0.5222895 0.7165155 0.462406 -0.4761533 0.7669578 -0.4301789 0.2917727 -0.9563941 0.01338672 -0.7381862 -0.6735745 -0.03712826 0.7903867 -0.2501248 0.5592195 0.6915495 -0.6458639 0.3234489 0.4188748 -0.8423139 -0.3391923 0.2456549 0.4659759 0.8500118 -0.1262788 0.9253007 -0.3575924 -0.4385929 -0.7084965 0.5528734 0.5045745 0.7063431 -0.4964715 0.7617603 0.2062595 -0.6141486 -0.6022101 -0.4098434 -0.6851069 -0.82606 0.3364597 -0.4521279 -0.3379978 0.3745531 0.8634046 -0.6875026 0.6914531 -0.2218848 0.5221021 0.2739645 0.8076837 0.9993784 -0.03305637 -0.01225626 0.986467 0.1075096 0.1237924 -0.03992038 0.6371593 0.7696976 0.4476445 0.7043626 -0.5508971 -0.1457659 -0.8849963 -0.4421924 -0.878593 0.3556529 -0.3187248 -0.1957505 0.6433777 0.7400993 0.7578835 -0.6311281 -0.1651964 0.2289126 -0.6555321 -0.7196366 0.5002981 -0.5668731 0.6544896 0.4450469 0.7039195 -0.5535619 0.1102901 0.5753448 0.810441 0.4552139 0.3458499 0.8204683 0.8438774 -0.1126246 0.5245823 0.8688987 -0.1867292 0.4584183 0.8734602 -0.4797514 0.08310228 0.6787939 -0.6728312 -0.2941719 0.456987 -0.7090371 -0.5370563 0.2702637 -0.6972202 -0.663959 -0.3720458 -0.4051569 -0.8351227 -0.456762 -0.3483228 -0.8185596 -0.9002002 0.3317887 -0.2820567 -0.8931952 0.2727221 -0.3575263 -0.8680981 0.4913353 -0.07067906 -0.8911938 0.3318447 -0.309278 -0.3581756 0.7263569 0.5866138 0.03951507 0.6056536 0.7947468 0.8773964 -0.04593151 -0.4775625 0.6290872 -0.4333757 0.6453176 -0.4122115 -0.7790957 0.4723259 -0.5647342 -0.725623 0.3931244 0.4292772 0.878523 -0.2095676 -0.7640081 -0.4519062 0.4605134 -0.06784296 0.4234387 -0.9033809 0.1339715 0.988089 -0.07570976 -0.8050732 0.4367424 0.4013892 0.1369531 -0.3036146 -0.9429009 -0.06661641 -0.8168693 0.5729634 0.5708612 0.5808802 -0.580255 0.1678984 0.9761584 0.1375673 0.132305 0.9025692 -0.4097124 -0.4647367 0.279336 -0.8402328 -0.860408 -0.2469145 0.4457932 0.09752237 0.9823023 0.1599117 0.3564073 -0.416882 0.8361718 0.8478422 0.2286167 -0.4784331 -0.1496902 -0.9652894 -0.2140312 -0.3802216 -0.8250482 0.4180037 -0.5655821 -0.5817574 0.5845299 -0.02719926 0.5711663 -0.8203836 -0.3949562 -0.5463455 0.7385908 -0.7319768 0.222119 0.6441065 -0.2865161 0.4016364 -0.8698257 0.2196014 -0.3041553 0.9269654 0.06562268 0.6386056 0.7667312 0.4907215 -0.8103756 -0.320131 0.2081135 -0.2894786 -0.9342864 0.6201913 -0.6312199 -0.4657514 0.6967856 -0.7156988 -0.04759335 -0.00132364 0.5257029 0.8506673 0.5154778 -0.4864099 -0.7054701 -0.139062 -0.6681176 -0.7309451 0.5556095 -0.8152749 -0.1631721 -0.708269 0.5019546 0.4963836 0.4851406 -0.3549307 -0.7991639 0.370419 -0.7130718 -0.5952466 0.2249516 0.5752897 -0.7864087 -0.4761765 0.2380189 -0.8465241 0.5654479 0.6955689 0.4432298 -0.6226813 -0.7055175 0.3383978 -0.3628982 -0.4111725 -0.8362071 -0.7059562 0.6934894 -0.1438697 0.6225651 -0.7057316 -0.3381652 0.5517234 -0.7023919 -0.4497188 0.1233806 -0.380298 0.9165973 -0.3519716 0.4467375 0.8225216 -0.5881034 -0.1376529 -0.7969858 -0.4294481 0.3412134 -0.8361506 -0.3398525 -0.775526 -0.5320338 -0.6744557 -0.4031279 -0.6185446 -0.6546524 0.7065457 0.2687444 0.4375159 0.04412597 0.8981274 0.9117059 0.4096955 -0.03069621 0.682909 0.6463807 0.3403342 0.2541986 -0.5910918 -0.7655022 0.9385837 0.06560146 0.3387584 0.1748314 0.07164782 0.9819881 0.9663926 -0.04012835 0.2539196 -0.2948098 -0.5490234 0.7820874 -0.04378449 0.06085401 -0.9971859 -0.4375731 -0.04406821 -0.8981024 -0.8425666 0.2814348 -0.4592125 0.6203746 0.6979941 -0.3576864 0.6209409 0.7069765 -0.3385508 -0.6220333 0.7065373 0.3374606 -0.643931 0.6718166 0.3660812 -0.313661 0.6528866 0.6894606 0.2900426 0.1878362 0.9383991 0.3685827 0.08417659 0.925776 0.2984962 -0.6457529 -0.7027825 -0.03908419 -0.3609291 -0.931774 -0.5942457 0.07997334 -0.8002977 -0.7500625 0.4576697 -0.4774355 0.7742948 -0.6079532 0.1756715 -0.7608675 0.3752794 0.5293829 -0.262202 0.8580936 0.441504 -0.4075255 0.3866407 -0.8273041 0.878222 -0.04134619 -0.4764627 0.06914979 0.7311879 0.6786624 0.06922495 0.6914212 0.7191277 0.8061587 0.5042201 -0.3096292 -0.225814 0.1241974 -0.9662211 -0.5785483 0.1244446 -0.806099 -0.1766596 -0.5803787 -0.7949541 0.03263205 0.1364081 -0.9901152 0.9105702 -0.4129566 0.01813524 0.05392825 -0.118142 -0.9915313 -0.3539358 -0.847018 0.3965982 -0.62512 -0.7060883 0.3326629 0.8567051 0.4435433 0.2632982 0.6225492 0.7053609 -0.3389668 -0.08333921 0.7109289 0.6983085 0.1402879 0.724248 0.6751179 0.8514016 0.05269378 -0.5218609 -0.8558898 0.3299262 0.3982479 -0.2009926 -0.08490878 0.975906 -0.008674442 0.1128697 0.9935719 -0.4041247 0.8743891 -0.2685649 -0.7534649 -0.5024915 -0.4240199 -0.9163726 0.2469181 0.3151078 0.1524019 -0.9833697 0.0987811 0.7430699 -0.6636881 0.08582079 -0.62075 0.2190704 -0.75278 0.382541 0.1075944 0.9176524 0.1858401 0.2571518 0.9483335 0.3243973 -0.5898845 -0.7394611 -0.09646552 0.5326211 0.8408384 -0.2991928 0.6189671 0.7261979 0.7359249 -0.313943 0.5998787 0.7718861 -0.5727503 0.2759516 0.1452752 -0.5587319 -0.8165255 -0.3934539 -0.01859861 -0.9191562 0.1866508 0.2821229 0.9410464 -0.1866508 -0.2821229 -0.9410464 0.4725072 0.6656481 -0.577624 0.725357 0.6312926 -0.2744578 -0.8209149 0.4845709 -0.3021421 -0.8729413 0.3914965 -0.2910398 0.2817276 -0.6019523 -0.7471833 0.8024398 0.07840752 -0.5915596 -0.1544402 -0.4744242 0.8666429 0.248066 0.4230523 0.8714873 -0.3617219 -0.8316664 0.4212936 -0.7010945 -0.4112217 -0.582549 0.4886369 0.8362786 -0.2487413 0.3680492 -0.853513 -0.3688569 0.6268491 0.04404288 -0.777895 -0.9978214 -0.05222135 0.04031527 -0.687265 0.7263242 0.01096564 0.5455409 0.1818243 0.8181229 0.4776399 0.01831895 0.8783648 0.004791617 0.9960173 -0.08903276 0.718892 -0.3005724 0.626778 -0.7563315 0.424406 0.4978377 -0.2963846 -0.8885512 -0.3501899 -0.3288655 -0.6189121 0.7132989 0.3216346 0.5031353 -0.8021259 -0.3727129 -0.007579565 -0.9279158 -0.8261935 -0.05848628 -0.5603425 -0.5143439 0.6375476 0.5735709 -0.2849079 0.3634295 0.8869873 0.9210048 -0.135935 0.3650644 0.7843494 -0.5998652 0.1579809 0.4028093 -0.715683 0.5705635 -0.487405 -0.6069296 -0.6277523 -0.596697 0.7211203 -0.3520488 -0.8022186 0.4348403 -0.4090958 0.4755164 -0.3440658 -0.8096314 0.1739665 -0.46993 -0.8653909 0.921666 0.3022364 0.2432798 -0.421438 -0.7683554 -0.4816846 -0.2539052 0.7121817 -0.6544688 0.6436979 -0.4414087 -0.6251491 0.4303845 -0.4764589 0.7666525 -0.662109 -0.6485722 -0.3754541 -0.7049043 -0.7054426 0.07389718 -0.5534847 -0.6902564 -0.4660481 -0.7029945 -0.7063757 0.08265656 0.6065264 -0.1346625 -0.7835764 0.03714197 -0.9639794 0.2633714 -0.151131 -0.690564 0.7073054 0.2287495 -0.9622918 0.1472009 0.6408355 0.1664197 0.7494226 -0.6881418 0.7051793 0.1708305 -0.5904716 0.07606554 0.8034659 0.02957415 0.07499116 0.9967455 0.8211047 -0.5115429 0.2532019 -0.06602978 0.3320313 -0.9409545 0.352998 0.2582624 0.8992736 -0.6829414 -0.6463175 -0.3403892 -0.5872863 0.6873905 -0.4273045 -0.7254982 0.6048628 0.3283193 0.005175888 -0.09918767 0.9950554 -0.6049865 -0.2876563 -0.742459 0.2094118 -0.6465601 0.7335577 0.3664358 0.7653551 -0.5291094 0.6543371 -0.5571581 0.5112906 -0.4722412 -0.8810485 -0.02723461 0.2864917 -0.1842004 0.9402089 0.2237806 -0.07382094 0.9718399 -0.6911237 -0.5816571 0.4289793 0.7599405 -0.6461814 -0.07028681 -0.01076477 -0.8583813 -0.5128993 0.6415742 0.1432573 0.7535649 0.5498366 0.129517 0.8251699 -0.7057623 -0.7048612 0.0712068 0.6090644 -0.6952927 0.3815873 -0.4099535 0.3198539 -0.8541848 -0.8912118 -0.3967342 -0.2198719 -0.009091615 -0.7521105 0.6589744 -0.9980663 -0.04860961 0.03873884 0.8203196 0.2024526 0.5348727 0.609046 0.6952956 0.3816111 -0.3899372 0.880923 -0.2681859 -0.8507208 0.1098477 -0.5140113 -0.0740922 -0.3278332 0.9418258 0.5843027 -0.465865 -0.6645001 0.5473982 -0.6499741 -0.5271517 -0.7555404 0.5254262 -0.3912621 -0.9296855 -0.1688362 0.3273822 0.6225945 0.1422436 0.7695082 0.7600783 -0.6465211 -0.0655108 -0.7053494 -0.7051013 0.07290095 0.704722 0.7056289 -0.07385665 -0.07475131 -0.8051789 -0.588302 0.6926195 -0.7068225 -0.1438066 -0.7244035 0.1491541 0.6730474 0.7600513 0.6033768 -0.2413681 -0.2448075 -0.5189551 0.8189963 -0.5135105 -0.6531863 -0.5564664 0.2173841 0.6189758 0.7547273 0.4510775 -0.837152 0.3093633 -0.9205946 0.3853979 0.06304216 -0.6556297 -0.607819 -0.448002 0.4555336 -0.5221778 -0.7209852 -0.2706884 0.1332254 -0.9534038 -0.6394134 0.592157 -0.4904086 -0.5696578 0.5673729 0.5946244 0.1478743 -0.007193922 0.9889801 0.6770172 -0.7339978 0.0538057 0.70739 -0.5722864 -0.4148346 -0.6463568 0.6741408 0.3574314 -0.4780307 0.4990249 0.7228145 0.1777532 -0.07048618 0.9815475 0.6217063 -0.6093969 0.4920536 0.7114335 -0.6997254 0.06516683 -0.8594829 -0.4964984 -0.1215674 -0.6172996 -0.3682208 0.6952372 -0.7814249 -0.2478182 0.5726791 -0.2345474 0.3325372 0.9134586 0.2345474 -0.3325372 -0.9134586 0.6279249 0.6164139 -0.4751256 -0.3463557 0.8012551 0.4878813 0.983441 0.09995889 0.1511691 -0.8510547 0.4995922 0.1615969 0.2546526 0.06146287 -0.9650774 -0.1800326 -0.2006919 -0.96297 0.7772439 -0.4004988 0.4852761 -0.1508494 -0.7911678 0.592704 -0.09497189 0.9256138 0.36636 -0.7995563 -0.6004658 -0.01227658 0.9524008 0.2405305 -0.1872911 -0.1771922 -0.7658557 -0.6181164 0.0865426 0.8844774 -0.4584869 -0.9511933 -0.2077633 0.228179 0.1900898 0.5093557 0.839299 0.131635 -0.498417 0.8568856 -0.9005597 0.1731998 0.3987407 0.7136412 0.3856864 -0.5847755 0.007635772 -0.5607438 -0.8279542 -0.0670759 -0.845632 -0.5295352 -0.4229748 0.7137818 -0.5582186 -0.2747174 -0.8986629 0.3419582 0.7298891 -0.5237829 -0.4392191 -0.7066494 -0.2544868 -0.6602145 -0.3264511 0.2643549 0.9074945 0.9418954 -0.2866532 0.1751091 -0.4908206 -0.2727945 0.827453 -0.8295547 -0.4589978 -0.3180568 0.5716007 0.7798781 0.2550744 -0.7481837 0.3547322 0.5607015 0.4552169 0.6553937 -0.6026912 -0.6264816 0.5856284 -0.5143542 0.5429724 -0.6799539 -0.4927918 -0.3516235 -0.688067 0.6347636 -0.6558887 0.7352471 0.1709433 -0.8511139 -0.4129677 -0.3241341 0.4780641 -0.7109649 -0.5157359 0.4985659 0.2425901 -0.8322152 -0.8206686 0.268054 0.5046287 -0.7415705 -0.3433543 -0.5763515 0.2022046 -0.3916537 0.8976195 -0.6634068 0.5624487 -0.4935006 0.7418698 0.4621446 -0.4858516 -0.2874031 0.5601473 -0.7769392 -0.865553 0.4831 0.1320326 0.1668119 0.9470013 -0.2745218 -0.3558186 -0.556761 -0.7506067 -0.6535917 -0.7066401 -0.2710678 -0.3309293 -0.04978138 0.9423416 0.7963517 -0.5113295 -0.3230574 -0.9617408 -0.2739607 -4.65163e-4 0.3527522 -0.07350414 -0.9328253 -0.1954838 -0.09286749 -0.9763 0.8274829 0.3212485 -0.4605123 0.0145989 0.9953413 -0.09530359 0.7051303 -0.7048748 -0.07709062 0.6687074 0.711345 0.2163762 -0.7294152 0.5373445 0.4233374 -0.5354569 0.3350229 0.7752713 -0.1862881 -0.1321846 0.9735626 0.2631944 -0.4634629 0.8461271 0.7232791 -0.6848135 -0.08887094 0.7466585 -0.5624751 -0.355138 0.4027699 -0.1391802 -0.9046577 0.2051947 0.1113172 -0.9723702 -0.3325454 0.4990783 -0.8002089 -0.5516496 0.7036665 -0.4478127 0.1593156 0.668407 0.7265334 -0.4455136 0.7860727 0.4284943 0.4262427 -0.9030186 -0.05361664 -0.6805075 -0.7060788 -0.1958631 0.6942248 -0.7153187 -0.07981932 -0.6456538 -0.0970385 0.7574397 -0.201005 0.08491522 0.9759029 -0.7110539 -0.6249893 -0.3221659 0.3541952 -0.07506924 -0.9321536 -0.6469568 0.3266041 -0.6890404 0.1040039 -0.9437776 0.3137948 0.7988889 -0.003290593 0.6014697 -0.5785686 -0.1244388 -0.8060852 -0.3199096 0.4282565 0.8451357 -0.3879885 0.6438354 0.6595005 0.7821375 0.1306336 -0.6092584 -0.8610878 -0.08153831 -0.5018758 -0.8458852 0.5317906 0.04095488 0.3189675 -0.560103 0.7645551 0.3101484 -0.6204184 0.7203394 -0.6757865 -0.7092501 -0.2006912 0.3501001 0.07058751 -0.934049 -0.2853001 -0.4934492 0.8216518 0.2433154 0.01616865 0.9698125 0.6182259 -0.1052153 -0.7789265 -0.8377908 -0.5456359 0.01970595 0.1295181 -0.8867681 0.4436975 0.1153705 0.9933183 -0.00290817 -0.8061124 -0.1244249 0.5785337 -0.1665284 0.696125 -0.6983397 0.3627424 0.8404579 -0.4025526 0.7141301 -0.6890149 -0.1235995 0.02082902 0.3165071 -0.9483615 -0.6191093 0.6826827 -0.388134 -0.4182819 0.2191975 0.8814719 -0.732681 0.566293 0.3774797 0.5807223 -0.6474887 0.4934775 -0.6784737 -0.7073939 -0.1981602 -0.6598069 0.7259506 0.1940376 -0.6903793 0.7116379 0.1301845 -0.6456301 0.4643535 0.6062489 0.2420036 -0.4779077 0.8444162 0.6413779 -0.6580088 0.3945362 0.6355898 -0.4566704 -0.6224771 -0.2502959 0.5152609 -0.8196696 0.3907601 -0.2460863 -0.8869883 0.8822283 -0.4542052 -0.1239801 0.2563594 0.9426104 -0.2139289 -0.3142767 0.303357 -0.8995581 0.7929216 -0.6090475 -0.01835274 0.9599336 -0.02857363 0.2787671 -0.7499669 -0.3042823 0.5873348 -0.6336495 -0.727454 0.2632471 0.9562861 0.172106 -0.2364243 -0.7144837 -0.5579875 -0.4220939 -0.004143655 -0.4675762 -0.8839432 -0.8779184 -0.4767903 -0.0439369 0.5580207 0.6266198 0.5440227 -0.4976932 -0.8632234 0.08453905 0.8778288 0.3039276 -0.3701953 -0.879307 -0.07557684 -0.4702206 -0.6743022 0.7344968 -0.07636094 -0.2637168 -0.6167716 -0.7416511 -0.9830875 -0.1788536 -0.03937405 0.03737759 0.3680374 0.9290595 0.8733724 -0.4722405 0.1192046 -0.5923969 -0.1522065 0.7911379 0.5004093 -0.8643593 -0.0497362 0.7415978 -0.6437406 -0.1887613 0.8056542 -0.5896577 -0.05678999 -0.2914535 0.5150643 -0.8060793 -0.2864902 0.6187689 -0.7314701 -0.5978081 0.785066 -0.1621636 0.3326772 -0.8215704 0.4629773 -0.3865347 0.7067252 0.5925626 0.6424986 0.2437462 0.7264871 0.3131964 -0.5745052 -0.756209 -0.2553446 -0.05688118 -0.9651755 -0.3976143 0.5418351 0.7404848 0.1017528 -0.1643738 -0.9811359 0.7359655 -0.340916 -0.5849197 0.5964745 -0.7813878 0.1834427 -0.4662724 0.341961 -0.8158754 -0.3093071 -0.6123111 -0.7276018 -0.2956098 0.7191779 0.6288068 -0.5456022 -0.7085857 -0.4474648 0.4497988 0.8929467 0.01809138 0.8562063 -0.04980003 -0.5142285 -0.7994641 -0.2921032 0.5249124 0.2569084 0.9480883 -0.1874214 -0.6516788 0.0555557 0.7564578 -0.822868 0.5561611 0.1165031 0.8591693 -0.3287533 -0.3921092 0.4959111 -0.2852379 -0.8201901 -0.02540671 0.001288056 -0.9996764 -0.02561414 0.001444339 -0.9996709 -0.290263 0.3598574 -0.8867074 -0.47233 0.7039926 -0.5303761 -0.5394757 -0.6319294 -0.5564452 0.2610723 -0.912885 -0.3138188 -0.6252133 0.5488923 0.5548204 -0.5363208 -0.2184157 0.8152636 -0.266792 -0.5808711 0.7690324 -0.2192726 -0.600807 0.768733 -0.4395956 0.768477 0.4649718 -0.620673 0.7068974 0.3392065 -0.412307 -0.6944655 -0.5896784 -0.8500183 0.4659366 0.2457073 -0.1244174 -0.9454712 0.3010061 0.4858176 0.2191823 -0.8461326 0.4300522 0.3072652 -0.8489072 0.7468478 -0.03374862 -0.6641382 -0.943628 0.2521287 -0.21447 -0.1421787 0.6801556 -0.7191478 0.8293533 0.2675514 -0.4904991 -0.6873036 0.4077157 0.6011504 -0.3445048 0.2627794 0.9012566 0.02973639 0.008830428 0.9995188 -0.05413353 0.1348401 0.9893875 -0.06637203 0.1593512 0.9849883 -6.07524e-4 -0.6630131 -0.7486076 -0.5491356 -0.6941431 -0.4654198 -0.7673256 -0.5044544 0.3959006 0.8172032 -0.5062394 -0.2755006 -0.7873376 0.3102787 0.532754 -0.4309256 -0.2592307 0.8643511 0.6198015 -0.6976042 0.3594364 0.03423374 -0.5589226 -0.8285129 0.5511263 0.7038144 0.4482246 -0.8361296 0.5037639 0.2170469 -0.0477209 0.5694749 -0.8206225 -0.565813 -0.05174237 0.8229085 -0.4353925 -0.2116378 0.8750102 -0.1338754 -0.4448775 0.8855289 0.2684499 -0.663574 0.6982867 0.5379163 -0.7079357 0.4576825 0.6784892 -0.6922954 0.2457226 0.8162218 -0.3167886 -0.483143 0.8238145 -0.3414788 -0.4524622 0.7975609 -0.2536436 -0.5473222 0.3662397 0.2655669 -0.8918199 0.1240276 0.4566066 -0.880981 0.4150946 0.263024 -0.8709276 -0.8276941 0.293235 0.4784724 -0.8270165 0.5474739 0.1277351 0.4997465 0.6459059 0.5771127 -0.06188338 -0.6834326 -0.727386 0.5636227 0.8180499 0.1145597 0.3741556 0.9194257 -0.121095 0.1592168 0.1688882 -0.9726905 0.7113811 -0.6106792 0.347862 -0.1276506 -0.8355851 0.5343248 0.8464599 0.2470914 -0.4716479 -0.8563216 0.1736407 -0.4863766 0.8703309 0.09621995 0.4829761 0.05373138 0.05273002 -0.9971622 0.2504613 0.9024291 -0.3505579 -0.8988457 -0.4368382 0.03533989 0.4533755 0.6077097 0.6520273 0.8308341 -0.367953 0.417523 -0.4259201 0.738827 -0.5222326 -0.7741014 0.2419544 0.585 -0.9106997 0.2870782 -0.2970052 0.3443338 0.7552509 -0.5577009 -0.09688675 0.8562904 0.5073263 0.4904062 0.6747271 -0.5515843 0.104901 -0.6861563 0.7198508 0.01137745 -0.3355282 0.9419615 -0.3119865 -0.6777135 0.6658596 0.5652627 -0.6572307 0.4985237 0.4095475 0.6040073 -0.6837004 0.6362595 0.310603 -0.7061867 0.8032767 0.3026013 -0.5130098 -0.6097277 0.1706458 -0.7740234 0.5000048 0.7733464 0.3897829 0.6240453 0.4154957 0.6617634 0.8527361 0.3786866 -0.3597743 -0.7428643 0.5381519 0.3981775 0.7939767 0.2777801 -0.5407766 0.5772584 0.6969245 -0.4255222 0.8094975 0.1258648 0.5734735 0.1466556 0.5752754 -0.8047052 0.1738462 0.6438224 -0.7451646 -0.224283 -0.6708958 0.706821 -0.7459653 0.5081573 -0.4304788 -0.6753411 0.7073972 -0.2085752 -0.677687 0.7054261 -0.20764 -0.3378186 -0.7056735 -0.6228191 -0.8833313 0.00954771 0.468652 0.8523755 -0.5100686 0.1152652 -0.8510514 -0.2173769 -0.4779738 -0.03645581 0.3616425 0.9316039 0.1127122 0.4433996 0.8892091 -0.852414 0.5100232 -0.1151818 0.128289 -0.06083387 0.9898693 0.8172922 0.06718385 0.5722936 0.2686787 -0.7065314 0.6546947 0.522796 0.671007 -0.5257699 -0.559093 0.5323873 0.6355932 -0.8741893 -0.4825225 -0.0544551 -0.6681331 -0.4895409 0.5603106 0.1913031 -0.4525059 0.8710003 -0.6505082 0.1670097 -0.7409095 0.9306473 0.1158189 -0.3471047 0.6340933 0.7673199 0.09563535 0.6246554 0.6267495 -0.4658226 0.9178112 -0.2712355 -0.2899209 0.9387565 0.1891999 -0.2879927 0.3393753 0.7057318 0.6219061 0.3240318 0.5094463 -0.7971624 -0.02263504 0.6721009 -0.7401137 -0.5723704 0.6545582 -0.4939087 -0.8788167 0.4750809 -0.04449123 -0.9469978 0.1985903 0.2525015 -0.8217299 -0.08418214 0.5636252 0.588336 -0.7664255 -0.2577844 0.9349393 0.3065504 -0.1786491 -0.3379739 -0.705626 -0.6227887 0.08113956 -0.2420707 -0.96686 -0.1000033 0.1489399 0.9837765 -0.7529676 -0.1942097 0.6287468 0.3885012 0.6304359 -0.6720249 0.9376543 -0.3093526 -0.1584469 0.2160073 -0.9010557 0.3760844 -0.9828974 0.1605749 -0.0901587 -0.8389855 -0.4821898 0.2521831 0.9418743 -0.3270075 0.07706558 0.6509131 0.7528631 -0.09751683 0.3236305 -0.9427812 0.08016794 0.019939 0.5167615 -0.8558973 -0.2500554 0.9625082 -0.1051209 -0.8102647 -0.5572315 0.1815606 -0.03669291 -0.3927896 0.9188961 0.5981046 -0.4252007 -0.6793198 0.6477713 -0.4280672 -0.6301991 0.6556776 -0.658436 0.3695256 0.3387517 0.7046025 0.6235244 0.9001805 0.2568705 -0.3516997 0.550995 -0.04738903 -0.833162 -0.7292605 -0.536686 0.4244378 0.8236048 -0.21716 0.5239436 -0.2105991 -0.3452143 0.9145902 0.6012933 0.7785388 -0.1797885 -0.09595096 -0.0336914 -0.9948157 0.6511629 0.7585368 0.02467453 0.4866265 0.8636828 0.1313271 -0.8920673 -0.0111463 0.4517654 -0.1466079 -0.6098874 0.778809 0.9252582 -0.2737661 -0.2625824 0.8253676 -0.5412479 0.1606836 0.3199555 -0.6967077 0.642049 0.896169 -0.03266429 -0.4425091 0.950468 -0.1962881 -0.2410016 -0.9142928 0.3840466 0.1287521 -0.8425997 0.5212709 -0.1352858 0.2493573 -0.6986548 0.6705986 -0.4519288 -0.6057987 -0.6548041 0.1455964 -0.4545729 -0.8787294 -0.1653928 0.8878462 0.4293882 -0.3614415 -0.9314056 0.04294091 -0.1671888 0.7537224 0.6355711 -0.5515637 -0.005316913 -0.8341158 0.8286169 0.479294 0.28926 0.05596441 0.8233818 0.5647217 -0.3611134 -0.6975669 -0.618868 0.6792178 -0.7061923 0.1998891 0.3969786 0.4463002 -0.8020126 -0.4185221 0.1017187 -0.9024925 -0.4286369 0.3929622 0.8135425 -0.6402394 -0.710513 0.2920015 0.8748669 -0.01828688 0.4840181 0.8289013 -0.5048873 -0.2408559 0.2322441 0.854658 -0.4643518 0.451595 0.7834085 0.4270049 -0.5945367 0.2806959 -0.7534826 0.7675377 0.5057188 0.3938711 0.6310446 -0.6693553 -0.392105 0.5811793 -0.3418958 0.73847 0.5665014 -0.7595875 0.3195358 -0.6921087 -0.7138822 0.1065732 -0.3001664 -0.495505 -0.815092 -0.5298702 0.5817638 -0.6170807 -0.754021 0.6549355 -0.05011928 -0.5198846 -0.4822833 0.7050694 0.1265925 -0.3636606 0.9228898 0.7234092 0.568221 -0.3921785 -0.9584881 0.1230262 -0.2572262 0.4199982 -0.6188831 -0.663766 0.7938908 0.357781 -0.4916608 0.9972309 0.06020361 0.04365831 -0.345739 0.2683597 0.8991372 -0.7966834 0.2847194 0.5331326 -0.1745086 -0.01329416 -0.984566 -0.7774932 -0.2779667 0.5641265 -0.9015312 0.4184262 0.1102774 -0.6230978 -0.6622563 0.4161321 -0.6215433 0.6054946 0.4970516 -0.5079505 -0.306993 -0.804824 0.9190894 0.1665394 -0.3571267 -0.2815988 -0.6712189 -0.6856875 0.8149499 -0.338728 -0.4702341 -0.3578913 0.8662259 -0.3486642 -0.71615 0.6670109 -0.205489 0.2802756 0.4202548 -0.8630362 -0.5200489 -0.7214419 -0.4572426 -0.07405656 -0.705759 -0.7045708 -0.7374561 0.3670984 -0.5669193 0.4381147 0.8359562 0.3305039 -0.995906 -0.01546972 0.08906197 -0.3488526 -0.6437076 0.6811332 -0.6445637 -0.5730539 -0.5061097 0.9339951 -0.07071244 0.3502185 -0.2714643 -0.6657283 0.6950633 -0.6438529 -0.7205805 -0.2573272 0.1025944 0.7082997 0.6984168 0.7920096 -0.3426738 -0.5052678 -0.2973399 -0.7048894 0.6439876 -0.290987 0.9565677 -0.01746279 -0.9353474 -0.2942049 -0.1963891 -0.6140624 0.4494573 -0.6487801 -0.9295603 0.08105468 -0.3596496 0.9650613 0.2287786 0.1277384 -0.6703326 -0.1443229 -0.7278909 -0.9067418 0.3417732 -0.2470031 -0.02338153 0.6552107 0.7550843 -0.3181032 -0.7030982 0.6359744 -0.1817429 -0.6791827 -0.7111121 0.6791197 -0.7055479 0.202481 0.4875475 0.6405674 0.5932714 0.6835601 0.7125996 -0.1579478 -0.8997933 -0.2796314 0.3349304 0.0612536 0.762485 -0.6441 -0.5245693 0.1022779 -0.8452019 -0.5612607 0.09158021 0.8225569 -0.08707988 -0.8911158 0.4453424 0.8690454 0.492157 0.05041664 0.0759567 0.7050246 0.7051035 -0.0745421 -0.7064279 -0.7038488 0.8021833 0.3974298 0.4455914 -0.07238388 -0.7029899 -0.7075068 -0.8541688 -0.3198848 0.4099625 0.5213497 0.05207127 0.851753 -0.4099638 0.3198845 -0.8541685 -0.4099695 -0.3198888 -0.8541641 0.6669287 -0.2600831 0.6982571 -0.884738 0.0709328 -0.4606597 -0.8948006 0.2251974 -0.3855102 0.7776706 -0.5106967 0.36663 0.7504276 -0.3325816 -0.5711812 -0.806102 0.1244286 0.5785474 -0.4370449 -0.8948588 0.09066182 -0.1755909 -0.8141095 0.5535286 0.8301062 0.4057607 -0.3824684 0.7697291 0.3914011 -0.5043039 -0.880452 0.3738099 -0.2916684 -0.8389828 -0.4821931 0.252186 -0.9011344 0.3419473 0.2665126 0.5939013 0.6590558 0.4614399 0.3816004 0.6953014 -0.609046 0.4240244 -0.502503 -0.7534548 -0.2984074 -0.9375601 0.1787014 -0.324347 -0.0876162 0.9418718 -0.3082226 -0.4214239 0.852878 -0.8347837 0.4308089 0.3428409 -0.3664557 0.6569377 -0.6588953 0.1579447 -0.693289 0.7031386 0.9596503 0.1312935 -0.2486632 0.9456903 0.1669021 -0.2789508 0.07402724 0.7062173 0.7041145 0.4596649 -0.641759 0.613884 0.9408861 0.1548199 -0.3012713 0.8065983 0.3705661 -0.4605214 0.3649263 -0.674485 0.6417934 -0.8150323 -0.5624466 0.1391993 0.1478221 0.9571139 0.2491624 0.1694147 0.7320427 0.6598576 -0.3527696 -0.06216752 0.9336428 -0.7000074 -0.6840997 -0.2049325 -0.2528908 0.965039 0.06889277 0.1101662 0.03961086 -0.9931236 0.8377264 0.4112985 0.3592325 -0.6343278 0.6213132 -0.459998 -0.4827746 0.6248499 0.6135889 -0.4741544 -0.8704843 -0.1320415 0.5497517 -0.5190707 -0.6544759 0.4628239 0.8747172 0.1437502 0.1746206 0.5983922 0.7819427 -0.5719972 0.1181246 -0.8117056 0.7365342 -0.02531081 0.6759266 -0.8000463 -0.3803203 0.4639855 -0.654599 -0.2712514 0.7056365 -0.7406059 0.2480596 -0.6244753 0.7738142 -0.6311839 0.05309033 0.4005029 -0.3774664 -0.8349351 -0.6120106 0.517303 -0.5981978 -0.1732329 -0.9750902 0.1385267 0.7853788 -0.5041368 0.3592023 0.8199686 0.120907 -0.5594935 0.2629309 0.8550386 -0.4469636 0.9111176 0.05902236 -0.4078985 -0.9460581 0.2922059 -0.1399636 0.7553517 0.4678294 -0.4588896 0.4700822 -0.3854994 0.7939854 -0.3616579 0.09827077 0.9271174 0.4895848 -0.6353392 0.5972025 -0.9578474 -0.2234004 0.1806122 -7.9879e-4 -0.9193663 0.393402 0.3855573 -0.9225349 0.01658099 -0.326471 -9.05352e-4 0.9452068 -0.7578441 -0.4224073 0.4972369 0.4815664 -0.666853 0.5686836 -0.8343604 0.4815572 0.2682264 0.5557621 0.2639083 0.7883407 0.6629282 0.692042 -0.2856646 -0.4899203 -0.3681027 -0.7902396 -0.2579261 0.6690751 0.6970026 0.9069522 0.3962845 -0.1428155 0.3591286 0.2491979 -0.8994038 0.9403679 -0.3153096 -0.1276254 -0.1802757 0.4235681 0.8877447 0.3463218 -0.5975257 0.7232041 0.2701209 -0.962043 -0.03883409 -0.7016614 0.6948277 0.1577528 0.7669597 0.2133756 0.6051807 -0.9135712 -0.08708369 0.3972457 -0.8804162 -0.4709226 -0.05567085 0.3331332 0.6835507 0.6494465 0.1481035 -0.7075462 -0.6909731 -0.6369317 -0.7081389 0.3047252 -0.7979129 -0.5657748 -0.2079277 -0.7607222 -0.1429033 0.6331512 -0.3043491 -0.629481 -0.7149303 0.2214803 -0.7031515 -0.6756659 0.5652849 0.6679522 -0.4840381 0.2396867 0.6940546 -0.6788509 -0.3032217 0.6304261 -0.7145766 -0.7099252 0.3522323 -0.6098678 -0.9558641 0.02135854 -0.2930316 -0.9663407 -0.2446978 -0.07942706 -0.4841645 -0.664328 0.5694323 -0.349672 -0.70598 0.615891 0.9095669 -0.3879268 -0.1490003 0.4932613 0.8459509 -0.2026343 0.5515826 -0.7049295 0.4459047 0.551639 -0.7018009 0.4507437 -0.2048001 0.70338 0.6806714 0.3198719 0.7706629 -0.5511451 -0.3915295 0.7648235 -0.5116149 -0.7732856 -0.4892844 -0.4032745 -0.3946442 -0.5610669 -0.72764 0.38159 -0.6953026 -0.6090512 0.1496998 0.4261888 -0.8921621 -0.329995 0.7489931 0.5745544 -0.9665665 -0.2247064 -0.1235161 0.3259529 -0.8839777 0.335169 0.9759012 0.08490455 0.2010177 -0.7970865 -0.1117217 -0.5934405 -0.5252037 0.193123 -0.828773 -0.889299 0.005683898 0.457291 0.2335206 -0.9686998 0.08419609 0.7149454 0.1404039 0.6849378 -0.1980755 0.710547 0.6751955 0.4135975 -0.7500341 0.516126 -0.6232294 0.5161634 -0.5875037 -0.9958151 0.08981704 -0.01688599 0.8451924 0.4257457 0.3230952 -0.9728397 0.1990342 -0.1181877 -0.09458005 0.6763496 -0.7304832 -0.7400707 0.3447953 -0.5774181 0.7961815 -0.1384175 -0.5890124 0.7880224 -0.3466711 -0.508763 0.982252 -0.1370611 -0.1280435 0.4820849 0.8638803 0.1459628 -0.998734 -0.03288191 0.03806787 0.7025735 0.7085722 -0.06569677 -0.9618008 -0.27151 -0.03495019 -0.8909075 -0.4188569 0.1756218 0.3910195 -0.6023359 0.6959133 0.7548241 -0.3268785 0.5686749 -0.2013947 0.7056528 0.6793337 0.476298 -0.5029684 0.7212233 0.8958415 0.4000921 -0.1933762 0.6135011 0.6380829 -0.46526 -0.7484708 0.3061966 -0.5882475 -0.7980947 0.2597153 -0.5436845 -0.9469826 -0.3196576 0.0322988 -0.2685899 -0.742802 0.6132739 -0.2029688 0.7071114 0.6773457 0.6504626 0.519086 -0.5544802 -0.01813805 -0.7798184 -0.625743 0.7622268 -0.6472989 0.003793478 0.169691 -0.9179127 0.358666 0.7585723 0.3007544 -0.5780267 0.7890743 0.5778511 -0.2084468 0.211157 -0.710461 0.6713106 -0.2138864 0.8496627 0.482002 0.200382 -0.7062971 -0.6789636 -0.06036484 -0.08103913 -0.9948813 -0.7042357 0.02594661 0.709492 0.08029365 -0.9938387 -0.07640451 0.6165454 0.2498241 0.7466323 0.8252512 0.2063948 0.5257012 -0.01949328 0.8380524 -0.5452415 -0.3279268 0.5894339 0.7382626 0.2226696 -0.7473415 -0.6260184 0.4830253 -0.8687122 0.1096626 -0.9112383 0.3964095 -0.1118221 0.2285274 0.4472152 -0.8647391 -0.08971905 -0.5828881 -0.807584 -0.6069312 -0.7947472 -0.003413021 -0.4104362 0.5355401 -0.7380644 -0.836493 -0.5460339 0.04611331 -0.6300355 -0.76723 0.1200557 0.6669144 0.1117724 0.7367036 0.7844596 0.116524 0.609135 -0.0686866 0.4630811 -0.8836504 -0.9093295 -0.2133049 -0.3572408 0.3949275 0.6413934 -0.657759 0.2024855 0.673389 -0.7110183 0.6918259 -0.07180184 0.7184855 -0.3360984 0.3979682 0.8536154 -0.7522463 0.5341551 -0.385751 0.2478445 -0.6587572 -0.7103605 -0.6995799 -0.673868 0.2376761 -0.5935345 -0.2273038 -0.7720426 0.7511232 0.660141 0.005300104 0.3447393 0.6380064 -0.6885511 -0.6143921 -0.03333777 -0.7882962 -0.7880007 -0.436185 0.4345085 0.350223 0.6719173 -0.652588 0.4144913 -0.6240122 0.6624242 0.8252246 -0.5406158 -0.1635201 0.7517667 -0.1869388 -0.6323772 0.8128203 0.331588 -0.4789286 0.7718718 0.5438627 -0.3292834 -0.7019552 -0.3130491 -0.6397337 0.2416458 -0.6729137 -0.6991384 0.3820166 0.6880612 0.6169562 -0.8146391 -0.5129953 -0.2705534 -0.5925098 0.6938586 0.4092584 0.5815302 -0.2517473 0.773593 0.6590702 -0.1165989 0.7429881 0.4765442 0.3926395 0.7866002 -0.8052936 -0.5751032 0.1440783 -0.7126428 -0.6557436 0.2492803 -0.3869211 0.3209363 -0.8644605 -0.5512269 -0.1370227 -0.8230271 -0.702888 -0.5375813 -0.4657842 -0.7351703 -0.5957786 -0.3233767 -0.7705941 -0.6280583 0.1082935 -0.6392276 -0.461632 0.6150479 0.3837803 0.7573767 -0.5282928 0.8150434 -0.5624171 -0.1392531 0.3507581 -0.2659386 0.8979117 0.8080757 -0.2514079 0.5327363 0.9622198 -0.1237381 0.2425323 0.9908314 0.0843417 -0.1055446 0.8942795 0.3208647 -0.3119455 0.5651832 0.643738 -0.5159161 -0.3413355 -0.03564119 0.9392656 -0.9313855 -0.3489719 -0.1036325 -0.818601 0.0553255 -0.5716918 0.4992923 0.1651572 -0.8505471 -0.8949486 -0.4458251 0.01752477 -0.7194688 -0.6314201 0.2892632 -0.6102191 -0.6982153 0.374337 0.1970566 -0.8535449 0.4823173 -0.5480792 -0.6536045 0.5219295 0.3203582 0.7735525 0.5467972 0.7609705 0.3988931 0.5116721 0.3730645 0.01048254 0.9277462 0.274295 0.07061105 -0.9590498 0.5620337 0.3813456 -0.7339575 0.6909468 0.6431822 0.3300141 -0.445914 0.7057277 0.5505535 0.6901713 -0.7183153 -0.08767503 -0.3264657 -0.7192137 0.6133123 0.0091241 -0.6570846 0.7537617 0.7193327 -0.09011787 0.6887955 -0.447958 0.7021683 0.5534379 0.1672816 -0.5324462 0.8297699 0.5479783 -0.2806276 0.7880153 0.8401477 0.100636 0.5329393 0.7672739 -0.01385182 0.6411701 0.8595523 0.5084295 0.05166739 0.7906615 0.5979229 -0.1316921 0.4588441 0.7060487 -0.5394046 0.3421886 0.6945691 -0.6328356 -0.2197367 0.508063 -0.8328192 0.3594354 0.7197498 -0.5939416 -0.7799475 0.02914488 -0.625166 -0.8879451 -0.3024677 -0.3465065 -0.8671901 -0.4927729 -0.07180619 -0.8005884 -0.5911653 0.09788703 -0.3700847 -0.7004848 0.6102117 -0.2209231 -0.6825856 0.6966132 -0.4073914 -0.911335 0.05916899 -0.5103912 -0.7731524 -0.3764787 -0.2019009 -0.7065123 0.6782893 0.7321036 -0.1991277 -0.6514388 -0.3219668 0.6423801 0.6954749 -0.03201872 0.6316422 0.7745985 0.1107235 -0.8672659 0.4853763 -0.5457991 0.3799722 0.7468096 0.2286962 -0.6875833 -0.6891496 -0.3394836 0.926422 0.1627673 0.749924 -0.5559409 -0.3585302 -0.9950362 0.06206041 -0.07779186 0.4456326 -0.4466202 -0.7758492 -0.4128334 0.8634181 0.2899622 0.110174 -0.4886274 -0.8655084 -0.6975653 0.2976499 0.6517724 -0.9752663 -0.03744941 -0.217838 0.2762641 0.9532886 -0.1221433 0.4601035 -0.8026599 -0.3795286 -0.5093569 -0.2497791 0.8235083 0.5909276 0.7593452 0.2723959 -0.4282023 0.7092999 -0.5599433 -0.6195898 0.3206863 -0.7164278 0.5774081 -0.8116387 0.08855736 -0.3223805 -0.880355 -0.3479166 -0.4561256 -0.435545 0.7760478 0.4967901 -0.4734747 -0.7273386 -0.4944723 0.587922 -0.6401914 -0.8267897 -0.4330404 -0.3590192 -0.3905476 -0.321447 0.8626381 0.2849807 -0.4948931 0.820894 0.778172 0.6240616 0.07067853 0.5768429 0.4527253 -0.6799207 0.7155671 0.0159657 0.6983616 -0.4599015 0.7023239 -0.5433524 0.7001278 0.2340398 -0.6745713 0.5805117 0.706336 0.4050874 0.1971302 -0.7059699 -0.6802545 0.2014603 -0.705237 -0.679746 0.2031242 -0.704194 -0.6803319 0.2019271 -0.705268 -0.6795753 0.2019422 -0.7055059 -0.6793238 0.2022023 -0.7060185 -0.6787136 0.4751097 -0.2714573 0.8370075 0.2641575 -0.9644485 0.007741749 0.4213717 -0.840867 0.3396889 0.9742974 0.211184 -0.07839554 -0.004451155 0.7840385 -0.6206964 0.4437147 0.7109504 -0.5455884 -0.7192396 -0.688995 0.08933317 0.8482124 0.3756157 0.3734281 0.7517803 -0.553546 -0.3583478 0.4577684 -0.8420993 -0.2851611 0.5653532 -0.6207448 -0.5431866 -0.7069776 0.1839713 0.682889 0.9308744 -0.09585988 0.352539 0.1135997 -0.5750138 0.8102188 -0.2138904 -0.9473419 -0.2383154 -0.7349148 0.1564273 0.6598719 -0.7870842 -0.5410587 0.2962331 -0.1183077 -0.1735996 0.9776843 0.1107751 0.9716957 -0.2086536 0.1500167 -0.1048646 -0.9831065 -0.5659273 0.2542954 -0.7842578 0.516358 -0.6727513 -0.5298869 0.8833539 -0.4521619 -0.1234321 -0.5530089 -0.7086634 -0.4381524 -0.5530202 -0.7086585 -0.438146 -0.02538704 -0.001475811 -0.9996767 0.6429372 -0.6215505 0.4475567 -0.2370978 -0.5110027 0.8262329 0.4288809 0.5866172 -0.68698 0.4377049 -0.708836 -0.553142 0.4377124 -0.708833 -0.5531397 -0.03291362 0.7057373 -0.7077087 -0.02361172 0.7181069 0.6955322 -0.3480592 -0.7640358 0.543235 0.9488854 0.1577295 -0.2733826 -0.7511035 -0.4884867 -0.4440997 0.5981182 -0.6926341 -0.4031286 0.3917922 0.2550797 -0.8839871 0.523117 0.7377122 0.4267663 -0.1942532 -0.8113 0.5514146 -0.4285068 -0.8108187 0.3986918 -0.2285156 -0.2480515 0.9414091 0.3938565 -0.8905475 0.2276016 0.04961794 0.3599865 0.9316372 -0.01914751 0.4980237 0.8669521 -0.5982813 0.5002343 0.6259595 -0.2411181 0.7603635 -0.6030833 0.8211762 0.5706152 -0.008258163 0.7931197 0.1747233 -0.5834664 -0.2005234 0.7043771 0.6809137 -0.203277 0.7053292 0.6791092 -0.197659 0.7034253 0.6827327 -0.8399436 -0.1165457 0.5300112 -0.976304 0.2140797 -0.03162896 -0.6477991 0.5968374 -0.4734359 0.3917253 -0.1684899 0.9045234 0.8685964 0.2414341 0.4327238 0.5419621 0.6385161 -0.5464196 -0.1764497 -0.5537501 -0.8137729 0.409756 0.7999305 -0.4384192 0.1654125 0.6821038 0.7123014 0.4253056 -0.6968901 0.5774595 0.6932615 0.5054166 0.5137535 -0.1801719 -0.5998591 -0.7795558 0.742933 0.6465514 -0.1732683 -0.7881381 -0.6068862 0.1026043 0.3950921 0.3911482 -0.8312072 0.2919511 -0.6672203 0.6852603 0.5821381 -0.2365303 0.777926 0.677776 -0.6683886 -0.306393 0.4075516 0.4879698 -0.7718725 -0.8056287 0.3093289 0.5052505 -0.9619353 -0.2732716 -0.001789987 -0.58812 0.4844049 0.6476626 0.7914057 -0.5787424 -0.1968103 -0.8389668 0.544173 -0.003269314 -0.2344805 -0.05309009 0.9706701 -0.4429322 -0.3606023 -0.8208394 -0.7493715 -0.592154 0.296304 -0.4524999 -0.7013471 0.5507778 -0.4460271 -0.705618 0.5506026 -0.4574237 -0.7022187 0.5455755 0.5092157 -0.833872 -0.2129721 -0.7871854 -0.4867704 0.3786735 0.2806626 -0.05187731 0.9584036 0.141102 -0.6477102 0.7487068 -0.4459907 -0.7056172 0.550633 -0.8826971 -0.4168637 0.2169573 -0.4514476 -0.7043215 0.5478379 -0.4459939 -0.7056217 0.5506247 -0.6736283 -0.5714935 -0.4686365 -0.7779528 -0.5395769 0.3219417 -0.7813583 -0.4832147 0.3949465 -0.5751834 0.07999616 -0.8141037 -0.4405255 -0.708789 0.5509586 0.9646586 0.08104026 0.2507313 0.09907174 -0.9534138 -0.2849333 0.7254502 -0.6019808 0.3336785 0.9150829 0.2291067 -0.3318638 -0.8561257 -0.2200295 -0.4675853 -0.03124588 0.7611989 -0.6477655 -0.2770313 -0.5369222 0.796849 0.5900581 -0.6943788 -0.4119096 -0.1556369 0.7231562 -0.6729207 0.4562484 0.7018169 0.5470744 0.7854023 -0.5778748 0.2218199 0.3211423 -0.8291332 -0.4576086 0.2256582 0.2156212 -0.9500452 -0.6288982 -0.6165201 -0.4736983 0.7010692 -0.708615 -0.07979226 0.7047578 -0.7048501 -0.08064079 0.7050386 -0.7059165 -0.06784176 0.7036027 -0.7069344 -0.07202035 0.7042574 -0.7055116 -0.07921457 0.7074738 -0.7031101 -0.07153409 0.7413004 -0.1677302 -0.6498773 0.4891595 0.7370384 -0.4663661 0.5537839 0.7644467 -0.3300679 0.4858906 0.8165444 0.3117138 0.4920364 0.8167587 0.3013395 0.8358017 0.5446484 -0.06923681 0.6798393 0.7049272 0.2022281 0.6810429 0.7038108 0.2020668 0.68004 0.7062618 0.1968249 0.67825 0.7048997 0.2075894 -0.04396688 -0.08643972 -0.9952865 -0.86769 0.4619975 -0.1835007 0.7452007 0.651557 0.1419488 -0.7462875 0.1986011 0.6353051 0.5501369 0.7049967 0.4475814 -0.8331283 -0.4978143 0.2409942 -0.493138 0.5781565 0.6500385 0.07560354 0.169084 0.9826977 -0.5820156 -0.7906566 -0.1900524 -0.3474213 -0.7523409 -0.5597157 0.6422096 -0.6807963 -0.3522545 0.541768 -0.07717764 0.8369774 0.994785 -0.02303755 -0.09935843 0.3937755 0.9048458 0.1618487 -0.6039137 0.7453083 -0.2824958 0.1301695 0.6682573 -0.7324535 0.647233 -0.5177536 0.5594826 -0.4724285 0.3659656 -0.8017984 0.7719863 -0.4575509 0.4412308 -0.3174191 -0.8888791 0.3303622 -0.527104 0.8364455 -0.1500681 0.1698102 0.5086777 0.8440448 0.5140039 -0.8146019 0.2687447 -0.03386324 -0.5948008 -0.8031595 -0.9877859 -0.1492246 -0.04484456 -0.8533644 0.06215441 0.5175967 -0.4171362 0.4846351 0.7688474 -0.4132935 -0.8148019 -0.4065542 -0.4393405 -0.7707654 -0.4614116 -0.3326743 0.4404414 -0.8338701 -0.320968 0.9297515 0.1803933 -0.3033258 0.7122269 -0.6330295 -0.9944347 0.09355562 0.04844719 -0.9432848 -0.2472501 -0.2215432 -0.6495316 0.5996957 -0.4674121 0.6446064 -0.6180514 0.4499945 0.1982154 0.7060229 -0.6798841 0.2045058 0.7051324 -0.6789447 -0.5497287 -0.1611143 0.8196588 -0.1429114 0.7449333 -0.6516523 0.546702 0.3136579 0.7763605 0.3659969 0.6842728 0.6307274 -0.2311385 0.7882782 -0.5702565 -0.2588844 0.5987927 -0.7579091 0.4693034 -0.8553868 0.2192437 -0.5279361 0.7502875 0.3979348 -0.8912131 0.4385272 0.1159018 -0.8029603 0.1609429 0.5738921 0.3176082 0.6704426 -0.6705459 0.5434365 0.4535583 -0.7063722 0.600212 -0.7978406 0.05653393 -0.474352 0.4277864 0.7694084 0.3920218 0.4588248 -0.7973699 0.798899 0.5693388 -0.1939424 0.3646152 -0.4131339 0.8344916 0.1578764 -0.1788843 0.9711208 -0.7053463 -0.6101583 0.3608233 -0.9540127 0.2440589 0.1740546 -0.4690051 0.8503237 0.2387129 -0.2111575 -0.2644532 -0.9409978 0.7112532 -0.3763379 -0.5937076 -0.6161764 0.4573552 -0.6412121 -0.8409295 -0.3192703 0.4369258 -0.7718448 0.4832542 -0.4131841 0.4719113 0.005868434 0.8816266 -0.5591521 0.6165668 0.5542511 -0.7422971 0.6491555 -0.1661092 0.3364991 -0.2375692 0.9112241 0.7817999 0.5441851 0.3043876 0.295768 -0.6634958 0.687237 -0.5990593 -0.7079436 0.3740908 -0.2119402 0.7016375 -0.6802839 0.09095078 0.01359462 0.9957627 0.2229665 -0.9527124 0.2064583 -0.4897806 -0.5593009 0.6688031 -0.2566699 -0.3519834 0.9001269 -0.550149 -0.7050002 -0.4475611 -0.868443 -0.3766705 -0.322376 0.4918625 -0.7136226 0.4988126 -0.5501577 -0.7049874 -0.4475705 0.07622832 -0.705489 0.7046095 -0.5320459 -0.4062388 -0.7428978 0.6312398 -0.713647 -0.3037177 0.6251391 -0.6994014 -0.3464661 -0.6249175 0.7083668 0.3281688 -0.342107 0.6817358 -0.6466832 0.6225099 -0.7062667 -0.3371481 0.6223242 -0.7060725 -0.3378971 0.622424 -0.7052436 -0.3394408 -0.6214034 0.7072171 0.3371971 -0.6237101 0.7056571 0.3362053 -0.6210612 0.7062405 0.3398637 -0.6205546 0.7061504 0.3409745 -0.6216632 0.7064444 0.3383362 -0.6224667 0.7051653 0.3395249 -0.6227243 0.7050642 0.3392623 0.04387521 0.9762638 -0.2120947 0.4411377 0.5804209 -0.6844773 0.9930543 0.06192624 0.1000424 -0.6552836 -0.2343031 -0.7181264 -0.2872837 0.1956782 -0.937645 0.2350488 -0.3306099 -0.9140292 0.07418704 0.480081 0.8740816 0.3217281 -0.8245048 0.465492 -0.1871895 -0.1178963 0.9752234 0.6465939 0.2222222 0.729749 0.6033656 -0.708177 -0.3666543 -0.677394 -0.7001859 0.2255594 0.4818993 -0.1269195 -0.866986 0.6228292 0.6236039 0.4724425 0.7700077 0.4829695 0.4169275 0.009777903 0.4988455 -0.8666357 0.578842 0.2770144 -0.7669452 -0.3204123 -0.4095841 0.8541527 0.13365 -0.9339271 0.3315389 0.7271662 -0.6106988 -0.3134906 -0.7000672 0.3096072 -0.6434666 0.5030318 0.4233906 0.7534584 0.997037 -0.06726276 -0.03732353 0.01470834 -0.08649325 0.9961439 0.2304947 -0.2999034 0.9257052 0.6333343 -0.6992095 -0.3316531 -0.6236556 0.7070116 0.333449 -0.6253576 0.7046496 0.3352567 -0.6222766 0.7059476 0.3382456 -0.6221752 0.7063044 0.3376864 -0.622303 0.7065704 0.3368935 -0.6236398 0.7062311 0.3351284 -0.6224662 0.7052982 0.3392497 -0.6242467 0.7029703 0.3408063 -0.7639698 0.6426941 0.05739682 -0.4813271 0.6819968 0.5506402 -0.730669 0.5000737 0.4648109 -0.6148921 0.690317 0.3812744 -0.623502 0.7048814 0.3382124 0.9074665 0.3228998 -0.2687758 -0.2949479 -0.6642856 -0.6868264 -0.2433316 0.8373509 0.4895236 0.5589153 0.5593458 0.612165 -0.7030621 -0.563791 0.4334092 -0.5783514 -0.5838868 -0.5697243 -0.203882 -0.8145115 0.543142 -0.7193901 -0.6907643 0.0729565 0.5446084 -0.6330798 0.5501016 0.7773516 0.3391428 0.5298175 -0.4722008 0.7189211 0.5100774 -0.8930647 0.2486835 0.3749561 -0.8905949 0.258883 0.3739257 -0.4760002 0.7177526 0.5081881 0.390446 -0.2140414 0.8953984 -0.5461176 0.8374795 -0.01959025 -0.1195691 0.7239098 0.6794542 0.4019342 -0.7825927 -0.4753922 -0.6590985 0.1975125 -0.725657 -0.6082821 0.3741214 0.7000186 0.7321152 -0.282001 -0.6200668 -0.8554452 -0.06010371 0.5143941 -0.1565696 -0.02456575 -0.9873614 -0.5906107 -0.4919176 0.6396844 -0.8386222 -0.4843763 -0.2491837 -0.746563 -0.6572734 0.1031288 -0.2131894 0.732619 -0.6463897 0.2109605 -0.7884994 0.5777235 0.5033036 -0.5162951 0.6929105 -0.3456571 -0.8566194 0.383046 0.2341772 -0.2344708 0.9434959 -0.7047174 -0.7056195 0.07399052 -0.4236192 0.5892691 -0.6879745 -0.7040538 -0.7061337 0.07538878 -0.7026103 -0.7077894 0.07330036 -0.7023535 -0.7078821 0.07485038 -0.1332336 0.1333944 0.9820666 -0.8528155 -0.4056555 0.328861 -0.8717642 0.3357273 -0.3568116 0.1133091 0.2148756 -0.9700462 0.6578732 0.7072723 0.2587835 0.1624177 0.05893898 0.9849603 0.5214388 -0.2712358 -0.809032 -0.05992513 -0.402039 0.9136595 0.2428945 0.3379454 -0.9092828 0.5577933 0.8295478 0.02678078 -0.2054712 0.04571914 -0.9775947 0.4917807 -0.322126 0.8089417 0.4769811 -0.6988889 0.5329573 0.2807048 -0.5034301 0.8171676 -0.4313687 0.6060118 -0.6683343 0.9380319 0.1989723 -0.2837363 -0.6209525 -0.6638724 0.4167632 -0.1897553 -0.7626909 -0.6183005 0.6963902 0.6680002 0.2623292 -0.3656641 -0.6382452 0.6774459 0.2566292 0.02853631 -0.9660887 -0.2696979 -0.9231594 0.2739341 0.5676137 0.6875681 0.4528408 0.5520169 0.7034543 0.4476936 0.5507661 0.7060107 0.4452029 0.7047646 -0.7056334 -0.07340663 -0.1292493 -0.09185534 -0.9873486 0.7047659 -0.7056382 -0.07334637 0.666385 -0.2609266 -0.6984615 0.7041868 -0.7059641 -0.07573431 0.704697 -0.705632 -0.07406526 -0.7047715 0.705679 0.07289963 -0.7046908 0.7056041 0.07438862 0.7053842 0.7039409 -0.08306866 -0.6205695 -0.7841498 0.001657485 0.00798726 -0.9360421 0.3517976 -0.7158869 0.4594642 0.5257363 -0.6988908 -0.688039 0.1953307 0.3535553 0.6827514 -0.6394132 -0.2270711 -0.5587466 0.7976471 0.7832898 0.5694828 -0.2492922 -0.7082198 0.7018746 0.07613581 -0.7051918 0.705242 0.07306283 -0.7021491 0.7082051 0.0737034 -0.7058478 0.7045271 0.07362323 -0.7059037 0.7043835 0.0744571 -0.7049098 0.7052843 0.07534068 -0.7064137 0.7040123 0.07311862 -0.7048059 0.7057127 0.07223767 -0.7049019 0.7053871 0.07444751 0.631285 0.6712275 -0.3885009 0.4209751 0.4574224 -0.7832911 0.2187363 0.3152859 -0.9234442 -0.1506091 0.4293826 -0.890476 -0.9909745 -0.04323327 -0.1268879 0.9199548 -0.3911477 -0.02620661 -0.1553156 -0.1298708 0.9792909 0.006303012 -0.2799596 0.9599912 -0.7010444 -0.6765056 -0.2255594 0.8389753 -0.2337648 0.4914006 -0.4621832 -0.2031537 0.8632007 -0.3657087 -0.3798097 0.8497068 -0.7046691 0.7053344 0.07710313 -0.7027636 0.7072533 0.07691746 -0.7042001 0.7062388 0.07300037 -0.7046822 0.7056067 0.07444638 -0.7053894 0.7050482 0.073026 -0.7048769 0.7057594 0.07107895 -0.3654519 0.5543535 -0.7477547 0.6670051 0.6233612 0.4080749 -0.4913987 -0.2337555 0.8389789 -0.1128554 -0.008537828 -0.9935748 0.6995811 -0.7056552 0.112415 -0.7332814 -0.6428145 0.221558 0.7534765 0.4233755 -0.5030173 -0.02063935 -0.715304 -0.6985086 -0.0469312 0.6314258 0.7740148 0.08182591 0.2570146 -0.9629372 0.6802867 0.7054142 0.1989996 -0.6819875 -0.7063398 -0.1896767 0.7046504 -0.7058333 -0.07257688 0.6889485 -0.7200609 -0.08283919 0.5506631 0.7056733 0.4458647 0.5506949 0.7057664 0.4456781 0.5513511 0.7065979 0.4435443 0.5521159 0.6967636 0.4579178 0.6339579 -0.2728434 0.7236393 0.5505856 0.7056044 0.4460695 0.4734413 0.7873709 -0.3948425 0.5504586 0.705793 0.4459279 0.5505408 0.7057501 0.4458944 0.5506371 0.7056142 0.4459904 0.5505871 0.7057371 0.4458575 0.5505112 0.7056987 0.4460121 0.5468998 0.706013 0.4499405 0.6046337 0.4035754 0.6866914 0.7632814 0.4056419 0.5028482 -0.6829082 -0.7026811 -0.1996889 0.3582888 0.6790272 0.6407428 0.6837016 0.6658519 0.2986526 0.1962983 0.9194865 -0.3406049 0.7172822 0.6917219 0.08382779 -0.972414 -0.109503 -0.2059615 0.7218458 -0.6791164 0.1331903 -0.006854057 -0.9618337 -0.2735493 0.1921897 -0.9467663 -0.2582573 0.6869798 0.701122 -0.1910147 0.5571695 -0.8267986 0.07724291 0.7158594 -0.6935389 0.08092743 0.8489329 -0.3994069 0.3461028 0.5133062 -0.8578951 -0.02308577 0.7948074 -0.5982221 -0.1020362 0.7676286 -0.6182448 0.1688786 -0.9248483 0.3341166 0.1817191 0.1173239 0.6894856 0.7147341 -0.4966741 0.8679188 -0.005653262 -0.4622433 -0.4448892 -0.7670756 -0.6395326 -0.06991976 -0.7655777 -0.7374075 -0.1684534 0.6541052 0.7676532 0.262758 0.5845227 -0.7051891 0.7032558 0.09022003 0.4566506 0.6074225 0.6500064 -0.5515481 -0.7066823 -0.4431647 -0.5493396 -0.7061678 -0.4467137 -0.5527913 -0.7038757 -0.4460726 -0.5847004 -0.3754303 0.7191506 0.1189066 0.8390217 -0.5309463 -0.6285604 0.7709627 -0.1026083 -0.2723467 0.8525869 0.4460076 -0.3100045 -0.2085765 0.9275739 0.8568456 -0.4264863 -0.2896986 0.9734342 0.179769 -0.1418063 -0.6002485 0.7059853 -0.3758812 0.6832166 -0.7132977 -0.156274 0.1383329 -0.3366566 0.931411 -0.2373601 -0.6667823 -0.7064428 0.2374674 -0.2145155 -0.9474135 0.6795214 -0.7057273 0.2004986 -0.3385305 -0.7040418 -0.6242774 -0.3357373 -0.7057657 -0.6238391 -0.3393657 -0.7060558 -0.6215435 0.06387555 -0.06633955 0.9957506 -0.2592408 0.2692478 0.9275236 -0.6573513 0.3742524 0.6540829 0.800215 -0.5216092 0.2959388 -0.9411222 -0.2510383 0.2264264 0.6549038 0.6869229 -0.3150207 0.04807192 -0.947434 -0.3163194 -0.9386743 0.3005536 0.1689918 0.5746662 0.8182692 -0.01393914 -0.4707037 -0.6779604 0.5646308 0.5257374 0.2766874 -0.8043907 -0.2769573 0.7069959 -0.6507315 -0.1151217 0.1684581 0.9789632 -0.4216823 -0.4780215 0.770506 0.2317358 0.4088729 -0.8826786 -0.8127291 -0.5525331 -0.1848747 -0.3823491 -0.2224099 0.8968517 0.07572346 -0.3488887 -0.9340999 -0.6153963 0.5237603 0.5890353 -0.564548 0.3273893 0.7576951 0.9493598 0.1665436 -0.2664192 -0.4316549 -0.8126976 -0.3914034 -0.6877824 0.6962726 -0.2053285 -0.6762492 0.7114512 -0.1911136 -0.6833673 0.7029954 -0.1969937 0.4432963 0.3564968 0.8224344 -0.2013142 0.7055858 0.6794272 -0.1987115 0.7048761 0.6809284 -0.2016088 0.7046351 0.6803259 -0.1955776 0.7088959 0.6776549 -0.2013558 0.7056115 0.6793881 0.6795772 -0.7059196 0.1996305 0.6742345 -0.7102873 0.2022373 0.6805995 -0.7048946 0.1997702 0.6809568 -0.7030988 0.2048169 0.6800423 -0.7062928 0.1967054 -0.6789703 0.705981 -0.20147 -0.6776016 0.708813 -0.1960617 -0.6790452 0.7059839 -0.2012079 -0.6773126 0.7073069 -0.2023973 -0.6781159 0.7070475 -0.2006057 -0.6842483 0.7016487 -0.1987298 -0.6800919 0.7041745 -0.2039938 -0.6803166 0.704705 -0.2013958 0.7304698 -0.3539487 0.584067 -0.6701068 -0.7084288 -0.2215526 -0.8566091 -0.3784603 0.3506975 0.3917375 0.1167982 -0.9126335 -0.7288376 -0.2223642 0.6475724 0.7684841 0.6351525 0.07754874 0.7269939 0.1159645 -0.6767808 0.9483981 0.3138803 -0.04494678 0.2128497 -0.7018854 0.6797441 0.2504051 0.1237421 -0.9602007 0.4882647 -0.5607374 -0.6687087 -0.6259126 -0.7091674 0.3245229 -0.7071636 -0.6629441 -0.2458145 -0.6683573 -0.2483477 0.7011577 -0.6213935 -0.7044565 0.3429452 -0.6259008 -0.6994244 0.3450419 -0.6258209 -0.7045652 0.3345686 -0.623597 -0.7072765 0.3329967 -0.6241196 -0.705851 0.3350362 0.3379577 0.7056453 0.6227754 -0.6766026 0.7098538 -0.1957457 -0.6700372 0.7108571 -0.2138515 -0.6786451 0.7036481 -0.2105237 -0.6812513 0.7021986 -0.2069153 -0.6794044 0.7056046 -0.2013255 -0.683847 0.7022476 -0.1979941 -0.6802911 0.7061508 -0.1963545 -0.6829942 0.7027779 -0.1990532 -0.6501809 0.06767201 -0.7567598 0.7534496 -0.4233983 -0.5030384 0.8841479 0.4616795 -0.07165718 -0.7683984 0.2857301 -0.572645 0.5807299 0.3643241 -0.7280252 0.8061084 -0.5585924 0.1953558 0.3669584 -0.6378161 -0.6771501 0.07723397 0.2040858 -0.9759017 0.5182074 -0.6919289 0.5026884 -0.1232616 0.951259 -0.2826887 -0.3395928 -0.7058577 -0.6216443 -0.3380404 -0.7056238 -0.6227551 0.679394 -0.7056231 0.2012957 0.678996 -0.7073498 0.1965218 0.7442466 0.5370358 0.3971016 0.5998554 -0.72748 -0.3330861 0.5172257 -0.540139 0.6638731 0.6794266 -0.7051641 0.2027884 0.2043222 -0.8595976 -0.4683424 0.5667086 -0.7944542 0.218367 0.4632725 -0.7695096 0.4395834 0.09445559 -0.8480556 -0.521421 0.7970161 -0.5811778 0.1643097 -0.3318951 0.9428138 0.03078842 -0.02850961 -0.1234839 -0.991937 0.8830757 -0.2273608 0.4104685 0.08990758 -0.8130881 0.575156 0.7624931 -0.6289498 0.1517449 -0.7708818 0.6356987 -0.04035443 -0.7706905 0.635709 -0.04370915 0.6564807 0.7333208 0.1768438 -0.4530177 -0.6998869 -0.5522078 -0.7485553 0.647015 -0.1450403 -0.6162973 0.7685703 -0.1716897 -0.6783522 0.7005417 -0.2215392 -0.5394347 0.717711 -0.4403422 0.1661827 0.5392146 0.8256095 -0.7218224 0.6077077 -0.3311553 0.8681899 0.4374397 0.234292 0.4584022 -0.7084758 -0.5365906 -0.1532006 0.5313584 0.8331794 0.4808095 -0.7168577 0.5049132 -0.7274546 -0.3349395 0.5988534 0.5736423 -0.57052 -0.5877429 -0.6886352 0.5786588 -0.4369617 0.717661 0.5783132 -0.3879649 0.6399303 0.3128716 -0.7018552 -0.7979193 0.3870959 0.4620408 0.1964113 -0.7063341 -0.6800844 0.5510247 -0.7060996 0.4447416 0.5510007 -0.7061166 0.4447445 0.5499281 -0.7047401 0.4482416 0.5499511 -0.7047209 0.4482435 -0.4018083 0.5148897 -0.7572574 -0.4018007 0.5148915 -0.7572603 0.3979631 -0.6915606 0.6028013 -0.1268527 0.7688841 -0.6266784 0.04367631 -0.4949407 -0.8678284 0.5509096 -0.7054377 0.4459331 0.5507494 -0.7057414 0.4456503 0.5500747 -0.7048746 0.4478501 0.5509815 -0.7046105 0.4471505 0.1879464 -0.7125374 -0.6759932 -0.3284298 -0.8485274 -0.4148918 -0.2819656 -0.8419666 -0.4599869 -0.6074481 0.7784369 -0.15825 -0.4378616 0.5611198 -0.7024399 0.7533864 -0.1900095 -0.6295279 0.4250675 -0.2754828 0.8622221 0.4539029 -0.5816597 0.6750141 0.4088116 -0.5238636 0.7472885 0.05104339 -0.6144233 0.7873237 0.5985228 -0.7669643 0.2313791 0.5985121 -0.7669751 0.2313714 0.8826777 -0.4613651 0.08956807 0.2218159 -0.975035 0.01021862 -0.202407 0.7047159 0.6800051 -0.2053121 0.7001021 0.6838889 -0.2049525 0.7032034 0.680808 -0.207373 0.7056869 0.6774972 -0.2051243 0.7113559 0.6722328 -0.4224616 0.6963704 -0.5801677 -0.7733728 -0.2301638 0.5906937 0.2905477 0.696025 -0.656606 -0.6362908 -0.3164902 -0.7035397 -0.2767131 -0.9143416 0.2956507 -0.8238819 -0.5667536 -0.003019511 0.6785823 -0.7052688 0.2052368 0.6802078 -0.7064638 0.1955157 -0.201943 0.7165902 0.6676208 -0.05009609 -0.001449882 0.9987434 -0.5395768 -0.7028082 0.4635921 0.01923882 0.5934071 -0.8046727 -0.231778 0.4583209 -0.8580332 -0.5514903 0.7079803 -0.4411603 0.6340162 0.1973637 -0.7477106 -0.5428081 0.8289584 0.13486 -0.1810463 0.4955523 -0.8495 -0.5434895 0.7127735 -0.4433659 -0.5503559 0.7037386 -0.4492887 -0.5546985 0.7002177 -0.4494495 -0.5603517 0.699597 -0.4433621 -0.5548915 0.7055016 -0.4408661 -0.5504918 0.707482 -0.4432019 -0.5507218 0.7055832 -0.4459349 -0.08945655 0.3859978 -0.918152 0.06824666 -0.6717424 -0.7376344 -0.1927933 -0.8316437 -0.5207682 -0.01461958 0.3170877 -0.9482836 0.1316962 0.9527779 -0.2736246 -0.4456026 0.8188164 -0.361909 -0.5307099 0.4144737 -0.739296 -0.5013138 0.6278149 -0.5954267 -0.8924794 0.4377689 0.1088079 0.9077776 0.3614246 0.212867 0.622932 -0.5809701 0.5238602 0.5931621 -0.7329903 0.3329924 0.4610303 -0.8862648 0.0445649 -0.01563811 0.9080464 -0.4185777 -0.9702907 -0.21854 -0.1038095 -0.6358743 0.6572972 -0.4045051 0.6993761 -0.6202417 0.3552088 0.5923019 -0.7607098 0.2655171 0.2487793 -0.3842715 0.8890693 -0.6994282 0.2660801 0.6633263 -0.3705282 0.6920715 0.6194723 0.371919 0.3595025 0.8558237 -0.1752293 0.6250731 0.7606434 -0.1696898 0.8642047 0.4736622 0.4148885 0.761528 -0.4979386 0.4521369 -0.3540765 0.8186588 -0.2539824 0.1736926 0.951485 0.4950262 -0.7062242 0.5061586 -0.6207301 0.6618038 0.4203688 0.6105146 0.2964616 0.7344266 0.9741016 0.2251986 0.0202915 -0.1460281 0.03139382 -0.9887822 -0.2514684 -0.8178906 -0.517512 0.3910398 0.5803347 0.7143525 0.3374773 -0.7057741 0.62289 -0.7273619 -0.6793645 -0.09699803 0.3380511 -0.7056199 0.6227535 0.4998474 -0.6980269 -0.5127485 0.9748123 0.002372264 0.2230145 -0.3383965 0.7055162 -0.6226835 -0.5405791 0.7081273 0.4542357 -0.9939101 -0.01240956 -0.1094925 0.8025786 0.4599136 0.3799306 0.9017 -0.4044441 -0.1528464 0.936218 0.1736525 0.3055173 0.006716728 -0.9945479 0.1040647 0.07077866 0.6302689 0.7731439 0.2154196 0.5699955 -0.7929059 0.8064571 0.516399 0.2880263 0.7819248 -0.546128 0.3005626 -0.3252819 -0.6032729 -0.7281851 0.6166741 0.6977515 0.3644942 -0.7642088 0.5293468 -0.3684793 -0.8712418 0.4903706 -0.02178466 -0.7777783 0.1631048 0.6070073 0.467834 0.648633 0.6003388 0.8853598 0.3717074 0.2792343 -0.6765544 -0.6299859 -0.381303 0.1191547 -0.6242981 -0.7720455 0.03823047 0.1664984 -0.9853004 0.3923897 0.6702523 0.6299145 -0.3468208 0.2516418 -0.9035441 0.3299977 -0.7118341 0.619995 0.3437793 -0.7150601 0.6086912 0.345443 -0.7047595 0.6196638 -0.3523721 0.7017886 -0.6191338 -0.3579149 0.6621718 -0.6583506 -0.3417082 0.7233198 -0.6000367 -0.3303639 0.7115607 -0.6201138 -0.3314817 0.7055545 -0.6263488 -0.08151531 0.535919 -0.840325 0.3356333 -0.7077322 0.6216636 0.3371495 -0.7074677 0.6211439 0.3386182 -0.7064065 0.6215526 0.3274593 -0.7132405 0.6197245 0.3349794 -0.7063307 0.6236071 0.3376902 -0.7047685 0.6239124 0.3361507 -0.7053159 0.6241253 0.3408677 -0.7048461 0.6220943 0.3418152 -0.7013982 0.6254623 0.3380225 -0.7056171 0.6227723 -0.4462973 -0.7058753 0.5500534 -0.4606114 -0.7022967 0.5427858 -0.4563589 -0.7134411 0.5317316 -0.4515937 -0.6998475 0.5534227 0.06108325 0.6899225 -0.7213016 -0.2833321 0.7691219 -0.5728651 -0.2732892 0.7213742 -0.6363431 -0.3367537 0.7060015 -0.6230241 -0.3380312 0.7056022 -0.6227844 -0.3337958 0.7081626 -0.6221625 -0.3429276 0.7014287 -0.6248188 0.8490207 0.4152818 0.3266572 -0.3269331 -0.2891513 0.8997257 -0.222153 -0.3953031 -0.891282 0.2394533 0.6985487 0.6743084 -0.3666381 0.7081759 -0.6033768 0.6601698 0.2419987 0.7110644 0.3050522 0.7081394 0.6367745 0.9324644 0.3407028 -0.1201326 0.7184842 -0.2339079 -0.6550326 0.3352554 -0.7062622 0.6235363 0.3358542 -0.7075453 0.6217569 0.3372531 -0.7072622 0.6213217 0.3386726 -0.7065167 0.6213977 0.3383173 -0.7064696 0.6216447 0.8731303 -0.3214264 0.3665088 0.7253385 -0.6878625 0.0270074 0.3394099 -0.7046287 0.6231368 0.3378441 -0.7062448 0.6221573 0.3377317 -0.7042159 0.6245137 0.4253891 0.6695435 -0.6088971 -0.3368332 0.7053723 -0.6236934 -0.4546234 0.1805381 -0.8721947 -0.3385639 0.7063339 -0.6216647 -0.3355892 0.706279 -0.6233378 -0.3605539 -0.3421802 -0.867706 0.9126581 -0.1459079 -0.3817934 0.9471522 -0.1910592 0.2576802 -0.5941236 -0.1387857 0.7923104 0.08694458 -0.699396 -0.7094266 -0.7814444 0.5823896 -0.2239804 -0.3061185 0.5967453 -0.7417457 -0.381587 -0.5822998 -0.7178567 -0.2128615 0.5872488 0.7809155 0.9490628 -0.1868827 0.2536824 0.32649 -0.712936 0.6205857 0.3374962 -0.7067896 0.6217272 -0.3393019 0.7048437 -0.6229524 -0.338329 0.70476 -0.6235759 0.3292587 -0.7072193 0.6256434 -0.3373279 0.7052331 -0.6235834 -0.3392117 0.7048957 -0.6229426 0.9796326 -0.1047769 0.1712945 0.5467492 -0.6974089 0.4633423 0.6728288 -0.6405465 0.3701373 0.2895056 -0.4662356 0.8359491 0.2614417 -0.4286352 0.8648237 0.01201564 -0.8695448 0.4937081 0.1433015 -0.837761 0.5268979 -0.3396987 0.7051754 -0.6223605 -0.7401766 0.1858451 -0.6462199 -0.3616175 0.9302925 -0.06155204 0.4463787 0.4081144 -0.7963597 -0.2854682 0.6009238 -0.7465912 0.3999017 -0.5946068 0.6975109 -0.2276124 0.8158633 -0.5315636 0.6991586 0.1949105 -0.6878861 -0.9488505 0.2662895 -0.1696253 0.9992868 -0.03074264 0.02192646 -0.654407 -0.5912263 -0.4713841 0.4004911 -0.759932 0.5119673 0.584192 -0.5441626 0.6021685 0.7627415 -0.2859901 0.5800305 0.5499798 -0.6119856 0.5683272 -0.3598366 0.7337887 -0.5762567 -0.3514009 0.6869658 -0.6360782 0.4863874 0.4632048 -0.7408568 0.2858678 0.6854398 -0.6696655 -0.9964069 -0.08375579 -0.01258981 -0.8874036 -0.1184112 -0.4455266 -0.8725698 0.2685319 -0.4080596 -0.4202564 -0.618785 0.663694 0.1624581 0.1318379 -0.9778682 0.1974007 -0.4377071 -0.8771804 -0.09650462 0.7601414 -0.6425512 0.8886212 -0.07806867 -0.4519488 -0.7463485 -0.0322349 -0.6647743 -0.5874103 0.4771716 -0.6536486 0.3513385 -0.6994642 -0.6223433 -0.5457637 0.1313315 0.8275833 0.01689952 -0.5564076 0.8307377 0.6520334 -0.5134255 0.557895 -0.1296372 -0.943206 0.3058704 0.2238436 -0.735866 0.6390582 0.07516497 -0.7061343 0.7040771 0.07365816 -0.7060198 0.7043513 0.836297 -0.391678 0.3836609 0.2097173 -0.6918492 0.6909149 0.07367485 -0.7056612 0.7047086 0.07764661 -0.7139629 0.6958649 0.6980653 0.7082325 -0.1054123 0.9968567 0.03223657 -0.07237207 0.5564079 0.495759 0.6668083 0.159579 -0.02293241 0.9869188 -0.5249309 0.6633145 0.5333493 -0.9970309 -0.03725862 0.06738954 0.5721051 -0.7399539 -0.3537853 0.3450111 -0.9327515 -0.1046032 -0.3201782 0.5319337 -0.7839213 -0.2191581 0.2574447 -0.9411121 0.9041106 -0.2909145 0.3129742 0.9768512 -0.1958307 0.0860936 0.2813681 -0.6631691 -0.6935696 -0.6642137 0.7473223 0.01815289 -0.8462193 -0.2980825 0.4416559 0.6160114 -0.7085674 -0.3441836 -0.9795017 0.149706 -0.1347761 -0.3506384 0.8545269 0.3831927 -0.4475944 -0.8299368 0.3329632 -0.08519518 0.7034113 -0.7056589 -0.0751484 0.7055627 -0.7046518 -0.07755005 0.6976258 -0.712253 -0.0747314 0.705584 -0.7046747 -0.08298718 0.7043609 -0.7049745 -0.3140671 -0.5485013 -0.7749248 -0.5770644 0.6378677 0.5100212 -0.02798402 0.9733909 -0.2274357 -0.07336109 0.7056757 -0.7047269 -0.07450443 0.7058912 -0.7043911 0.433007 0.8102475 -0.3949734 -0.07544314 0.7062159 -0.7039656 -0.07409882 0.7059577 -0.7043672 -0.0740025 0.7060919 -0.7042428 0.06962722 -0.705686 0.7050952 0.0726673 -0.7064965 0.7039759 0.07331311 -0.7068961 0.7035077 0.0754432 -0.7079787 0.7021927 -0.5259263 -0.3405596 0.779372 0.6791065 -0.2416437 0.6931253 0.07124882 -0.70575 0.7048693 0.07304239 -0.7064717 0.7039622 -0.07347577 0.7056365 -0.7047542 -0.07431977 0.7058999 -0.7044018 -0.07404267 0.705591 -0.7047404 -0.09867346 -0.4362026 -0.8944221 -0.1953445 0.5586045 0.8061027 -0.2255635 0.6764941 0.701054 0.946404 0.2535531 0.2000762 -0.6619699 0.4937766 0.5638979 -0.7948546 0.1657637 0.5837197 0.3912883 0.09327214 0.9155293 -0.9766919 0.1973191 -0.08448892 -0.8611316 0.365672 -0.3531805 0.2255633 0.7001843 0.6773945 0.07404607 -0.7055258 0.7048054 0.07311075 -0.7033531 0.7070709 0.07889991 -0.7074281 0.7023677 0.07600575 -0.7061725 0.7039486 0.0766955 -0.7042342 0.7058131 0.07475012 -0.7031964 0.7070554 0.07463777 -0.7072982 0.7029641 0.06985211 -0.7053118 0.7054473 0.07384228 -0.7053896 0.7049631 0.8769067 0.3742654 -0.3015959 -0.2378458 0.6795395 -0.694014 -0.5013059 0.03302913 0.8646395 -0.07814526 0.7053818 -0.7045068 -0.06768727 0.7061601 -0.7048095 -0.161141 0.6991132 -0.6966164 -0.07557034 0.7046322 -0.705537 -0.07431823 0.7056182 -0.7046843 -0.07372194 0.7056226 -0.7047425 -0.0678277 0.7021272 -0.7088137 0.8389734 0.2337607 0.4914059 0.7585982 0.1831653 0.6252834 -0.8450967 0.3009048 0.4418914 -0.9376569 0.1956735 0.2872478 -0.2215489 0.7084274 0.6701095 0.1822633 -0.9720326 -0.1480972 -0.4695037 0.8101858 0.3509494 0.8635829 0.1994696 0.4630731 -0.4526259 0.2859224 -0.8446173 0.911405 -0.1461126 -0.3846975 0.07520526 -0.7068354 0.703369 0.0737608 -0.7072647 0.7030904 0.7665576 -0.4117754 -0.4927785 -0.9769029 0.1313068 -0.1685802 0.8419056 0.05870664 0.5364221 -0.3788592 -0.7255373 0.5745096 -0.7045914 0.5594362 0.4365574 -0.7045871 0.5594397 0.4365596 -0.05641144 -0.7566152 0.6514224 0.06566894 -0.5188527 0.8523377 0.07458299 -0.5413416 0.8374884 -0.2450108 -0.6411474 0.7272549 0.5847874 -0.6696619 0.4577955 0.3361553 -0.5156339 0.7881125 -0.06217408 -0.7897121 0.610319 0.2280629 -0.7584782 -0.6104902 -0.8210229 0.5521302 0.1451678 -0.5748962 0.7077297 -0.4106251 -0.555958 0.4133692 0.7211356 -0.529245 -0.7040364 0.4735321 0.2698222 -0.3465442 0.8983892 0.7845343 0.5986182 0.1617472 0.7026984 -0.67979 0.2100015 -0.8647883 -0.3617168 0.3482847 -0.2010647 -0.7048754 0.6802381 0.1961983 -0.8272358 0.5264859 -0.2745388 0.254157 -0.9273795 -0.01255154 0.6276489 -0.7783955 0.2006038 0.7057222 -0.6794956 0.6670129 0.704642 -0.2420199 -0.68542 0.5969744 0.4169184 -0.2998135 -0.5173619 -0.8015289 -0.7823827 -0.5652493 -0.2614777 -0.3006386 -0.6146954 0.7292229 -0.6407559 -0.2120282 -0.7378862 0.4035888 -0.5344982 0.7425819 0.3833221 0.5815212 0.7175635 -0.7635459 -0.1150751 -0.6354175 -0.0816856 -0.61043 0.787847 -0.8876056 0.05483835 0.4573282 -0.6139441 0.1728793 -0.7701853 0.1615405 0.9846844 -0.06558442 0.02174085 -0.184938 0.9825098 0.2521476 -0.7075594 -0.6601374 -0.2576485 0.7317531 -0.630995 0.2856401 -0.1971953 0.9378293 0.9456175 -0.2450963 -0.2138583 0.1998771 0.7059527 -0.6794704 0.202054 0.7061131 -0.6786594 0.2011442 0.7056403 -0.6794209 -0.198492 -0.7197805 0.6652196 -0.08551138 0.7782738 0.6220753 -0.556949 0.5860955 -0.5884726 0.1995497 0.7007247 -0.6849561 0.2526898 0.7199557 -0.6463835 0.1813127 0.7090007 -0.6815011 0.1967347 0.7146753 -0.6712188 0.9371136 -0.1256195 -0.3256348 -0.7925647 -0.5968372 0.1250061 0.1975081 -0.9385105 0.2831759 0.2006254 0.7078258 -0.6772977 0.2020127 0.7073261 -0.6774073 0.20281 0.7060171 -0.6785337 0.2025119 0.7043566 -0.6803462 0.2021987 0.7050935 -0.6796756 -0.1991646 -0.705936 0.6796969 -0.2055349 -0.7048279 0.67895 -0.2026482 -0.7062209 0.6783699 -0.200226 -0.7065306 0.6787666 0.21306 0.6957274 -0.6859803 0.4623922 0.2379074 -0.8541625 0.2036385 0.7052617 -0.679071 0.2210658 0.9673164 -0.1242139 0.2002315 0.7075832 -0.6776676 -0.6078072 -0.7083675 0.3588677 -0.09727382 -0.675767 -0.7306688 -0.8319628 0.2237026 -0.5077353 0.326468 -0.4452323 0.8337787 0.9702068 -0.2390888 0.03918468 0.2409177 -0.6731088 -0.6992019 -0.6085729 0.6335886 0.4777078 -0.2250388 -0.5753395 0.7863473 -0.7809144 -0.5872498 -0.2128626 -0.1993702 -0.7063662 0.6791896 -0.1983785 -0.7058832 0.6799816 -0.1984184 -0.704699 0.6811972 0.2006092 0.7070569 -0.6781051 0.2016527 0.7061316 -0.6787593 -0.2024661 -0.7075554 0.6770324 -0.1999011 -0.7081976 0.6771233 -0.1990505 -0.7072446 0.6783686 -0.8521791 -0.3368005 0.4004451 -0.2015003 -0.7055007 0.6794604 -0.2238869 -0.9696493 0.09825986 -0.2007758 -0.7039995 0.6812298 -0.2013746 -0.7055002 0.6794983 -0.2027278 -0.7046408 0.6799874 -0.2036682 -0.7051978 0.6791283 0.6033716 0.7081798 -0.3666391 -0.6797342 -0.7018933 0.2128552 -0.4567134 0.8417894 0.2877561 -0.1128664 0.008550107 -0.9935734 0.6601751 0.2420171 0.7110531 0.1498362 -0.04608911 0.987636 0.4071776 0.4721109 -0.7818682 -0.4331109 -0.3819856 0.8163957 0.6033668 0.7081797 -0.3666473 -0.2011961 -0.7059981 0.6790338 -0.1022574 -0.746519 0.6574594 0.1447468 0.7104653 -0.6886853 0.2045512 0.6995903 -0.6846402 -0.3134191 -0.7200357 0.6191261 -0.9356402 -0.3135507 -0.1620603 -0.07734853 0.05182433 -0.9956564 0.9398496 -0.2435848 0.2394772 -0.05065375 0.3752062 0.9255564 -0.2516573 0.6894084 -0.6792532 -0.0385676 0.6957374 -0.7172601 0.3583559 0.5319995 -0.7671751 0.3395496 0.812204 -0.4743743 -0.06540167 -0.8050431 0.5896002 -0.4628198 -0.7226072 0.5134556 -0.9867346 0.04365408 -0.156363 0.01369893 -0.4656668 0.8848541 -0.1920774 -0.6273968 0.7546388 0.1290897 0.6931952 -0.7090955 -0.07316374 0.6678801 -0.7406641 0.440921 0.5312454 -0.7234411 0.3549851 0.6683177 -0.6537102 0.1966896 0.6302437 -0.75107 -0.3059923 -0.8254227 0.4743903 0.02744251 -0.8687028 0.4945729 -0.03633648 0.4013821 0.9151898 -0.3032271 -0.7293533 0.6132677 0.5433056 -0.2097494 0.812911 0.2708044 -0.5997502 -0.7529706 -0.9635556 -0.200287 0.1773293 -0.6453111 0.02218073 -0.7635978 -0.5196605 0.360521 -0.7745822 -0.4219342 -0.1575464 0.8928331 -0.1011477 0.9651908 0.2411972 0.4835556 -0.3277351 0.8116426 -0.6073303 -0.1564376 -0.778895 0.411493 0.6943072 0.5904331 -0.8679687 0.4832748 0.1143495 0.273535 0.5509866 0.7884113 0.2712994 0.5338162 0.8008976 0.5834118 -0.7074358 0.3989555 0.6332393 -0.3445126 0.6930506 0.7859575 -0.5578603 -0.2665759 0.8819215 -0.3906688 -0.2638041 -0.8596704 -0.4479659 0.2455474 -0.2046031 -0.7716915 0.6021875 -0.2045903 -0.7717007 0.60218 -0.4448752 -0.7060573 0.5509712 -0.4448882 -0.7060602 0.5509569 -0.20349 -0.7054253 0.6789456 -0.2001934 -0.7057803 0.6795563 -0.2031462 -0.7043088 0.6802065 0.175265 0.7761657 -0.6056806 0.1752758 0.7761635 -0.6056804 0.7150443 0.5511315 -0.4300763 0.7150485 0.5511291 -0.4300726 -0.8240172 -0.3740634 0.4255259 -0.0333727 0.8851572 0.4640941 -0.8382293 -0.2347437 -0.4922065 0.6488479 0.224304 0.7271068 -0.4790857 0.7078605 0.5190476 -0.4466718 -0.7053408 0.5504351 -0.4453383 -0.7058649 0.5508436 0.585022 0.800258 -0.1316677 0.7529841 0.5187774 -0.4048272 0.1282273 0.781863 -0.6101213 0.2442397 0.6832686 -0.6881069 -0.7324504 0.668261 -0.1301681 -0.6585078 0.7113107 -0.2457737 -0.7249679 -0.6880382 0.0320155 0.4402606 0.2634341 0.858355 -0.7298872 -0.5389031 0.4205332 -0.7547678 -0.6559872 -0.002522468 -0.4472149 -0.7051386 0.5502532 0.44706 0.7041871 -0.5515958 0.447332 0.7049518 -0.5503973 0.4467203 0.7037239 -0.5524617 -0.05082148 0.9336063 -0.3546781 0.2794786 0.8427743 -0.4600252 0.02343708 0.8685647 -0.4950214 0.4456966 0.7056604 -0.5508159 0.4437296 0.7058669 -0.5521375 0.4586144 0.7052057 -0.5407013 0.4459508 0.7056354 -0.5506421 0.4561537 0.6978594 -0.5521921 0.4457126 0.7055831 -0.5509018 0.4458425 0.7054169 -0.5510097 0.4459941 0.7055543 -0.5507108 0.4451934 0.7057273 -0.5511369 0.4481751 0.7042584 -0.5505989 -0.05230939 0.8310757 -0.553694 -0.3394231 0.907277 0.2482749 -0.4386048 -0.70849 0.5528724 0.7464113 0.2004787 -0.6345695 0.7961206 0.5545839 0.2421339 0.2860378 0.7554306 -0.5894972 0.1035184 0.784142 -0.6118867 -0.07160693 0.9844619 -0.1603347 0.6055962 0.7421351 -0.2872087 0.5582987 0.6540694 -0.510388 0.5582894 0.6540689 -0.5103988 0.6474884 0.3420019 -0.6810238 -0.5049183 -0.7070006 -0.4951846 0.9660698 -0.04077893 0.255042 0.4428163 0.710506 -0.5468958 0.4509799 0.7024797 -0.550581 0.5721867 -0.6981707 0.4303025 0.5914472 -0.4660091 0.6580469 -0.1537504 -0.8584699 0.4892753 -0.2947133 -0.6498598 0.7005901 0.1155834 -0.8626976 0.4923347 0.08854418 0.5143229 -0.8530136 0.4398825 0.2832544 -0.8522149 0.5966753 0.5324584 -0.6003888 0.6484754 0.7319617 -0.2090737 -0.5310018 -0.8299646 0.1708682 0.3323623 0.7036533 -0.6280187 -0.6228079 0.7056772 0.3378316 -0.3668222 -0.8226056 -0.434467 0.269755 -0.4303006 0.8614371 0.06554758 -0.5790039 0.8126857 -0.6498643 -0.5218091 0.5526227 -0.3099927 0.4917241 -0.8137025 0.7335513 -0.1591607 -0.6607348 0.01919186 -0.7783409 -0.6275486 0.761514 -0.6304361 0.1504883 0.02466166 -0.8536506 -0.5202618 -0.1850138 -0.7028508 -0.6868557 -0.9803727 -0.1269041 0.15088 -0.3548198 -0.8460438 0.3978857 -0.6982645 -0.3582074 0.6197696 0.4493927 0.2592215 0.8548979 0.9641742 0.1889612 -0.1861771 -0.808412 0.5651446 0.1645658 -0.09490239 0.7537102 -0.6503189 0.3681891 -0.7135311 -0.5960791 -0.7824271 0.02974748 -0.6220315 0.3768862 0.7401703 0.5568705 -0.5329926 0.7472227 0.3969599 0.6184776 0.7036873 0.3497283 0.6227478 0.7055779 -0.3381497 0.6225675 0.7054604 -0.338726 -0.1537478 -0.174197 -0.9726341 -0.9650003 0.003926753 -0.2622196 -0.04202789 0.2827857 -0.958262 -0.36755 0.6452546 0.6697415 -0.06151366 -0.04311841 -0.9971745 0.672888 -0.3995592 0.6225546 0.649451 -0.6835612 -0.3331028 0.5172435 0.199481 -0.832266 0.5795753 -0.6656011 -0.4701786 -0.4688594 -0.002412974 -0.8832696 0.1187129 0.9542794 0.2743325 0.02036184 0.07121229 -0.9972534 -0.06314742 0.5180671 0.8530058 0.2986916 0.5165542 0.8024682 0.7031016 0.6292117 0.3312717 -0.6646249 0.6200627 -0.4168884 -0.03879934 -0.5069701 0.8610901 -0.3126212 0.4855943 0.8163738 0.3533217 0.708463 0.6109371 0.7022483 -0.6788741 0.214423 -0.6081713 -0.7151226 0.3445683 -0.6200219 -0.7052107 0.343876 -0.617116 -0.7157861 0.3268305 0.6172429 0.708759 -0.3415728 0.6176393 0.7151874 -0.3271526 0.6098564 0.7151996 -0.341416 -0.6222407 0.7065494 0.3370528 -0.7480083 -0.6158293 0.2474632 0.3847151 -0.7411388 0.5501889 0.3944807 -0.5900769 0.7044107 0.1080172 -0.9771078 -0.183283 0.609463 0.7144506 -0.343679 0.6184814 0.7106072 -0.3354374 0.6256009 0.7051909 -0.3336606 0.3642918 0.9203709 0.1421585 -0.02340453 0.6440319 -0.7646407 0.6213092 0.707152 -0.3375069 0.6214094 0.7072837 -0.3370464 0.6264414 0.7024142 -0.3379135 0.6224648 0.7064517 -0.3368435 -0.679732 0.7018941 0.2128597 0.3921567 0.6553715 -0.6455242 0.3170011 0.1674551 0.9335251 -0.5565223 0.4850941 -0.6745122 -0.6773893 0.7001883 0.2255665 0.9208005 -0.1111812 -0.3738518 0.2794197 -0.5969054 -0.7520828 -0.489155 0.6885553 -0.535368 -0.2872688 -0.195655 -0.9376544 0.9639447 0.1041432 0.2448772 -0.2713397 -0.6795203 0.6816355 -0.2663382 0.04040795 0.9630323 -0.5373563 -0.8420226 0.04739457 -0.622675 -0.7057076 0.3380129 -0.6227865 -0.7056536 0.3379203 -0.6227294 -0.7057048 0.3379185 -0.6228145 -0.7055817 0.3380185 -0.6228189 -0.7055996 0.3379734 -0.6371141 -0.6888313 0.3458284 0.6232957 0.7062042 -0.3358244 0.6221089 0.7051684 -0.3401737 0.1060461 0.904279 0.4135624 0.4601866 0.6431849 -0.611998 0.6254457 0.7026691 -0.3392255 -0.6244899 -0.7041044 0.3380081 -0.4906935 0.6887599 0.5336946 -0.02347058 0.2533339 0.9670941 0.8063918 -0.4744031 -0.3530921 -0.3203871 0.4095593 0.8541741 0.5302404 -0.1544537 0.8336602 0.565398 0.01625287 0.8246582 -0.5058631 0.4266123 -0.7497364 -0.9413756 0.05790162 -0.3323547 -0.9326299 0.2992132 -0.2016759 -0.2283757 -0.3243348 0.9179605 0.6245404 0.7045456 -0.336994 0.6236676 0.7046877 -0.3383107 -0.6222018 -0.7054769 0.339363 -0.6232671 -0.7051737 0.3380358 -0.6287989 0.6894976 0.3594511 -0.6282167 0.7023968 0.3346379 -0.6167083 0.706775 0.346612 0.844341 0.4213484 -0.3309891 0.3963854 0.5890856 -0.7041711 -0.02527409 0.6774037 0.7351772 0.4634128 0.8860333 -0.01391643 -0.2449313 0.4414786 0.8631948 -0.7103456 -0.5540364 0.4341115 -0.4751443 -0.7974924 0.3718112 -0.6371952 -0.740923 0.2121685 0.4688232 0.6605925 -0.5863637 -0.1423249 -0.08921647 -0.9857911 0.4361863 0.8884862 -0.1425968 0.8362149 0.5244462 -0.1603148 0.7373469 0.5973581 -0.3154091 0.2743172 0.7164363 0.6414586 -0.5407889 -0.7662128 -0.3470814 0.6600575 0.6952801 -0.2844465 0.6292172 0.5839734 -0.5128948 0.2953845 0.6736848 -0.6774192 -0.3988506 -0.3954333 0.8273758 0.4635652 0.5849087 -0.6655743 -0.6688266 -0.5592818 -0.4897701 -0.5876286 0.7710282 -0.245374 -0.2164354 0.464424 -0.8587585 -0.02629691 0.009419381 0.9996098 -0.219096 -0.8415464 0.4937576 -0.7047361 -0.705642 0.07359594 0.6217185 -0.7063749 -0.3383795 0.6228318 -0.705605 -0.3379382 0.6226975 -0.7053374 -0.3387432 0.625341 -0.7031117 -0.3385006 0.62009 -0.7081266 -0.337706 -0.4240622 0.9005659 -0.09566771 -0.6187533 0.765343 0.1771855 -0.576134 0.5082796 -0.6400951 -0.687333 -0.6531444 -0.317767 -0.9336354 0.3582206 0.001793026 0.1148374 -0.01053899 0.9933284 0.6363079 -0.7031738 0.317268 0.5455666 0.5158952 -0.6604614 0.07235801 -0.03225576 0.996857 0.4286993 -0.3716323 0.8234722 -0.6590114 0.5505619 -0.5124312 0.9814323 -0.1916298 -0.008287787 0.3061869 0.4484811 -0.8397108 -0.9162023 0.2846332 0.2820593 0.5605499 0.7757889 -0.2897161 -0.9473966 -0.3091682 0.08279263 -0.5638478 -0.4937178 -0.6620562 -0.9928508 0.04020529 -0.1123872 -0.6541291 0.6865825 0.3173635 -0.3317016 0.6490114 0.6846593 -0.6400908 -0.7040569 -0.3075509 -0.6970462 -0.7127878 0.07784736 -0.7046905 -0.7055613 0.07479691 -0.7019875 -0.7085298 0.0721054 -0.7046434 -0.7055147 0.07567524 -0.6996927 -0.7066283 0.1053876 0.7081681 0.7031137 -0.0642575 0.6821572 0.6830385 -0.2609978 0.7047354 0.7056431 -0.07359278 0.7579355 0.6447391 -0.09922373 0.06450372 0.1398047 -0.988076 -0.7045941 -0.7054717 0.07653057 0.6734738 -0.6902085 0.2646608 -0.2721874 -0.6693988 0.6912448 0.7044425 0.705938 -0.07356959 0.7047296 0.7056071 -0.0739926 0.7051088 0.7051351 -0.07487398 0.7050243 0.7053387 -0.07374411 -0.7047298 -0.7056073 0.07398939 -0.7034268 -0.7066175 0.07669699 -0.7042933 -0.7055312 0.07871955 -0.7084491 -0.7011365 0.0806697 -0.7056857 -0.7048119 0.07244253 -0.7046914 -0.7061182 0.06933289 -0.7030835 -0.7073762 0.07275009 0.7055651 0.7048519 -0.07322472 0.7042785 0.7061785 -0.07282751 0.7038875 0.7064029 -0.07441407 0.7038518 0.7065385 -0.07345801 0.7041663 0.7061644 -0.07403922 0.7059652 0.704227 -0.07534992 0.7028996 0.7075041 -0.07328051 0.7082582 0.7022593 -0.07212805 0.7067645 0.7034367 -0.0752381 0.7058088 0.7043034 -0.0760973 0.7047054 0.7056148 -0.07414972 0.7035575 0.7064942 -0.07663422 0.7084595 0.7024325 -0.06836545 0.7048409 0.7064865 -0.06384503 0.7043634 0.7052655 -0.0804547 0.9502896 -0.1189085 -0.2877683 -0.3387135 0.8393759 -0.4251134 -0.5567065 -0.4853109 -0.6742042 0.631278 -0.6712234 -0.3885195 -0.454619 0.1894138 0.8703126 0.7178507 0.5822975 -0.3816019 0.3464306 0.863338 -0.3669243 -0.5638127 0.4936558 -0.6621323 -0.4913891 0.2337613 0.8389829 0.5030359 -0.4233852 0.7534586 -0.7043487 -0.7060855 0.07304888 -0.7042818 -0.7062706 0.07189661 -0.6701167 -0.7084187 -0.2215548 0.1523236 -0.9300461 0.3343831 -0.4517436 -0.3658583 -0.8136802 0.974654 0.09844589 -0.2008929 0.6312862 -0.6712281 -0.388498 -0.1043229 -0.6550283 -0.7483681 0.2032182 0.1008471 0.9739262 0.8541816 -0.4095424 0.3203888 -0.7940216 0.4127242 -0.4463051 -0.2159387 -0.5250288 -0.8232346 0.7047439 -0.7056269 -0.07366776 -0.8538487 -0.4518963 0.2583259 0.6182854 -0.1752325 -0.7661702 0.7958514 -0.6054915 -8.64267e-4 0.6599918 -0.7294531 -0.1797472 0.7050491 0.7060427 -0.06640344 0.6827551 0.7266888 -0.0759536 0.7066236 0.7037113 -0.07398253 0.7056121 0.7020946 -0.09578508 0.7055631 0.7048977 -0.07280105 0.704764 0.7056038 -0.07369583 -0.1401101 0.839514 0.5249625 -0.6616766 -0.3032841 0.6857134 0.6540385 0.7481694 -0.1116973 0.8158804 0.5724443 -0.08152794 0.9671024 0.1300197 0.2186504 0.6802266 0.7309446 0.05488061 0.9689792 0.2429184 0.04549717 -0.5856277 0.1589789 0.7948371 -0.8057692 -0.5835724 0.1008929 -0.772666 -0.4027475 -0.490695 -0.6771534 -0.7320634 -0.07447576 0.7804823 -0.5757125 -0.2437266 0.50564 0.7693033 -0.3905135 0.7306737 -0.6741593 0.1078208 -0.5521466 -0.5198763 -0.6518151 -0.1839329 -0.9825887 0.0262323 -0.6209619 -0.7724372 0.1332191 0.4979447 0.3714274 0.7836408 0.6005438 -0.1932786 -0.7758806 0.7041807 -0.7061334 -0.07419764 -0.3015528 0.45797 0.8362591 -0.6941033 0.7146074 0.08693093 -0.6970668 0.7135962 0.06984633 -0.7044435 0.7067658 0.06512677 -0.6793348 -0.7055332 -0.2018098 0.2956513 0.4949808 -0.8170584 0.01456701 -0.6147484 0.7885888 0.8901618 -0.2627562 0.3722516 0.483518 -0.8619337 -0.1525802 -0.8344751 0.5451316 0.08051633 -0.8441645 -0.08993309 0.5284871 0.6076003 -0.6084696 0.5104769 0.1065545 0.8181123 -0.5651004 -0.2684708 0.1984722 0.9426199 -0.2456263 -0.6880797 0.6827988 -0.2220385 -0.5972149 -0.7707355 -0.5956652 0.7188281 0.3584261 0.6794226 0.7056255 0.2011904 -0.4465052 0.7069993 0.5484387 -0.8758006 -0.4805345 0.04538649 -0.6764089 -0.7076446 -0.2042307 -0.7032036 -0.6479592 -0.2926665 0.7299672 -0.6220011 -0.2833068 0.3048737 0.8197073 0.4849041 -0.64183 -0.5071616 0.5751881 -0.5502738 -0.3084441 0.775926 -0.1658942 0.9657932 -0.1993054 -0.7185866 0.5842549 0.3771995 -0.7190117 -0.5854235 0.3745684 0.4386927 -0.5551959 0.7066161 -0.9971779 0.04330575 0.06132614 -0.3173021 -0.3522104 -0.8804926 0.640274 0.6905239 0.3364906 -0.9801062 -0.1934912 -0.04419386 0.7752938 -0.485172 0.4043855 0.09982353 -0.9451315 0.3110654 -0.568332 0.09143626 0.817703 -0.4509215 -0.6426706 -0.6193904 0.58881 -0.1381601 0.7963759 0.7145978 0.5739319 -0.3999402 -0.7739019 0.5849528 -0.2427057 0.7063205 -0.7040187 -0.07395428 0.7044484 -0.7058302 -0.07454055 0.7020775 -0.7083968 -0.07253438 0.7080432 -0.7024831 -0.07205837 0.7024259 -0.7084609 -0.0684185 0.7043008 -0.7060497 -0.07385164 0.7026821 -0.70755 -0.07490551 -0.003161191 -0.003286421 0.9999896 0.68094 0.706918 0.1912792 0.7139223 0.6758932 0.1829846 0.67535 0.7104907 0.1977511 0.6807101 0.7023702 0.2081103 -0.67787 -0.7080248 -0.1979728 -0.6777527 -0.7069672 -0.2021107 -0.6774016 -0.707879 -0.2000862 -0.6792917 -0.7054361 -0.2022938 -0.6782713 -0.7062821 -0.2027651 -0.6795052 -0.7049601 -0.2032337 -0.6794968 -0.7057025 -0.2006691 -0.6786401 -0.704817 -0.2065933 0.910911 -0.2241653 -0.3463972 0.6784857 0.7063952 0.2016508 0.6779788 0.7062823 0.2037404 0.6802556 0.7042005 0.2033569 0.6785731 0.7064849 0.2010416 0.6786921 0.7062814 0.2013549 0.6788097 0.7066659 0.1996017 -0.6545052 -0.458697 0.6010158 -0.07951235 0.6288974 0.7734119 -0.7858584 0.6008073 0.1464828 0.399821 -0.4691449 -0.7874302 -0.6701196 0.7084194 -0.2215443 -0.3579904 -0.07923722 0.9303571 -0.1967566 0.5593932 0.805212 -0.8559914 -0.1429681 0.4968289 -0.6939361 0.5287023 0.4888013 -0.7332808 0.6428166 0.2215538 -0.6828294 -0.7027669 -0.1996564 -0.6866257 -0.697255 -0.205866 -0.6808837 -0.704855 -0.1989395 -0.682785 -0.702629 -0.2002924 -0.6825636 -0.7021948 -0.2025573 -0.6801503 -0.7041605 -0.2038468 -0.6768246 -0.7077448 -0.2024987 0.6790286 0.7052162 0.203937 0.6797056 0.70643 0.1973753 0.6817408 0.7042567 0.1981213 0.9085529 0.1204998 0.4000142 0.3664359 -0.5639532 0.7400551 0.3664215 0.563959 0.7400578 0.0772376 -0.2040816 -0.9759022 -0.9935725 0.008549869 0.1128747 0.6211643 -0.6643978 0.4156086 -0.1997263 0.4418417 -0.8745773 -0.1572526 -0.1797302 0.9710658 0.08846658 0.04014813 -0.9952698 0.3767509 0.570873 0.7294949 -0.6265406 -0.769128 -0.1260521 -0.6676235 0.7021378 0.2475509 0.6706972 0.6175169 -0.4108994 -0.6384593 0.7666763 -0.06765592 0.6748773 0.2992944 -0.6745098 -0.6222348 -0.7737376 -0.1189716 -0.6257128 -0.6859917 -0.3713475 -0.7894623 -0.3431603 -0.5089109 -0.757578 -0.6230053 -0.1947824 -0.7778192 -0.5138812 0.3618333 -0.6866113 -0.7137583 -0.1382537 -0.7171662 -0.5488517 -0.4294586 -0.7757973 -0.5444868 -0.3188621 0.9138579 0.1719314 0.3678361 -0.629423 -0.7769407 -0.01378756 0.4826301 -0.6036664 -0.6345512 0.6985307 0.6685067 0.2552524 0.8499143 0.4594899 0.2579047 0.7656551 0.6432173 -0.006631255 0.6034377 0.668476 0.4347445 0.2649411 0.8457451 0.4631646 -0.659134 0.4837963 0.575746 0.4232882 0.7417594 0.5202118 0.5641149 -0.1466756 0.8125643 -0.2792127 0.9442552 0.1744208 -0.901604 -0.1370456 0.4102789 -0.03792911 0.5444706 0.837922 -0.8764041 0.2969964 0.3790898 -0.4205555 0.6249319 0.6577183 -0.4609845 0.5706216 0.6796207 -0.825197 0.3680203 -0.4284985 0.3752999 -0.5699207 0.730986 -0.4945682 0.3258781 -0.8057332 0.7085861 -0.6504748 -0.2734745 -0.169369 0.6706282 0.7221994 0.4283142 0.5488714 0.7178351 0.4283192 0.5488616 0.7178396 -0.5506194 -0.70558 -0.4460663 -0.550611 -0.7055909 -0.4460595 -0.3953467 -0.506625 -0.7661803 -0.3953543 -0.5066205 -0.7661793 0.5501909 0.7050319 0.4474595 0.5501801 0.7050361 0.4474663 0.06071978 -0.9475247 -0.3138632 -0.7588085 -0.4027102 -0.5118927 -0.7394807 0.05609166 -0.6708368 0.809017 -0.3194637 -0.4933907 0.7767012 0.2373223 -0.5834496 0.6070956 0.7779887 0.1617667 0.550862 0.7048181 0.4469705 -0.5493651 -0.7040038 -0.4500854 -0.6084277 -0.779695 -0.1479579 -0.0562821 0.4889874 0.8704732 -0.6912345 -0.6693921 -0.27223 -0.2457582 0.7113122 0.6585119 -0.6227545 0.7056221 0.3380448 -0.6220126 0.7077508 0.3349465 -0.1359652 -0.9860249 -0.096273 -0.8621278 0.3802602 0.33487 0.5124607 -0.6647475 0.5435944 -0.3702685 -0.3403813 -0.8643158 -0.2865039 -0.5863717 -0.7576833 -0.550992 -0.6925318 -0.4656261 -0.5506573 -0.7056202 -0.4459558 -0.506244 -0.6865307 -0.5219126 -0.527164 -0.6896691 -0.4964421 -0.5495061 -0.7053247 -0.4478397 -0.6067259 -0.7163158 -0.3446382 -0.3175323 -0.53262 -0.7845313 -0.3234091 -0.5281021 -0.7851846 -0.3913909 -0.4833285 -0.7830752 -0.08620321 -0.5603385 -0.8237657 0.6116558 -0.4731065 -0.634072 -0.5506273 -0.7056064 -0.4460149 -0.22946 -0.5433921 -0.8075104 0.1295714 -0.8985254 0.4193606 0.5952026 0.7627366 0.2529165 0.6125139 0.7848913 0.09366124 0.3624278 0.9319679 0.00906831 0.5496122 0.704314 0.4492976 0.5284719 0.7279815 0.4367613 0.5699169 0.6929634 0.4415842 0.549627 0.7043052 0.4492933 -0.6843383 -0.7017639 -0.1980115 -0.682694 -0.7019065 -0.2031162 -0.6868684 -0.6922474 -0.2213718 -0.6798138 -0.7049459 -0.2022488 -0.6798623 -0.7048696 -0.2023511 0.03214609 -0.4120063 -0.9106138 0.5271414 0.7352702 0.426028 0.550999 0.714521 0.4311147 0.5552699 0.6951355 0.4565764 0.5514 0.7038949 0.4477614 0.5521152 0.7041285 0.4465111 0.5506206 0.7056326 0.4459817 0.5868528 0.7190369 0.3722765 0.2920046 0.7540737 0.5883079 0.5685918 0.4762298 0.6707524 0.5866653 0.6753712 0.4468756 0.730571 0.6338633 0.2539355 -0.7404707 -0.5235355 -0.4214426 -0.0780735 -0.9184926 -0.3876547 -0.3754683 -0.7189341 -0.5849422 -0.8864439 -0.4612998 0.03768014 -0.8758333 -0.4273179 -0.2243112 -0.5240615 -0.7881633 -0.3227359 -0.5313133 -0.7966513 -0.2881892 -0.2250875 -0.950932 -0.2122829 -0.3891595 -0.7539005 -0.5293288 -0.8077237 -0.5370798 -0.243162 -0.4906702 -0.8701127 -0.0463345 -0.6885257 -0.4494867 -0.569117 0.6230216 -0.7051146 -0.3386113 0.6230704 -0.7058798 -0.3369231 0.6225582 -0.7053999 -0.3388691 0.6220543 -0.706027 -0.3384881 0.09869158 -0.4164487 0.9037867 0.4398216 -0.5163185 -0.7348281 0.2739594 0.3013664 -0.9133042 -0.5487141 0.7015834 0.4546357 -0.6264824 0.3714215 -0.6852489 -0.4782117 0.7045682 -0.5243067 0.8380283 0.264761 0.4770851 0.7533085 0.3400307 -0.5629438 0.8359348 0.339447 -0.4312644 0.1572301 -0.6129292 -0.7743362 0.7774395 -0.1933273 -0.5985084 0.7351117 0.2092763 -0.6448367 0.6273822 0.6975294 -0.3461853 0.7667561 0.3595054 -0.5318278 0.525295 0.5731031 -0.6289818 -0.6756126 0.3737407 -0.6355042 -0.2485117 0.7633678 -0.5962479 -0.3756939 -0.6401432 0.6701275 -0.9867724 0.1215438 0.1072731 -0.6678652 0.715219 -0.2059564 -0.6793968 0.7056205 -0.2012953 -0.832708 -0.4534164 0.3178228 -0.7751528 0.4736793 0.4180504 -0.580097 0.5195774 0.6273172 -0.3034185 -0.8825688 0.3591793 0.9119578 -0.2109495 -0.3518998 0.9845371 -0.001232206 0.1751722 -0.08061528 -0.2009181 0.9762855 0.09679746 0.3592581 0.9282048 0.9215462 0.07889193 -0.3801695 -0.1352655 0.7069823 0.6941753 0.9965555 -0.02576214 -0.07882648 -0.5104895 0.7383227 -0.4407721 0.09476655 0.6328356 -0.768465 -0.7285364 -0.2227057 0.6477939 -0.9953694 0.09573483 0.008640944 0.2943679 -0.7077909 0.6421679 0.4022882 0.3193612 0.8580051 0.6610623 0.2929705 -0.6907713 0.1732255 0.6868214 -0.705882 0.2745437 0.2617561 -0.9252619 0.9365235 -0.3176149 -0.1484746 -0.9548404 -0.1846758 0.2327548 -0.3353404 -0.7012589 -0.6291127 -0.3110355 -0.7109529 -0.6307163 -0.3359582 -0.7056136 -0.6238923 -0.3242504 -0.7094936 -0.6256841 -0.3365998 -0.7056123 -0.6235478 0.3448144 0.6992077 0.626268 -0.3356525 -0.7068098 -0.6227017 0.3367074 0.6988207 0.6310926 0.3486742 0.7081422 0.6139715 0.3481712 0.7051899 0.617644 0.3396293 0.7057524 0.6217439 0.6774207 -0.7058764 0.2069777 0.7170688 -0.6685276 0.1971885 -0.3381534 -0.705593 -0.6227286 -0.3370298 -0.7062927 -0.6225444 -0.3366435 -0.7051985 -0.6239922 0.3387618 0.7035911 0.62466 0.3436454 0.7017174 0.6240999 0.337664 0.7044947 0.6242359 -0.7193211 0.6216389 -0.3100683 -0.8514772 0.5216378 0.05367106 -0.7510606 0.6587319 -0.0445007 -0.8966857 -0.2621915 0.3566658 -0.7962307 0.3989133 -0.4548459 -0.3414865 0.92169 -0.1840503 0.8555294 0.4370695 -0.2775604 0.6303054 -0.5807089 0.5152597 -0.8433858 -0.4213765 -0.3333801 0.5428166 0.1710574 0.8222467 0.7534692 -0.423383 -0.5030218 0.9552711 0.2948263 -0.02312266 0.8226211 -0.2547279 0.5083388 -0.3370717 -0.707657 -0.6209705 -0.3370873 -0.7043005 -0.6247664 -0.3397013 -0.7050419 -0.6225103 0.7134941 0.6732595 0.1940309 0.3380357 0.7056159 0.6227666 0.3417302 0.7068288 0.6193655 0.340321 0.7091956 0.6174328 0.3356716 0.710166 0.618861 0.3344298 0.7086406 0.621277 0.3367449 0.7058736 0.6231736 0.3353592 0.705515 0.624326 -0.9211089 -0.2180745 0.3224936 0.9261776 -0.2990913 -0.2296505 -0.3884827 0.6712313 -0.6312922 -0.2128575 -0.5872371 0.7809252 0.3414409 -0.6818737 0.6468898 -0.7605085 -0.417187 0.4975759 -0.8743318 0.2939884 0.3861538 0.2611411 -0.5947391 -0.7603229 0.3545792 0.7084492 0.6102241 0.2128468 0.7018863 0.679744 -0.3393439 -0.7053944 -0.6223058 -0.3236101 -0.7192504 -0.6147808 0.3363257 0.7059876 0.6232709 0.3369852 0.7054056 0.6235736 0.3357468 0.7075209 0.6218427 0.3393242 0.7060388 0.6215853 0.3391605 0.7052733 0.622543 0.343655 0.7085028 0.6163806 0.3320713 0.7072053 0.624171 0.3736037 0.6827415 0.6279207 0.2862262 0.7057543 0.6480629 0.7926747 -0.1182486 0.598067 -0.1970317 -0.6989003 -0.6875441 -0.06372755 -0.8534079 -0.5173333 -0.005515754 -0.971027 0.2389062 -0.5763332 -0.6798053 -0.453547 0.3879242 0.2582724 0.8847656 0.4227036 0.5568184 0.715035 0.5347185 0.6640291 0.5226294 0.1472954 0.7104344 0.6881766 0.6677641 -0.714915 0.2073348 0.6762869 -0.7100585 0.1960944 0.6878033 -0.7011448 0.1879436 0.6790882 -0.7066248 0.1987981 -0.007493257 0.8362809 0.5482502 0.2869136 -0.08724153 0.9539756 0.4886605 0.7818645 0.3871678 0.1274851 0.763825 0.6327077 0.389221 0.4855468 0.7827844 0.7749697 -0.6270973 0.07855629 -0.0739578 -0.7056175 -0.7047229 0.4532198 -0.6113275 -0.6487454 -0.571005 0.8051051 0.1604967 0.5876705 0.6653515 -0.4603812 -0.5027617 -0.4813414 -0.7180119 -0.6279507 -0.6688716 0.3978552 -0.1301966 0.6682693 0.7324377 -0.4966173 -0.3208669 -0.8064836 -0.2284904 0.7692171 0.5967388 0.8332481 -0.2916936 -0.4696939 -0.4794988 0.5519264 -0.6822449 -0.6006578 -0.2243866 -0.7673728 0.6547346 0.2334464 0.7189058 -0.4708508 -0.7037228 -0.5320469 -0.5507313 -0.7067463 -0.4440776 -0.07433164 -0.7055975 -0.7047035 0.8884411 0.4202626 0.1845307 -0.5311802 0.7027104 0.4733347 0.07368963 0.7056375 0.7047309 0.002405822 0.3940194 0.919099 -0.7341973 0.1867864 -0.6527367 -0.4562753 0.853643 -0.2512103 0.3604524 0.6982933 -0.618434 0.0960161 0.3961548 0.9131497 0.3847327 -0.6721525 0.6326072 0.3889992 -0.7769108 -0.495065 -0.2453393 -0.2514016 -0.9362723 -0.1586235 -0.2090109 0.9649628 0.7712199 0.2912478 -0.5660343 -0.9742239 -0.07219439 -0.2137194 -0.9693794 -0.07862395 -0.2326412 -0.3410849 -0.7006883 0.6266554 0.9756799 0.1425909 -0.1664832 -0.7891898 0.2939993 -0.5392066 0.937567 0.2939795 0.1858611 0.3451943 0.8568111 0.383035 0.5597851 -0.7726646 0.2993829 -0.05250602 0.9635953 0.2621591 0.8895559 0.4230094 0.1724913 0.9843543 -0.09806686 0.1463882 0.8412891 -0.2382157 -0.485269 0.6203643 -0.7076987 -0.3380988 -0.5129235 -0.5701605 -0.6417373 -0.04383313 -0.5064847 -0.8611341 0.04068452 -0.8256992 0.5626417 -0.3610694 -0.8287962 -0.4274643 -0.4991555 -0.5888568 -0.6356821 0.6787095 -0.7063896 0.2009161 0.680395 -0.7051101 0.199706 0.6800117 -0.7050717 0.2011418 0.6788395 -0.7066858 0.1994295 -0.0636121 -0.7056069 -0.7057424 -0.07296299 -0.7056567 -0.7047873 -0.08111929 -0.702294 -0.7072502 -0.07360148 -0.7056231 -0.7047545 -0.08125591 -0.7065435 -0.7029892 0.07446223 0.7055954 0.7046918 0.07293701 0.7056392 0.7048075 0.07306671 0.7056334 0.7047999 0.05847811 0.706776 0.7050164 -0.07757627 0.9902547 -0.1156626 0.06665861 0.7073096 0.7037541 0.6452921 0.5522282 -0.5278658 0.4987779 0.6381072 0.5865492 0.6388544 0.7037504 -0.3108062 0.07442474 0.7063894 0.7038999 0.07878631 0.6972645 0.712471 0.06998461 0.7037281 0.7070142 0.07501208 0.7051215 0.7051078 0.07506352 0.7027456 0.7074703 0.07340097 0.7110773 0.699272 -0.07399505 -0.705622 -0.7047144 -0.0732485 -0.7053529 -0.7050617 -0.07269507 -0.7056342 -0.7048375 -0.07202529 -0.7069157 -0.703621 -0.0754435 -0.7063729 -0.703808 -0.07844877 -0.7051044 -0.7047508 -0.07432067 -0.7051559 -0.7051466 0.470339 0.6686158 0.5759637 0.6488139 0.7155442 0.2589152 0.1984484 0.9164192 0.3475544 -0.07120388 -0.7057641 -0.7048597 -0.07129955 -0.7053736 -0.7052408 0.7331531 0.04328972 0.6786845 0.4543051 -0.5832961 0.6733294 -0.3480936 0.817456 -0.458908 -0.8513703 -0.3049438 -0.4268232 0.2255458 -0.7001841 0.6774004 -0.9935727 -0.008554756 0.112872 -0.9376557 0.1956641 0.2872582 0.780179 -0.2316593 -0.5810806 0.7110558 0.2420167 -0.6601725 -0.5674234 0.6505917 0.5047389 -0.07870107 -0.7073907 -0.7024276 -0.07746565 -0.6989467 -0.7109661 -0.07542473 -0.7092924 -0.7008677 -0.07702052 -0.707479 -0.7025249 -0.07092189 -0.707196 -0.7034515 -0.07281184 -0.7092213 -0.7012159 -0.07138544 -0.7048551 -0.7057502 -0.8905976 -0.1568968 -0.4268718 -0.4808151 -0.3693944 0.7952135 -0.4948014 0.5635354 0.6615131 0.2215609 0.6428123 0.7332824 -0.1428216 0.8749269 -0.4627147 0.3357089 0.04557132 -0.9408628 -0.1953724 -0.5586161 0.8060879 -0.7369568 -0.5660226 0.3694766 -0.7158609 -0.5794137 0.3896448 -0.4068673 0.6610934 0.6304083 -0.6109909 0.7829397 -0.117029 -0.6109791 0.7829502 -0.1170201 0.07417887 0.7058103 0.7045066 0.06541109 0.7163166 0.6947028 0.07224273 0.711336 0.6991295 0.07594406 0.7054372 0.704692 0.0740835 0.7056789 0.7046481 0.07363539 0.7058329 0.7045408 0.07358449 0.7056005 0.7047789 0.07281225 0.7056756 0.7047839 -0.8491621 -0.1829763 0.4954227 -0.3075176 0.6192606 -0.7224606 -0.2087554 0.9767451 0.04888957 -0.6374121 0.770306 0.01828885 -0.557416 0.8298599 0.0249046 -0.5027628 0.8626676 -0.05508625 -0.2093533 0.5554099 -0.8047926 0.5694298 0.6061311 -0.5552971 -0.7229185 0.6893625 0.04656338 -0.5506404 0.7056119 -0.4459901 -0.5506489 0.7056161 -0.4459729 -0.380984 0.9213715 0.07698029 0.2803387 0.8103128 -0.5145908 -0.04691272 0.7685377 0.6380824 -0.4943633 0.5144991 0.7006394 0.04181146 0.5993942 0.7993613 0.07426524 0.7055998 0.7047082 -0.3060978 -0.7125206 -0.6313624 0.03571009 -0.4383465 -0.8980964 0.4832172 0.5847755 -0.6515664 0.1774979 -0.8860675 -0.4282276 0.01082473 -0.8244217 -0.5658727 -0.5188247 -0.6254072 -0.5828267 -0.1747083 -0.6097385 -0.773108 -0.2113208 -0.3303287 -0.9199057 0.9230036 0.1864153 0.3366212 0.1568265 0.7537931 0.6381235 -0.6596572 -0.4270714 0.6184355 -0.09691697 0.6746914 0.7317094 -0.5889187 0.2319162 -0.7742027 0.6118128 -0.4815424 0.6275365 0.06817412 0.7041648 0.7067562 -0.7456981 -0.5486803 -0.3780005 -0.423991 0.09871912 0.9002702 0.4405391 -0.6570969 0.6116772 0.3677616 -0.6960167 -0.6166946 -0.4935381 -0.7683863 -0.4074345 0.6492215 -0.6978422 0.3025355 0.2973908 -0.697085 -0.6524041 -0.5574883 0.1349765 0.8191387 -0.7527016 -0.5281231 -0.3930985 -0.9024037 -0.1803735 0.3913224 0.8069694 0.5092719 0.2990695 0.3602105 -0.5806147 0.730161 0.2897785 0.5410731 0.7894735 0.2016354 -0.7055739 -0.6793444 0.2163263 0.9762077 0.01488292 0.169167 0.9840442 -0.05513268 0.5821778 -0.7152994 0.3865436 0.898193 -0.0588445 -0.4356454 0.6695869 -0.7067779 -0.2282949 0.03758263 -0.2329695 0.9717576 0.5530141 -0.7131142 0.4308639 0.2009215 -0.7056791 -0.6794465 0.2013947 -0.705797 -0.679184 0.4891408 0.4731138 0.7327378 0.5507274 -0.6934524 0.4645676 0.5526365 -0.7023457 0.4486687 0.5474523 -0.703926 0.452531 0.5502808 -0.7127623 0.4349264 0.5338137 -0.726073 0.4334291 0.5506111 -0.7058127 0.4457083 0.5498689 -0.6946251 0.4638322 -0.2011612 0.7056413 0.6794149 -0.2012879 0.7055391 0.6794835 -0.2717 0.6261555 -0.7308273 0.5938154 -0.4863412 0.6409801 -0.9018562 -0.390582 -0.184665 0.9779959 0.1060758 0.1796445 0.6025125 -0.4576479 0.6538633 -0.3783116 0.5040234 0.7764284 -0.5210334 0.2715488 0.8091881 0.8329989 -0.08361899 -0.5469192 -0.0116589 -0.6918172 -0.7219787 -0.6096011 0.7323856 -0.3033115 0.9795197 0.1431041 0.1416425 0.01009052 0.524053 0.8516259 -0.2833148 -0.6924116 -0.6635503 0.8180262 0.4505859 -0.3574992 -0.4816932 0.7974244 -0.3634365 0.8860241 -0.0851143 0.4557597 -0.2175685 -0.08595365 0.9722531 -0.9972438 -0.04838228 0.05625134 -0.3252547 -0.7085337 -0.6262505 0.2098546 -0.7031602 -0.6793577 0.2024965 -0.704569 -0.6801307 0.2026852 -0.7043997 -0.6802498 0.2039614 -0.697435 -0.6870111 0.1968268 -0.7018111 -0.6846315 0.2011245 -0.7052479 -0.6798341 0.1973678 -0.7093285 -0.6766824 0.2016817 -0.7049657 -0.6799618 0.20236 -0.704859 -0.6798708 0.2032932 -0.7054431 -0.678986 0.2000839 -0.7058008 -0.6795672 0.2103818 -0.7003628 -0.6820788 0.8998981 0.1315554 -0.4157844 0.5943593 0.2869174 -0.751276 -0.7732061 -0.1761546 0.6091978 0.534334 -0.7292193 0.427465 0.5431194 -0.7085679 0.4505028 0.5590755 -0.7077215 0.4319317 -0.2093096 0.7089688 0.6734634 -0.6800988 0.4074512 -0.6094663 -0.6059384 0.7765235 -0.1727708 -0.5520651 0.707436 -0.4413145 0.1197581 0.7061292 -0.6978822 -0.3970529 -0.3411681 -0.8520289 0.7283344 -0.2229217 -0.6479468 0.1248461 -0.5216898 -0.8439509 -0.3815825 0.5823018 -0.7178575 -0.6412593 0.3116418 0.701189 -0.705554 -0.694 -0.1433795 0.8389865 -0.2337435 0.4913917 0.776403 0.625045 0.080729 -0.9759032 -0.2040722 -0.07724958 -0.2013244 0.7056195 0.6793892 -0.2156217 0.7095015 0.670906 -0.2053254 0.6975579 0.6864799 0.28793 -0.7195588 0.6319269 0.5940455 -0.7504303 0.2897661 -0.8734878 -0.4815685 -0.07149064 0.5904666 0.4659878 0.6589421 -0.8514086 -0.5112609 -0.1171144 0.3944162 0.4550759 -0.798337 -0.9668225 0.249809 -0.05338484 0.9954428 0.09387624 -0.01676666 0.9724601 -0.2271378 0.05224889 0.711053 -0.2420005 -0.6601814 0.2128561 0.7018924 0.6797347 -0.7980253 0.2840362 -0.5314875 -0.6824131 -0.699848 -0.2110102 -0.2013014 0.7056199 0.6793956 -0.2013894 0.7056145 0.6793752 0.5410985 0.7938441 -0.2775323 -0.2255783 0.7063927 0.6709128 0.840442 -0.1576923 0.5184501 -0.1932237 0.6864377 0.7010478 0.3361253 0.6318188 -0.6984445 0.1019178 -0.7720574 -0.6273278 0.1123667 -0.3539285 -0.9284979 0.1229589 -0.3739531 -0.9192607 0.4687579 -0.7157539 -0.5176509 -0.2572164 0.8992819 0.3537397 0.820792 -0.4487848 0.3534015 0.1783874 -0.7921933 -0.5836161 0.1999958 -0.7069354 -0.6784129 0.8237847 -0.405704 0.3959584 0.2548565 0.5220224 0.8139662 -0.4222967 0.5569458 0.7151761 -0.07485574 0.705563 -0.7046825 -0.4474255 0.5733826 -0.6863256 -0.8254732 0.5503388 -0.1253852 -0.550558 0.7055031 -0.446264 0.06875514 0.9812937 -0.1798205 0.9018874 0.1508886 -0.4047616 0.8354675 -0.1075226 0.5389184 -0.980988 0.1641463 -0.1035317 0.5233061 0.8412607 -0.1357616 0.7119318 -0.2410615 -0.6595776 -0.6932306 -0.6568602 0.2965905 -0.216548 0.4825128 -0.8486981 -0.3547354 -0.7306655 -0.5833445 -0.7201623 0.5555123 0.415659 -0.6909212 -0.6183462 -0.3745344 0.4934536 0.7071121 -0.5064544 0.4076409 0.2780883 -0.8697678 0.8065544 -0.4368135 -0.3983266 0.4457648 -0.7057161 -0.5506893 0.4457463 -0.7057152 -0.5507054 0.4469947 -0.7052243 -0.5503222 0.446976 -0.7052406 -0.5503166 -0.1966885 0.7729678 0.603187 -0.1966958 0.7729653 0.6031877 0.7355669 -0.1930181 -0.6493731 0.2393314 0.7197115 -0.6517177 0.3798114 -0.5442162 -0.7480456 0.4166132 0.6665715 0.6181552 -0.4205093 -0.3778719 -0.8248544 0.8445116 -0.4563738 0.2802202 -0.5892466 0.7287784 0.3488129 0.4438309 -0.706469 -0.5512856 0.4474818 -0.7050368 -0.5501665 0.4335628 -0.6986417 -0.5691424 -0.7863324 0.4870587 0.3800728 -0.09405845 0.7848781 0.6124699 0.5286499 0.4918414 0.6918246 0.02977621 0.5965804 -0.8020009 0.8643952 -0.3276677 -0.3813856 0.68536 -0.2944874 -0.6660021 0.4433665 -0.7065082 -0.5516088 0.4455608 -0.7065596 -0.5497719 0.7427042 -0.4352338 0.5088832 0.4436466 -0.7071372 -0.5505768 -0.3606294 -0.7020881 -0.6140185 0.6585319 0.7112995 0.2457412 0.6308898 0.7416494 0.227891 0.4445992 -0.7065334 -0.5505834 0.4417858 -0.7062719 -0.5531775 0.8445773 -0.2617401 -0.4670989 0.7952468 -0.1145917 -0.5953581 0.8064836 -0.3352538 -0.4870209 0.751959 -0.009504199 -0.6591414 0.4443639 -0.7083439 -0.5484431 0.8541356 -0.2876105 -0.4332814 0.446025 -0.7056051 -0.5506207 0.445934 -0.7056359 -0.5506551 0.4364052 -0.7292528 -0.5270113 -0.4477688 0.7049274 0.5500733 -0.2200861 0.9131354 0.3431413 -0.679602 0.5783322 0.4513015 0.03933525 0.08852326 0.9952972 0.03815484 0.4549154 0.889717 -0.2093918 0.7708916 0.6015658 -0.2093806 0.7709027 0.6015554 -0.06499332 0.9820538 0.1770486 0.917746 -0.2794392 -0.2822342 -0.4955744 -0.7528408 0.4331709 0.07346022 -0.7056346 0.7047578 0.07354223 -0.705187 0.7051971 0.03367561 0.8886956 0.4572593 -0.4422644 0.7098121 0.5482419 -0.136862 0.9568008 0.2565172 0.01409262 0.9123291 0.4092152 -0.4474801 0.705416 0.5496816 -0.4473931 0.705788 0.5492749 -0.4458611 0.7056967 0.5506361 -0.4451493 0.7058267 0.5510452 -0.4451409 0.705733 0.551172 -0.06474214 0.8202086 0.5683893 -0.4453184 0.7056995 0.5510715 -0.4455047 0.7051568 0.5516155 -0.4460096 0.7056052 0.550633 0.2283597 0.8087968 0.5419407 -0.4452994 0.7055788 0.5512415 -0.4469469 0.7064239 0.5488204 -0.4442937 0.7064481 0.5509395 -0.4460718 0.7056078 0.5505795 -0.4458581 0.7057344 0.5505903 -0.4458541 0.7056884 0.5506523 0.2472875 0.6101467 0.7527084 0.6604227 -0.7469325 -0.07703107 0.4486383 -0.7051335 -0.5490997 0.4515724 -0.7010831 -0.5518741 0.4410569 -0.7204504 -0.5351824 0.440401 -0.7098516 -0.5496888 -0.4350922 0.7053927 0.5595678 -0.4346148 0.7119926 0.5515221 -0.4433475 0.710583 0.5463652 -0.448693 0.7014237 0.5537864 -0.444238 0.7015401 0.5572201 0.2643743 0.8219893 0.5044204 0.8466762 0.3989479 -0.3521078 -0.2381454 -0.6865836 0.6869423 -0.5108771 -0.6862983 -0.5176866 0.1131915 -0.09837996 0.9886906 0.4580973 -0.7007822 -0.5468558 0.8566641 -0.4066993 -0.317368 -0.6083816 -0.01071161 -0.7935725 -0.3281075 0.8146442 0.4782265 0.6786956 -0.5940063 -0.4318898 0.7965306 -0.5928431 -0.1186434 0.4665895 -0.7873981 -0.4028629 0.3688573 -0.413711 -0.8323386 0.5256401 -0.5697701 -0.6317155 0.4421462 -0.837452 -0.3212178 0.4201827 -0.8238318 -0.3804574 0.708615 -0.7030319 0.06009119 0.5991486 -0.4794108 0.6412382 -0.236271 -0.9698972 -0.0589534 -0.4066387 0.4640197 0.7869758 0.1906138 -0.5892366 0.7851539 -0.5991806 0.584568 0.5470493 -0.2512975 0.8243245 0.5072858 -0.5534543 0.7251981 0.4096049 -0.1532829 0.6214302 0.7683286 0.348093 -0.6862917 0.6386196 0.3112415 -0.7023659 0.6401649 -0.4683015 -0.691925 0.5494849 0.4432461 0.7886423 -0.4261177 -0.1770315 0.9776921 0.1130393 -0.4210391 0.836461 0.350798 -0.5884598 -0.3387517 -0.7341406 0.1610159 -0.9622213 -0.2195543 -0.5602266 -0.7660255 0.3152002 0.6732955 0.108846 0.7313179 0.2199007 -0.965164 -0.1417827 -0.1148543 0.9892678 -0.09031975 0.1546445 0.08966976 -0.9838925 -0.1167165 -0.9271205 0.3561247 0.3538638 0.9201247 0.1677828 -0.4151549 0.844165 0.3391638 -0.1893857 0.7246624 -0.6625688 -0.7377658 -0.6735624 -0.0448935 -0.01703906 0.9236735 0.3828017 -0.3303833 -0.9145442 -0.2333582 -0.9478272 -0.2786077 -0.1549236 -0.545683 0.5766516 0.6080321 0.1803427 -0.8700951 0.4587057 0.3779602 0.7016827 0.6039766 -0.7210344 0.2117396 0.6597544 -0.9503131 -0.212557 0.2274304 -0.4558689 0.8264474 -0.330406 0.3004823 -0.6399009 -0.7072746 0.4957514 -0.8677066 0.03627431 -0.4564062 -0.7027176 0.5457851 -0.963798 -0.2334292 0.1288582 0.3412087 -0.7069533 0.6195109 0.03176778 -0.9965568 -0.07658708 0.1434351 0.6581171 -0.7391267 0.947719 -0.02009207 -0.3184728 -0.1623069 -0.9826725 0.0895068 -0.04315507 0.9007291 0.4322324 -0.3036274 0.9522333 -0.03259235 0.3070788 -0.9426717 0.1306633 -0.2187113 0.9757242 -0.01129734 0.03824537 -0.9964159 0.07544922 -0.04344272 -0.986611 -0.1571997 -0.1383719 0.9838101 -0.1138901 -0.3020211 0.5859117 0.7519912 0.4088681 -0.8764174 0.2544 0.2933673 -0.59823 0.745692 -0.6012909 -0.7958797 -0.07088553 0.5377764 0.7397016 0.4045221 -0.112209 -0.7978858 0.592273 -0.8524996 0.2490959 -0.4595603 0.6796683 -0.7095419 0.1860144 0.4807543 0.04490816 0.8757047 0.1601999 0.981803 -0.1019756 -0.593463 -0.7040693 0.3899848 -0.282132 -0.2217518 -0.9333958 -0.5627315 0.6873475 -0.4592243 0.170939 -0.9606436 -0.2189608 -0.8188059 -0.5402085 -0.1942467 0.7360407 0.6548232 0.1716122 -0.1808286 -0.7028834 0.687936 0.1443763 0.7254449 0.6729676 0.09016901 -0.9462139 -0.3107233 0.701579 0.6919795 0.1701508 -0.2390239 -0.7165678 0.6552849 0.7112784 0.4314234 -0.5549387 0.8763775 -0.3296179 0.3511618 -0.1590144 0.9870585 0.0207355 0.8261815 0.5584983 -0.07418793 0.8659504 0.1534498 0.4760074 -0.5523971 -0.8329083 0.03348338 0.8408727 0.5185222 0.1551386 0.07037091 -0.5961853 0.799757 0.610513 0.6821943 -0.4023491 0.6139561 0.7551758 0.2297117 -0.3840308 -0.916608 -0.1111323 0.3990858 -0.9127223 0.0875703 -0.6206573 -0.6579224 -0.4265241 0.5219003 -0.5843905 -0.6213758 0.633112 0.7593503 -0.1501885 -0.2241194 0.1479359 0.9632682 -0.8187065 0.4266351 -0.3843207 0.03923904 0.7046914 0.708428 0.5193822 0.8209872 0.237112 -0.4283079 -0.8892869 0.1603783 0.6476365 0.6305135 -0.4278081 -0.5012331 -0.656219 0.5640408 0.7311933 0.5680002 -0.3777993 0.1300713 -0.1760289 -0.9757538 0.7951427 -0.2968043 0.5288245 0.3722152 0.1177926 0.9206416 -0.2558888 -0.3241488 -0.9107407 0.07108092 -0.9762064 -0.2048624 -0.0361945 -0.9901711 0.1350969 -0.2473018 -0.2947428 0.9230214 -0.6142599 -0.4953516 0.6142569 -0.6556475 0.7056828 0.2685858 -0.9598854 0.1116785 -0.2571929 -0.5324637 0.6580097 -0.5324527 -0.9336919 0.05224275 -0.3542461 -0.2044323 -0.6131679 -0.7630416 0.1883689 -0.6857575 -0.703032 0.5484456 -0.6312087 -0.548437 0.8523638 -0.4352021 -0.2899575 0.8262711 -0.5179405 -0.2213908 0.5607291 -0.8142567 0.1502302 0.3451153 -0.8728073 0.3451129 -0.59467 -0.5410529 0.5946674 -0.2178248 -0.9742415 -0.05835962 -0.1614444 -0.9735873 -0.1614425 -0.08147752 -0.9491465 -0.3041093 0.2863226 -0.4969714 -0.8191697 0.2210744 -0.5198623 -0.8251481 0.6840877 -0.2530969 -0.6840804 0.9487372 0.1877556 -0.2542554 0.4561727 -0.7640779 0.4561706 0.1219056 -0.8821021 0.4550109 0.5634531 -0.105015 -0.8194464 -0.6296209 0.2972775 -0.717777 0.2871748 -0.4040986 -0.868467 -0.7030447 0.5592218 0.4393168 0.05480772 0.8288519 0.556777 -0.8161337 -0.5481327 0.1829658 -0.8560406 -0.5104252 -0.08161348 0.7069864 -0.6155575 -0.3482229 -0.1637699 0.6879407 -0.7070481 0.3239824 -0.9454007 0.03539758 -0.2082467 0.36464 0.9075633 -0.9971734 0.03207027 -0.06794625 -0.7004783 -0.6667594 -0.2544841 -0.2179325 0.8791581 -0.4237765 0.4746598 0.6708592 0.5697773 -0.1469021 -0.9484047 -0.2809776 0.2954213 -0.8754209 -0.3825762 0.6719533 0.6997148 0.242648 -0.5770873 0.6671979 -0.4709749 -0.7800736 0.5055361 -0.3686712 -0.6972881 0.6936861 -0.1805242 -0.1648917 0.8403873 -0.5162944 0.4570712 0.7386688 0.4954336 0.3084648 -0.640439 0.7033402 0.1306329 0.9807697 0.1450029 -0.2039288 -0.1338102 0.9697979 -0.8150385 0.5648974 0.1288536 0.4735306 0.8696315 -0.1396777 0.4822075 -0.02418911 0.8757231 -0.2340412 -0.07198888 0.9695578 0.2928829 0.7085849 -0.6419713 -0.08501255 0.6825013 -0.7259235 -0.009317398 0.882256 -0.4706777 0.2567855 0.7732692 0.579755 -0.7718437 0.6328533 -0.06127142 -0.9216559 0.1067957 -0.3730217 -0.5446761 0.6114173 -0.5740183 0.3748384 0.9058776 -0.1971851 0.5449914 -0.8366198 -0.0552442 -0.4293949 0.5872509 -0.686117 -0.8493446 -0.5148611 0.116327 0.2772309 0.8457054 0.4559885 -0.5412725 -0.6726404 -0.5045583 -0.1193491 0.748903 -0.6518437 -0.2601293 0.7887407 -0.5569748 -0.7408773 0.6691952 -0.05725914 0.3154031 0.9339138 0.1683033 0.4039465 -0.902247 -0.1509227 -0.07983553 0.99637 -0.02955311 0.08874332 -0.9956759 0.02745974 -0.6770412 -0.580425 -0.4524623 -0.06302797 0.4951907 0.866495 -0.3664259 -0.9175036 0.1546589 0.3773441 0.8660625 -0.327944 -0.08353531 0.8949192 0.4383395 -0.1489118 -0.9881839 0.03630155 0.2152472 -0.9685449 0.1248585 -0.7890205 0.5483003 0.2771525 0.1478713 0.9885395 -0.03039252 -0.2669805 0.5862533 -0.7648717 0.2237329 -0.1456595 -0.9637049 0.08706063 -0.7068209 0.7020149 -0.4041876 -0.4281709 0.808271 -0.05591118 -0.7925629 -0.6072217 -0.6508696 0.6489325 0.3940247 0.1637001 -0.9228372 0.3486742 0.02023041 -0.8723888 -0.4883939 -0.3999222 0.7997902 -0.4476584 -0.5346566 -0.8255995 0.1803549 0.9533035 -0.2672076 -0.1407578 0.3187885 0.8921914 0.3199509 -0.1227751 -0.6749526 0.727575 -0.5777258 -0.4784262 0.661318 -0.3643648 0.8067702 -0.4651453 0.529354 0.7429214 0.4096977 -0.5048319 -0.6858412 -0.5241822 -0.2226981 0.713231 0.6646105 -0.02458387 0.6884705 0.7248477 0.1738018 0.7435916 0.6456506 -0.4567798 0.5229526 0.7196338 -0.2130647 0.7346183 0.6441579 -0.4901098 0.7171481 0.4954707 -0.4628412 0.710408 0.5301873 0.4487086 0.7341399 -0.509607 -0.9268025 0.2986842 -0.2276512 -0.7375957 0.5843908 -0.33829 0.8258813 0.1336452 0.5477766 -0.6053 -0.7085085 0.3628051 -0.04665088 -0.747601 0.6625077 0.7515597 0.06055146 -0.6568802 -0.4676319 0.7214354 -0.5107362 -0.8828224 0.4288688 -0.1915625 -0.3208597 -0.6382454 0.6997799 -0.1441239 0.5190249 0.842521 -0.6660168 -0.6917867 -0.2790214 0.4645284 0.8086136 -0.3610503 0.6000427 -0.7479194 0.2838404 -0.333679 0.720211 0.6082388 0.6864703 0.6994296 0.198889 -0.4370103 0.7417702 -0.508723 -0.1097332 0.385478 -0.9161689 -0.790057 0.0140779 -0.6128718 0.6478794 0.7177832 -0.2550289 0.2783144 0.7079831 -0.6490772 -0.8370764 0.5251244 -0.1534518 -0.4718405 0.729689 0.4948946 -0.6568353 0.004092454 -0.754023 -0.2324083 0.7668268 0.5983002 0.61161 0.7542985 -0.2386778 -0.5410147 0.832433 -0.1198278 0.0302549 0.967993 -0.2491472 -0.3219946 0.9272351 -0.1911922 0.03377741 0.4633762 -0.8855177 0.4181064 0.1168583 -0.9008502 0.8262553 -0.07732951 -0.5579627 0.3146656 -0.06418395 -0.9470301 -0.3164132 -0.8118133 -0.4907565 -0.362066 -0.8536044 -0.3745237 -0.3897187 -0.899428 -0.1978604 -0.7175964 -0.6087394 0.3383664 -0.9314462 -0.2537078 0.2608454 -0.0757848 -0.2171093 0.973201 0.005455791 -0.448787 0.8936221 -0.4272422 -0.7388951 -0.5210548 -0.4240032 -0.6952714 -0.5803611 -0.4224243 -0.6630845 -0.6179618 -0.6752541 0.7365059 0.03988939 -0.2599838 0.6690656 -0.6962469 0.2125186 0.5084119 -0.8344778 -0.5839992 -0.2583477 -0.7695464 0.9696177 0.161131 -0.1840607 0.9021459 -0.4300574 -0.03440582 0.2612299 -0.6662629 0.6984645 -0.6717383 -0.2965303 0.6788502 -0.9660779 -0.1929473 0.1716539 -0.6922655 0.6130843 -0.3806523 -0.1872189 0.9547573 -0.231058 -0.3685116 0.8605756 -0.3515806 0.2541977 0.6333517 -0.7309235 0.6957821 0.3979303 -0.5979455 0.9633634 0.2376934 -0.1242292 0.9634979 0.2178775 0.1555678 0.239077 -0.7432445 -0.6248438 0.0227316 -0.772133 -0.6350542 -0.04556143 -0.7770196 -0.6278254 0.1116029 -0.8919844 -0.4380741 -0.2933475 -0.9216892 -0.2538431 -0.4766157 -0.869578 -0.1291192 -0.5324588 -0.7229604 -0.4402453 -0.5304288 -0.4685915 -0.7064469 -0.4489861 -0.09113806 -0.8888787 -0.2059618 0.4714525 -0.8575035 0.3750937 -0.5264839 -0.7629676 0.6121707 -0.480974 -0.6276233 0.6754697 0.3586291 0.6443027 0.9666167 -0.2176909 -0.1351402 0.4044706 -0.7906666 -0.4596192 0.2601725 -0.8454235 -0.4664433 -0.4188533 -0.257326 0.8708302 -0.2304939 -0.3784514 0.8964638 -0.6100911 -0.7176365 0.3358374 -0.8213739 -0.5597198 -0.109812 -0.9221259 -0.07145255 -0.3802347 -0.4475297 -0.8839223 -0.1356411 0.2772895 -0.6384256 -0.7179996 0.367207 -0.5440872 -0.7544059 0.5020182 -0.3541197 -0.7890355 -0.2018436 0.2738949 -0.9403408 0.7472259 0.6400174 0.1789726 0.8980066 0.1222732 0.4226505 -0.3252106 0.7504873 0.5753321 0.181518 -0.4231423 0.8876948 0.009480416 0.2959443 0.9551581 -0.04064339 0.2779173 -0.9597448 -0.3453147 -0.8565061 -0.3836081 -0.9267433 -0.2413436 -0.2879242 -0.7085829 -0.2650807 -0.6539437 -0.3036439 -0.04196149 -0.9518612 0.01489764 0.3735991 -0.9274706 0.5128222 0.8428431 -0.1631844 0.8326889 0.5108738 0.2136287 0.337715 0.006073534 0.9412289 -0.2895118 -0.01171749 0.9571028 0.8840054 -0.2162367 0.4144589 0.4992458 -0.8540881 -0.1459013 0.342367 -0.9114339 -0.2281956 -0.9681764 -0.1775859 -0.1763461 -0.9511981 -0.2889208 -0.1083847 0.6130241 -0.7687341 -0.182344 0.6776257 -0.7153654 -0.1705161 0.7142892 -0.6796034 -0.1671236 0.7039 0.6604341 -0.2614415 0.7570089 0.6035038 0.2504416 0.1143517 0.2468034 0.9622951 -0.05390226 -0.310101 0.9491744 -0.3824276 -0.6115335 0.6926586 -0.7766097 -0.5707244 0.2667419 0.070427 -0.9973608 -0.01765304 0.2840088 -0.9210476 -0.2664777 -0.3687279 0.6806184 0.6330865 -0.06903082 0.3929635 -0.9169595 0.4946969 0.4931908 -0.7155682 0.7090221 0.3922626 -0.5860186 0.6745864 0.6916638 0.2579429 0.2128948 0.7608386 0.6130259 0.2069486 -0.4953153 0.8437032 0.4654915 -0.7895054 0.3999987 0.775458 0.5841634 -0.2396205 0.438692 0.8981199 0.03049576 -0.5887528 0.5538464 -0.5887481 -0.8958395 0.3739856 -0.2400138 -0.7047439 0.08175539 0.7047356 -0.2203933 0.5241723 0.8225997 0.2122005 0.5724264 0.7920222 0.6758303 0.2941388 0.6758224 0.8805465 -0.4110361 0.2359816 0.3663985 0.7154211 0.5949158 0.09304344 0.9953498 -0.02493482 0.07141482 0.994887 -0.07141393 0.0386393 0.9887908 -0.144222 -0.1664547 0.7656998 -0.6212864 -0.5037308 0.7017946 -0.5037257 -0.9711909 -0.1020395 0.2153514 -0.8632149 -0.448738 -0.2312882 -0.9612351 -0.09850949 0.2575324 -0.6781346 0.283321 0.6781318 -0.2243086 0.4987207 0.8372355 -0.1608011 0.513467 0.8429085 0.05436909 0.9776868 0.2029105 0.08785629 0.9922514 0.08785539 0.1065871 0.9938932 0.02855664 0.1286086 0.9910966 -0.03445893 0.1794283 0.7206677 -0.6696594 -0.7446703 -0.607084 -0.2773357 0.1700844 0.9050611 -0.3897895 0.3653196 -0.8130239 -0.4533587 0.7142727 -0.5951815 -0.3682032 0.9314221 -0.2795289 -0.2330588 0.8826227 0.4553288 0.1168462 0.8137597 0.5264251 -0.2463166 0.7706651 0.5616851 0.300974 0.395368 0.6406919 0.6581779 -0.2260865 0.6904355 0.6871563 -0.4903023 0.6765667 0.549419 -0.5984972 0.3612774 0.7150383 -0.721274 -0.2234853 0.6556052 -0.7641102 -0.5805972 0.2811455 -0.2754936 0.6397867 0.7174791 -0.6321159 0.2236763 0.7418885 -0.9075459 -0.07676815 0.4128766 -0.9693492 -0.1709517 -0.1764588 -0.7274991 -0.04467296 -0.6846528 -0.1868929 -0.3905849 0.901396 0.2557992 -0.8754544 0.4100567 0.4144437 -0.9083954 -0.05526494 0.3079356 -0.8970648 0.3169391 0.6581835 -0.7437984 0.116441 0.9051638 0.08157122 -0.4171625 0.2026402 0.818668 -0.5373266 -0.09733045 0.8807735 -0.4634274 0.2945808 0.7953152 -0.5298075 0.06268697 0.9489618 0.3090985 -0.5800372 0.8124979 -0.0583449 -0.9652553 0.1568323 0.2090117 -0.3978062 -0.8854159 0.2403934 -0.1041002 -0.9861126 0.1294031 0.1197511 -0.9927722 0.007949829 0.1843951 -0.9342485 0.3052509 0.2389396 -0.7951143 0.5574057 0.2640318 -0.7178462 0.6441926 0.3857815 0.1556529 0.9093651 0.9602912 0.2567913 0.1090839 0.7077947 0.415106 0.5715888 0.2620331 0.6531317 0.7104631 -0.8962031 -0.4410088 -0.04828554 -0.04712682 0.9637537 0.2625984 -0.2467073 0.7305413 0.6367456 -0.7161331 0.4706147 0.5154371 -0.9563978 0.2772865 0.09173512 -0.3405447 -0.8633469 0.3723726 -0.4332699 -0.7971865 0.4204412 -0.2660816 -0.8584346 0.4385096 0.3116012 -0.9212625 0.2327669 0.7734651 0.321916 -0.5460053 0.9098381 -0.1617831 -0.3821266 0.9350432 0.004551112 0.3545044 0.6719487 0.3234719 0.6662215 0.281084 0.7320424 0.620569 0.1322854 0.8675873 0.4793673 -0.268665 0.6228774 0.7347401 -0.8087423 0.5752251 -0.1226871 -0.5313396 0.5054546 -0.6798484 -0.6262602 0.5113647 -0.5884763 -0.630342 -0.7275437 0.2708306 -0.4861184 -0.7992587 0.3533757 -0.3833999 -0.8402606 0.3833625 0.2863632 -0.8901168 0.3545256 0.5672921 -0.7721647 -0.2862544 0.230793 -0.8597854 0.4555257 0.02700191 -0.7049974 0.7086957 0.9438557 0.3158589 -0.09679824 0.3235923 0.6454022 0.6919133 0.5300206 -0.5950304 -0.6041663 -0.5218123 0.5767034 0.6285898 -0.6987077 0.6645072 -0.2650243 -0.185187 -0.934029 -0.3054433 0.2535293 0.5982254 -0.760164 -0.01132911 -0.3467605 -0.9378854 -0.1517249 -0.793457 -0.5894111 -0.4086413 -0.9070931 -0.1009682 -0.4652306 -0.8811011 0.08497822 -0.5001144 -0.7513498 0.4305335 -0.1837103 0.7800794 -0.5981025 -0.5852564 0.4111365 0.6988862 -0.8325058 0.5095509 0.2174669 0.06954526 -0.1279878 0.9893345 0 -1 0 0.5833398 0.8067587 -0.09410142 -0.4719381 -0.6551384 -0.5899729 -0.5346388 0.735435 0.4162892 0.8828243 0.4650159 0.06619554 -0.1155347 0.2378722 0.9644007 -0.5117432 -0.6540979 0.5570234 -0.3416298 -0.7076233 -0.6185131 -0.7295044 -0.6250053 -0.2778342 -0.1364762 0.6573914 -0.7410876 0.1377293 0.8702943 0.4728834 0.8631292 0.4850255 0.1405648 0.006886303 -0.8006988 0.5990275 0.1272423 0.9675832 -0.2181567 0.6763218 0.7354978 0.04039835 -0.6401658 -0.7293234 0.2414024 0.01521742 -0.8792999 -0.4760252 0.8764024 -0.1033928 0.4703497 0.7549207 0.6090275 -0.2432701 0.6460641 -0.6221224 -0.4422273 -0.07087516 0.6570358 -0.7505202 -0.02189421 -0.9747314 0.2223051 -0.00916332 -0.8307009 0.5566436 0.5030561 -0.2442391 -0.8290247 0.7457156 -0.6465282 -0.1609647 0.07371479 -0.2088081 -0.9751746 0.6641235 0.744198 -0.07148009 -0.8683634 -0.4716539 -0.153257 -0.13076 -0.9857944 -0.1054105 -0.6781544 -0.440311 -0.5884156 -0.4417582 0.8574125 -0.2639955 -0.6039143 -0.7688149 0.2102651 -0.4063835 -0.6064306 0.6834431 0.5874152 -0.7517972 0.2995737 0.446969 -0.1159361 0.8870048 0.815516 0.533465 0.2243858 0.4511258 0.5480942 -0.7043283 0.0708183 0.3065751 -0.9492083 -0.6101865 -0.3697732 -0.7006712 -0.06088167 -0.4426949 0.8946031 -0.05719703 0.7592678 0.64826 0.1199755 0.7950125 0.5946099 -0.6052134 0.2247946 0.763665 0.4705555 -0.746086 -0.471098 0.6882084 0.07368177 0.721762 -0.2377238 0.9128025 -0.3320826 -0.599818 -0.7601132 0.2498924 -0.5023524 -0.4959907 0.7082622 0.2755606 0.08967059 0.9570922 0.7350687 0.6287756 0.2536049 -0.09409415 -0.5321416 -0.8414105 0.5524717 0.4386393 -0.708781 0.2358992 0.1260221 -0.9635715 -0.6875964 -0.5913857 0.4212768 -0.4505175 -0.5425212 -0.7090167 -0.2100797 -0.2688016 0.9400066 0.6927863 0.7106099 0.1228047 0.9538632 0.07660007 -0.2903062 0.3929635 -0.8933877 0.2178035 0.4567155 -0.7315804 -0.5061632 -0.9659308 -0.002221584 0.258791 -0.004232466 0.715652 -0.6984443 -0.116651 0.8324754 0.5416432 0.6813961 -0.7043276 0.1990528 -0.6356611 -0.7201948 0.2779467 -0.5003632 -0.4884562 0.7148757 0.1312527 0.2342808 0.9632681 0.7214321 0.6370396 0.2715075 0.692687 0.6710314 -0.2643892 0.5701736 -0.8207671 0.03526359 0.3618751 -0.003289699 -0.9322208 -0.3722395 -0.6312861 -0.680379 0.73325 -0.6245521 -0.2688478 0.6211082 0.4557136 -0.6376125 -0.2659647 0.6216626 -0.7367486 0.5821878 0.8129305 -0.01419246 -0.2108536 -0.7358874 -0.6434365 0.1447889 0.9287238 -0.3413334 0.288589 0.9422223 0.1700987 0.6393738 -0.6454108 -0.4179069 0.5195896 -0.8543757 -0.008305788 -0.818731 0.07063734 -0.5698159 0.8056522 0.5922135 0.01441389 -0.2002152 -0.6004245 -0.7742121 -0.7073233 0.05679571 -0.7046049 -0.2733624 0.7368454 0.6183298 0.5488525 -0.708943 0.4429004 -0.8621605 -0.4627869 0.2061736 -0.389322 0.0820952 0.917436 0.4652918 0.5303305 0.7086982 0.8975579 0.4063149 -0.1711674 0.5196332 -0.24707 -0.8178862 0.03000831 -0.4585899 -0.8881412 -0.6347072 -0.7495295 -0.1880224 -0.4286998 -0.6269983 -0.6504535 0.3333368 -0.7775108 0.5332576 0.9062217 -0.3132043 0.2840167 -0.4839755 0.8426702 0.2359553 0.2284748 -0.9554087 -0.1870657 0.1920658 0.4705468 0.861218 -0.439354 0.6832469 0.5832169 -0.9635596 0.2541767 0.08335083 0.03340762 0.248088 -0.9681614 0.4165043 -0.1379941 0.8986 0.9279475 0.3723767 0.01578718 0.451965 0.3644341 0.8141962 0.6124573 -0.7582596 0.2234694 -0.1751126 -0.8257359 -0.5361865 -0.04433041 -0.9358607 0.3495707 -0.390877 -0.5911956 0.7054807 -0.2597574 -0.6144784 0.7449446 -0.7454662 0.5508397 0.3753077 -0.242884 -0.4453039 0.8618073 0.4101672 0.6983945 0.5865219 0.7430662 -0.2255219 -0.6300735 -0.9027411 -0.4291304 0.03009533 0 1 2.57049e-6 0.2272233 -0.6585576 -0.717406 0.2857447 0.7330977 0.6171854 -0.788531 -0.4532203 -0.4157046 -0.07204425 0.7554404 0.6512446 0.591021 -0.5350434 -0.6036743 0.05891281 0.7452104 -0.664222 0.809857 -0.5347999 -0.2410822 0.8680443 -0.4914617 -0.07046085 -0.1473089 -0.7828834 0.6044781 0.2032292 0.9202921 -0.3343057 -0.5209599 0.8379333 -0.1626916 0.7795062 0.4186806 -0.465915 0.07400566 -0.7055963 0.704739 0.6233197 0.04318964 0.7807736 0.6859945 0.6832061 0.250282 0.6211911 -0.6506517 0.4367768 0.6513733 -0.2320696 -0.7223964 -0.08275747 -0.9741412 0.2102385 0.6354469 0.6486634 0.4188593 -0.9518479 -0.2996376 -0.0648303 -0.965936 0.1717918 0.1935338 -0.1509918 0.06252562 0.9865557 -0.517008 -0.6420886 -0.566061 -0.5877055 0.5264601 0.6143631 -0.7490682 -0.5495782 -0.369947 0.6600667 -0.7360974 -0.1499085 0.6158088 0.6985653 0.3643983 0.4528262 -0.7267606 -0.5164955 0.1415619 0.9858843 0.08940011 -0.2014021 -0.7055653 0.6794224 -0.2055341 -0.7079449 0.6756995 0.07408994 0.05883502 0.9955146 0.7430733 -0.2941238 0.6011101 0.1237921 -0.894514 0.4295585 0.1983146 -0.8551462 -0.4789534 -0.5766217 -0.7972197 0.1787413 -0.9610351 0.2508265 0.1161805 -0.6802208 0.6317611 0.3717226 0.8759809 -0.446706 -0.1819654 -0.8754632 -0.1983701 -0.4406967 0.3594909 -0.4382891 0.8238137 -0.1259043 -0.735417 0.6658153 -0.629102 0.7168146 0.3006784 -0.7851597 -0.5916796 0.1828652 0.9242814 -0.2115663 0.3177165 0.7610485 -0.4792333 0.4371966 0.599721 -0.763262 0.2403451 0.964978 0.251695 0.07393997 0.5873358 0.1180792 0.8006836 0.8881327 -0.140689 0.4375239 -0.2735636 0.6771898 -0.6830645 0.1940788 -0.9777922 0.0790956 -0.4624214 -0.8371126 -0.2922483 0.6161783 0.1742779 0.7680831 -0.8016054 -0.5366134 0.2635811 -0.3444414 0.9370359 0.05765402 -0.497461 -0.1735215 0.8499547 0.04107969 0.5854914 0.8096371 0.808498 -0.5858346 -0.05593627 -0.7185776 -0.1001397 -0.6881993 -0.132711 0.8184849 -0.5589905 -0.4045741 0.5776444 -0.7089759 0.516161 0.8455926 0.1362019 0.787701 -0.2967385 -0.5398827 0.6228307 0.7508679 0.2197259 -0.8101619 -0.07660973 0.5811787 0.5499286 -0.2743456 -0.7888683 0.5256875 0.6154794 0.587229 -0.7813268 -0.6172938 0.0920695 0.6228749 -0.7082411 -0.3322973 0.5728837 -0.3947069 0.7183389 -0.02829563 -0.3606598 0.9322682 0.4432391 -0.6877666 0.5749054 0.4653294 0.7548853 -0.4621869 0.570859 -0.7803838 -0.2551887 -0.9048067 -0.1645789 0.3927324 0.2635005 -0.8041313 0.5328605 -0.8791738 0.03970754 0.4748442 0.5075173 0.7208236 -0.4720588 0.8508485 -0.01128691 0.5252899 -0.0968281 0.003008306 -0.9952967 -0.006975114 0.9999748 -0.001360714 -0.01628625 0.6839125 -0.7293823 -0.9552342 0.005453944 -0.2958003 -0.03962844 0.8565862 -0.5144801 0.4950923 0.8671394 -0.05434143 0.09659272 -0.6796407 -0.7271578 -0.6400499 0.6330308 -0.4354401 0.1540493 0.6495113 -0.7445831 0.4552485 -0.1895484 -0.8699542 0.3391314 -0.7981325 -0.4979704 -0.8170945 0.5625936 -0.1258777 0.6885201 -0.3729842 -0.6219508 -0.8484628 0.03912895 -0.5278067 0.7077144 -0.7027301 -0.07287448 0.05148726 -0.981929 -0.1821118 -0.8181828 0.5297329 0.2235174 -0.4444306 -0.09512621 0.8907483 0.3243551 -0.6749708 0.6627278 -0.7013388 -0.4973787 0.5106256 0.6640021 -0.6966975 -0.2715027 0.6455229 -0.347476 -0.6801182 -0.1244875 -0.6594586 -0.7413618 -0.1162188 0.2507854 -0.9610411 -0.3717885 0.6317744 -0.6801725 0.3529061 0.03269726 -0.9350873 -0.295584 -0.8525429 -0.4310461 0.1399034 0.9679031 -0.2087841 -0.2764562 -0.8529007 0.4428683 -0.939805 0.2351578 -0.2479261 0.5478681 -0.6987952 0.4599195 0.2566332 -0.6683367 -0.6981874 0.65613 -0.7222591 -0.2187129 -0.8271709 -0.5281394 0.1919823 -0.9585418 -0.02067279 -0.2842014 0.4948734 -0.8310818 0.2537783 0.003535211 -0.8136718 0.5813138 0.3429278 -0.8633174 0.3702483 0.2598384 0.886195 0.3835917 0.183796 0.9656286 -0.1837946 0.03849965 -0.9909669 0.1284619 0.01370078 0.2306176 0.9729481 0.8746153 -0.1040129 0.4735288 0.7816937 0.4808375 -0.3971781 -0.2672364 0.9597025 0.08692449 -0.5522148 -0.7061896 -0.4431198 0.130836 -0.7781445 0.614307 -0.8723448 -0.4881808 -0.02634596 -0.245913 0.07870817 0.966091 -0.2337808 -0.9722497 0.00878483 0.7764465 -0.5679799 -0.2730013 0.7813048 -0.146377 -0.6067427 -0.3480449 -0.592876 -0.7261976 -0.3500462 -0.5967414 -0.7220578 -0.1777415 0.153316 -0.9720608 -0.2979026 0.760046 -0.5775674 -0.8740239 -0.04560375 -0.4837382 -0.8442088 0.4495402 0.2919336 0.563735 -0.7153595 0.4128723 0.3842735 0.2361364 -0.8925096 0.4216632 -0.7004916 -0.5757707 0.2311063 0.6951938 -0.6806582 -0.1374148 -0.5058946 0.8515796 -0.8215662 0.3741006 0.4302067 0.4909087 -0.8121693 -0.3152618 -0.7941219 -0.1137509 -0.5970185 0.5359636 0.5469556 0.643104 0.9993788 -0.02981805 0.01879078 0.88564 0.1970981 0.4204689 0.2107559 -0.7679397 0.6048558 0.6555135 -0.6671202 0.3539106 0.8869958 -0.1159897 -0.4469732 0.2103099 0.5039277 -0.837751 -0.2241752 0.7434158 -0.6301417 -0.9508087 0.3003395 -0.07588893 0.2319145 0.8485723 0.4755429 -0.7163169 -0.4135732 0.562003 -0.09701991 -0.8381472 0.5367461 0.5932034 0.4140901 -0.6903906 -0.3233204 0.9249244 -0.1999471 0.5651906 -0.5273559 -0.6343937 0.3695759 0.9290472 -0.01688224 -0.09285098 -0.6151443 -0.782928 -0.7021467 0.6867325 0.1881186 -0.04895025 0.2366288 0.9703664 -0.3193731 0.715898 -0.6208791 -0.1596822 0.6102602 -0.7759409 -0.5346993 -0.6991857 -0.4745905 0.2514557 -0.1390624 0.9578266 -0.8297852 -0.5016195 0.2446112 0.6994117 -0.5783475 0.4199257 0.9613121 0.1158791 -0.2499022 0.6960109 0.3993136 -0.5967559 -0.2671705 0.557538 -0.7859843 -0.9627353 0.1179144 -0.2433866 -0.6428039 -0.7185504 0.2654968 -0.7090326 -0.527675 0.4677947 -0.2535911 -0.6282005 0.735565 0.180172 -0.6609951 0.7284392 0.05181491 -0.9453847 -0.3218121 -0.4531909 0.1208463 0.8831841 -0.7317576 0.6064397 0.3110654 -0.1129087 -0.6375377 0.7621007 0.627124 0.6712186 0.3951976 0.1674301 -0.7582938 0.6300457 0.6296238 -0.2508682 -0.7352817 0.233986 0.6229389 -0.7464569 -0.8274915 0.2889507 -0.48142 0.0363903 0.05315899 0.9979228 0.2767563 -0.7159178 0.6409896 0.499757 -0.4087105 0.7636746 0.9672874 -0.1792893 0.1794729 0.7143718 0.4853019 -0.5041382 -0.358714 -0.8693182 -0.3400148 -0.2331604 0.5623357 -0.7933567 -0.7028454 0.4268314 -0.5690547 0.1931989 -0.7948865 -0.5751779 -0.9226672 -0.3853653 -0.01338171 -0.7028127 -0.5524532 0.4481627 -0.1402643 -0.8406797 0.5230525 -0.9664611 0.08025968 -0.2439498 0.222595 0.9479163 -0.2278293 -0.2070518 -0.7712488 0.6019176 -0.7758752 -0.5892814 -0.2253116 0.8543115 -0.1160059 -0.5066505 0.03645932 0.0826407 0.9959123 0.4416346 -0.7065162 -0.5529862 0.4478442 -0.7045437 -0.5505032 0.7741617 -0.5532855 0.3074883 0.9726658 0.1056167 -0.2068008 0.5022534 -0.2743206 -0.8200548 0.006496012 -0.7737867 0.6334129 -0.6090373 0.1496574 -0.7788942 -0.04356908 -0.7017638 -0.7110762 -0.5874081 -0.747909 0.3091664 -0.2563526 -0.6444789 0.7203682 0.5392857 0.6929765 -0.478492 -0.8873817 -0.371374 -0.2731946 0.2666432 0.7287254 -0.6307621 -0.1130632 0.986459 0.1188087 -0.3596566 0.9209868 0.1497678 0.115686 0.1870257 -0.9755194 -0.06910866 0.7956736 0.6017705 0.6086086 0.5874596 0.5333732 -0.319032 0.6454518 -0.6939817 -0.6517695 -0.7583379 -0.01097667 0.4046601 0.7315639 0.5486934 0.3395004 0.7535764 0.5629052 0.3515872 0.7377265 0.5763212 0.2784479 0.7310941 0.6228709 0.3022085 0.738999 0.6021218 0.3515644 0.7374832 0.5766463 0.3247739 0.7416879 0.586874 0.2881234 0.8220289 0.4911755 0.2905794 0.7492214 0.595173 0.3479337 0.7325335 0.5850958 0.3660408 0.7172669 0.5929101 0.3991852 0.6755715 0.6198826 -0.5865188 -0.1394147 -0.7978466 -0.3591852 -0.3127071 -0.8793181 -0.428579 -0.6935113 0.5791047 -0.9637355 -0.2324487 0.1310784 -0.9799869 -0.1851651 -0.07307267 0.3379092 -0.7055404 0.6229206 0.3467222 -0.6970876 0.6275768 0.3410105 -0.7042706 0.6226676 0.343117 -0.7094106 0.6156358 0.3406168 -0.7054018 0.6216017 -0.02399098 -0.9882739 -0.1507949 0.09980607 -0.9880582 -0.1173874 0.1856496 -0.7030882 0.686441 0.04284518 -0.9940115 -0.100526 -0.03188484 -0.9944026 -0.1007323 -0.09981703 -0.9680283 0.2301257 -0.3496198 -0.9165114 -0.1943529 0.8432145 -0.21276 0.4936829 -0.03784775 -0.9967809 0.07067841 0.7777997 -0.4206472 -0.4669944 -0.3669092 -0.9081231 0.2017182 -0.5342724 -0.7834402 0.3174499 0.1949923 -0.1951865 -0.961187 -0.2008693 -0.9783861 0.04911524 0.7605534 -0.6380947 -0.1199746 0.4668591 -0.8794682 -0.09261947 0.03540372 -0.9987344 0.03572553 -0.02125072 -0.9971643 0.07219254 0.03478598 -0.9992638 0.01617985 0.1701494 -0.9839058 -0.05457687 0.7428826 -0.3171321 -0.589536 0.03346168 -0.9955825 -0.08772611 0.525398 -0.8281062 0.195441 -0.3983347 0.7035942 -0.5884596 0.9960025 -0.01902008 0.08727747 0.9177755 0.113821 -0.3804379 -0.6316382 -0.5865629 0.5069293 -0.2611178 -0.6251288 0.7355484 -0.05918526 0.8194198 -0.5701302 0.1410249 0.8505018 0.5067138 -0.6413455 -0.7623607 -0.08649939 0.5398397 0.8393833 0.06331646 0.3247789 0.9155412 0.2372825 -0.2373587 0.7283276 0.6428062 0.4051948 0.7439039 0.5314361 0.6581421 0.7525041 -0.02421951 0.6599059 -0.3589478 0.6600611 0.594085 -0.6463771 0.4788109 0.1423932 -0.9211732 0.3621661 -0.8114409 0.3748443 0.4483921 0.239961 0.7101082 -0.6619405 0.669476 -0.7005672 0.2469969 0.4390649 -0.6833416 0.5833234 0.608326 -0.7089285 0.3568751 0.8157556 -9.01874e-4 0.578396 0.8443412 -0.1634 0.5102826 0.7458879 0.6305981 0.21447 0.6248301 -0.0233581 0.7804114 -0.9255635 0.3450902 0.1557087 -0.1130239 0.732128 0.6717249 0.03570652 0.9992094 0.01748633 0.2771818 0.9214785 0.2721172 -0.1626323 0.7374518 0.6555269 -0.1876888 0.7417774 0.6438472 0.5082084 0.7021551 0.4987008 0.5006212 0.7332424 0.4601458 -0.2194191 0.7501303 0.6238269 0.5115662 0.2167938 0.8314448 0.5327216 0.4670822 0.7057209 -0.02602052 -0.9063924 -0.4216347 0.03714722 0.9990695 -0.02191507 0.3687239 0.9063256 0.2064377 -0.09659928 0.9705877 -0.2205177 0.02314317 0.9994428 -0.02405703 0.9081624 0.1605956 -0.3865876 0.06915146 0.9895102 0.1268369 -0.1344385 0.9823861 -0.1297842 -0.0508356 0.9985205 0.01930493 -0.806921 0.5810051 0.1063573 -0.262879 0.9581027 -0.1137274 -0.001942932 0.9997442 0.02253562 0.02936786 0.9988327 0.03835284 -0.3299428 0.7717346 -0.5436576 0.08349704 0.9914523 0.1002526 -0.1120908 0.9897804 0.08815002 -0.1376003 0.9841334 0.1120169 0.1655086 0.9860836 -0.01568377 0.02332258 0.9967595 -0.07698434 -0.5883836 -0.01866328 -0.8083665 -0.873634 0.01265197 -0.4864192 0.1599369 -0.181909 0.9702213 -0.61102 -0.7293177 0.3078152 0.5568928 -0.5600168 -0.6133936 -0.4678057 -0.5786971 -0.6680327 0.4844229 -0.8541498 -0.1891095 0.3589595 -0.7298035 -0.5818377 -0.8519907 -0.2977571 -0.4306421 -0.6556139 -0.7375043 0.1620429 -0.9329233 -0.2118555 -0.2911555 -0.5273519 0.849182 0.02810645 -0.6884699 0.7144411 0.1248328 -0.165531 -0.1277526 0.9778951 0.7293689 0.677182 0.09718847 0.3820673 0.8103477 -0.4442536 -0.190096 0.9085191 -0.3720976 0.3805737 -0.6857749 0.6203842 -0.267902 -0.7833648 0.5608638 -0.1964326 -0.7062113 0.6802057 -0.2483591 -0.6706951 0.6989178 -0.09573358 -0.803523 -0.5875254 -0.5924065 -0.2650542 -0.7607897 -0.5546573 -0.2367408 -0.7976899 -0.6592528 0.1645441 -0.7336969 0.0800181 -0.8343022 -0.5454697 0.6693266 -0.2003472 0.715446 0.3068861 -0.8370439 -0.4529663 0.08019495 -0.9456186 -0.3152367 0.416476 0.6572995 0.6280965 0.2061113 -0.7368645 0.6438549 0.1547561 -0.7561784 0.6358024 0.1965448 -0.8109468 0.5511219 -0.6095279 0.7842642 -0.115783 0.6823676 0.692836 0.2331369 0.6320316 0.5932893 0.4985418 0.5837986 0.6377232 0.5024822 0.07065385 -0.9850032 -0.1574068 0.05166137 -0.9966658 -0.06315499 -0.5431241 -0.8135504 -0.207731 0.9166081 0.1284989 0.3785731 -0.09465283 -0.9934456 0.06408315 -0.1008815 -0.9919788 0.07616609 -7.82055e-4 -0.9966022 -0.08236169 0.1046822 0.3658699 -0.92476 0.1713011 -0.9605197 -0.2192209 0.2256159 -0.972912 0.05039548 0.03206241 -0.9994837 0.002081334 -0.3402727 0.8623039 0.375029 -0.1221573 0.7670009 0.6299106 -0.4380136 0.7991146 0.4117768 0.5959166 0.8013938 -0.05149197 -0.5906726 -0.7715381 -0.2362944 -0.1964135 -0.8313391 0.5199012 -0.4570525 -0.8751198 0.1589605 -0.3884356 -0.801284 0.4550405 0.07257157 -0.5737972 0.8157758 0.1291291 -0.8734075 0.4695585 -0.950505 0.2933888 0.1022902 -0.6757211 -0.7232373 -0.1425794 0.6735647 0.6942132 0.2537295 0.3932656 0.8874281 0.240445 0.4081673 0.6642621 0.6262232 -0.2502096 -0.7496477 -0.6127181 -0.1196899 -0.589182 0.7990864 -0.5308183 -0.6142222 -0.5839204 -0.6250011 -0.6150932 -0.48066 -0.8621354 -0.5054458 -0.03531777 -0.7528016 -0.6578592 0.02260822 -0.6312335 -0.7734635 0.05743318 0.9588257 0.07980996 -0.2725504 0.9274355 -0.3528573 -0.1239168 0.5983349 -0.6405646 0.4813237 -0.642526 -0.7658546 0.02504158 -0.7136414 -0.5737339 0.4019272 -0.3635803 0.1541782 0.9187157 -0.6999971 0.7130442 -0.0396493 0.2704747 -0.9617075 -0.04429841 0.2521892 -0.8382821 0.4834086 -0.6394453 -0.6381234 0.4288454 0.2932416 0.9535571 -0.06883418 -0.4811912 0.3584494 0.7999808 0.3928954 -0.5154932 0.7615118 0.2341725 -0.9435712 0.2341725 0.1620272 -0.9858309 0.04341334 0.1316828 -0.990664 -0.03527998 0.1052041 -0.9888701 -0.1052057 0.06019109 -0.9725781 -0.224653 -0.2100018 -0.5281999 -0.8227419 -0.2157197 -0.5525736 -0.8050637 -0.2876681 -0.9135073 -0.2876657 -0.2899819 -0.9538735 -0.07769173 -0.2873866 -0.9547145 0.07700169 -0.2787145 -0.9190418 0.2787123 -0.2759028 -0.9047764 0.324434 -0.4375017 0.2992786 -0.8479532 -0.2208288 -0.9499841 -0.2208281 -0.1223835 -0.9919407 -0.03279894 -0.09214317 -0.9954396 0.02469402 -0.06925874 -0.9951918 0.06925731 0.06248056 -0.9953389 -0.07346272 0.05730468 -0.9967109 -0.05730271 0.04325997 -0.9989966 -0.01159012 0.03719139 -0.9992586 0.009964227 0.031731 -0.9989927 0.03172951 0.0211023 -0.99667 0.07876414 -0.004682719 -0.980112 0.19839 -0.5522118 0.8263018 -0.1108492 -0.6559919 0.7256678 0.2075594 -0.6796449 -0.2491604 -0.689929 -0.914074 0.4023172 0.05108672 -0.1368894 -0.005388677 -0.9905717 -0.460666 0.01336312 -0.887473 -0.1326223 -0.9820851 -0.1338664 -0.9955135 0.005337893 -0.09446936 -0.9971711 0.02823245 0.06966352 -0.6408897 -0.7646641 -0.06744837 -0.01210594 0.6802139 -0.7329137 0.309816 0.8363068 -0.4523329 -0.6119452 0.7717912 -0.1728047 -0.3192202 0.7438242 -0.5872173 0.4832282 0.6469017 0.5899227 0.5474285 0.6834217 0.4829668 0.5970333 0.6924481 0.4050517 0.5732958 0.6915259 0.4394587 0.4187682 0.770242 0.4809996 0.4149378 0.7750905 0.4765095 0.5656979 0.6903789 0.4509578 0.5594052 0.688578 0.4614394 0.4490966 0.7237688 0.5238998 -0.06711304 -0.6438803 0.7621771 -0.9947618 -0.00377053 0.1021503 0.3582904 -0.7675787 -0.5314611 0.4769622 -0.003407537 -0.8789172 0.1424522 0.03208154 -0.9892817 0.5364735 -0.7032762 -0.4664748 0.2341743 -0.7022938 -0.6722692 0.6589092 0.7436373 0.1133244 -0.1335619 0.7423818 -0.6565292 -0.4510437 0.7909678 -0.4134362 -0.2116901 0.9641946 -0.1597376 0.001348853 0.7216922 -0.6922128 -0.03853964 0.7316487 -0.6805917 -0.09043926 0.7472374 -0.6583746 -0.05557328 0.7532209 -0.6554158 -0.06152111 0.7381312 -0.6718463 0.01649492 0.768217 -0.639977 -0.7784127 0.2503631 -0.5756666 -0.4136571 0.8421434 -0.3459514 -0.7627443 0.3017013 -0.5720118 -0.6934949 0.6931802 -0.1963828 -0.7268778 0.6857109 -0.03806865 0.2191346 0.8217351 0.5260527 0.03083288 0.7667194 0.6412416 -0.5701629 0.6018702 0.5591659 -0.4480163 0.6392318 -0.6250314 0.8251013 -0.5638921 0.03512501 0.1316057 0.7750565 -0.6180351 -0.5529576 0.7577883 -0.3464026 -0.1364696 0.9797126 -0.146763 0.4723036 0.7179056 0.5114108 0.1413483 0.6255329 0.7672869 -0.3593614 0.8908187 0.2780317 -0.1895804 0.9750247 -0.1156992 -0.6997787 0.6627377 -0.2666245 0.3426071 -0.6111739 0.7135033 -0.3716285 0.7503786 -0.5466484 -0.3214766 0.8880716 -0.3286058 -0.1129789 0.8095418 -0.5760884 0.6102978 -0.748432 -0.2595882 0.6227617 -0.7056106 -0.3380557 -0.9614431 -0.2616527 0.08464652 -0.8633319 -0.3526385 0.3609768 0.6242014 -0.7058467 -0.3348927 0.6254331 -0.7044952 -0.33544 0.6227639 -0.7056133 -0.3380459 0.6228131 -0.7055916 -0.3380008 -0.9910054 -0.1291386 -0.03509479 0.2297796 0.7422648 0.6294794 0.2372276 0.6267921 0.7421959 -0.5660158 -0.3599846 0.741645 0.0953446 0.243485 0.965207 -0.7195934 0.6818417 -0.1314433 -0.5563182 0.8029963 0.2137925 0.4886184 0.7212727 -0.4909356 -0.01753228 0.9844183 0.1749668 0.003037452 -0.9882426 -0.152864 0.08400505 0.4846782 0.8706494 -0.07434129 0.5795661 0.8115273 -0.427999 0.8681743 0.2511782 0.1437746 0.7243234 -0.674303 0.06389254 -0.9785498 0.1958522 0.06221121 -0.9778116 0.2000356 -0.03184747 -0.9960287 -0.08314144 -0.2330839 -0.9722918 0.01790225 0.1688985 -0.9463001 -0.275662 -0.009905934 -0.9928555 0.1189119 -0.1152908 -0.9740867 0.1945852 -0.1916552 -0.9779083 -0.0834487 -0.3510903 -0.9363062 -0.008143544 0.08478528 -0.9878419 -0.1303077 0.1498 -0.9886085 0.01460522 0.106593 -0.9934174 0.04195195 0.2174136 -0.9685181 -0.1212598 -0.1152433 -0.991124 0.06627291 6.74103e-5 -0.9998975 -0.01431691 0.002492189 -0.9998883 -0.01474273 -0.1034236 -0.9909122 0.0860027 -0.01754951 -0.9960966 0.08650934 -0.2160122 -0.9741675 -0.06585216 0.1490848 -0.9887083 0.01515758 0.4970216 0.6182445 0.608887 -0.1591263 0.9414975 -0.2970883 -0.2506685 0.9217189 -0.2959722 -0.3157432 0.7213817 -0.6163722 -0.3979591 0.6358724 -0.6612828 0.6770476 -0.2425263 -0.6948292 0.2928916 0.6726818 0.6794953 0.7588452 0.6263236 -0.1785292 0.5726494 0.6905735 0.441793 -0.2330984 -0.7432134 -0.6271356 -0.9982632 0.002228915 0.05887001 0.6226748 -0.7223116 -0.3009022 0.4249687 -0.7440176 0.5155963 0.479893 -0.6990593 0.530112 0.4612027 -0.7351599 0.4968219 -0.3686763 -0.9153582 0.1618558 0.3549911 -0.6392859 -0.6821253 0.2835205 -0.8122695 -0.5097397 -0.9369601 -0.2711334 -0.2204369 -0.3554598 0.8242056 -0.4408327 0.5264077 -0.7464848 -0.4070079 -0.7100204 0.6510787 -0.2682678 -0.5448069 -0.005917012 0.8385407 -0.2733476 0.3296282 0.9036738 -0.6198105 0.1256674 0.7746242 0.04794675 0.7457672 -0.6644791 -0.5064277 -0.8484724 -0.1537066 0.6263201 0.1845418 0.7574084 0.3716386 0.6976117 0.6125542 0.4916882 -0.8008844 -0.3417995 -0.4488369 0.7376981 0.5043281 -0.2406799 0.8731799 -0.4238278 0.5626322 -0.718685 -0.4085791 -0.2338858 -0.07742094 -0.9691767 -0.5173763 -0.6722285 -0.5295569 0.4415631 0.659088 0.6087898 -0.3883841 0.8167725 0.4266622 -0.5103232 -0.682147 0.5236847 -0.3194343 -0.7747297 0.54567 -0.3712045 -0.8796818 -0.2972663 0.223549 -0.1161314 0.9677497 0.7681213 -0.6183134 -0.1663687 0.5192329 -0.8493837 -0.094576 0.795169 -0.3148857 -0.5182212 0.6701887 -0.6036828 0.4317573 -0.1654682 -0.2298977 0.959045 -0.7829898 0.5377863 0.3125909 0.3587706 0.642546 -0.677066 0.3955634 0.8423435 -0.3660424 0.001137018 0.9183494 -0.3957692 -0.2106844 0.5807241 -0.7863661 0.682576 -0.271025 0.6787014 -0.5042473 -0.8145008 -0.2869203 0.3406025 -0.8583739 0.383646 0.1658324 -0.9756553 -0.1435145 -0.4131925 -0.4642714 0.7834056 -0.2967103 -0.9549146 -0.0100556 -0.7184024 -0.6956073 -0.005347311 -0.6690207 -0.7347689 -0.1119196 0.5184184 0.8214374 0.2376616 0.6464253 0.758251 -0.08479297 0.4878315 0.8552698 -0.1747399 -0.190773 0.7874685 0.586088 0.3563697 -0.7343125 0.577742 -0.1152509 0.7735236 0.6232002 0.02853167 0.7310277 0.681751 -0.1629071 -0.8423071 0.51379 -0.2178709 -0.975968 0.004363298 0.04915809 -0.823148 -0.5656952 0.08562988 -0.7248076 0.6836092 -0.7847505 -0.01839262 0.6195389 -0.7015814 0.7007039 -0.1296063 -0.6916058 0.6922835 -0.2059735 -0.6896228 0.6902921 -0.2188999 -0.6790042 0.7077337 -0.1951062 -0.6775586 0.7082418 -0.1982628 -0.5719889 0.5415961 -0.6160377 -0.6066805 0.4356281 -0.6649564 -0.6763605 0.708855 -0.2001531 -0.6737098 0.7104925 -0.2032626 -0.5050894 0.6671424 -0.5475453 -0.3833523 0.8151833 -0.4341858 0.5532996 -0.5686736 0.6086624 -0.2126264 -0.8418744 0.4960216 0.9483724 0.02591884 -0.3160982 0.8039825 0.02971273 -0.5939103 -0.6667435 -0.7229126 0.1812472 0.6815624 0.7310588 0.03202849 -0.3385593 0.7714225 -0.5387809 -0.2445459 0.8484737 -0.4693503 0.03837132 0.7164741 -0.6965577 0.9013823 0.2842717 -0.3266492 -0.03904837 0.999228 -0.004314243 -0.3330315 0.5579191 -0.7601423 0.06302756 0.9955602 -0.06990945 -0.009569108 0.9972988 -0.07282572 0.03991353 0.9686893 0.2450472 0.1138316 -0.8176819 -0.5643039 -0.6341233 -0.6987867 -0.331036 -0.08847945 -0.9379615 -0.3352607 -0.2318623 -0.5838679 0.7780348 -0.1618403 -0.6958358 0.6997287 -0.5036594 0.8638806 0.006118655 0.6559168 -0.7190658 0.2296028 0.7922263 0.6085978 -0.04456621 0.5040055 0.749162 0.4298079 0.5535203 0.7385591 0.3848971 -0.3789526 -0.6210558 -0.6860646 0.1409279 0.7464988 0.6502913 0.02109032 0.8259312 0.5633764 0.2879025 0.7852578 0.5481629 0.1237199 0.8242192 0.5525906 0.009459018 0.7196654 0.6942566 0.04365307 0.7280094 0.6841761 0.09240323 0.7521592 0.6524708 0.0532068 0.7588312 0.6491104 0.06337428 0.733557 0.6766667 -0.02737456 0.7749788 0.6313943 -0.01227879 0.7717893 0.6357599 0.2527653 0.8009033 0.5428294 -0.01725316 0.7244811 0.6890788 -0.1871901 0.7359598 0.6506329 -0.3338063 0.7040747 0.6267793 0.4574232 0.7394674 0.4939149 -0.2422545 0.7274603 0.6419612 -0.467763 0.7542586 0.4607513 -0.4640635 0.7603853 0.454378 -0.5027506 0.6959555 0.5127259 -0.5059024 0.6911226 0.5161516 -0.4327413 0.7131395 0.5515133 -0.4312151 0.7456866 0.5079421 -0.4128711 0.7398321 0.5312117 -0.4402261 0.7117669 0.5473472 -0.3903053 0.7358001 0.5534077 -0.3093289 0.7248249 0.6155847 -0.4441136 0.7112486 0.5448749 -0.4484646 0.7109222 0.5417279 0.4347665 0.3707422 0.8206877 -0.5686332 0.7426809 0.3536683 -0.1209579 0.9921678 -0.03118538 -0.4763 0.7733045 0.4184956 -0.2783949 0.9390777 0.2015677 -0.6685974 0.7092855 0.2233648 -0.6229891 0.728372 0.2852346 -0.5809104 0.7473387 0.3225338 -0.5908157 0.7553678 0.2834718 -0.6045108 0.7353683 0.3062683 -0.600728 0.7826178 -0.1632033 -0.5521684 0.8190667 -0.1556916 -0.4335906 0.8153564 0.3836578 -0.7454091 0.6386165 -0.1911391 -0.6596008 0.7402892 0.1299955 0.01540142 0.9993242 0.0333746 -0.2009766 0.7318466 0.6511597 -0.02543801 0.9723461 0.2321553 -0.6917654 0.7221133 -0.003624916 -0.6799215 0.7323212 0.03758335 -0.6610338 0.7449883 0.08959323 -0.6579441 0.7509526 0.05639129 -0.6710297 0.7388996 0.06121039 -0.6424971 0.7661753 -0.01315355 -0.541823 0.7954621 -0.2714185 -0.1354375 0.8292509 0.5422174 -0.6054046 0.7418885 -0.2882478 -0.338225 0.3079307 -0.8892596 0.00852859 0.9961969 -0.08671295 0.5554223 0.8197994 -0.1394098 0.266927 0.7892237 0.5530606 0.1574216 -0.6325816 0.7583265 -0.0334593 -0.6655524 0.7456008 0.2292746 -0.3530623 -0.9070724 -0.6199587 -0.7748157 0.1237418 -0.6438546 -0.7446129 0.1760767 -0.78763 -0.57999 -0.2079679 0.5111877 0.5475432 -0.662483 0.1487126 0.9888554 -0.007053434 -0.4968504 0.7360429 -0.4597613 -0.5798643 0.7773047 -0.2440386 -0.5127909 0.7399286 -0.4353749 -0.220456 -0.6506943 0.7266335 0.247973 0.2864248 0.9254568 0.03043407 -0.9806458 -0.1934103 0.6445913 0.6662246 0.3750291 0.491985 -0.8705663 -0.008067309 -0.233123 -0.9663199 -0.1089939 -0.5927772 -0.180966 -0.7847716 0.6845483 0.6980417 0.2100746 0.6855059 0.6989963 0.2036808 0.7129839 0.6958225 0.08651655 0.6884518 0.6997044 0.1909134 -0.9285207 0.3402151 0.1486716 -0.2491075 0.8352149 0.4902668 -0.1236773 0.9851121 -0.1194067 0.5535176 -0.2831948 0.7832106 0.2874777 0.7263215 -0.6243507 0.3872295 0.834128 -0.3927899 0.3201569 0.8206981 -0.4732381 0.38165 0.740157 -0.5536343 0.4077425 0.7448248 -0.5281878 -0.1778107 0.6013467 -0.7789515 0.2375258 0.8006155 -0.5500877 0.4288885 0.751392 -0.5014627 -0.08713924 0.3378187 -0.9371688 -0.2000288 0.6610794 -0.7231616 0.02589452 -0.07703793 -0.9966919 -0.3560473 0.7109108 0.606495 0.1353023 -0.8164822 0.5612933 0.6781215 -0.6857342 0.264424 0.9957922 0.03866505 0.08308517 0.6136563 0.706073 -0.3533936 0.493725 0.8529248 -0.1695734 0.4226775 0.8612899 -0.281999 0.2615214 0.7446769 -0.6140545 -0.8449298 0.5131112 -0.151032 -0.7260954 0.6544894 0.2107821 -0.4573775 0.7526255 0.4736673 -0.571544 0.7276331 0.379325 -0.6044256 0.7762017 0.1793899 -0.6150481 0.7868073 0.05148124 -0.7506369 0.6352301 0.1817338 -0.6835544 0.5902993 0.429302 -0.2011052 0.9546052 -0.2197401 -0.6376396 -0.6943373 -0.3336339 0.7615579 0.1971089 0.6173959 -0.5578111 0.8051171 -0.2015773 -0.5081301 -0.689472 -0.5161708 -0.104532 -0.9781458 0.1797333 -0.06877738 -0.7005458 -0.7102854 -0.1025334 -0.9049591 0.4129601 -0.5382345 0.6326308 0.5568501 0.9257751 0.3394495 -0.1664775 -0.9649022 0.1422375 -0.2207538 0.6443339 -0.7129418 0.2766728 0.2590456 0.9656289 0.02135771 -0.4674991 -0.312907 -0.8267611 0.6175577 -0.7308824 0.2905747 -0.4029121 -0.837002 0.3702561 -0.738876 -0.6015236 0.3036967 0.2691128 0.6983122 -0.6632786 -0.1844516 -0.8446579 -0.5025243 -0.2050368 -0.3244141 0.923426 -0.4829525 0.06362819 0.8733317 0.2905969 0.7434828 -0.6023178 -0.3166134 -0.02840805 -0.9481293 -0.597436 -0.5736441 -0.5603595 -0.6156682 -0.6825183 -0.3938546 -0.5786703 -0.7230552 -0.3772692 -0.5189868 -0.7192019 -0.4619539 -0.5747557 0.740363 0.3485952 -0.3155524 0.7239829 0.6134129 -0.2999894 0.503147 0.8104625 0.05502521 0.7226696 0.689 -0.2464438 0.8741323 -0.4185191 -0.2123813 0.6982629 -0.6836104 -0.9326808 0.07628476 -0.352544 -0.2226912 0.3680763 0.9027339 -0.6910855 -0.6989336 0.1841002 -0.4824836 -0.7305101 0.4832853 -0.04454517 0.3525936 0.9347158 0.1082299 0.7746226 -0.623094 0.628278 -0.7547929 -0.1885589 0.7723039 -0.6351878 0.009128749 0.6210838 -0.7836433 0.01257759 -0.3189147 -0.8515321 -0.4161568 -0.2629781 -0.2096174 0.9417554 0.5947183 -0.8016862 -0.06007802 -0.2144362 -0.8082596 0.5483919 0.03333735 -0.7845011 0.6192309 0.3988133 -0.6619325 0.6346602 0.7389587 -0.6602008 -0.1344433 0.5040892 -0.863388 0.02134394 0.5371883 -0.8341082 0.1252689 -0.3356508 -0.7735808 -0.5375049 -0.5843781 -0.7015779 -0.4077877 -0.464867 -0.6506896 0.600418 0.9889819 0.1376674 0.05443 0.486411 -0.5980861 -0.6369438 0.38129 -0.6155509 -0.6897211 0.2355007 -0.7612065 -0.6042385 -0.27875 0.7318302 -0.6218706 0.0535385 0.9150002 0.3998852 0.7917898 0.59594 -0.1338827 0.6355412 -0.2244936 0.7387083 0.9461498 0.2012645 0.2535609 0.4407846 -0.7636761 0.4717073 0.1533278 0.9879109 -0.02286201 -0.7545597 -0.6419536 -0.1361449 -0.626182 -0.7634945 -0.1580262 -0.7309539 -0.6270577 -0.2692679 -0.5231755 0.7322028 -0.4360808 -0.5482418 0.6790466 -0.4881871 -0.09178602 -0.9846025 0.1487725 -0.4038005 0.9033845 0.1443667 0.3298485 -0.7136026 -0.6180384 -8.04498e-4 -0.9899008 -0.1417602 -0.07195961 -0.9743043 -0.2134315 0.1612813 0.8413293 -0.5159006 0.9872146 -0.1540581 0.04090684 0.2612413 0.7308414 -0.6305742 0.8755919 -0.1141914 0.4693605 0.4653014 0.6467331 -0.6043435 -0.3276726 0.6756763 -0.6603729 -0.439105 0.5447162 -0.7144727 -0.3710146 -0.2885532 -0.8826581 0.7365438 0.5958364 -0.3201286 -0.248964 -0.7760106 0.5795038 0.1313693 -0.9910756 -0.02261388 0.2685162 -0.5672262 -0.7785586 -0.3925138 -0.9093046 0.1381957 -0.4867466 -0.8669718 0.106947 0.1856421 -0.4770458 0.8590484 -0.3946394 -0.81678 -0.4208682 0.7488212 -0.5358521 -0.3900375 -0.4549106 0.7605808 -0.4632204 0.4982469 0.6548188 -0.5682979 0.8197388 -0.5376637 -0.197348 -0.0162754 0.9918404 0.1264427 -0.121798 0.9792749 0.1618211 0.5604629 -0.7704907 -0.3036869 -0.7598911 -0.5197224 -0.3904539 -0.3886659 0.815566 -0.4287087 -0.005262196 0.9838551 -0.1788892 0.1522167 0.7484411 -0.6454967 0.1805543 0.1296054 0.9749886 -0.5836684 -0.6762485 0.4494656 0.8774487 0.4772864 -0.04776537 -0.9653345 -0.2139809 -0.1494713 -0.3574701 -0.8266782 -0.4345324 -0.1328333 -0.9854977 -0.1055927 0.7456915 0.6488823 -0.151314 -0.4458188 -0.6580462 -0.6068121 0.2576878 -0.5754014 0.7762154 -0.4696797 -0.8478879 0.2459418 -0.1957765 -0.2241626 -0.9546847 0.5666949 -0.7344573 0.3734026 -0.06445026 -0.4347634 0.8982355 -0.2059223 0.4623653 -0.8624467 -0.3850166 -0.02698153 0.9225152 -0.6547376 0.02749872 0.755356 0.3404492 0.9399841 -0.02290236 0.2762841 0.9595485 -0.05416476 0.0517776 0.9950248 -0.08511662 -0.2697967 0.8261097 -0.4947247 -0.2499859 0.8466902 -0.4697052 -0.009895443 0.9975141 -0.0697686 -0.1911274 0.9804758 -0.04623472 0.09432876 0.9933819 -0.06553345 0.07626754 0.9904052 -0.1152421 0.05188095 0.9986268 -0.007266223 -0.1134777 0.991484 0.06389272 -0.6380136 0.7280528 0.2507547 0.0717315 -0.9957482 -0.05779337 0.06360501 0.9979503 -0.00704962 -0.02348726 0.9995977 0.01590275 -0.8020638 -0.3043429 -0.5138767 -0.8636837 -0.02825289 -0.5032417 0.2610651 0.8878049 0.3790085 0.05002766 0.5480043 0.8349782 0.656393 0.7462673 0.1106047 -0.1909602 -0.9796048 0.06251966 0.2440411 -0.9535088 -0.176819 -0.005602419 -0.8171071 -0.5764588 -0.4866689 0.8096107 -0.3281523 -0.1660099 0.8242194 -0.54139 -0.1853812 0.9771813 -0.1036843 0.7241132 0.1352214 -0.6762952 -0.6848164 -0.7021307 -0.1950361 0.2431428 0.5900207 -0.7699072 0.5774532 0.2612626 -0.773492 -0.6791284 -0.7058341 -0.2014521 -0.6791484 -0.7057662 -0.201622 -0.6826806 -0.702753 -0.2002137 0.2855095 0.4222464 0.8603443 0.2236391 0.5069402 0.8324645 -0.6825976 -0.7021577 -0.2025715 0.4962295 0.239646 0.8344616 -0.685687 -0.6962947 -0.2121488 0.5561776 0.222693 -0.8006712 -0.5215055 0.8154947 0.2509989 -0.5102204 0.8246848 0.2440704 0.2221606 0.09092575 0.9707611 0.7781217 0.5474473 0.3079419 0.04440468 -0.4632108 -0.8851351 -0.2415306 -0.7468041 0.6196343 0.5107722 -0.8102197 -0.2874991 0.2544031 -0.904705 0.3417427 0.4255753 -0.7039206 0.5686665 0.8505704 0.5206716 0.07369685 -0.5752 0.7027028 0.4187527 0.7363271 0.6693361 -0.09905397 0.9399186 0.2346296 -0.2479959 0.2011885 -0.7434039 0.6378667 -0.3243126 -0.3732217 0.8692106 0.4609054 0.4975741 -0.7348376 -0.1287934 0.1722483 -0.9765976 0.3821599 -0.9049279 0.1872416 0.5198141 0.3589738 -0.7751975 0.2394295 0.8528341 0.4640557 0.3542016 0.8654968 0.3541985 -0.1062244 0.994309 0.008135616 0.0312047 0.9988396 -0.03668701 0.03320235 0.9988971 -0.03320235 0.4802873 0.8488795 0.2207442 0.04981452 0.9986693 -0.01334625 0.09319043 0.9953353 0.02496695 0.4037027 0.9084733 0.1081681 0.2705024 0.9599876 -0.07247275 0.0973227 0.994854 0.02817469 0.06442177 0.9958413 0.06442087 0.0281639 0.9940605 0.1051211 0.1838348 0.9656137 -0.1838341 -0.2687486 0.810212 -0.5208942 -0.1675153 0.9715338 -0.1675131 -0.1257535 0.991489 -0.03370106 -0.1066119 0.9938902 0.02857124 -0.08884954 0.9920746 0.08884745 -0.05514407 0.9770338 0.2058258 -0.05655795 0.9779849 0.2008651 -0.1885883 0.9566893 0.2217661 -0.1861369 0.9647316 0.1861345 -0.1777168 0.982929 0.04761761 -0.1733453 0.9837656 -0.04644238 -0.1696655 0.970787 -0.1696655 -0.1490751 0.8174601 -0.5563592 -0.148039 0.8095846 -0.5680292 0.08295142 0.9472389 -0.3096089 -0.8114173 -0.2618527 0.5225277 -0.9076713 -0.2720018 -0.3196059 -0.8458129 -0.224604 -0.4838942 0.6796067 -0.7040679 0.2059689 0.6760876 -0.7068595 0.207979 0.6804567 -0.7046896 0.2009757 0.6809598 -0.703275 0.2042012 0.6794921 -0.7055503 0.2012196 0.679444 -0.7055969 0.2012185 0.6830299 -0.7002885 0.2075241 0.6793511 -0.7057143 0.2011205 0.6775843 -0.7058189 0.2066379 0.6808038 -0.7035686 0.2037091 0.6803532 -0.7045969 0.2016505 0.5643177 -0.8177232 0.1134654 0.9671142 0.1816906 -0.1779848 0.6178471 -0.748435 0.2410603 -0.4724453 -0.8808271 -0.03064429 -0.5434843 0.7486237 0.3797202 0.2686651 0.6494339 -0.7113753 -0.1939938 -0.1351442 -0.9716494 0.739633 0.6697171 0.06649804 0.5952527 0.8032193 -0.02265208 -0.1836869 -0.7251729 -0.6636139 -0.420899 -0.8773362 -0.2304893 -0.3115233 0.3533635 -0.8820927 0.5839183 -0.7162511 -0.3821308 0.2690137 -0.9410854 -0.2049143 0.7047076 -0.6870996 0.1768656 0.5356978 0.5510022 0.6398629 0.2588959 0.3632501 0.8949985 0.7377244 0.624123 0.2573584 0.6298071 -0.7743971 0.06043511 -0.06864339 0.7138406 0.696936 -0.1958663 0.6158022 0.7631672 0.1802598 0.8463939 0.5011228 0.3809375 0.8121513 0.4419244 -0.7624968 0.4210305 0.4912555 0.5584068 -0.7036795 0.4393372 0.4413962 0.7903232 -0.4249219 0.3931306 0.9192321 0.02146869 -0.6702783 0.4856269 0.5611539 0.127484 0.900157 0.4164916 0.3655604 0.6884699 -0.6263983 0.553796 -0.7048215 0.4433247 0.5515844 -0.7059473 0.4442893 0.5581989 -0.6959835 0.4516868 0.5559785 -0.7023425 0.4445255 0.5562314 -0.7000389 0.4478306 0.5507283 -0.7066408 0.4442492 -0.2206055 -0.1402163 0.965232 -0.9560979 -0.05913579 0.287019 0.724318 0.6319609 -0.2756609 0.7096251 -0.7032522 -0.04322785 0.06406599 -0.9480853 0.3114964 0.4224482 -0.7269196 -0.5414107 -0.2001838 -0.1239983 -0.9718801 -0.7667862 0.6391646 -0.05922573 -0.1888667 0.8192031 0.5415122 -0.3508104 0.901657 0.2528769 -0.6354319 0.7346154 0.2378375 -0.3166288 0.9110707 0.264001 -0.5985268 0.7056453 -0.3792498 0.1944667 -0.6303552 -0.751555 0.3963585 -0.6439564 -0.6543852 0.06713938 0.7721642 0.6318662 -0.7159907 0.6745979 0.1796526 0.08437705 0.9313985 0.3540868 0.3386724 0.9373293 0.0819438 -0.3473019 0.7858193 0.511732 0.3380565 -0.705591 0.6227836 0.3381289 -0.7055772 0.6227597 -0.9707973 0.06913197 -0.2297245 -0.9428111 0.04917794 -0.3296801 -0.7434359 0.5300745 0.4078284 -0.7269176 -0.6752982 0.1247527 -0.7040342 -0.6898273 0.1687427 -0.7193176 0.2561023 0.6457506 0.8796093 -0.375309 0.2922853 -0.2917413 -0.6732819 0.6793959 -0.3986684 -0.5300291 0.7484202 -0.258182 -0.5069259 0.8224161 0 1 7.59461e-7 0.8840157 6.6948e-4 0.4674568 0.6520237 -0.01093512 0.7581198 0.1222616 -0.6592186 -0.7419455 0.3593915 0.6522707 -0.6673685 -0.110614 0.6944686 0.7109697 -0.4559794 -0.7356563 -0.5008918 0.5056201 -0.5957773 -0.6240174 0.7676858 -0.6225556 0.1519307 0.6225475 -0.7818199 -0.03453356 -0.6274009 0.7777789 -0.03778821 0.2139636 0.6946632 -0.6867771 0.0129078 0.7884164 -0.6150066 0.005627214 0.7737224 -0.6334998 0.1528641 0.8205205 -0.5507984 0.3174532 0.7049739 -0.6342203 0.23721 0.7249383 -0.6466808 0.2055572 0.6936038 -0.6904058 0.1956171 0.6912401 -0.6956444 0.2116783 0.7312082 -0.6484805 0.1271147 0.6672053 -0.7339476 0.1303241 0.6628153 -0.7373545 0.07101559 0.8023213 -0.5926527 0.1024665 0.697747 -0.708978 0.4235783 -0.5686955 0.7051006 0.2756131 -0.01547688 0.961144 0.6118579 0.5661923 0.5523189 -0.4662335 0.5905376 0.6587046 0.8818849 -0.451293 -0.1364324 -0.7874985 -0.0426439 -0.6148395 0.08754336 0.9367758 -0.3388028 0.8562393 -0.279511 0.4344283 -0.642039 0.01057279 0.7665991 -0.769991 0.006300449 0.6380237 0.8610346 -0.5057929 -0.05284762 -0.06422597 0.9380504 -0.3404945 0.06565517 -0.7044284 0.706732 0.07124692 -0.7038628 0.7067539 0.07124352 -0.7063067 0.704312 -0.07761597 -0.7007616 0.7091608 0.07289952 -0.7064429 0.7040058 0.0729984 -0.7030822 0.7073519 0.07628321 -0.699609 0.7104423 -0.4636682 -0.2483152 -0.8505007 -0.6641979 -0.16601 -0.7288908 0.07353407 -0.7067714 0.70361 0.0752719 -0.708971 0.7012093 -0.8841776 0.1082914 -0.4544259 -0.8871511 0.1215797 -0.4451756 0.07356017 -0.706384 0.7039962 0.07395321 -0.7056238 0.704717 0.04068112 0.3615212 0.9314761 0.4625633 0.5359154 0.706279 -0.6732417 -0.06190973 -0.7368262 0.2611137 -0.636226 -0.7259725 -0.7246394 -0.5837106 -0.3663056 0.9822099 0.003418028 0.1877558 0.4940518 -0.6033087 0.6260443 0.9688846 -0.2334322 0.08229357 -0.7743424 -0.002828538 0.6327606 -0.9665564 0.006118297 0.256381 -0.9261276 -0.3591291 -0.1153867 0.2446448 0.5599383 -0.7915922 0.2929649 -0.5024335 -0.8134692 0.7825741 -0.6022249 -0.1578066 0.559072 -0.8192391 -0.1276162 0.8527699 -0.5070901 0.1250729 0.1264352 -0.5614123 0.8178204 0.5297738 0.7992121 0.2839011 0.1370584 0.6469312 0.7501301 0.3520318 -0.8928709 -0.280812 -0.1992475 -0.7113573 0.6739965 -0.2023291 -0.7047604 0.6799822 -0.2018998 -0.7040213 0.6808749 0.626147 -0.3428959 -0.7002588 0.7193008 -0.3085715 -0.6224068 -0.2017759 -0.7035181 0.6814315 -0.201334 -0.705574 0.6794336 0.9505774 -0.02267932 -0.3096584 0.9469801 -0.0366187 -0.3191989 -0.201302 -0.7056373 0.6793774 -0.2030183 -0.7050669 0.6794587 -0.2232977 -0.7072498 0.6707727 -0.2095155 -0.7058911 0.6766247 -0.2026192 -0.7087568 0.6757288 -0.6569285 0.7121119 -0.2476723 0.2288204 -0.4552462 -0.8604605 0.7359534 0.6233893 -0.2641183 0.4303417 0.8551863 0.2888986 0.5126848 -0.7024051 0.4937422 -0.01674383 -0.6923525 0.7213652 -0.2286017 -0.9703797 0.07813233 0.01443415 -0.7446303 0.6673212 -0.2403474 -0.2304198 0.9429422 -0.6686485 0.7390186 0.08222436 0.5197498 -0.8457866 -0.1204378 -0.7744911 -0.6173406 0.1380367 -0.6501239 0.3722677 -0.6623864 0.6717151 -0.5219125 -0.5257434 0.9835126 -0.1685476 0.06553518 -0.690554 -0.6348176 -0.346615 0.2408545 0.1209002 -0.9630017 -0.0546782 0.2885819 -0.9558926 0.5831553 -0.3124905 -0.7498531 0.09471189 -0.935315 0.3409039 0.9057434 0.2696852 -0.3269538 0.2664928 0.5683733 -0.7784172 -0.17303 -0.5395631 0.8239735 0.5542775 -0.8030438 0.218854 0.31825 -0.7274678 -0.6078713 0.4198545 0.8428658 0.3366 0.4504876 0.8229647 0.3461072 0.8905845 -0.08850765 -0.446123 0.9653857 -0.01347941 -0.260478 0.7742232 0.5594799 0.2959068 -0.696607 0.571378 -0.4338962 0.885167 -0.4631481 0.04442363 0.3867015 0.8147914 0.4319458 -0.4438049 -0.7121451 0.5439547 -0.4049147 0.5810407 -0.7059999 -0.438135 -0.710093 0.5511858 -0.4459084 -0.7056675 0.5506351 -0.4460062 -0.705617 0.5506207 -0.4417226 -0.7101734 0.5482107 -0.3522025 0.3814365 -0.8546694 -0.4460302 -0.7056056 0.550616 -0.2306259 0.2816461 -0.9313899 0.2982276 -0.8944897 -0.3330896 -0.1909723 0.7328988 0.6529847 -0.4915316 -0.8392319 0.2325655 0.6138879 0.3984788 -0.681437 0.6922563 0.7212874 -0.02292931 0.6415023 0.7650358 -0.05652743 0.6715752 0.7325173 0.1113789 0.6550937 0.7379878 0.1619456 0.7316148 0.681717 -0.00136435 0.7993478 0.5995782 0.0393601 0.6431718 0.7424111 0.1874989 0.7506414 0.6605586 0.0141437 -0.7124762 -0.6985085 0.06681019 0.6340278 -0.7439083 -0.2112092 0.3894671 0.7565124 0.5253611 0.4871733 -0.3527835 -0.798878 0.2323414 0.7485858 0.6209967 -0.6339549 -0.7493533 -0.1912352 0.6232815 -0.7072566 -0.3336288 -0.7368843 -0.5541446 0.3872018 -0.7289351 -0.6812858 -0.06710708 0.421234 -0.7851255 0.4540265 -0.3088054 0.5011739 0.8083713 0.7548785 -0.5628921 0.3366171 0.6514477 -0.7393858 0.1700724 0.7594066 -0.6506012 -0.004445374 0.1311091 -0.9906437 0.03788655 -0.4416153 0.2937013 0.847771 0.6257208 -0.68124 -0.3799811 0.5704703 -0.7799094 -0.2574975 -0.1219251 -0.06417316 0.9904626 0.1982303 0.6866632 0.6994273 -0.7482129 -0.03721135 -0.6624144 -0.1329472 0.6952936 -0.7063228 -0.3950774 -0.8703634 0.2939075 0.6432282 -0.7018391 0.3060708 0.459097 0.7345492 -0.4996674 0.2303469 0.7767597 -0.5861609 0.4316166 0.7390739 -0.5171818 0.4932603 -0.4650728 0.7351201 -0.04889911 -0.9971381 0.05766081 0.01901918 -0.9996165 0.02012747 0.3043089 -0.9453773 0.116867 -2.83536e-4 -0.9630259 -0.2694087 -0.2395435 0.6922029 0.6807892 0.1956486 -0.9804389 0.02148008 0.2277683 -0.9448573 0.2353006 0.003490865 -0.9999933 0.001168251 0.02735805 -0.9984344 -0.04878962 0.01817589 -0.9982216 -0.05677407 0.02655822 -0.9976876 -0.06256341 0.03010141 -0.9995469 5.56516e-5 -0.01373118 -0.9997838 -0.01561611 0.2961499 0.9506065 -0.09296494 0.08640587 -0.9961932 0.01154291 0.03819072 -0.9988657 0.02844125 -0.1670816 -0.9311112 0.3242157 -0.1477479 -0.9547339 -0.2581741 -0.6116659 -0.6941006 -0.3795909 0.2137665 -0.7246876 -0.6550815 0.6123833 -0.02763664 -0.7900778 0.4935587 -0.02866977 -0.8692399 -0.2580107 0.8113306 -0.5245696 -0.004911839 0.03404116 -0.9994084 0.5685445 -0.7543294 0.3282445 0.9564984 -0.2706315 -0.1089472 0.5481315 -0.7273007 0.4130203 0.9048228 -0.3687717 -0.2128453 0.1063905 0.9941509 0.01857823 -0.1476554 0.9868093 0.06637203 0.3190229 0.9194188 -0.2299864 0.2386378 0.9214335 -0.3066142 0.02504253 0.947605 -0.3184615 -0.04184073 0.9257957 0.3757016 0.01171106 0.9789304 0.2038584 -0.04756808 0.9909563 0.1254718 -0.1198256 0.9892933 -0.08331072 0.5470084 0.7417695 0.3880204 0.0117591 0.9947339 -0.1018143 0.05089461 0.983771 -0.1720597 -0.09536969 0.994114 0.05140078 -0.6260897 0.7265373 -0.2831172 -0.3792178 0.8429288 -0.3816607 -0.4709703 0.8233275 -0.3167318 -0.5536298 0.7410536 -0.3799128 -0.5274999 0.7459055 -0.4066561 -0.01587706 0.7688763 -0.6392004 -0.5504913 0.7984741 -0.2437181 -0.4999482 0.7527428 -0.4282873 0.004925012 0.7701812 -0.6378062 -0.08005464 0.3906751 -0.9170411 0.05877709 0.8664361 -0.4958162 -0.2721698 -0.6293585 -0.7278952 -0.08261162 -0.03145861 -0.9960852 0.2801879 -0.01567906 -0.9598171 -0.7129637 -0.481799 -0.5094631 -0.9779066 -0.178705 -0.1084595 -0.519554 -0.599859 0.6084676 0.4439049 -0.8758165 -0.1894569 -0.4314672 -0.797037 -0.4225733 0.8166188 -0.4256042 -0.3898653 0.8141321 -0.3431524 -0.4684394 0.4510011 -0.5049016 -0.735984 0.837779 -0.004120826 -0.5459941 -0.7019834 -0.624044 0.3432033 -0.403548 0.6280308 -0.6653769 0.3122229 0.2105357 -0.9263863 0.5644216 0.6758742 -0.4739433 -0.3837399 0.2272659 -0.8950386 0.7856378 0.1401975 -0.6025927 -0.4750346 -0.4705847 0.7435672 0.3441824 -0.8012281 -0.4894613 -0.3857875 0.7090194 0.5903047 -0.9845531 0.1744449 -0.01497334 -0.5178459 0.8126688 -0.2672172 0.6506038 -0.6445977 -0.4015079 -0.1292095 -0.8987335 0.4190266 -0.6838185 -0.2503553 0.6853572 -0.8944805 -0.3591733 0.266269 0.7074179 -0.7027769 -0.07526433 0.7147535 -0.6936166 -0.08957439 0.704696 -0.7056435 -0.07396435 0.7047653 -0.7055768 -0.0739414 -0.9519612 -0.2406725 -0.1893327 -0.8857631 -0.07520359 -0.4580045 0.7080811 -0.7021102 -0.07524907 -0.3941573 0.05664438 0.9172958 -0.1253914 0.4487972 0.8847928 -0.07623022 0.5652084 0.8214185 0.7085813 -0.7022507 -0.06896728 -0.057482 -0.8154163 -0.5760139 -0.9656243 -0.2078171 0.1561468 -0.1540623 -0.6437087 -0.7496026 -0.4150583 0.8739698 0.2527912 0.1362365 -0.5929841 -0.7936055 -0.3773468 -0.7086815 -0.5961376 0.152345 0.9693146 -0.1929258 0.05090445 0.9566899 -0.2866238 -0.8917912 -0.384217 0.2389269 -0.8277916 -0.511524 0.2304443 0.7508179 -0.571892 0.3304727 -0.7066783 0.3963699 -0.586086 0.7705683 -0.637191 -0.01456815 -0.3611747 -0.7811646 -0.5092492 0.06576848 -0.7407625 -0.6685399 0.1002893 -0.5745375 0.8123108 -0.8463267 -0.5152101 0.1352398 0.4068312 -0.8341081 -0.3724943 -0.02775967 0.9841238 0.1752992 -0.2524242 0.8703656 0.4227834 -0.01762866 0.9996665 0.0188772 -0.07391464 0.9897988 0.1217989 0.06335264 0.9979361 -0.01049304 -0.04451006 0.9989591 0.009990215 0.1686442 0.9538279 -0.2485388 0.350441 0.8973495 0.2682445 0.349735 0.8846205 0.308435 -0.02458316 0.9994143 0.02380913 -0.9963768 0.01657861 0.08341813 -0.7129592 -0.2525322 0.6541535 0.3305065 -0.8395499 0.4311862 0.1960731 -0.5488618 -0.8125923 -0.05335432 -0.7718275 -0.6335896 0.1522663 -0.8027321 -0.5765729 -0.8740252 -0.02206063 0.4853796 -0.5373586 0.03133559 0.8427715 -0.6690657 -0.6962956 -0.2598531 0.3458436 0.6585837 -0.6683261 -0.4496922 -0.808884 -0.3787923 -0.7371422 -0.4199936 -0.5293647 -0.07069349 -0.9961878 -0.05111366 0.5283463 0.6695902 -0.5220146 -0.5516 -0.7062603 -0.4437724 0.1278313 -0.7803548 0.612132 -0.1301919 -0.2321516 -0.9639273 -0.5896847 -0.7734389 -0.2325173 -0.2169411 -0.6765754 -0.7036919 -0.03349554 -0.8224965 -0.567783 0.394253 0.6818143 -0.6161931 -0.1146735 -0.5585114 0.8215321 -0.6273779 0.6978754 -0.3454952 0.5193104 -0.816115 -0.2535212 0.2556986 0.06636321 0.9644762 -0.5526236 0.7621307 0.3372893 -0.3436049 0.93772 0.05115807 -0.5407648 0.838118 -0.07163745 9.01383e-4 0.99434 -0.1062413 -0.09064459 0.9867455 0.1345987 0.3327395 0.9092008 0.2502768 0.5129139 0.8559527 -0.06530237 0.5256931 0.7597951 0.3825678 0.4052539 0.7582464 0.5107169 -0.5700604 -0.7986991 0.1926421 -0.6735339 -0.6928055 -0.2576289 -0.5701985 -0.3229876 0.7553495 -0.7006161 -0.6672822 -0.2527285 -0.1572824 -0.8593095 -0.4866719 0.8676436 0.02804702 0.4963951 -0.5038429 0.4950405 0.7078683 -0.2757907 0.2499395 0.928154 -0.3630528 0.9309353 0.03939694 -0.03158164 0.09236884 0.9952239 0.05918943 0.07659369 0.9953041 -0.01134896 0.9795665 -0.2008002 0.3961269 0.8795062 -0.2637282 -0.3380331 -0.7056472 -0.6227324 -0.3380139 -0.7056396 -0.6227517 0.7295469 0.6692613 -0.1408928 0.9453547 0.3151426 0.08360517 0.9008361 0.4189783 0.1138054 -0.3636274 0.8180193 0.4456675 -0.08048909 -0.8050746 0.5876875 -0.6637771 -0.01284241 0.7478203 0.3299728 0.9415319 0.0680871 0.2013422 -0.7056 -0.6794041 0.2013443 -0.7055995 -0.679404 0.3796002 0.9129117 0.1499871 -0.8835833 0.1565734 0.4413226 -0.8973172 0.4267274 0.1128084 0.07206386 0.9933049 -0.09029072 -0.6876634 0.7146955 -0.1277866 -0.06662374 -0.6513968 0.7558065 0.6043066 -0.4877929 -0.6299777 -0.1179366 0.497195 0.8595861 -0.7626472 0.6401247 0.09278964 -0.3451907 0.6902867 0.6358834 -0.2496808 0.8505469 0.4628493 -0.2691368 -0.4946972 -0.8263414 -0.2682448 -0.2666225 -0.9257198 0.4365349 0.723752 0.5344346 0.7801316 -0.01428467 -0.6254523 0.6106345 -0.02976882 -0.7913529 -0.4692839 -0.7373402 0.4859034 -0.388813 0.2655348 0.882222 -0.192109 -0.0321297 0.9808476 -0.09745198 0.7407027 -0.6647276 -0.3575994 0.7521827 -0.5534835 -0.1624321 0.6423559 -0.7489959 -0.3392277 0.7020707 -0.626116 -0.3673744 0.7028542 -0.6091241 -0.3447121 0.7025611 -0.6225604 -0.3182029 0.7579868 -0.5693883 -0.2691738 0.7673507 -0.5819953 -0.3413428 0.7023465 -0.6246556 -0.1473421 0.7883831 -0.5972791 -0.151273 0.7740375 -0.6148028 -0.3363078 0.70147 -0.6283605 -0.1603227 0.7067826 -0.6890248 0.5253526 0.3685219 0.7669396 0.5162327 0.3288454 0.7907999 0.03437405 -0.115922 0.9926633 -0.5506544 -0.7056103 -0.4459752 -0.5200073 -0.7312646 -0.4414119 -0.5324972 -0.7163345 -0.4509009 -0.5506914 -0.7065691 -0.4444088 -0.5498553 -0.7070593 -0.4446643 -0.5506423 -0.7056106 -0.4459897 -0.5506651 -0.7055721 -0.4460224 -0.4699599 -0.7778436 -0.4172495 -0.5506272 -0.7056236 -0.4459879 -0.5506601 -0.7056025 -0.4459807 -0.5365934 -0.7089833 -0.4576136 -0.5506101 -0.7056173 -0.4460189 -0.5376443 -0.7041373 -0.4638204 -0.4246547 -0.6640772 0.6153616 -0.7989148 -0.3935737 -0.4547911 0.1061227 -0.8211846 0.5607085 0.5933266 0.02980679 0.8044098 -0.1710105 -0.1522748 0.9734309 -0.710073 -0.2364318 0.6632469 0.9621252 -0.2726 -0.002103388 0.9079558 -0.2539438 -0.33336 0.7151898 0.638714 0.2838102 -0.6396748 -0.7222263 -0.2630693 0.01579165 -0.9217408 -0.3874848 0.7741968 0.5634067 0.2884309 0.7693175 0.294067 0.5671641 0.7521951 0.5799368 0.3128512 0.8026115 0.4504451 0.3910423 -0.3483032 0.9368798 0.03067708 -0.5015339 0.8611164 0.08332133 -0.546127 0.005628585 0.8376835 -0.07381731 -0.705571 -0.704784 -0.7534562 0.2889243 0.5906155 -0.07399958 -0.705522 -0.7048141 -0.07407546 -0.7054621 -0.7048661 -0.9670012 -0.04200327 -0.2512855 0.6616578 0.6995127 0.2699834 0.7182789 0.6740452 -0.1724492 -0.1056512 -0.9595116 0.2611045 0.17267 -0.5417209 0.8226321 -0.858179 -0.2975046 0.4183537 -0.1363104 0.770641 -0.6225206 -0.3461719 0.8510619 -0.3947895 0.116176 0.9925841 0.03577977 -0.3228519 -0.04411679 0.9454208 0.3319893 0.2433598 0.9113503 0.1257789 -0.011819 0.9919879 0.4758831 -0.5462908 0.6892762 -0.3905363 -0.8356245 -0.3862811 0.2553485 -0.7943196 -0.5512291 -0.1781784 -0.819359 0.5448884 0.3994415 0.7820141 -0.4784355 -0.2497982 -0.801752 0.54295 -0.1453181 0.0405597 0.9885534 0.1098383 -0.7315657 0.672865 -0.9550234 0.004636883 0.2964946 0.6792065 0.7151289 -0.1651342 -0.1326831 -0.8585659 0.4952371 0.4354251 -0.5905691 -0.6794359 -0.2690425 0.8119095 -0.5180919 0.4428651 -0.7069503 -0.5514453 0.4408107 -0.7085735 -0.5510078 0.4467075 -0.704855 -0.5510281 0.446282 -0.7048032 -0.5514391 -0.7165146 0.5120776 -0.4736912 0.4460335 -0.7056074 -0.5506109 0.3800381 -0.6309707 -0.6763483 0.4452762 -0.703965 -0.5533195 0.4460393 -0.7056146 -0.5505971 0.4263244 -0.7262811 -0.5392248 0.4406738 -0.7040407 -0.5568962 -0.7606636 0.4613974 -0.4566219 -0.972423 0.1434758 -0.1838704 -0.999628 0.02721375 -0.001855373 -0.2505971 -0.6222925 -0.7415882 0.7173087 -0.5066738 0.4782781 0.5887947 0.4662679 0.6602388 0.07142996 -0.7668951 0.6377851</float_array>
          <technique_common>
            <accessor source="#Test_010-mesh-normals-array" count="6057" stride="3">
              <param name="X" type="float"/>
              <param name="Y" type="float"/>
              <param name="Z" type="float"/>
            </accessor>
          </technique_common>
        </source>
        <vertices id="Test_010-mesh-vertices">
          <input semantic="POSITION" source="#Test_010-mesh-positions"/>
        </vertices>
        <triangles material="wheel_dark-material" count="4010">
          <input semantic="VERTEX" source="#Test_010-mesh-vertices" offset="0"/>
          <input semantic="NORMAL" source="#Test_010-mesh-normals" offset="1"/>
          <p>1421 0 1419 0 1418 0 1742 1 1739 1 1740 1 2099 2 2094 2 2096 2 2159 3 2156 3 2157 3 1099 4 1101 4 1102 4 1149 5 1157 5 1156 5 1368 6 1364 6 1366 6 842 7 868 7 862 7 1620 8 1623 8 1618 8 673 9 674 9 671 9 1532 10 1530 10 1528 10 2036 11 2040 11 2038 11 788 12 791 12 790 12 1505 13 1490 13 1489 13 1719 14 1722 14 1718 14 1734 15 1736 15 1730 15 1749 16 1743 16 1751 16 599 17 594 17 598 17 1474 18 1462 18 1447 18 2165 19 2161 19 2154 19 1725 20 1719 20 1718 20 1877 21 1839 21 1875 21 1424 22 1429 22 1428 22 1007 23 1008 23 1002 23 805 24 803 24 797 24 2042 25 2037 25 2036 25 1164 26 1180 26 1179 26 961 27 963 27 962 27 1074 28 1066 28 1072 28 707 29 715 29 704 29 1324 30 1336 30 1346 30 2141 31 2142 31 2140 31 1365 32 1362 32 1364 32 803 33 801 33 797 33 1002 34 1001 34 1006 34 1728 35 1729 35 1727 35 1938 36 1936 36 1937 36 1343 37 1372 37 1349 37 902 38 926 38 903 38 1749 39 1793 39 1781 39 1433 40 1472 40 1468 40 1369 41 1334 41 1362 41 944 42 941 42 943 42 905 43 902 43 903 43 1340 44 1344 44 1350 44 1347 45 1391 45 1342 45 1832 46 1833 46 1837 46 1214 47 1222 47 1221 47 1567 48 1552 48 1560 48 1979 49 1944 49 1982 49 693 50 695 50 694 50 1732 51 1727 51 1733 51 1483 52 1478 52 1482 52 624 53 604 53 618 53 1989 54 1979 54 2001 54 2121 55 2103 55 2119 55 1940 56 1932 56 1935 56 1363 57 1344 57 1370 57 1385 58 1386 58 1390 58 2152 59 2195 59 2194 59 1389 60 1392 60 1373 60 1119 61 1157 61 1154 61 1856 62 1863 62 1871 62 1942 63 1932 63 1940 63 1346 64 1336 64 1351 64 2201 65 2172 65 2177 65 1345 66 1391 66 1379 66 693 67 694 67 700 67 925 68 967 68 956 68 1461 69 1450 69 1448 69 1786 70 1749 70 1792 70 1571 71 1593 71 1580 71 1942 72 1933 72 1941 72 790 73 793 73 792 73 1067 74 1068 74 1066 74 2156 75 2204 75 2203 75 908 76 902 76 909 76 1112 77 1141 77 1113 77 2166 78 2211 78 2161 78 1679 79 1633 79 1680 79 1964 80 1973 80 1971 80 1157 81 1155 81 1156 81 2013 82 2014 82 2015 82 1831 83 1830 83 1835 83 2152 84 2210 84 2204 84 1874 85 1856 85 1872 85 1528 86 1529 86 1527 86 2149 87 2150 87 2146 87 2162 88 2192 88 2169 88 2164 89 2154 89 2160 89 1175 90 1174 90 1154 90 1478 91 1468 91 1491 91 1516 92 1520 92 1518 92 1180 93 1176 93 1179 93 1750 94 1793 94 1746 94 593 95 594 95 597 95 1731 96 1735 96 1732 96 805 97 797 97 800 97 1939 98 1942 98 1941 98 2193 99 2163 99 2182 99 1419 100 1420 100 1417 100 1739 101 1745 101 1749 101 1417 102 1420 102 1416 102 1968 103 1976 103 1960 103 1528 104 1548 104 1558 104 894 105 896 105 893 105 593 106 592 106 599 106 1723 107 1721 107 1720 107 1427 108 1426 108 1431 108 1628 109 1626 109 1625 109 855 110 852 110 856 110 1825 111 1823 111 1822 111 1828 112 1824 112 1829 112 595 113 596 113 594 113 594 114 593 114 595 114 596 115 595 115 592 115 596 116 592 116 597 116 1984 117 1975 117 1956 117 1056 118 1073 118 1070 118 1525 119 1533 119 1532 119 598 120 594 120 596 120 994 121 997 121 998 121 914 122 915 122 913 122 602 123 603 123 604 123 1553 124 1536 124 1544 124 1566 125 1538 125 1546 125 1450 126 1439 126 1436 126 1658 127 1635 127 1645 127 833 128 809 128 817 128 629 129 603 129 614 129 1448 130 1440 130 1436 130 1461 131 1447 131 1437 131 1560 132 1540 132 1539 132 627 133 603 133 612 133 1454 134 1436 134 1442 134 632 135 610 135 603 135 1654 136 1637 136 1642 136 628 137 614 137 603 137 1964 138 1951 138 1945 138 1567 139 1551 139 1538 139 1453 140 1465 140 1441 140 1557 141 1539 141 1542 141 736 142 707 142 716 142 633 143 616 143 615 143 629 144 628 144 630 144 624 145 618 145 626 145 626 146 618 146 633 146 626 147 633 147 628 147 628 148 633 148 615 148 628 149 615 149 630 149 630 150 615 150 621 150 630 151 621 151 632 151 632 152 621 152 604 152 632 153 604 153 624 153 601 154 634 154 635 154 635 155 634 155 636 155 635 156 636 156 637 156 635 157 637 157 638 157 1934 158 1936 158 1935 158 636 159 627 159 641 159 634 160 637 160 623 160 647 161 608 161 616 161 619 162 648 162 649 162 620 163 651 163 647 163 1551 164 1574 164 1577 164 743 165 730 165 714 165 1471 166 1460 166 1445 166 1582 167 1543 167 1555 167 1487 168 1439 168 1451 168 1447 169 1477 169 1471 169 709 170 755 170 749 170 644 171 600 171 645 171 644 172 645 172 646 172 646 173 645 173 647 173 647 174 645 174 648 174 647 175 648 175 644 175 644 176 648 176 600 176 1453 177 1452 177 1465 177 751 178 708 178 727 178 714 179 746 179 739 179 1573 180 1565 180 1545 180 1646 181 1672 181 1675 181 1453 182 1483 182 1486 182 720 183 757 183 750 183 1969 184 1992 184 1994 184 1475 185 1463 185 1446 185 853 186 815 186 824 186 750 187 712 187 722 187 683 188 654 188 644 188 644 189 654 189 655 189 655 190 674 190 656 190 655 191 656 191 683 191 683 192 656 192 654 192 669 193 666 193 668 193 658 194 674 194 654 194 634 195 644 195 659 195 659 196 644 196 655 196 659 197 655 197 658 197 658 198 655 198 657 198 658 199 657 199 656 199 656 200 657 200 644 200 656 201 644 201 634 201 1444 202 1433 202 1469 202 1507 203 1514 203 1512 203 672 204 667 204 669 204 672 205 669 205 671 205 670 206 674 206 673 206 670 207 673 207 666 207 666 208 673 208 668 208 668 209 674 209 670 209 1571 210 1594 210 1595 210 678 211 683 211 681 211 678 212 681 212 680 212 680 213 681 213 682 213 680 214 682 214 676 214 676 215 682 215 683 215 676 216 683 216 678 216 691 217 684 217 685 217 684 218 686 218 687 218 685 219 688 219 686 219 684 220 687 220 692 220 685 221 692 221 688 221 686 222 688 222 687 222 688 223 689 223 687 223 687 224 689 224 691 224 687 225 691 225 692 225 692 226 691 226 690 226 692 227 690 227 688 227 688 228 690 228 689 228 697 229 698 229 699 229 697 230 699 230 700 230 700 231 699 231 693 231 2168 232 2140 232 2141 232 1670 233 1634 233 1672 233 2002 234 2000 234 1999 234 802 235 797 235 801 235 807 236 808 236 806 236 2045 237 2046 237 2044 237 1583 238 1580 238 1585 238 1510 239 1512 239 1513 239 732 240 707 240 718 240 721 241 712 241 705 241 838 242 818 242 809 242 725 243 711 243 706 243 1668 244 1645 244 1635 244 829 245 808 245 811 245 729 246 714 246 705 246 728 247 705 247 715 247 617 248 602 248 607 248 1657 249 1635 249 1644 249 1860 250 1843 250 1842 250 1667 251 1642 251 1637 251 1648 252 1640 252 1635 252 1043 253 1023 253 1013 253 733 254 717 254 707 254 1653 255 1637 255 1639 255 737 256 715 256 707 256 1960 257 1952 257 1945 257 1650 258 1641 258 1635 258 1961 259 1945 259 1952 259 1769 260 1768 260 1767 260 722 261 721 261 723 261 730 262 729 262 731 262 2197 263 2228 263 2172 263 729 264 723 264 731 264 731 265 723 265 721 265 1871 266 1870 266 1858 266 735 267 719 267 710 267 735 268 710 268 737 268 737 269 710 269 725 269 739 270 740 270 741 270 739 271 741 271 742 271 742 272 741 272 759 272 742 273 759 273 704 273 742 274 704 274 715 274 717 275 745 275 739 275 1675 276 1662 276 1647 276 716 277 741 277 744 277 744 278 734 278 717 278 1062 279 1019 279 1035 279 1674 280 1660 280 1643 280 1656 281 1682 281 1684 281 1643 282 1670 282 1676 282 715 283 747 283 742 283 2056 284 2090 284 2083 284 1050 285 1049 285 1048 285 1877 286 1878 286 1876 286 750 287 749 287 751 287 751 288 749 288 752 288 751 289 752 289 748 289 748 290 752 290 703 290 709 291 703 291 752 291 1635 292 1637 292 1638 292 753 293 713 293 720 293 727 294 749 294 753 294 819 295 849 295 843 295 726 296 756 296 751 296 1647 297 1671 297 1674 297 812 298 858 298 854 298 1961 299 1997 299 1991 299 852 300 813 300 828 300 1685 301 1642 301 1654 301 847 302 835 302 821 302 758 303 762 303 759 303 758 304 759 304 760 304 760 305 759 305 761 305 760 306 761 306 762 306 760 307 762 307 748 307 748 308 762 308 758 308 1760 309 1759 309 1773 309 759 310 748 310 764 310 759 311 764 311 761 311 761 312 764 312 763 312 1702 313 1704 313 1701 313 773 314 771 314 774 314 775 315 761 315 777 315 775 316 777 316 771 316 771 317 777 317 774 317 774 318 777 318 778 318 774 319 778 319 775 319 775 320 778 320 761 320 1713 321 1715 321 1710 321 783 322 784 322 782 322 781 323 785 323 786 323 786 324 785 324 782 324 786 325 782 325 780 325 784 326 758 326 787 326 784 327 787 327 779 327 779 328 787 328 783 328 783 329 758 329 784 329 780 330 787 330 758 330 795 331 789 331 788 331 796 332 789 332 795 332 790 333 789 333 796 333 789 334 790 334 791 334 788 335 789 335 794 335 794 336 789 336 793 336 1206 337 1209 337 1207 337 1898 338 1901 338 1895 338 788 339 790 339 795 339 790 340 792 340 795 340 795 341 792 341 794 341 795 342 794 342 793 342 795 343 793 343 796 343 1006 344 1001 344 1005 344 797 345 798 345 799 345 797 346 799 346 800 346 800 347 799 347 801 347 801 348 799 348 802 348 1628 349 1629 349 1627 349 1319 350 1322 350 1318 350 2038 351 2040 351 2043 351 1736 352 1734 352 1729 352 2196 353 2199 353 2198 353 1789 354 1775 354 1791 354 1753 355 1748 355 1740 355 1433 356 1434 356 1432 356 808 357 809 357 810 357 1213 358 1205 358 1208 358 1887 359 1855 359 1891 359 1865 360 1842 360 1851 360 1867 361 1842 361 1852 361 1028 362 1015 362 1012 362 832 363 808 363 819 363 1861 364 1840 364 1843 364 1872 365 1846 365 1840 365 1862 366 1841 366 1848 366 2073 367 2055 367 2047 367 831 368 819 368 808 368 1856 369 1845 369 1840 369 836 370 820 370 809 370 1853 371 1847 371 1840 371 1857 372 1842 372 1845 372 1037 373 1022 373 1012 373 837 374 809 374 820 374 1036 375 1012 375 1021 375 1146 376 1133 376 1121 376 1655 377 1638 377 1637 377 1966 378 1953 378 1948 378 1140 379 1123 379 1129 379 1806 380 1794 380 1810 380 831 381 827 381 825 381 831 382 825 382 841 382 841 383 825 383 834 383 834 384 825 384 840 384 834 385 840 385 822 385 834 386 822 386 836 386 836 387 822 387 839 387 836 388 839 388 838 388 838 389 839 389 827 389 838 390 827 390 831 390 707 391 703 391 706 391 843 392 844 392 845 392 843 393 845 393 846 393 846 394 845 394 842 394 846 395 842 395 807 395 849 396 832 396 842 396 2051 397 2092 397 2100 397 818 398 850 398 846 398 1885 399 1844 399 1859 399 820 400 845 400 847 400 1848 401 1875 401 1881 401 2087 402 2072 402 2056 402 856 403 811 403 829 403 2061 404 2093 404 2097 404 1845 405 1891 405 1886 405 1982 406 1974 406 1957 406 852 407 806 407 853 407 853 408 806 408 854 408 853 409 854 409 855 409 852 410 855 410 806 410 806 411 812 411 854 411 2086 412 2076 412 2058 412 1133 413 1162 413 1155 413 1985 414 1972 414 1959 414 1993 415 1949 415 1969 415 1861 416 1888 416 1890 416 1850 417 1884 417 1876 417 1142 418 1165 418 1169 418 1654 419 1688 419 1683 419 1855 420 1886 420 1891 420 1890 421 1847 421 1854 421 866 422 842 422 862 422 866 423 862 423 863 423 863 424 862 424 864 424 864 425 862 425 865 425 864 426 865 426 866 426 866 427 865 427 842 427 1878 428 1839 428 1881 428 863 429 864 429 867 429 862 430 868 430 867 430 862 431 867 431 869 431 869 432 867 432 864 432 869 433 864 433 852 433 869 434 852 434 865 434 865 435 852 435 842 435 857 436 856 436 829 436 882 437 878 437 883 437 883 438 878 438 877 438 883 439 877 439 884 439 884 440 877 440 862 440 884 441 862 441 882 441 888 442 887 442 885 442 1911 443 1910 443 1897 443 890 444 866 444 888 444 890 445 888 445 891 445 891 446 888 446 885 446 891 447 885 447 892 447 892 448 885 448 890 448 890 449 885 449 866 449 890 450 886 450 892 450 889 451 890 451 891 451 899 452 893 452 895 452 1073 453 1072 453 1070 453 901 454 898 454 900 454 894 455 897 455 901 455 894 456 901 456 895 456 895 457 901 457 900 457 895 458 900 458 899 458 899 459 900 459 897 459 899 460 897 460 894 460 904 461 905 461 906 461 904 462 906 462 907 462 907 463 906 463 908 463 907 464 908 464 909 464 1348 465 1341 465 1339 465 1004 466 1008 466 1009 466 637 467 601 467 638 467 909 468 904 468 912 468 909 469 911 469 907 469 1340 470 1333 470 1339 470 1931 471 1923 471 1925 471 1429 472 1425 472 1431 472 1941 473 1934 473 1940 473 1535 474 1536 474 1534 474 2048 475 2044 475 2049 475 1744 476 1741 476 1742 476 2001 477 2004 477 2000 477 2088 478 2086 478 2057 478 2081 479 2072 479 2071 479 1347 480 1339 480 1342 480 2170 481 2159 481 2163 481 1839 482 1840 482 1838 482 2166 483 2158 483 2161 483 2023 484 2019 484 2024 484 2022 485 2026 485 2021 485 916 486 929 486 920 486 916 487 931 487 926 487 1744 488 1728 488 1751 488 920 489 928 489 916 489 916 490 928 490 931 490 2183 491 2157 491 2181 491 933 492 934 492 935 492 933 493 935 493 936 493 933 494 936 494 937 494 933 495 937 495 938 495 933 496 938 496 939 496 941 497 942 497 943 497 941 498 944 498 945 498 941 499 945 499 946 499 1375 500 1379 500 1378 500 941 501 947 501 948 501 1747 502 1771 502 1772 502 929 503 949 503 934 503 1333 504 1374 504 1373 504 954 505 952 505 955 505 955 506 952 506 956 506 957 507 952 507 958 507 913 508 952 508 951 508 960 509 961 509 962 509 952 510 954 510 953 510 963 511 961 511 964 511 964 512 961 512 965 512 917 513 958 513 952 513 2057 514 2045 514 2048 514 967 515 953 515 956 515 968 516 963 516 966 516 2166 517 2212 517 2208 517 962 518 934 518 955 518 955 519 934 519 969 519 955 520 969 520 959 520 959 521 969 521 962 521 962 522 969 522 947 522 962 523 947 523 934 523 946 524 948 524 947 524 936 525 969 525 934 525 932 526 951 526 934 526 934 527 951 527 953 527 934 528 953 528 936 528 936 529 953 529 955 529 936 530 955 530 938 530 938 531 955 531 957 531 938 532 957 532 940 532 940 533 957 533 959 533 940 534 959 534 943 534 943 535 959 535 962 535 943 536 962 536 945 536 945 537 962 537 964 537 945 538 964 538 947 538 947 539 964 539 966 539 947 540 966 540 932 540 932 541 966 541 951 541 2125 542 2124 542 2123 542 983 543 969 543 978 543 983 544 978 544 981 544 981 545 978 545 976 545 981 546 976 546 982 546 982 547 976 547 983 547 983 548 976 548 969 548 982 549 977 549 981 549 987 550 962 550 988 550 988 551 984 551 989 551 988 552 989 552 986 552 990 553 962 553 987 553 987 554 985 554 991 554 991 555 985 555 962 555 991 556 962 556 990 556 987 557 991 557 989 557 2130 558 2124 558 2126 558 995 559 992 559 993 559 2148 560 2144 560 2151 560 996 561 994 561 992 561 992 562 994 562 998 562 994 563 993 563 999 563 993 564 994 564 1000 564 698 565 701 565 700 565 995 566 996 566 992 566 994 567 996 567 1000 567 993 568 1000 568 995 568 999 569 993 569 992 569 1728 570 1753 570 1739 570 996 571 997 571 1000 571 1000 572 999 572 995 572 995 573 999 573 996 573 996 574 999 574 998 574 996 575 998 575 997 575 1005 576 1004 576 1006 576 1625 577 1629 577 1630 577 1349 578 1362 578 1343 578 1003 579 1008 579 1007 579 1560 580 1548 580 1567 580 1328 581 1330 581 1325 581 1384 582 1386 582 1385 582 1012 583 1013 583 1014 583 809 584 806 584 810 584 2245 585 2239 585 2237 585 1035 586 1012 586 1019 586 1031 587 1014 587 1017 587 1242 588 1227 588 1234 588 624 589 611 589 602 589 1457 590 1435 590 1444 590 1464 591 1444 591 1436 591 1038 592 1012 592 1022 592 825 593 815 593 814 593 1040 594 1013 594 1025 594 1449 595 1436 595 1440 595 1039 596 1025 596 1012 596 1141 597 1129 597 1128 597 1141 598 1127 598 1123 598 824 599 808 599 815 599 1045 600 1021 600 1013 600 1965 601 1948 601 1951 601 1148 602 1135 602 1122 602 1563 603 1545 603 1537 603 1045 604 1032 604 1037 604 1037 605 1032 605 1030 605 1037 606 1030 606 1039 606 1039 607 1030 607 1041 607 1041 608 1030 608 1028 608 1041 609 1026 609 1043 609 1043 610 1026 610 1034 610 1043 611 1034 611 1045 611 1045 612 1034 612 1032 612 1011 613 1046 613 1047 613 1047 614 1046 614 1048 614 1047 615 1048 615 1049 615 1470 616 1469 616 1468 616 1049 617 1050 617 1011 617 1011 618 1050 618 1046 618 1052 619 1011 619 1047 619 1380 620 1387 620 1385 620 1092 621 1097 621 1098 621 1048 622 1046 622 1055 622 1986 623 1977 623 1954 623 1051 624 1040 624 1025 624 1063 625 1015 625 1029 625 1852 626 1883 626 1878 626 616 627 652 627 646 627 1029 628 1057 628 1064 628 1035 629 1059 629 1061 629 1056 630 1010 630 1057 630 1056 631 1057 631 1058 631 1056 632 1059 632 1010 632 1056 633 1058 633 1064 633 1061 634 1018 634 1027 634 1278 635 1233 635 1244 635 1155 636 1145 636 1134 636 1056 637 1020 637 1033 637 1135 638 1156 638 1161 638 639 639 629 639 614 639 1239 640 1269 640 1261 640 1031 641 1065 641 1056 641 1166 642 1124 642 1138 642 1066 643 1071 643 1067 643 1070 644 1069 644 1071 644 1070 645 1071 645 1066 645 1288 646 1286 646 1282 646 1071 647 1056 647 1046 647 1046 648 1056 648 1066 648 1207 649 1209 649 1205 649 1089 650 1069 650 1087 650 1087 651 1069 651 1086 651 1087 652 1086 652 1088 652 1088 653 1086 653 1083 653 1088 654 1083 654 1089 654 1089 655 1083 655 1069 655 1017 656 1059 656 1065 656 1085 657 1088 657 1089 657 1087 658 1088 658 1084 658 1094 659 1093 659 1091 659 1097 660 1092 660 1090 660 1097 661 1090 661 1094 661 1097 662 1094 662 1096 662 1096 663 1094 663 1095 663 1093 664 1066 664 1091 664 1066 665 1093 665 1096 665 1221 666 1219 666 1220 666 1103 667 1100 667 1099 667 1100 668 1101 668 1104 668 1104 669 1101 669 1106 669 1099 670 1102 670 1103 670 695 671 725 671 696 671 1091 672 1098 672 1090 672 1100 673 1107 673 1106 673 1100 674 1106 674 1102 674 1102 675 1105 675 1103 675 1103 676 1105 676 1107 676 1103 677 1107 677 1100 677 1108 678 1110 678 1111 678 2102 679 2106 679 2105 679 1114 680 1115 680 1108 680 1108 681 1115 681 1109 681 1141 682 1150 682 1153 682 1112 683 1114 683 1111 683 1937 684 1978 684 1966 684 1108 685 1116 685 1117 685 1626 686 1627 686 1632 686 1117 687 1114 687 1108 687 1947 688 1945 688 1946 688 1120 689 1122 689 1123 689 1230 690 1223 690 1229 690 1118 691 1126 691 1128 691 1153 692 1142 692 1141 692 723 693 709 693 705 693 1150 694 1131 694 1122 694 1138 695 1125 695 1124 695 623 696 602 696 610 696 1975 697 1947 697 1956 697 1247 698 1231 698 1229 698 1144 699 1134 699 1121 699 1562 700 1547 700 1549 700 1248 701 1227 701 1231 701 1659 702 1643 702 1635 702 633 703 607 703 602 703 1246 704 1229 704 1236 704 1259 705 1241 705 1230 705 1152 706 1132 706 1122 706 1252 707 1228 707 1238 707 1561 708 1536 708 1540 708 1452 709 1441 709 1434 709 1243 710 1233 710 1227 710 1662 711 1636 711 1647 711 616 712 602 712 608 712 1144 713 1125 713 1146 713 1146 714 1125 714 1137 714 1146 715 1137 715 1148 715 1148 716 1137 716 1153 716 1735 717 1734 717 1732 717 1528 718 1563 718 1527 718 1119 719 1154 719 1155 719 1220 720 1218 720 1214 720 1148 721 1147 721 1146 721 1162 722 1156 722 1154 722 1177 723 1180 723 1154 723 1161 724 1147 724 1133 724 1443 725 1476 725 1469 725 1132 726 1163 726 1158 726 635 727 627 727 612 727 1139 728 1168 728 1171 728 1158 729 1151 729 1131 729 1449 730 1480 730 1487 730 1169 731 1130 731 1136 731 1126 732 1170 732 1165 732 1164 733 1118 733 1165 733 1164 734 1165 734 1166 734 1166 735 1165 735 1167 735 1167 736 1165 736 1168 736 1167 737 1168 737 1164 737 1164 738 1168 738 1118 738 1200 739 1199 739 1179 739 1173 740 1168 740 1165 740 1240 741 1267 741 1261 741 1473 742 1458 742 1443 742 1264 743 1255 743 1241 743 1859 744 1894 744 1889 744 1237 745 1268 745 1264 745 1261 746 1252 746 1238 746 1171 747 1129 747 1140 747 1249 748 1261 748 1267 748 1673 749 1664 749 1646 749 1265 750 1250 750 1240 750 1179 751 1154 751 1174 751 1174 752 1175 752 1176 752 1176 753 1175 753 1177 753 1176 754 1177 754 1179 754 1179 755 1177 755 1154 755 1164 756 1179 756 1174 756 1122 757 1118 757 1123 757 1154 758 1164 758 1178 758 1154 759 1178 759 1175 759 1175 760 1178 760 1181 760 1181 761 1178 761 1176 761 1260 762 1285 762 1275 762 1192 763 1195 763 1191 763 1191 764 1196 764 1194 764 1194 765 1196 765 1195 765 1194 766 1195 766 1192 766 1175 767 1190 767 1196 767 1196 768 1190 768 1193 768 1193 769 1175 769 1195 769 1191 770 1175 770 1196 770 1202 771 1179 771 1199 771 1202 772 1199 772 1203 772 1203 773 1199 773 1198 773 1203 774 1198 774 1204 774 1204 775 1198 775 1179 775 1204 776 1179 776 1202 776 2244 777 2237 777 2238 777 1208 778 1205 778 1210 778 1208 779 1206 779 1213 779 1205 780 1211 780 1207 780 1206 781 1212 781 1213 781 1205 782 1213 782 1211 782 1207 783 1211 783 1206 783 1206 784 1211 784 1212 784 1213 785 1210 785 1211 785 1211 786 1210 786 1209 786 1211 787 1209 787 1208 787 1211 788 1208 788 1212 788 1212 789 1208 789 1210 789 1212 790 1210 790 1213 790 1214 791 1215 791 1216 791 1216 792 1215 792 1217 792 1216 793 1217 793 1218 793 1218 794 1219 794 1214 794 1214 795 1219 795 1215 795 1896 796 1899 796 1875 796 1218 797 1220 797 1216 797 1109 798 1115 798 1116 798 1379 799 1376 799 1377 799 1222 800 1220 800 1215 800 1535 801 1539 801 1538 801 1225 802 1226 802 1227 802 1227 803 1226 803 1228 803 1227 804 1228 804 1229 804 1229 805 1228 805 1230 805 618 806 609 806 602 806 1251 807 1238 807 1226 807 841 808 817 808 808 808 615 809 608 809 602 809 621 810 605 810 602 810 626 811 612 811 602 811 622 812 602 812 605 812 1253 813 1239 813 1228 813 1250 814 1226 814 1240 814 631 815 603 815 613 815 1855 816 1840 816 1846 816 1459 817 1445 817 1435 817 619 818 604 818 609 818 1254 819 1230 819 1239 819 1559 820 1539 820 1541 820 1256 821 1237 821 1230 821 1555 822 1536 822 1543 822 630 823 613 823 603 823 826 824 810 824 812 824 1315 825 1319 825 1314 825 1251 826 1257 826 1243 826 1251 827 1243 827 1253 827 1253 828 1243 828 1247 828 1253 829 1247 829 1259 829 1259 830 1247 830 1256 830 1256 831 1247 831 1235 831 1256 832 1235 832 1258 832 1258 833 1235 833 1225 833 1261 834 1260 834 1262 834 1261 835 1262 835 1263 835 1261 836 1263 836 1264 836 1264 837 1263 837 1260 837 1264 838 1260 838 1224 838 1318 839 1316 839 1314 839 1223 840 1232 840 1235 840 1260 841 1263 841 1268 841 1281 842 1276 842 1274 842 611 843 634 843 640 843 1248 844 1274 844 1279 844 1266 845 1254 845 1239 845 646 846 607 846 617 846 1242 847 1272 847 1278 847 1481 848 1438 848 1456 848 1245 849 1276 849 1277 849 609 850 644 850 653 850 610 851 642 851 638 851 1275 852 1223 852 1270 852 1270 853 1223 853 1271 853 1270 854 1271 854 1272 854 1270 855 1272 855 1273 855 1273 856 1272 856 1274 856 1273 857 1274 857 1275 857 1275 858 1274 858 1276 858 1275 859 1276 859 1223 859 1254 860 1263 860 1262 860 622 861 650 861 647 861 1281 862 1231 862 1248 862 623 863 640 863 634 863 1277 864 1236 864 1246 864 1559 865 1589 865 1583 865 612 866 643 866 635 866 1545 867 1572 867 1576 867 647 868 605 868 622 868 1681 869 1641 869 1651 869 614 870 641 870 635 870 1309 871 1260 871 1282 871 1282 872 1260 872 1283 872 1282 873 1283 873 1284 873 1282 874 1284 874 1285 874 1285 875 1284 875 1309 875 1309 876 1284 876 1260 876 1275 877 1309 877 1282 877 1288 878 1284 878 1283 878 1260 879 1286 879 1283 879 1072 880 1069 880 1074 880 1260 881 1275 881 1286 881 1298 882 1299 882 1297 882 1301 883 1300 883 1299 883 1301 884 1284 884 1300 884 1300 885 1284 885 1303 885 1300 886 1303 886 1297 886 1297 887 1303 887 1304 887 1297 888 1304 888 1301 888 1301 889 1304 889 1284 889 1302 890 1299 890 1284 890 1308 891 1311 891 1305 891 1305 892 1311 892 1306 892 1312 893 1305 893 1313 893 1313 894 1305 894 1307 894 1313 895 1307 895 1309 895 1309 896 1306 896 1311 896 1466 897 1443 897 1435 897 1829 898 1826 898 1825 898 1322 899 1314 899 1316 899 1314 900 1322 900 1317 900 2082 901 2083 901 2045 901 1316 902 1315 902 1321 902 1316 903 1321 903 1322 903 1320 904 1315 904 1316 904 1321 905 1320 905 1322 905 1322 906 1320 906 1318 906 1322 907 1319 907 1317 907 1317 908 1319 908 1321 908 1325 909 1326 909 1327 909 1325 910 1327 910 1328 910 1328 911 1327 911 1329 911 2141 912 2146 912 2147 912 1348 913 1323 913 1324 913 923 914 949 914 933 914 1480 915 1481 915 1478 915 1331 916 1326 916 1329 916 1525 917 1526 917 1524 917 963 918 968 918 960 918 1744 919 1737 919 1743 919 1331 920 1325 920 1330 920 1518 921 1520 921 1515 921 918 922 919 922 917 922 928 923 921 923 919 923 1750 924 1743 924 1746 924 1258 925 1240 925 1226 925 1351 926 1348 926 1339 926 1351 927 1339 927 1346 927 1741 928 1783 928 1777 928 1353 929 1354 929 1355 929 1353 930 1355 930 1356 930 1353 931 1356 931 1357 931 1353 932 1357 932 1358 932 1353 933 1358 933 1359 933 1353 934 1359 934 1360 934 1764 935 1742 935 1757 935 1362 936 1363 936 1364 936 702 937 694 937 697 937 1362 938 1365 938 1366 938 1362 939 1366 939 1367 939 1362 940 1368 940 1369 940 1337 941 1383 941 1382 941 1368 942 1367 942 1370 942 1338 943 1344 943 1353 943 2160 944 2211 944 2164 944 960 945 921 945 925 945 1374 946 1375 946 1376 946 1377 947 1375 947 1378 947 1379 948 1375 948 1380 948 1380 949 1375 949 1381 949 1383 950 1384 950 1385 950 1386 951 1384 951 1387 951 1387 952 1384 952 1388 952 1363 953 1338 953 1361 953 1371 954 1359 954 1358 954 927 955 968 955 966 955 1392 956 1357 956 1380 956 1380 957 1357 957 1364 957 1387 958 1364 958 1352 958 1387 959 1352 959 1392 959 600 960 609 960 604 960 1357 961 1352 961 1355 961 1352 962 1373 962 1355 962 1355 963 1373 963 1376 963 1355 964 1376 964 1357 964 1357 965 1376 965 1378 965 1357 966 1378 966 1359 966 1359 967 1378 967 1380 967 1359 968 1380 968 1361 968 1361 969 1380 969 1382 969 1361 970 1382 970 1364 970 1364 971 1382 971 1385 971 1364 972 1385 972 1366 972 1366 973 1385 973 1387 973 1366 974 1387 974 1368 974 1368 975 1387 975 1389 975 1368 976 1389 976 1352 976 1352 977 1389 977 1373 977 1116 978 1110 978 1117 978 2064 979 2071 979 2080 979 1401 980 1364 980 1400 980 1403 981 1401 981 1404 981 1404 982 1402 982 1405 982 1404 983 1405 983 1364 983 1364 984 1405 984 1400 984 1406 985 1364 985 1401 985 1406 986 1401 986 1407 986 1407 987 1401 987 1403 987 1406 988 1403 988 1364 988 1406 989 1402 989 1400 989 1402 990 1407 990 1403 990 1409 991 1410 991 1408 991 1413 992 1392 992 1414 992 1414 993 1392 993 1411 993 1414 994 1411 994 1415 994 1415 995 1411 995 1408 995 1415 996 1408 996 1413 996 1413 997 1408 997 1392 997 1412 998 1414 998 1415 998 1410 999 1409 999 1415 999 2174 1000 2153 1000 2172 1000 1419 1001 1417 1001 1418 1001 1418 1002 1422 1002 1416 1002 1416 1003 1422 1003 1421 1003 1416 1004 1421 1004 1417 1004 1417 1005 1421 1005 1423 1005 1417 1006 1423 1006 1422 1006 1417 1007 1422 1007 1418 1007 1425 1008 1426 1008 1427 1008 1425 1009 1427 1009 1428 1009 1428 1010 1427 1010 1424 1010 882 1011 862 1011 878 1011 1427 1012 1430 1012 1424 1012 2003 1013 2011 1013 2016 1013 1735 1014 1731 1014 1736 1014 1824 1015 1825 1015 1822 1015 1282 1016 1287 1016 1288 1016 601 1017 602 1017 600 1017 1436 1018 1435 1018 1437 1018 914 1019 919 1019 920 1019 1432 1020 1434 1020 1441 1020 1432 1021 1441 1021 1436 1021 1447 1022 1436 1022 1437 1022 657 1023 655 1023 683 1023 1451 1024 1434 1024 1439 1024 1651 1025 1635 1025 1641 1025 1455 1026 1438 1026 1436 1026 1554 1027 1543 1027 1536 1027 1564 1028 1537 1028 1550 1028 1556 1029 1542 1029 1536 1029 1249 1030 1226 1030 1237 1030 1458 1031 1435 1031 1443 1031 1462 1032 1436 1032 1447 1032 1042 1033 1013 1033 1024 1033 722 1034 705 1034 712 1034 1463 1035 1436 1035 1446 1035 827 1036 813 1036 810 1036 726 1037 710 1037 711 1037 1034 1038 1019 1038 1014 1038 1552 1039 1544 1039 1536 1039 727 1040 706 1040 708 1040 1456 1041 1436 1041 1438 1041 1041 1042 1024 1042 1013 1042 1463 1043 1461 1043 1464 1043 1467 1044 1460 1044 1459 1044 634 1045 654 1045 656 1045 1466 1046 1465 1046 1452 1046 1466 1047 1452 1047 1459 1047 1459 1048 1452 1048 1467 1048 1467 1049 1452 1049 1450 1049 1461 1050 1448 1050 1455 1050 1461 1051 1455 1051 1464 1051 1464 1052 1455 1052 1465 1052 1464 1053 1465 1053 1466 1053 1433 1054 1468 1054 1469 1054 1471 1055 1470 1055 1472 1055 1441 1056 1485 1056 1479 1056 613 1057 637 1057 639 1057 1456 1058 1482 1058 1484 1058 1555 1059 1581 1059 1586 1059 1542 1060 1586 1060 1581 1060 1851 1061 1877 1061 1880 1061 1583 1062 1540 1062 1561 1062 1486 1063 1442 1063 1454 1063 1454 1064 1488 1064 1481 1064 739 1065 732 1065 718 1065 1478 1066 1432 1066 1479 1066 1478 1067 1479 1067 1480 1067 1453 1068 1486 1068 1482 1068 1478 1069 1481 1069 1484 1069 1488 1070 1483 1070 1482 1070 1479 1071 1432 1071 1441 1071 1451 1072 1479 1072 1485 1072 817 1073 844 1073 848 1073 1887 1074 1846 1074 1855 1074 1550 1075 1578 1075 1570 1075 1676 1076 1658 1076 1645 1076 1576 1077 1564 1077 1550 1077 1549 1078 1571 1078 1575 1078 1159 1079 1149 1079 1135 1079 1954 1080 1983 1080 1984 1080 728 1081 739 1081 746 1081 1508 1082 1489 1082 1478 1082 1478 1083 1489 1083 1490 1083 1490 1084 1505 1084 1468 1084 1490 1085 1468 1085 1508 1085 1508 1086 1468 1086 1489 1086 1468 1087 1478 1087 1492 1087 1468 1088 1492 1088 1489 1088 1489 1089 1492 1089 1493 1089 1493 1090 1492 1090 1490 1090 1493 1091 1490 1091 1491 1091 1493 1092 1491 1092 1468 1092 1495 1093 1496 1093 1494 1093 1494 1094 1496 1094 1495 1094 1498 1095 1497 1095 1501 1095 1499 1096 1501 1096 1500 1096 1501 1097 1505 1097 1503 1097 1501 1098 1503 1098 1500 1098 1500 1099 1503 1099 1497 1099 1497 1100 1503 1100 1504 1100 1497 1101 1504 1101 1501 1101 1501 1102 1504 1102 1505 1102 1503 1103 1505 1103 1502 1103 1498 1104 1502 1104 1504 1104 1509 1105 1508 1105 1507 1105 1514 1106 1508 1106 1509 1106 1514 1107 1509 1107 1512 1107 1512 1108 1509 1108 1506 1108 1512 1109 1506 1109 1513 1109 1513 1110 1506 1110 1514 1110 1514 1111 1506 1111 1508 1111 1519 1112 1517 1112 1516 1112 1517 1113 1515 1113 1520 1113 1516 1114 1517 1114 1522 1114 1100 1115 1105 1115 1099 1115 1517 1116 1519 1116 1515 1116 759 1117 739 1117 704 1117 1519 1118 1522 1118 1515 1118 1515 1119 1522 1119 1523 1119 1515 1120 1523 1120 1518 1120 1518 1121 1523 1121 1521 1121 1518 1122 1521 1122 1519 1122 1519 1123 1521 1123 1522 1123 1933 1124 1932 1124 1939 1124 917 1125 960 1125 959 1125 1529 1126 1532 1126 1526 1126 1836 1127 1837 1127 1830 1127 1110 1128 1112 1128 1111 1128 1529 1129 1524 1129 1532 1129 2173 1130 2190 1130 2192 1130 1002 1131 1009 1131 1007 1131 1532 1132 1524 1132 1531 1132 1634 1133 1635 1133 1633 1133 2048 1134 2049 1134 2046 1134 1012 1135 1010 1135 1011 1135 1540 1136 1536 1136 1539 1136 686 1137 690 1137 685 1137 1556 1138 1555 1138 1554 1138 1563 1139 1550 1139 1547 1139 719 1140 713 1140 706 1140 1972 1141 1946 1141 1959 1141 1558 1142 1541 1142 1539 1142 1665 1143 1644 1143 1636 1143 1565 1144 1538 1144 1545 1144 735 1145 716 1145 707 1145 1568 1146 1548 1146 1551 1146 2168 1147 2160 1147 2158 1147 1649 1148 1635 1148 1640 1148 724 1149 706 1149 709 1149 730 1150 705 1150 714 1150 1656 1151 1635 1151 1638 1151 1660 1152 1636 1152 1643 1152 734 1153 707 1153 717 1153 731 1154 718 1154 705 1154 2072 1155 2047 1155 2056 1155 1569 1156 1546 1156 1538 1156 1153 1157 1130 1157 1120 1157 822 1158 816 1158 808 1158 1563 1159 1556 1159 1569 1159 1569 1160 1556 1160 1554 1160 2180 1161 2157 1161 2173 1161 1535 1162 1571 1162 1570 1162 1570 1163 1571 1163 1572 1163 1573 1164 1574 1164 1571 1164 1573 1165 1571 1165 1535 1165 1545 1166 1570 1166 1573 1166 1684 1167 1640 1167 1649 1167 1575 1168 1568 1168 1551 1168 724 1169 752 1169 754 1169 1546 1170 1579 1170 1573 1170 1657 1171 1669 1171 1677 1171 821 1172 851 1172 843 1172 857 1173 816 1173 823 1173 1557 1174 1584 1174 1585 1174 1645 1175 1677 1175 1669 1175 1553 1176 1588 1176 1582 1176 1580 1177 1534 1177 1581 1177 1580 1178 1581 1178 1582 1178 1582 1179 1581 1179 1583 1179 1583 1180 1581 1180 1584 1180 1583 1181 1584 1181 1580 1181 1580 1182 1584 1182 1534 1182 1582 1183 1583 1183 1553 1183 1542 1184 1534 1184 1584 1184 826 1185 859 1185 852 1185 1583 1186 1544 1186 1553 1186 722 1187 749 1187 755 1187 1957 1188 1981 1188 1985 1188 1561 1189 1587 1189 1583 1189 846 1190 837 1190 820 1190 718 1191 740 1191 743 1191 1959 1192 1987 1192 1980 1192 1889 1193 1843 1193 1861 1193 742 1194 736 1194 716 1194 1580 1195 1590 1195 1591 1195 1591 1196 1590 1196 1592 1196 1591 1197 1592 1197 1593 1197 1593 1198 1592 1198 1594 1198 1593 1199 1594 1199 1580 1199 1580 1200 1594 1200 1590 1200 680 1201 676 1201 679 1201 1571 1202 1580 1202 1596 1202 1596 1203 1580 1203 1591 1203 1596 1204 1591 1204 1597 1204 1597 1205 1591 1205 1593 1205 1597 1206 1593 1206 1595 1206 1794 1207 1805 1207 1811 1207 1105 1208 1102 1208 1106 1208 927 1209 967 1209 922 1209 1599 1210 1600 1210 1598 1210 1598 1211 1600 1211 1599 1211 1604 1212 1605 1212 1606 1212 1601 1213 1604 1213 1603 1213 2062 1214 2081 1214 2064 1214 1605 1215 1592 1215 1602 1215 1602 1216 1592 1216 1601 1216 1601 1217 1592 1217 1607 1217 1601 1218 1607 1218 1608 1218 1601 1219 1608 1219 1605 1219 1605 1220 1608 1220 1592 1220 1604 1221 1608 1221 1607 1221 1616 1222 1580 1222 1614 1222 1614 1223 1580 1223 1611 1223 1614 1224 1611 1224 1615 1224 1615 1225 1611 1225 1609 1225 1615 1226 1609 1226 1616 1226 1616 1227 1609 1227 1580 1227 1618 1228 1622 1228 1619 1228 1623 1229 1619 1229 1617 1229 1620 1230 1619 1230 1621 1230 1620 1231 1617 1231 1619 1231 1621 1232 1619 1232 1622 1232 1623 1233 1617 1233 1618 1233 1619 1234 1624 1234 1618 1234 1618 1235 1624 1235 1620 1235 1623 1236 1620 1236 1621 1236 1623 1237 1621 1237 1624 1237 1623 1238 1624 1238 1619 1238 2038 1239 2041 1239 2036 1239 1629 1240 1631 1240 1627 1240 1627 1241 1631 1241 1625 1241 2044 1242 2096 1242 2095 1242 1631 1243 1630 1243 1628 1243 1632 1244 1625 1244 1630 1244 2155 1245 2156 1245 2154 1245 1635 1246 1636 1246 1637 1246 1119 1247 1120 1247 1118 1247 1652 1248 1639 1248 1635 1248 830 1249 808 1249 818 1249 1973 1250 1957 1250 1946 1250 1244 1251 1225 1251 1233 1251 839 1252 811 1252 810 1252 1970 1253 1946 1253 1955 1253 1661 1254 1647 1254 1636 1254 834 1255 821 1255 809 1255 2075 1256 2058 1256 2048 1256 1971 1257 1959 1257 1946 1257 823 1258 814 1258 816 1258 828 1259 810 1259 813 1259 835 1260 809 1260 821 1260 1968 1261 1949 1261 1948 1261 2061 1262 2046 1262 2050 1262 1664 1263 1636 1263 1646 1263 720 1264 705 1264 713 1264 825 1265 812 1265 808 1265 1863 1266 1850 1266 1841 1266 750 1267 751 1267 753 1267 1668 1268 1659 1268 1658 1268 1668 1269 1667 1269 1652 1269 1668 1270 1652 1270 1659 1270 1659 1271 1652 1271 1650 1271 1659 1272 1650 1272 1661 1272 1661 1273 1648 1273 1666 1273 1661 1274 1666 1274 1663 1274 1663 1275 1666 1275 1655 1275 1663 1276 1655 1276 1665 1276 1665 1277 1655 1277 1667 1277 1665 1278 1667 1278 1668 1278 1669 1279 1671 1279 1672 1279 1669 1280 1672 1280 1673 1280 1673 1281 1672 1281 1634 1281 1669 1282 1676 1282 1645 1282 758 1283 760 1283 764 1283 824 1284 854 1284 858 1284 848 1285 832 1285 819 1285 1054 1286 1042 1286 1024 1286 1683 1287 1638 1287 1656 1287 1644 1288 1678 1288 1673 1288 830 1289 843 1289 849 1289 1445 1290 1470 1290 1473 1290 649 1291 606 1291 620 1291 1651 1292 1680 1292 1686 1292 1639 1293 1686 1293 1680 1293 1679 1294 1680 1294 1681 1294 1681 1295 1680 1295 1682 1295 1681 1296 1682 1296 1683 1296 1683 1297 1682 1297 1679 1297 1679 1298 1682 1298 1633 1298 1679 1299 1681 1299 1651 1299 843 1300 833 1300 817 1300 1649 1301 1687 1301 1681 1301 823 1302 860 1302 853 1302 828 1303 861 1303 856 1303 1140 1304 1173 1304 1167 1304 1862 1305 1876 1305 1884 1305 1653 1306 1682 1306 1685 1306 1881 1307 1869 1307 1849 1307 1878 1308 1865 1308 1851 1308 829 1309 855 1309 857 1309 1713 1310 1672 1310 1689 1310 1713 1311 1689 1311 1690 1311 1690 1312 1689 1312 1694 1312 1690 1313 1694 1313 1672 1313 1690 1314 1672 1314 1691 1314 1691 1315 1672 1315 1713 1315 1692 1316 1693 1316 1690 1316 776 1317 775 1317 771 1317 1672 1318 1679 1318 1689 1318 1689 1319 1679 1319 1693 1319 1689 1320 1693 1320 1692 1320 1689 1321 1692 1321 1694 1321 1694 1322 1692 1322 1691 1322 1694 1323 1691 1323 1679 1323 1694 1324 1679 1324 1672 1324 1706 1325 1694 1325 1705 1325 1703 1326 1694 1326 1707 1326 1703 1327 1707 1327 1702 1327 1702 1328 1707 1328 1704 1328 1704 1329 1707 1329 1708 1329 1704 1330 1708 1330 1703 1330 1703 1331 1708 1331 1694 1331 1611 1332 1613 1332 1609 1332 1709 1333 1713 1333 1710 1333 2226 1334 2228 1334 2225 1334 1714 1335 1710 1335 1712 1335 1715 1336 1709 1336 1716 1336 1716 1337 1709 1337 1711 1337 1711 1338 1714 1338 1717 1338 1717 1339 1714 1339 1715 1339 781 1340 783 1340 787 1340 1722 1341 1719 1341 1721 1341 1722 1342 1723 1342 1718 1342 1720 1343 1718 1343 1723 1343 1720 1344 1721 1344 1719 1344 1720 1345 1726 1345 1718 1345 1719 1346 1724 1346 1720 1346 1722 1347 1725 1347 1723 1347 1723 1348 1725 1348 1726 1348 1723 1349 1726 1349 1724 1349 1723 1350 1724 1350 1721 1350 1831 1351 1833 1351 1832 1351 1729 1352 1731 1352 1732 1352 1324 1353 1325 1353 1323 1353 1113 1354 1110 1354 1116 1354 1026 1355 1041 1355 1028 1355 701 1356 699 1356 702 1356 1122 1357 1120 1357 1121 1357 1424 1358 1425 1358 1429 1358 1734 1359 1730 1359 1732 1359 1636 1360 1633 1360 1637 1360 2155 1361 2152 1361 2153 1361 1226 1362 1223 1362 1224 1362 1336 1363 1337 1363 1335 1363 926 1364 921 1364 925 1364 2171 1365 2162 1365 2159 1365 926 1366 922 1366 915 1366 920 1367 923 1367 930 1367 1752 1368 1744 1368 1755 1368 1755 1369 1739 1369 1753 1369 1767 1370 1742 1370 1765 1370 1757 1371 1758 1371 1759 1371 1757 1372 1759 1372 1760 1372 1757 1373 1760 1373 1761 1373 1757 1374 1761 1374 1762 1374 1757 1375 1762 1375 1763 1375 1757 1376 1763 1376 1764 1376 939 1377 918 1377 933 1377 1766 1378 1767 1378 1794 1378 1766 1379 1794 1379 1768 1379 1766 1380 1768 1380 1769 1380 1766 1381 1769 1381 1770 1381 1766 1382 1770 1382 1771 1382 1360 1383 1338 1383 1353 1383 653 1384 645 1384 600 1384 929 1385 950 1385 924 1385 1741 1386 1785 1386 1784 1386 1776 1387 1777 1387 1778 1387 1778 1388 1777 1388 1779 1388 1779 1389 1777 1389 1780 1389 1780 1390 1777 1390 1781 1390 1781 1391 1777 1391 1782 1391 1782 1392 1777 1392 1783 1392 933 1393 914 1393 932 1393 1785 1394 1786 1394 1787 1394 1787 1395 1786 1395 1788 1395 1788 1396 1786 1396 1789 1396 1789 1397 1786 1397 1790 1397 1790 1398 1786 1398 1791 1398 1354 1399 1334 1399 1352 1399 1781 1400 1782 1400 1783 1400 1793 1401 1778 1401 1781 1401 1775 1402 1795 1402 1761 1402 1782 1403 1794 1403 1789 1403 1789 1404 1794 1404 1795 1404 1789 1405 1795 1405 1775 1405 897 1406 895 1406 893 1406 1795 1407 1771 1407 1756 1407 1756 1408 1775 1408 1759 1408 1759 1409 1775 1409 1778 1409 1759 1410 1778 1410 1761 1410 1761 1411 1778 1411 1780 1411 1761 1412 1780 1412 1763 1412 1763 1413 1780 1413 1782 1413 1763 1414 1782 1414 1765 1414 1765 1415 1782 1415 1784 1415 1765 1416 1784 1416 1794 1416 1794 1417 1784 1417 1787 1417 1794 1418 1787 1418 1769 1418 1769 1419 1787 1419 1789 1419 1769 1420 1789 1420 1771 1420 1771 1421 1789 1421 1791 1421 1771 1422 1791 1422 1756 1422 1756 1423 1791 1423 1775 1423 1805 1424 1807 1424 1808 1424 1962 1425 1961 1425 1960 1425 1812 1426 1809 1426 1810 1426 1805 1427 1794 1427 1813 1427 1805 1428 1813 1428 1807 1428 1807 1429 1813 1429 1811 1429 1817 1430 1819 1430 1818 1430 1814 1431 1816 1431 1820 1431 1820 1432 1816 1432 1818 1432 1815 1433 1775 1433 1817 1433 1817 1434 1775 1434 1821 1434 1817 1435 1821 1435 1819 1435 1819 1436 1821 1436 1815 1436 1821 1437 1775 1437 1818 1437 1525 1438 1527 1438 1526 1438 1794 1439 1775 1439 1761 1439 1347 1440 1390 1440 1389 1440 1824 1441 1823 1441 1827 1441 1825 1442 1824 1442 1827 1442 1823 1443 1824 1443 1828 1443 1828 1444 1826 1444 1822 1444 1829 1445 1825 1445 1828 1445 1828 1446 1825 1446 1827 1446 1830 1447 1831 1447 1832 1447 1630 1448 1629 1448 1628 1448 1833 1449 1834 1449 1835 1449 1833 1450 1835 1450 1830 1450 950 1451 930 1451 923 1451 1750 1452 1792 1452 1791 1452 1735 1453 1729 1453 1733 1453 1257 1454 1258 1454 1225 1454 912 1455 905 1455 908 1455 1625 1456 1626 1456 1629 1456 928 1457 902 1457 903 1457 2140 1458 2165 1458 2141 1458 1222 1459 1216 1459 1220 1459 749 1460 748 1460 703 1460 1947 1461 1943 1461 1948 1461 1840 1462 1841 1462 1842 1462 1944 1463 1945 1463 1943 1463 862 1464 869 1464 865 1464 837 1465 836 1465 838 1465 1845 1466 1838 1466 1840 1466 1854 1467 1840 1467 1847 1467 1859 1468 1842 1468 1844 1468 1255 1469 1230 1469 1241 1469 1663 1470 1646 1470 1636 1470 1461 1471 1446 1471 1436 1471 1869 1472 1842 1472 1849 1472 1247 1473 1234 1473 1227 1473 1976 1474 1954 1474 1947 1474 1864 1475 1841 1475 1850 1475 1870 1476 1848 1476 1842 1476 1874 1477 1851 1477 1841 1477 1962 1478 1950 1478 1945 1478 1974 1479 1958 1479 1957 1479 1866 1480 1852 1480 1842 1480 2169 1481 2155 1481 2162 1481 1868 1482 1849 1482 1842 1482 1978 1483 1955 1483 1947 1483 2065 1484 2049 1484 2051 1484 1858 1485 1844 1485 1842 1485 1963 1486 1945 1486 1950 1486 1867 1487 1866 1487 1873 1487 1866 1488 1872 1488 1853 1488 1866 1489 1853 1489 1873 1489 1873 1490 1853 1490 1860 1490 1873 1491 1860 1491 1868 1491 1868 1492 1860 1492 1858 1492 1868 1493 1858 1493 1870 1493 1878 1494 1879 1494 1875 1494 1878 1495 1875 1495 1839 1495 1880 1496 1850 1496 1876 1496 885 1497 887 1497 886 1497 1965 1498 1992 1498 1995 1498 1878 1499 1867 1499 1852 1499 1994 1500 1952 1500 1961 1500 1880 1501 1864 1501 1850 1501 1970 1502 1980 1502 1987 1502 1131 1503 1157 1503 1159 1503 2098 1504 2054 1504 2067 1504 1136 1505 1172 1505 1166 1505 2055 1506 2084 1506 2087 1506 2070 1507 2083 1507 2090 1507 1885 1508 1838 1508 1886 1508 1885 1509 1886 1509 1887 1509 1887 1510 1886 1510 1888 1510 1887 1511 1888 1511 1889 1511 1889 1512 1888 1512 1885 1512 1885 1513 1888 1513 1838 1513 862 1514 880 1514 878 1514 1893 1515 1838 1515 1888 1515 1991 1516 1950 1516 1963 1516 1956 1517 1988 1517 1982 1517 1857 1518 1893 1518 1885 1518 1963 1519 1990 1519 1996 1519 1955 1520 1979 1520 1986 1520 1138 1521 1165 1521 1170 1521 1446 1522 1472 1522 1474 1522 1022 1523 1046 1523 1052 1523 1036 1524 1052 1524 1046 1524 1895 1525 1896 1525 1897 1525 1895 1526 1897 1526 1898 1526 1898 1527 1897 1527 1899 1527 1899 1528 1897 1528 1875 1528 1875 1529 1900 1529 1896 1529 1896 1530 1900 1530 1901 1530 1901 1531 1900 1531 1895 1531 1901 1532 1898 1532 1885 1532 1901 1533 1885 1533 1875 1533 1875 1534 1885 1534 1900 1534 1908 1535 1910 1535 1909 1535 1907 1536 1912 1536 1911 1536 1907 1537 1909 1537 1912 1537 1908 1538 1897 1538 1913 1538 1913 1539 1897 1539 1910 1539 1913 1540 1910 1540 1914 1540 1914 1541 1910 1541 1908 1541 1914 1542 1912 1542 1909 1542 1898 1543 1899 1543 1885 1543 823 1544 822 1544 840 1544 1312 1545 1309 1545 1305 1545 1917 1546 1899 1546 1921 1546 1917 1547 1921 1547 1915 1547 1915 1548 1921 1548 1922 1548 1915 1549 1922 1549 1919 1549 1919 1550 1922 1550 1899 1550 1919 1551 1899 1551 1917 1551 1922 1552 1921 1552 1916 1552 1926 1553 1925 1553 1923 1553 1928 1554 1923 1554 1924 1554 1924 1555 1923 1555 1929 1555 1930 1556 1924 1556 1929 1556 1732 1557 1733 1557 1729 1557 1924 1558 1926 1558 1927 1558 1923 1559 1928 1559 1926 1559 1927 1560 1930 1560 1929 1560 1927 1561 1929 1561 1928 1561 1928 1562 1929 1562 1931 1562 1928 1563 1931 1563 1926 1563 1926 1564 1930 1564 1927 1564 1932 1565 1934 1565 1935 1565 1115 1566 1112 1566 1113 1566 1935 1567 1938 1567 1939 1567 1939 1568 1938 1568 1933 1568 1530 1569 1524 1569 1529 1569 1744 1570 1748 1570 1754 1570 759 1571 763 1571 748 1571 1939 1572 1941 1572 1935 1572 1574 1573 1573 1573 1572 1573 695 1574 723 1574 729 1574 1337 1575 1381 1575 1375 1575 1336 1576 1333 1576 1334 1576 2132 1577 2136 1577 2131 1577 1153 1578 1150 1578 1148 1578 1772 1579 1754 1579 1748 1579 1932 1580 1942 1580 1939 1580 1739 1581 1744 1581 1751 1581 603 1582 600 1582 604 1582 916 1583 917 1583 915 1583 1945 1584 1948 1584 1949 1584 881 1585 883 1585 884 1585 2079 1586 2057 1586 2048 1586 1136 1587 1120 1587 1130 1587 1969 1588 1945 1588 1949 1588 1143 1589 1121 1589 1132 1589 2076 1590 2048 1590 2058 1590 1967 1591 1948 1591 1953 1591 2062 1592 2052 1592 2046 1592 1145 1593 1121 1593 1134 1593 2060 1594 2050 1594 2046 1594 2067 1595 2049 1595 2054 1595 2071 1596 2056 1596 2047 1596 1151 1597 1122 1597 1131 1597 2070 1598 2047 1598 2057 1598 2078 1599 2048 1599 2059 1599 1149 1600 1122 1600 1135 1600 1349 1601 1336 1601 1343 1601 1977 1602 1947 1602 1954 1602 1033 1603 1014 1603 1020 1603 2069 1604 2046 1604 2053 1604 1917 1605 1915 1605 1918 1605 852 1606 853 1606 826 1606 1112 1607 1125 1607 1144 1607 719 1608 733 1608 738 1608 1978 1609 1968 1609 1966 1609 1944 1610 1979 1610 1980 1610 1980 1611 1979 1611 1981 1611 1980 1612 1981 1612 1982 1612 1982 1613 1981 1613 1983 1613 1982 1614 1983 1614 1979 1614 1981 1615 1979 1615 1987 1615 1957 1616 1980 1616 1982 1616 1815 1617 1820 1617 1775 1617 1961 1618 1993 1618 1994 1618 1995 1619 1953 1619 1967 1619 635 1620 625 1620 611 1620 1585 1621 1541 1621 1559 1621 754 1622 711 1622 726 1622 1951 1623 1996 1623 1990 1623 1967 1624 1998 1624 1993 1624 1849 1625 1882 1625 1878 1625 1484 1626 1440 1626 1449 1626 1854 1627 1892 1627 1887 1627 1053 1628 1044 1628 1023 1628 1991 1629 1990 1629 1992 1629 1991 1630 1992 1630 1993 1630 1993 1631 1992 1631 1989 1631 1989 1632 1992 1632 1943 1632 1241 1633 1263 1633 1266 1633 2088 1634 2078 1634 2059 1634 1562 1635 1570 1635 1578 1635 1232 1636 1280 1636 1271 1636 2089 1637 2074 1637 2055 1637 1577 1638 1566 1638 1546 1638 617 1639 653 1639 644 1639 2065 1640 2095 1640 2098 1640 2057 1641 2082 1641 2088 1641 1457 1642 1469 1642 1476 1642 1989 1643 1999 1643 2000 1643 2001 1644 2002 1644 2003 1644 2001 1645 2003 1645 1999 1645 2001 1646 1999 1646 1989 1646 1992 1647 1990 1647 1997 1647 1979 1648 2000 1648 2005 1648 2005 1649 2000 1649 2004 1649 2005 1650 2004 1650 2002 1650 1979 1651 1989 1651 2000 1651 942 1652 918 1652 940 1652 949 1653 939 1653 938 1653 2011 1654 2014 1654 2013 1654 2011 1655 2003 1655 2017 1655 2011 1656 2017 1656 2014 1656 2014 1657 2017 1657 2018 1657 2014 1658 2018 1658 2016 1658 2016 1659 2018 1659 2003 1659 2023 1660 1989 1660 2025 1660 2023 1661 2025 1661 2019 1661 2019 1662 2025 1662 2026 1662 2020 1663 2026 1663 1989 1663 2020 1664 1989 1664 2023 1664 2025 1665 1989 1665 2024 1665 2212 1666 2164 1666 2205 1666 2030 1667 2031 1667 2028 1667 2029 1668 2030 1668 2034 1668 2034 1669 2030 1669 2033 1669 2027 1670 2029 1670 2034 1670 2028 1671 2032 1671 2030 1671 2028 1672 2031 1672 2027 1672 2031 1673 2033 1673 2032 1673 2027 1674 2032 1674 2035 1674 2027 1675 2035 1675 2029 1675 2029 1676 2035 1676 2033 1676 2029 1677 2033 1677 2031 1677 2037 1678 2043 1678 2039 1678 2037 1679 2039 1679 2040 1679 2040 1680 2039 1680 2041 1680 2041 1681 2039 1681 2036 1681 1725 1682 1721 1682 1724 1682 1936 1683 1964 1683 1971 1683 1004 1684 1003 1684 1002 1684 1748 1685 1774 1685 1757 1685 1344 1686 1371 1686 1353 1686 1059 1687 1058 1687 1057 1687 2040 1688 2041 1688 2043 1688 1648 1689 1661 1689 1650 1689 1747 1690 1773 1690 1752 1690 1338 1691 1339 1691 1337 1691 704 1692 705 1692 703 1692 2064 1693 2051 1693 2046 1693 1142 1694 1120 1694 1127 1694 2063 1695 2046 1695 2052 1695 2066 1696 2054 1696 2049 1696 2068 1697 2053 1697 2049 1697 1026 1698 1018 1698 1012 1698 2074 1699 2048 1699 2055 1699 1032 1700 1020 1700 1014 1700 1460 1701 1437 1701 1445 1701 2077 1702 2059 1702 2048 1702 1027 1703 1012 1703 1018 1703 1044 1704 1013 1704 1023 1704 1147 1705 1122 1705 1133 1705 1245 1706 1235 1706 1232 1706 620 1707 602 1707 606 1707 1029 1708 1016 1708 1015 1708 1137 1709 1124 1709 1120 1709 1030 1710 1017 1710 1016 1710 2064 1711 2063 1711 2062 1711 2073 1712 2062 1712 2075 1712 2075 1713 2062 1713 2060 1713 2075 1714 2060 1714 2077 1714 2077 1715 2060 1715 2068 1715 2077 1716 2068 1716 2079 1716 2079 1717 2068 1717 2066 1717 2079 1718 2066 1718 2071 1718 2071 1719 2066 1719 2080 1719 2086 1720 2085 1720 2082 1720 2086 1721 2082 1721 2045 1721 957 1722 955 1722 959 1722 962 1723 955 1723 953 1723 2091 1724 2082 1724 2085 1724 952 1725 913 1725 967 1725 2058 1726 2085 1726 2089 1726 638 1727 631 1727 613 1727 1024 1728 1048 1728 1051 1728 1279 1729 1234 1729 1242 1729 2069 1730 2101 1730 2094 1730 1021 1731 1050 1731 1053 1731 1167 1732 1127 1732 1142 1732 2063 1733 2100 1733 2092 1733 2097 1734 2052 1734 2063 1734 2059 1735 2091 1735 2086 1735 2092 1736 2044 1736 2093 1736 2092 1737 2093 1737 2094 1737 2094 1738 2093 1738 2095 1738 2094 1739 2095 1739 2096 1739 2093 1740 2044 1740 2100 1740 976 1741 978 1741 977 1741 984 1742 985 1742 986 1742 1033 1743 1059 1743 1062 1743 1244 1744 1271 1744 1280 1744 1023 1745 1048 1745 1054 1745 2094 1746 2050 1746 2061 1746 2099 1747 2053 1747 2069 1747 1047 1748 1038 1748 1022 1748 1238 1749 1262 1749 1265 1749 1025 1750 1055 1750 1047 1750 1017 1751 1064 1751 1057 1751 2067 1752 2095 1752 2099 1752 696 1753 697 1753 695 1753 2092 1754 2102 1754 2103 1754 2092 1755 2103 1755 2104 1755 2104 1756 2103 1756 2105 1756 2104 1757 2105 1757 2106 1757 2109 1758 2105 1758 2107 1758 2082 1759 2092 1759 2108 1759 2108 1760 2092 1760 2104 1760 2108 1761 2104 1761 2107 1761 2107 1762 2104 1762 2106 1762 2107 1763 2106 1763 2109 1763 2109 1764 2106 1764 2082 1764 2082 1765 2106 1765 2092 1765 2102 1766 2082 1766 2108 1766 1962 1767 1958 1767 1973 1767 2117 1768 2118 1768 2116 1768 2119 1769 2115 1769 2118 1769 2122 1770 2103 1770 2120 1770 2121 1771 2119 1771 2122 1771 2122 1772 2119 1772 2117 1772 2122 1773 2117 1773 2103 1773 2122 1774 2120 1774 2115 1774 2097 1775 2094 1775 2061 1775 2123 1776 2106 1776 2129 1776 2123 1777 2129 1777 2125 1777 2125 1778 2129 1778 2130 1778 2125 1779 2130 1779 2127 1779 2127 1780 2130 1780 2106 1780 2127 1781 2106 1781 2123 1781 2121 1782 2122 1782 2118 1782 1320 1783 1321 1783 1319 1783 2131 1784 2134 1784 2135 1784 2138 1785 2133 1785 2137 1785 2136 1786 2133 1786 2138 1786 2133 1787 2132 1787 2135 1787 2137 1788 2133 1788 2134 1788 2135 1789 2139 1789 2131 1789 2131 1790 2139 1790 2132 1790 2132 1791 2139 1791 2138 1791 2132 1792 2138 1792 2135 1792 2135 1793 2138 1793 2137 1793 2135 1794 2137 1794 2139 1794 2142 1795 2143 1795 2144 1795 2142 1796 2144 1796 2145 1796 2142 1797 2145 1797 2146 1797 2146 1798 2145 1798 2147 1798 1324 1799 1328 1799 1329 1799 1979 1800 2004 1800 2001 1800 1013 1801 1010 1801 1014 1801 2150 1802 2148 1802 2146 1802 1390 1803 1341 1803 1345 1803 2149 1804 2142 1804 2151 1804 2143 1805 2147 1805 2149 1805 2150 1806 2147 1806 2145 1806 1930 1807 1925 1807 1924 1807 2159 1808 2152 1808 2158 1808 1947 1809 1948 1809 1945 1809 1738 1810 1739 1810 1737 1810 1752 1811 1740 1811 1747 1811 929 1812 916 1812 924 1812 2158 1813 2167 1813 2168 1813 625 1814 602 1814 611 1814 1139 1815 1128 1815 1126 1815 927 1816 919 1816 922 1816 1346 1817 1342 1817 1335 1817 1345 1818 1335 1818 1341 1818 2171 1819 2167 1819 2165 1819 2171 1820 2165 1820 2155 1820 738 1821 731 1821 721 1821 2159 1822 2168 1822 2171 1822 2171 1823 2168 1823 2167 1823 2173 1824 2174 1824 2175 1824 2173 1825 2175 1825 2176 1825 2173 1826 2176 1826 2177 1826 2173 1827 2177 1827 2178 1827 2173 1828 2178 1828 2179 1828 2173 1829 2179 1829 2180 1829 2189 1830 2153 1830 2182 1830 1758 1831 1738 1831 1756 1831 2182 1832 2183 1832 2184 1832 2182 1833 2184 1833 2185 1833 2182 1834 2185 1834 2186 1834 2182 1835 2186 1835 2187 1835 2182 1836 2187 1836 2188 1836 2182 1837 2188 1837 2189 1837 1737 1838 1776 1838 1775 1838 2193 1839 2182 1839 2191 1839 2195 1840 2196 1840 2197 1840 2197 1841 2196 1841 2198 1841 2199 1842 2196 1842 2200 1842 2200 1843 2196 1843 2201 1843 2201 1844 2196 1844 2202 1844 2202 1845 2196 1845 2203 1845 2203 1846 2196 1846 2156 1846 948 1847 914 1847 941 1847 2205 1848 2204 1848 2206 1848 2207 1849 2204 1849 2208 1849 2208 1850 2204 1850 2209 1850 2209 1851 2204 1851 2210 1851 895 1852 896 1852 894 1852 2189 1853 2188 1853 2191 1853 702 1854 699 1854 698 1854 2201 1855 2177 1855 2203 1855 2203 1856 2177 1856 2228 1856 2203 1857 2228 1857 2207 1857 2228 1858 2177 1858 2181 1858 2172 1859 2194 1859 2175 1859 2175 1860 2194 1860 2197 1860 2175 1861 2197 1861 2177 1861 2177 1862 2197 1862 2199 1862 2177 1863 2199 1863 2179 1863 2179 1864 2199 1864 2201 1864 2179 1865 2201 1865 2181 1865 2181 1866 2201 1866 2203 1866 2181 1867 2203 1867 2184 1867 2184 1868 2203 1868 2205 1868 2184 1869 2205 1869 2186 1869 2186 1870 2205 1870 2207 1870 2186 1871 2207 1871 2188 1871 2188 1872 2207 1872 2209 1872 2188 1873 2209 1873 2172 1873 2172 1874 2209 1874 2194 1874 2162 1875 2191 1875 2182 1875 910 1876 907 1876 911 1876 1257 1877 1244 1877 1243 1877 2173 1878 2157 1878 2190 1878 2222 1879 2224 1879 2221 1879 2227 1880 2222 1880 2223 1880 2227 1881 2223 1881 2225 1881 2224 1882 2228 1882 2227 1882 2224 1883 2227 1883 2221 1883 2223 1884 2221 1884 2228 1884 2223 1885 2228 1885 2224 1885 2230 1886 2232 1886 2229 1886 2231 1887 2234 1887 2232 1887 2233 1888 2230 1888 2236 1888 2236 1889 2230 1889 2231 1889 2236 1890 2231 1890 2235 1890 2232 1891 2197 1891 2229 1891 2234 1892 2197 1892 2232 1892 677 1893 676 1893 678 1893 2238 1894 2241 1894 2239 1894 2237 1895 2239 1895 2242 1895 2245 1896 2237 1896 2244 1896 2238 1897 2237 1897 2240 1897 2239 1898 2241 1898 2242 1898 2238 1899 2240 1899 2241 1899 2239 1900 2244 1900 2238 1900 2240 1901 2237 1901 2242 1901 2241 1902 2243 1902 2242 1902 2242 1903 2243 1903 2245 1903 2242 1904 2245 1904 2240 1904 2240 1905 2245 1905 2244 1905 2240 1906 2244 1906 2241 1906 2241 1907 2244 1907 2243 1907 1421 1908 1422 1908 1419 1908 1742 1909 1741 1909 1739 1909 1934 1910 1933 1910 1942 1910 1811 1911 1810 1911 1809 1911 2097 1912 2063 1912 2092 1912 2065 1913 2098 1913 2096 1913 2092 1914 2065 1914 2096 1914 2098 1915 2067 1915 2096 1915 2067 1916 2099 1916 2096 1916 2099 1917 2069 1917 2094 1917 2159 1918 2158 1918 2156 1918 984 1919 986 1919 991 1919 991 1920 990 1920 984 1920 1099 1921 1106 1921 1101 1921 1572 1922 1573 1922 1570 1922 1368 1923 1352 1923 1364 1923 842 1924 852 1924 868 1924 671 1925 667 1925 673 1925 667 1926 672 1926 668 1926 673 1927 667 1927 668 1927 674 1928 672 1928 671 1928 1528 1929 1525 1929 1532 1929 2036 1930 2037 1930 2040 1930 788 1931 792 1931 791 1931 2029 1932 2031 1932 2030 1932 1749 1933 1745 1933 1743 1933 1925 1934 1926 1934 1924 1934 593 1935 599 1935 598 1935 2027 1936 2034 1936 2028 1936 1474 1937 1472 1937 1462 1937 2165 1938 2166 1938 2161 1938 1333 1939 1373 1939 1384 1939 1706 1940 1705 1940 1703 1940 1748 1941 1757 1941 1742 1941 1757 1942 1747 1942 1738 1942 1877 1943 1876 1943 1839 1943 1533 1944 1525 1944 1531 1944 1066 1945 1098 1945 1091 1945 1222 1946 1214 1946 1216 1946 2153 1947 2162 1947 2182 1947 2182 1948 2163 1948 2157 1948 2042 1949 2041 1949 2037 1949 1164 1950 1154 1950 1180 1950 2047 1951 2048 1951 2046 1951 1074 1952 1046 1952 1066 1952 1260 1953 1261 1953 1224 1953 1324 1954 1323 1954 1336 1954 946 1955 947 1955 941 1955 913 1956 951 1956 961 1956 2141 1957 2143 1957 2142 1957 1329 1958 1326 1958 1324 1958 1757 1959 1774 1959 1773 1959 893 1960 899 1960 894 1960 910 1961 906 1961 912 1961 912 1962 904 1962 910 1962 904 1963 907 1963 910 1963 1670 1964 1671 1964 1669 1964 701 1965 693 1965 699 1965 1872 1966 1866 1966 1874 1966 2101 1967 2053 1967 2095 1967 2095 1968 2051 1968 2044 1968 2095 1969 2093 1969 2101 1969 1728 1970 1730 1970 1729 1970 1938 1971 1935 1971 1936 1971 1315 1972 1314 1972 1317 1972 1343 1973 1353 1973 1372 1973 1410 1974 1412 1974 1392 1974 1392 1975 1412 1975 1411 1975 1412 1976 1409 1976 1411 1976 1408 1977 1410 1977 1392 1977 902 1978 916 1978 926 1978 1749 1979 1745 1979 1793 1979 1433 1980 1471 1980 1472 1980 1369 1981 1352 1981 1334 1981 2143 1982 2149 1982 2151 1982 905 1983 904 1983 902 1983 842 1984 844 1984 843 1984 1834 1985 1832 1985 1837 1985 2026 1986 2020 1986 2019 1986 1567 1987 1569 1987 1552 1987 693 1988 696 1988 695 1988 1732 1989 1728 1989 1727 1989 2041 1990 2042 1990 2043 1990 2042 1991 2039 1991 2043 1991 1483 1992 1432 1992 1478 1992 2121 1993 2120 1993 2103 1993 2085 1994 2086 1994 2083 1994 1363 1995 1350 1995 1344 1995 1390 1996 1345 1996 1383 1996 1345 1997 1379 1997 1381 1997 1383 1998 1345 1998 1382 1998 1379 1999 1377 1999 1378 1999 1347 2000 1389 2000 1384 2000 1389 2001 1390 2001 1388 2001 1376 2002 1391 2002 1374 2002 1391 2003 1347 2003 1374 2003 1373 2004 1374 2004 1347 2004 1384 2005 1373 2005 1347 2005 1379 2006 1380 2006 1381 2006 1381 2007 1382 2007 1345 2007 1390 2008 1383 2008 1385 2008 1387 2009 1388 2009 1390 2009 1386 2010 1387 2010 1390 2010 2152 2011 2196 2011 2195 2011 1389 2012 1387 2012 1392 2012 2151 2013 2144 2013 2143 2013 1119 2014 1158 2014 1157 2014 1856 2015 1874 2015 1863 2015 1940 2016 1934 2016 1942 2016 2201 2017 2197 2017 2172 2017 1771 2018 1767 2018 1772 2018 2142 2019 2146 2019 2148 2019 1345 2020 1341 2020 1391 2020 2004 2021 2003 2021 2002 2021 925 2022 921 2022 967 2022 1461 2023 1467 2023 1450 2023 1009 2024 1006 2024 1004 2024 1630 2025 1631 2025 1632 2025 1631 2026 1629 2026 1632 2026 718 2027 743 2027 739 2027 743 2028 714 2028 739 2028 739 2029 715 2029 704 2029 744 2030 717 2030 739 2030 742 2031 716 2031 744 2031 739 2032 742 2032 744 2032 1786 2033 1745 2033 1749 2033 1610 2034 1612 2034 1609 2034 1609 2035 1612 2035 1580 2035 1613 2036 1611 2036 1612 2036 1611 2037 1580 2037 1612 2037 1613 2038 1610 2038 1609 2038 1640 2039 1682 2039 1687 2039 1682 2040 1680 2040 1687 2040 1680 2041 1633 2041 1639 2041 1687 2042 1680 2042 1641 2042 1571 2043 1595 2043 1593 2043 1329 2044 1327 2044 1331 2044 790 2045 796 2045 793 2045 1067 2046 1069 2046 1068 2046 1727 2047 1754 2047 1753 2047 908 2048 903 2048 902 2048 1112 2049 1152 2049 1141 2049 2166 2050 2198 2050 2211 2050 1730 2051 1736 2051 1731 2051 1728 2052 1732 2052 1730 2052 1349 2053 1343 2053 1340 2053 1433 2054 1432 2054 1436 2054 1964 2055 1962 2055 1973 2055 1157 2056 1158 2056 1155 2056 701 2057 697 2057 700 2057 2152 2058 2194 2058 2210 2058 1528 2059 1530 2059 1529 2059 2147 2060 2150 2060 2149 2060 2162 2061 2173 2061 2192 2061 2164 2062 2165 2062 2154 2062 1991 2063 1989 2063 1990 2063 1938 2064 1934 2064 1941 2064 908 2065 906 2065 911 2065 1516 2066 1521 2066 1520 2066 1180 2067 1181 2067 1176 2067 1750 2068 1778 2068 1793 2068 961 2069 966 2069 965 2069 1837 2070 1835 2070 1834 2070 1828 2071 1822 2071 1823 2071 2193 2072 2170 2072 2163 2072 1419 2073 1422 2073 1420 2073 1960 2074 1976 2074 1958 2074 1968 2075 1978 2075 1976 2075 1109 2076 1114 2076 1117 2076 1528 2077 1527 2077 1548 2077 1531 2078 1524 2078 1533 2078 1272 2079 1271 2079 1233 2079 1223 2080 1232 2080 1271 2080 1833 2081 1830 2081 1837 2081 1628 2082 1627 2082 1626 2082 1387 2083 1380 2083 1364 2083 920 2084 929 2084 924 2084 1008 2085 1003 2085 1005 2085 1007 2086 1001 2086 1003 2086 1825 2087 1826 2087 1823 2087 597 2088 594 2088 599 2088 1984 2089 1983 2089 1975 2089 1056 2090 1071 2090 1073 2090 1328 2091 1323 2091 1331 2091 1331 2092 1323 2092 1325 2092 1367 2093 1368 2093 1362 2093 1526 2094 1532 2094 1533 2094 595 2095 597 2095 599 2095 914 2096 916 2096 915 2096 609 2097 600 2097 602 2097 601 2098 610 2098 602 2098 602 2099 612 2099 603 2099 1553 2100 1554 2100 1536 2100 1566 2101 1567 2101 1538 2101 1450 2102 1451 2102 1439 2102 1658 2103 1659 2103 1635 2103 833 2104 834 2104 809 2104 629 2105 630 2105 603 2105 1448 2106 1449 2106 1440 2106 1461 2107 1462 2107 1447 2107 1560 2108 1561 2108 1540 2108 627 2109 628 2109 603 2109 1454 2110 1455 2110 1436 2110 632 2111 623 2111 610 2111 1654 2112 1655 2112 1637 2112 628 2113 629 2113 614 2113 1964 2114 1965 2114 1951 2114 1567 2115 1568 2115 1551 2115 1557 2116 1558 2116 1539 2116 710 2117 727 2117 708 2117 736 2118 737 2118 707 2118 1772 2119 1748 2119 1742 2119 1766 2120 1772 2120 1742 2120 1766 2121 1738 2121 1772 2121 1738 2122 1747 2122 1772 2122 1119 2123 1132 2123 1158 2123 620 2124 604 2124 621 2124 633 2125 618 2125 617 2125 622 2126 621 2126 615 2126 632 2127 631 2127 630 2127 1934 2128 1937 2128 1936 2128 611 2129 640 2129 635 2129 640 2130 610 2130 635 2130 610 2131 601 2131 635 2131 641 2132 629 2132 636 2132 629 2133 637 2133 636 2133 636 2134 643 2134 627 2134 631 2135 642 2135 637 2135 642 2136 623 2136 637 2136 625 2137 643 2137 636 2137 634 2138 625 2138 636 2138 1423 2139 1420 2139 1422 2139 1423 2140 1421 2140 1420 2140 647 2141 650 2141 608 2141 619 2142 609 2142 648 2142 620 2143 606 2143 651 2143 1551 2144 1568 2144 1574 2144 743 2145 740 2145 730 2145 1471 2146 1477 2146 1460 2146 1582 2147 1588 2147 1543 2147 1487 2148 1480 2148 1439 2148 1447 2149 1462 2149 1477 2149 709 2150 724 2150 755 2150 1551 2151 1548 2151 1538 2151 1548 2152 1549 2152 1535 2152 1538 2153 1548 2153 1535 2153 1465 2154 1455 2154 1454 2154 751 2155 756 2155 708 2155 714 2156 730 2156 746 2156 1573 2157 1579 2157 1565 2157 1646 2158 1664 2158 1672 2158 1453 2159 1441 2159 1483 2159 720 2160 713 2160 757 2160 1969 2161 1949 2161 1992 2161 853 2162 860 2162 815 2162 750 2163 757 2163 712 2163 644 2164 657 2164 683 2164 607 2165 652 2165 645 2165 652 2166 608 2166 645 2166 608 2167 650 2167 648 2167 650 2168 605 2168 648 2168 605 2169 651 2169 648 2169 651 2170 606 2170 648 2170 648 2171 609 2171 600 2171 648 2172 645 2172 608 2172 668 2173 670 2173 671 2173 671 2174 669 2174 668 2174 669 2175 667 2175 666 2175 658 2176 656 2176 674 2176 654 2177 659 2177 658 2177 1108 2178 1111 2178 1116 2178 930 2179 923 2179 916 2179 667 2180 671 2180 666 2180 666 2181 671 2181 670 2181 1511 2182 1507 2182 1512 2182 1507 2183 1510 2183 1513 2183 1510 2184 1511 2184 1512 2184 1507 2185 1513 2185 1514 2185 672 2186 674 2186 668 2186 1517 2187 1520 2187 1522 2187 675 2188 679 2188 682 2188 681 2189 683 2189 677 2189 681 2190 677 2190 675 2190 675 2191 682 2191 681 2191 684 2192 689 2192 686 2192 1425 2193 1428 2193 1431 2193 691 2194 689 2194 684 2194 2144 2195 2148 2195 2145 2195 2168 2196 2159 2196 2140 2196 1826 2197 1827 2197 1823 2197 1670 2198 1669 2198 1634 2198 2032 2199 2027 2199 2031 2199 702 2200 697 2200 701 2200 2002 2201 2001 2201 2000 2201 855 2202 856 2202 853 2202 802 2203 798 2203 797 2203 2045 2204 2047 2204 2046 2204 706 2205 711 2205 710 2205 710 2206 708 2206 706 2206 713 2207 705 2207 706 2207 709 2208 703 2208 705 2208 1534 2209 1536 2209 1542 2209 685 2210 690 2210 691 2210 1585 2211 1559 2211 1583 2211 1586 2212 1557 2212 1580 2212 1557 2213 1585 2213 1580 2213 704 2214 715 2214 705 2214 705 2215 718 2215 707 2215 732 2216 733 2216 707 2216 721 2217 722 2217 712 2217 838 2218 830 2218 818 2218 725 2219 726 2219 711 2219 1668 2220 1658 2220 1645 2220 829 2221 822 2221 808 2221 729 2222 730 2222 714 2222 728 2223 729 2223 705 2223 617 2224 618 2224 602 2224 1657 2225 1668 2225 1635 2225 1860 2226 1861 2226 1843 2226 1667 2227 1654 2227 1642 2227 1648 2228 1649 2228 1640 2228 1043 2229 1044 2229 1023 2229 733 2230 734 2230 717 2230 1653 2231 1667 2231 1637 2231 737 2232 728 2232 715 2232 1960 2233 1961 2233 1952 2233 1650 2234 1651 2234 1641 2234 1961 2235 1962 2235 1945 2235 1768 2236 1794 2236 1767 2236 1767 2237 1771 2237 1770 2237 1769 2238 1767 2238 1770 2238 696 2239 725 2239 724 2239 725 2240 710 2240 726 2240 723 2241 696 2241 724 2241 727 2242 710 2242 719 2242 720 2243 719 2243 738 2243 720 2244 738 2244 721 2244 728 2245 737 2245 695 2245 728 2246 695 2246 729 2246 1622 2247 1624 2247 1621 2247 1592 2248 1608 2248 1606 2248 1606 2249 1603 2249 1592 2249 1603 2250 1604 2250 1607 2250 1603 2251 1607 2251 1592 2251 2197 2252 2207 2252 2228 2252 1871 2253 1863 2253 1870 2253 1205 2254 1209 2254 1210 2254 745 2255 734 2255 741 2255 736 2256 747 2256 759 2256 741 2257 736 2257 759 2257 747 2258 728 2258 759 2258 728 2259 746 2259 759 2259 746 2260 740 2260 759 2260 732 2261 745 2261 741 2261 740 2262 732 2262 741 2262 740 2263 746 2263 730 2263 717 2264 734 2264 745 2264 1675 2265 1672 2265 1662 2265 716 2266 736 2266 741 2266 744 2267 741 2267 734 2267 1062 2268 1059 2268 1019 2268 1674 2269 1671 2269 1660 2269 1656 2270 1638 2270 1682 2270 1643 2271 1660 2271 1670 2271 715 2272 728 2272 747 2272 2056 2273 2072 2273 2090 2273 1877 2274 1879 2274 1878 2274 1639 2275 1633 2275 1635 2275 712 2276 757 2276 749 2276 757 2277 713 2277 749 2277 708 2278 756 2278 749 2278 756 2279 711 2279 752 2279 756 2280 752 2280 749 2280 749 2281 703 2281 709 2281 753 2282 749 2282 713 2282 727 2283 708 2283 749 2283 819 2284 832 2284 849 2284 726 2285 711 2285 756 2285 1647 2286 1662 2286 1671 2286 812 2287 826 2287 858 2287 1961 2288 1952 2288 1997 2288 852 2289 859 2289 813 2289 1685 2290 1682 2290 1642 2290 847 2291 845 2291 835 2291 1671 2292 1662 2292 1672 2292 1651 2293 1650 2293 1652 2293 760 2294 748 2294 763 2294 764 2295 760 2295 763 2295 1774 2296 1754 2296 1765 2296 1765 2297 1754 2297 1767 2297 1773 2298 1774 2298 1761 2298 1760 2299 1773 2299 1761 2299 1771 2300 1752 2300 1766 2300 1752 2301 1773 2301 1758 2301 1766 2302 1752 2302 1756 2302 1774 2303 1765 2303 1764 2303 1774 2304 1764 2304 1763 2304 1756 2305 1752 2305 1758 2305 1774 2306 1763 2306 1762 2306 1759 2307 1758 2307 1773 2307 1774 2308 1762 2308 1761 2308 1622 2309 1617 2309 1624 2309 1620 2310 1624 2310 1617 2310 1656 2311 1681 2311 1683 2311 1701 2312 1706 2312 1702 2312 1706 2313 1703 2313 1702 2313 1705 2314 1701 2314 1704 2314 1704 2315 1703 2315 1705 2315 773 2316 772 2316 771 2316 777 2317 776 2317 772 2317 772 2318 773 2318 777 2318 773 2319 778 2319 777 2319 1715 2320 1716 2320 1710 2320 780 2321 782 2321 784 2321 780 2322 784 2322 779 2322 781 2323 780 2323 779 2323 783 2324 785 2324 779 2324 785 2325 781 2325 779 2325 782 2326 785 2326 783 2326 786 2327 780 2327 758 2327 780 2328 781 2328 787 2328 758 2329 783 2329 786 2329 2205 2330 2208 2330 2212 2330 1206 2331 1208 2331 1209 2331 1220 2332 1219 2332 1217 2332 1217 2333 1215 2333 1220 2333 793 2334 791 2334 792 2334 805 2335 798 2335 803 2335 1775 2336 1780 2336 1778 2336 1787 2337 1784 2337 1782 2337 1789 2338 1787 2338 1782 2338 2084 2339 2085 2339 2083 2339 692 2340 685 2340 684 2340 2149 2341 2146 2341 2140 2341 2142 2342 2149 2342 2140 2342 805 2343 799 2343 798 2343 1217 2344 1219 2344 1218 2344 1004 2345 1002 2345 1008 2345 1753 2346 1754 2346 1748 2346 1433 2347 1435 2347 1434 2347 810 2348 811 2348 808 2348 816 2349 814 2349 808 2349 814 2350 815 2350 808 2350 806 2351 812 2351 810 2351 1891 2352 1857 2352 1885 2352 1885 2353 1859 2353 1889 2353 1885 2354 1887 2354 1891 2354 806 2355 808 2355 812 2355 818 2356 808 2356 807 2356 1865 2357 1866 2357 1842 2357 1867 2358 1868 2358 1842 2358 1028 2359 1029 2359 1015 2359 832 2360 841 2360 808 2360 1861 2361 1853 2361 1840 2361 1872 2362 1855 2362 1846 2362 1862 2363 1863 2363 1841 2363 2073 2364 2074 2364 2055 2364 831 2365 832 2365 819 2365 1856 2366 1857 2366 1845 2366 836 2367 837 2367 820 2367 1853 2368 1854 2368 1847 2368 1857 2369 1858 2369 1842 2369 1037 2370 1038 2370 1022 2370 837 2371 838 2371 809 2371 1036 2372 1037 2372 1012 2372 1146 2373 1147 2373 1133 2373 1655 2374 1656 2374 1638 2374 1966 2375 1967 2375 1953 2375 1140 2376 1141 2376 1123 2376 830 2377 838 2377 831 2377 834 2378 833 2378 841 2378 831 2379 841 2379 832 2379 707 2380 704 2380 703 2380 2070 2381 2090 2381 2082 2381 2090 2382 2072 2382 2084 2382 2082 2383 2090 2383 2084 2383 2085 2384 2084 2384 2074 2384 2091 2385 2078 2385 2082 2385 820 2386 847 2386 843 2386 846 2387 820 2387 843 2387 847 2388 821 2388 843 2388 817 2389 848 2389 843 2389 818 2390 846 2390 807 2390 830 2391 849 2391 842 2391 837 2392 850 2392 845 2392 850 2393 830 2393 842 2393 845 2394 850 2394 842 2394 833 2395 851 2395 844 2395 851 2396 835 2396 845 2396 844 2397 851 2397 845 2397 844 2398 842 2398 832 2398 2051 2399 2065 2399 2092 2399 818 2400 830 2400 850 2400 1885 2401 1893 2401 1844 2401 820 2402 837 2402 845 2402 1848 2403 1862 2403 1875 2403 2087 2404 2084 2404 2072 2404 856 2405 861 2405 811 2405 2061 2406 2050 2406 2093 2406 1845 2407 1857 2407 1891 2407 1982 2408 1988 2408 1974 2408 2147 2409 2143 2409 2141 2409 1471 2410 1433 2410 1444 2410 1444 2411 1475 2411 1471 2411 1475 2412 1446 2412 1471 2412 1446 2413 1474 2413 1471 2413 1474 2414 1447 2414 1471 2414 1445 2415 1473 2415 1471 2415 1473 2416 1443 2416 1469 2416 1471 2417 1473 2417 1469 2417 1839 2418 1848 2418 1841 2418 860 2419 816 2419 855 2419 811 2420 861 2420 855 2420 861 2421 813 2421 855 2421 813 2422 859 2422 855 2422 859 2423 812 2423 806 2423 859 2424 806 2424 855 2424 815 2425 860 2425 855 2425 854 2426 815 2426 855 2426 2086 2427 2091 2427 2076 2427 1133 2428 1147 2428 1162 2428 1985 2429 1981 2429 1972 2429 1993 2430 1998 2430 1949 2430 1861 2431 1843 2431 1888 2431 1850 2432 1864 2432 1884 2432 1142 2433 1127 2433 1165 2433 1654 2434 1642 2434 1688 2434 1855 2435 1846 2435 1886 2435 1890 2436 1888 2436 1847 2436 1881 2437 1849 2437 1878 2437 1848 2438 1881 2438 1839 2438 867 2439 868 2439 863 2439 868 2440 866 2440 863 2440 2204 2441 2207 2441 2206 2441 593 2442 598 2442 595 2442 1100 2443 1102 2443 1101 2443 857 2444 853 2444 856 2444 1912 2445 1914 2445 1908 2445 877 2446 878 2446 879 2446 878 2447 880 2447 879 2447 879 2448 881 2448 877 2448 881 2449 862 2449 877 2449 889 2450 887 2450 888 2450 886 2451 887 2451 892 2451 887 2452 889 2452 891 2452 889 2453 886 2453 890 2453 891 2454 892 2454 887 2454 883 2455 879 2455 882 2455 879 2456 880 2456 882 2456 880 2457 881 2457 882 2457 1073 2458 1069 2458 1072 2458 901 2459 897 2459 896 2459 896 2460 898 2460 901 2460 898 2461 897 2461 900 2461 904 2462 909 2462 902 2462 1348 2463 1345 2463 1341 2463 800 2464 801 2464 804 2464 637 2465 634 2465 601 2465 1340 2466 1334 2466 1333 2466 1426 2467 1429 2467 1431 2467 1935 2468 1941 2468 1940 2468 1933 2469 1934 2469 1932 2469 1535 2470 1537 2470 1536 2470 1537 2471 1538 2471 1536 2471 2048 2472 2045 2472 2044 2472 1842 2473 1839 2473 1838 2473 1744 2474 1743 2474 1741 2474 2086 2475 2045 2475 2057 2475 922 2476 919 2476 913 2476 919 2477 921 2477 917 2477 917 2478 921 2478 915 2478 922 2479 913 2479 915 2479 914 2480 924 2480 916 2480 916 2481 923 2481 918 2481 1752 2482 1747 2482 1744 2482 1839 2483 1841 2483 1840 2483 2166 2484 2167 2484 2158 2484 927 2485 931 2485 928 2485 928 2486 903 2486 925 2486 903 2487 926 2487 925 2487 931 2488 927 2488 926 2488 2021 2489 2024 2489 2019 2489 2024 2490 2022 2490 2020 2490 2024 2491 2020 2491 2023 2491 916 2492 902 2492 930 2492 930 2493 902 2493 920 2493 1744 2494 1727 2494 1728 2494 2183 2495 2182 2495 2157 2495 918 2496 923 2496 933 2496 949 2497 924 2497 914 2497 949 2498 914 2498 933 2498 914 2499 924 2499 950 2499 950 2500 923 2500 918 2500 941 2501 950 2501 918 2501 941 2502 914 2502 950 2502 2073 2503 2072 2503 2081 2503 2071 2504 2070 2504 2079 2504 2074 2505 2073 2505 2075 2505 2079 2506 2078 2506 2077 2506 2076 2507 2075 2507 2077 2507 1747 2508 1752 2508 1771 2508 929 2509 924 2509 949 2509 2163 2510 2170 2510 2190 2510 1333 2511 1375 2511 1374 2511 952 2512 957 2512 956 2512 917 2513 959 2513 958 2513 848 2514 819 2514 843 2514 843 2515 818 2515 807 2515 2139 2516 2136 2516 2138 2516 2137 2517 2134 2517 2139 2517 2166 2518 2161 2518 2212 2518 944 2519 943 2519 950 2519 950 2520 946 2520 945 2520 946 2521 929 2521 932 2521 929 2522 934 2522 933 2522 932 2523 929 2523 933 2523 945 2524 944 2524 950 2524 946 2525 932 2525 948 2525 969 2526 936 2526 938 2526 938 2527 940 2527 969 2527 940 2528 943 2528 969 2528 943 2529 945 2529 969 2529 969 2530 945 2530 947 2530 947 2531 932 2531 934 2531 599 2532 592 2532 595 2532 2125 2533 2127 2533 2126 2533 2127 2534 2128 2534 2126 2534 2126 2535 2124 2535 2125 2535 979 2536 980 2536 983 2536 981 2537 979 2537 983 2537 980 2538 977 2538 982 2538 983 2539 980 2539 982 2539 981 2540 977 2540 979 2540 980 2541 979 2541 969 2541 969 2542 979 2542 978 2542 969 2543 976 2543 980 2543 976 2544 977 2544 980 2544 988 2545 986 2545 985 2545 987 2546 988 2546 985 2546 984 2547 988 2547 962 2547 991 2548 986 2548 989 2548 989 2549 984 2549 987 2549 984 2550 990 2550 987 2550 2126 2551 2128 2551 2106 2551 2130 2552 2126 2552 2106 2552 2128 2553 2124 2553 2129 2553 2106 2554 2128 2554 2129 2554 2130 2555 2129 2555 2124 2555 998 2556 999 2556 992 2556 2151 2557 2142 2557 2148 2557 698 2558 693 2558 701 2558 1728 2559 1727 2559 1753 2559 1349 2560 1370 2560 1362 2560 1009 2561 1002 2561 1006 2561 798 2562 802 2562 803 2562 1560 2563 1558 2563 1548 2563 1007 2564 1009 2564 1001 2564 809 2565 807 2565 806 2565 1017 2566 1014 2566 1010 2566 1015 2567 1016 2567 1012 2567 1016 2568 1017 2568 1010 2568 1012 2569 1016 2569 1010 2569 1012 2570 1014 2570 1019 2570 1021 2571 1011 2571 1013 2571 2226 2572 2225 2572 2223 2572 2223 2573 2224 2573 2226 2573 2245 2574 2243 2574 2239 2574 1235 2575 1246 2575 1236 2575 1035 2576 1026 2576 1012 2576 1031 2577 1032 2577 1014 2577 1242 2578 1243 2578 1227 2578 624 2579 625 2579 611 2579 1457 2580 1466 2580 1435 2580 1464 2581 1457 2581 1444 2581 1038 2582 1039 2582 1012 2582 825 2583 824 2583 815 2583 1040 2584 1041 2584 1013 2584 1449 2585 1450 2585 1436 2585 1039 2586 1040 2586 1025 2586 1141 2587 1140 2587 1129 2587 1141 2588 1142 2588 1127 2588 824 2589 825 2589 808 2589 1045 2590 1036 2590 1021 2590 1965 2591 1966 2591 1948 2591 1148 2592 1149 2592 1135 2592 1563 2593 1565 2593 1545 2593 1035 2594 1034 2594 1026 2594 1026 2595 1028 2595 1027 2595 1030 2596 1029 2596 1028 2596 1044 2597 1043 2597 1045 2597 1041 2598 1043 2598 1042 2598 1036 2599 1045 2599 1037 2599 1038 2600 1037 2600 1039 2600 1041 2601 1040 2601 1039 2601 1470 2602 1471 2602 1469 2602 1054 2603 1024 2603 1049 2603 1024 2604 1051 2604 1049 2604 1051 2605 1025 2605 1049 2605 1022 2606 1052 2606 1047 2606 1023 2607 1054 2607 1049 2607 1021 2608 1053 2608 1049 2608 1053 2609 1023 2609 1049 2609 1049 2610 1011 2610 1021 2610 1025 2611 1047 2611 1049 2611 1052 2612 1021 2612 1011 2612 1385 2613 1382 2613 1380 2613 1378 2614 1376 2614 1392 2614 1376 2615 1373 2615 1392 2615 1378 2616 1392 2616 1380 2616 1097 2617 1096 2617 1093 2617 1098 2618 1097 2618 1093 2618 1098 2619 1095 2619 1092 2619 1038 2620 1055 2620 1046 2620 1055 2621 1040 2621 1048 2621 1044 2622 1050 2622 1048 2622 1046 2623 1050 2623 1036 2623 1134 2624 1145 2624 1160 2624 1986 2625 1979 2625 1977 2625 1051 2626 1048 2626 1040 2626 1143 2627 1132 2627 1160 2627 1852 2628 1867 2628 1883 2628 616 2629 608 2629 652 2629 1029 2630 1015 2630 1057 2630 1035 2631 1019 2631 1059 2631 1027 2632 1018 2632 1063 2632 1060 2633 1033 2633 1062 2633 1062 2634 1035 2634 1060 2634 1035 2635 1061 2635 1060 2635 1061 2636 1027 2636 1058 2636 1060 2637 1061 2637 1058 2637 1058 2638 1027 2638 1063 2638 1029 2639 1058 2639 1063 2639 1029 2640 1064 2640 1058 2640 1064 2641 1031 2641 1056 2641 1056 2642 1033 2642 1060 2642 1063 2643 1018 2643 1057 2643 1020 2644 1065 2644 1059 2644 1015 2645 1063 2645 1057 2645 1018 2646 1059 2646 1057 2646 1057 2647 1010 2647 1017 2647 1061 2648 1059 2648 1018 2648 1278 2649 1272 2649 1233 2649 1155 2650 1162 2650 1145 2650 1056 2651 1065 2651 1020 2651 1135 2652 1149 2652 1156 2652 1444 2653 1457 2653 1475 2653 639 2654 637 2654 629 2654 1239 2655 1254 2655 1269 2655 1031 2656 1017 2656 1065 2656 1166 2657 1172 2657 1124 2657 1072 2658 1066 2658 1068 2658 1068 2659 1070 2659 1072 2659 1046 2660 1074 2660 1067 2660 1067 2661 1071 2661 1046 2661 1056 2662 1070 2662 1066 2662 1073 2663 1071 2663 1069 2663 1069 2664 1067 2664 1074 2664 1288 2665 1283 2665 1286 2665 1069 2666 1082 2666 1086 2666 1082 2667 1084 2667 1086 2667 1084 2668 1085 2668 1083 2668 1086 2669 1084 2669 1083 2669 1085 2670 1082 2670 1083 2670 1083 2671 1082 2671 1069 2671 1017 2672 1010 2672 1059 2672 1082 2673 1085 2673 1089 2673 1085 2674 1084 2674 1088 2674 1084 2675 1082 2675 1087 2675 1082 2676 1089 2676 1087 2676 1091 2677 1095 2677 1094 2677 1096 2678 1095 2678 1066 2678 1095 2679 1098 2679 1066 2679 1220 2680 1214 2680 1221 2680 1384 2681 1389 2681 1388 2681 695 2682 737 2682 725 2682 1090 2683 1092 2683 1091 2683 1092 2684 1095 2684 1091 2684 1093 2685 1094 2685 1098 2685 1094 2686 1090 2686 1098 2686 1104 2687 1106 2687 1107 2687 1107 2688 1105 2688 1104 2688 1099 2689 1105 2689 1106 2689 2102 2690 2092 2690 2106 2690 1141 2691 1152 2691 1150 2691 1327 2692 1332 2692 1331 2692 1332 2693 1328 2693 1331 2693 1937 2694 1936 2694 1978 2694 802 2695 804 2695 803 2695 804 2696 801 2696 803 2696 2133 2697 2136 2697 2132 2697 1430 2698 1428 2698 1429 2698 1428 2699 1430 2699 1431 2699 1430 2700 1427 2700 1431 2700 1230 2701 1224 2701 1223 2701 1200 2702 1197 2702 1204 2702 1200 2703 1204 2703 1202 2703 1201 2704 1200 2704 1202 2704 1203 2705 1197 2705 1201 2705 1202 2706 1203 2706 1201 2706 1128 2707 1129 2707 1123 2707 1123 2708 1118 2708 1128 2708 1125 2709 1138 2709 1137 2709 1125 2710 1113 2710 1139 2710 1113 2711 1141 2711 1139 2711 1137 2712 1136 2712 1153 2712 723 2713 724 2713 709 2713 1150 2714 1151 2714 1131 2714 623 2715 624 2715 602 2715 1975 2716 1976 2716 1947 2716 1247 2717 1248 2717 1231 2717 1144 2718 1145 2718 1134 2718 1562 2719 1563 2719 1547 2719 1248 2720 1247 2720 1227 2720 1659 2721 1660 2721 1643 2721 633 2722 617 2722 607 2722 1246 2723 1247 2723 1229 2723 1259 2724 1255 2724 1241 2724 1152 2725 1143 2725 1132 2725 1252 2726 1253 2726 1228 2726 1561 2727 1552 2727 1536 2727 1452 2728 1453 2728 1441 2728 1243 2729 1244 2729 1233 2729 1662 2730 1663 2730 1636 2730 616 2731 633 2731 602 2731 1146 2732 1145 2732 1144 2732 1112 2733 1144 2733 1143 2733 1149 2734 1148 2734 1150 2734 1112 2735 1143 2735 1152 2735 1151 2736 1150 2736 1152 2736 1735 2737 1733 2737 1734 2737 1528 2738 1556 2738 1563 2738 1160 2739 1145 2739 1154 2739 1145 2740 1162 2740 1154 2740 1162 2741 1147 2741 1156 2741 1143 2742 1160 2742 1154 2742 1151 2743 1163 2743 1157 2743 1163 2744 1143 2744 1154 2744 1157 2745 1163 2745 1154 2745 1131 2746 1159 2746 1158 2746 1159 2747 1135 2747 1158 2747 1135 2748 1161 2748 1155 2748 1161 2749 1133 2749 1155 2749 1134 2750 1160 2750 1155 2750 1160 2751 1132 2751 1155 2751 1132 2752 1119 2752 1155 2752 1155 2753 1158 2753 1135 2753 1119 2754 1132 2754 1121 2754 1133 2755 1122 2755 1121 2755 1177 2756 1181 2756 1180 2756 1161 2757 1156 2757 1147 2757 1443 2758 1458 2758 1476 2758 1132 2759 1143 2759 1163 2759 635 2760 641 2760 627 2760 1139 2761 1126 2761 1168 2761 1158 2762 1163 2762 1151 2762 1449 2763 1440 2763 1480 2763 1246 2764 1236 2764 1281 2764 1169 2765 1165 2765 1130 2765 1126 2766 1139 2766 1170 2766 1169 2767 1166 2767 1142 2767 1166 2768 1167 2768 1142 2768 1167 2769 1171 2769 1140 2769 1166 2770 1138 2770 1164 2770 1138 2771 1170 2771 1164 2771 1170 2772 1139 2772 1164 2772 1139 2773 1171 2773 1167 2773 1164 2774 1139 2774 1167 2774 1166 2775 1169 2775 1136 2775 1200 2776 1201 2776 1199 2776 1198 2777 1197 2777 1179 2777 1197 2778 1200 2778 1179 2778 1118 2779 1126 2779 1165 2779 1124 2780 1172 2780 1165 2780 1181 2781 1177 2781 1175 2781 1127 2782 1173 2782 1165 2782 1173 2783 1129 2783 1168 2783 1126 2784 1118 2784 1168 2784 1172 2785 1130 2785 1165 2785 1240 2786 1250 2786 1267 2786 1473 2787 1470 2787 1458 2787 1264 2788 1268 2788 1255 2788 1859 2789 1844 2789 1894 2789 1237 2790 1249 2790 1268 2790 1261 2791 1269 2791 1252 2791 1171 2792 1168 2792 1129 2792 1249 2793 1237 2793 1261 2793 1673 2794 1678 2794 1664 2794 1265 2795 1262 2795 1250 2795 1178 2796 1164 2796 1174 2796 1178 2797 1174 2797 1176 2797 1122 2798 1119 2798 1118 2798 1260 2799 1287 2799 1285 2799 1195 2800 1196 2800 1193 2800 1191 2801 1195 2801 1175 2801 2153 2802 2162 2802 2155 2802 2155 2803 2163 2803 2157 2803 1203 2804 1204 2804 1197 2804 1192 2805 1175 2805 1194 2805 1175 2806 1193 2806 1194 2806 1193 2807 1190 2807 1191 2807 1191 2808 1194 2808 1193 2808 1192 2809 1191 2809 1190 2809 1175 2810 1192 2810 1190 2810 1109 2811 1117 2811 1110 2811 1348 2812 1351 2812 1340 2812 1896 2813 1895 2813 1899 2813 1109 2814 1116 2814 1114 2814 2155 2815 2170 2815 2163 2815 1379 2816 1391 2816 1376 2816 1632 2817 1629 2817 1626 2817 1535 2818 1534 2818 1539 2818 1225 2819 1232 2819 1223 2819 1231 2820 1227 2820 1229 2820 1233 2821 1225 2821 1227 2821 1201 2822 1197 2822 1198 2822 1198 2823 1199 2823 1201 2823 1237 2824 1224 2824 1230 2824 618 2825 619 2825 609 2825 1251 2826 1252 2826 1238 2826 841 2827 833 2827 817 2827 615 2828 616 2828 608 2828 621 2829 622 2829 605 2829 626 2830 627 2830 612 2830 622 2831 615 2831 602 2831 1253 2832 1254 2832 1239 2832 1250 2833 1251 2833 1226 2833 631 2834 632 2834 603 2834 1855 2835 1856 2835 1840 2835 1459 2836 1460 2836 1445 2836 1254 2837 1259 2837 1230 2837 1559 2838 1560 2838 1539 2838 1256 2839 1249 2839 1237 2839 1555 2840 1556 2840 1536 2840 630 2841 631 2841 613 2841 826 2842 827 2842 810 2842 1238 2843 1228 2843 1226 2843 1230 2844 1228 2844 1239 2844 1224 2845 1237 2845 1226 2845 1243 2846 1242 2846 1247 2846 1245 2847 1225 2847 1235 2847 1235 2848 1247 2848 1246 2848 1254 2849 1253 2849 1259 2849 1258 2850 1251 2850 1250 2850 1259 2851 1256 2851 1255 2851 1258 2852 1249 2852 1256 2852 1318 2853 1320 2853 1316 2853 1235 2854 1236 2854 1229 2854 1229 2855 1223 2855 1235 2855 1268 2856 1249 2856 1260 2856 1249 2857 1267 2857 1260 2857 1267 2858 1250 2858 1260 2858 1260 2859 1250 2859 1262 2859 1255 2860 1268 2860 1263 2860 1237 2861 1264 2861 1224 2861 1241 2862 1266 2862 1264 2862 1266 2863 1239 2863 1264 2863 1239 2864 1261 2864 1264 2864 1251 2865 1253 2865 1252 2865 1281 2866 1236 2866 1276 2866 1232 2867 1223 2867 1276 2867 1231 2868 1281 2868 1274 2868 1234 2869 1274 2869 1272 2869 611 2870 625 2870 634 2870 1248 2871 1231 2871 1274 2871 1266 2872 1263 2872 1254 2872 646 2873 652 2873 607 2873 1242 2874 1234 2874 1272 2874 1481 2875 1488 2875 1438 2875 1245 2876 1232 2876 1276 2876 609 2877 619 2877 644 2877 610 2878 623 2878 642 2878 1270 2879 1273 2879 1278 2879 1278 2880 1244 2880 1270 2880 1244 2881 1280 2881 1270 2881 1252 2882 1269 2882 1262 2882 1269 2883 1254 2883 1262 2883 1248 2884 1279 2884 1273 2884 1279 2885 1242 2885 1273 2885 1242 2886 1278 2886 1273 2886 1281 2887 1248 2887 1275 2887 1277 2888 1246 2888 1275 2888 1246 2889 1281 2889 1275 2889 1280 2890 1245 2890 1270 2890 1245 2891 1277 2891 1275 2891 1275 2892 1270 2892 1245 2892 1248 2893 1273 2893 1275 2893 622 2894 605 2894 650 2894 623 2895 610 2895 640 2895 1277 2896 1276 2896 1236 2896 1559 2897 1541 2897 1589 2897 612 2898 627 2898 643 2898 1545 2899 1565 2899 1572 2899 647 2900 651 2900 605 2900 1681 2901 1687 2901 1641 2901 614 2902 629 2902 641 2902 1286 2903 1275 2903 1282 2903 1306 2904 1312 2904 1313 2904 1287 2905 1260 2905 1284 2905 1288 2906 1287 2906 1284 2906 1285 2907 1309 2907 1275 2907 595 2908 598 2908 597 2908 598 2909 596 2909 597 2909 1353 2910 1371 2910 1372 2910 906 2911 905 2911 912 2911 1302 2912 1298 2912 1297 2912 1302 2913 1297 2913 1301 2913 1299 2914 1302 2914 1301 2914 1300 2915 1297 2915 1299 2915 1303 2916 1284 2916 1299 2916 1284 2917 1304 2917 1302 2917 1298 2918 1302 2918 1304 2918 1299 2919 1298 2919 1303 2919 1303 2920 1298 2920 1304 2920 1310 2921 1308 2921 1309 2921 1307 2922 1310 2922 1309 2922 1306 2923 1310 2923 1307 2923 1306 2924 1307 2924 1305 2924 1308 2925 1305 2925 1309 2925 1308 2926 1310 2926 1313 2926 1310 2927 1306 2927 1313 2927 1309 2928 1312 2928 1306 2928 1308 2929 1313 2929 1311 2929 1313 2930 1309 2930 1311 2930 1466 2931 1458 2931 1443 2931 1829 2932 1822 2932 1826 2932 1314 2933 1319 2933 1318 2933 2082 2934 2084 2934 2083 2934 1317 2935 1321 2935 1315 2935 1320 2936 1319 2936 1315 2936 2141 2937 2140 2937 2146 2937 1348 2938 1340 2938 1323 2938 923 2939 930 2939 949 2939 1480 2940 1482 2940 1481 2940 1328 2941 1332 2941 1330 2941 1330 2942 1332 2942 1327 2942 1744 2943 1738 2943 1737 2943 1327 2944 1326 2944 1330 2944 1326 2945 1331 2945 1330 2945 1931 2946 1930 2946 1926 2946 918 2947 920 2947 919 2947 1339 2948 1341 2948 1337 2948 1333 2949 1342 2949 1339 2949 1337 2950 1341 2950 1335 2950 1335 2951 1342 2951 1333 2951 1265 2952 1240 2952 1261 2952 1237 2953 1224 2953 1261 2953 1238 2954 1265 2954 1261 2954 1344 2955 1338 2955 1336 2955 1336 2956 1334 2956 1343 2956 1340 2957 1343 2957 1334 2957 1338 2958 1344 2958 1340 2958 928 2959 925 2959 921 2959 1750 2960 1739 2960 1743 2960 1258 2961 1250 2961 1240 2961 604 2962 620 2962 606 2962 1350 2963 1344 2963 1336 2963 1348 2964 1324 2964 1345 2964 1324 2965 1346 2965 1345 2965 1339 2966 1347 2966 1346 2966 1336 2967 1323 2967 1350 2967 1350 2968 1323 2968 1340 2968 1351 2969 1349 2969 1340 2969 1741 2970 1784 2970 1783 2970 1764 2971 1765 2971 1742 2971 702 2972 698 2972 694 2972 1337 2973 1384 2973 1383 2973 1370 2974 1344 2974 1338 2974 1362 2975 1370 2975 1338 2975 1334 2976 1343 2976 1362 2976 1360 2977 1359 2977 1371 2977 1371 2978 1350 2978 1361 2978 1371 2979 1361 2979 1360 2979 1363 2980 1370 2980 1366 2980 1364 2981 1363 2981 1365 2981 1370 2982 1349 2982 1369 2982 1349 2983 1372 2983 1354 2983 1372 2984 1371 2984 1357 2984 1371 2985 1358 2985 1357 2985 1361 2986 1350 2986 1363 2986 1372 2987 1357 2987 1356 2987 1372 2988 1356 2988 1355 2988 1372 2989 1355 2989 1354 2989 1365 2990 1363 2990 1366 2990 1349 2991 1354 2991 1352 2991 1349 2992 1352 2992 1369 2992 1367 2993 1366 2993 1370 2993 1370 2994 1369 2994 1368 2994 1353 2995 1343 2995 1334 2995 960 2996 968 2996 921 2996 1363 2997 1362 2997 1338 2997 1384 2998 1337 2998 1341 2998 1390 2999 1342 2999 1333 2999 1390 3000 1333 3000 1384 3000 1375 3001 1333 3001 1391 3001 1333 3002 1342 3002 1391 3002 1391 3003 1341 3003 1337 3003 1391 3004 1337 3004 1375 3004 927 3005 922 3005 968 3005 604 3006 606 3006 602 3006 1359 3007 1361 3007 1357 3007 1361 3008 1364 3008 1357 3008 903 3009 908 3009 905 3009 2064 3010 2081 3010 2071 3010 1400 3011 1402 3011 1401 3011 1402 3012 1404 3012 1401 3012 1404 3013 1364 3013 1403 3013 1406 3014 1400 3014 1405 3014 1405 3015 1402 3015 1403 3015 1402 3016 1406 3016 1407 3016 1403 3017 1406 3017 1405 3017 619 3018 618 3018 604 3018 1411 3019 1409 3019 1408 3019 610 3020 601 3020 603 3020 1412 3021 1415 3021 1409 3021 1413 3022 1414 3022 1412 3022 1413 3023 1412 3023 1410 3023 1415 3024 1413 3024 1410 3024 2174 3025 2173 3025 2153 3025 1416 3026 1420 3026 1418 3026 1420 3027 1421 3027 1418 3027 1430 3028 1429 3028 1426 3028 1937 3029 1934 3029 1938 3029 1941 3030 1933 3030 1938 3030 1009 3031 1005 3031 1001 3031 800 3032 804 3032 805 3032 804 3033 799 3033 805 3033 1533 3034 1524 3034 1526 3034 1829 3035 1824 3035 1822 3035 1729 3036 1735 3036 1736 3036 1943 3037 1990 3037 1989 3037 1282 3038 1285 3038 1287 3038 1375 3039 1377 3039 1376 3039 788 3040 794 3040 792 3040 1538 3041 1539 3041 1536 3041 914 3042 913 3042 919 3042 1433 3043 1444 3043 1435 3043 1435 3044 1445 3044 1437 3044 1436 3045 1444 3045 1433 3045 1451 3046 1452 3046 1434 3046 1651 3047 1652 3047 1635 3047 1455 3048 1456 3048 1438 3048 1554 3049 1555 3049 1543 3049 1564 3050 1563 3050 1537 3050 1556 3051 1557 3051 1542 3051 1249 3052 1258 3052 1226 3052 1458 3053 1459 3053 1435 3053 1462 3054 1461 3054 1436 3054 1042 3055 1043 3055 1013 3055 722 3056 723 3056 705 3056 1463 3057 1464 3057 1436 3057 827 3058 828 3058 813 3058 1034 3059 1035 3059 1019 3059 1552 3060 1553 3060 1544 3060 727 3061 719 3061 706 3061 1456 3062 1448 3062 1436 3062 1041 3063 1042 3063 1024 3063 1548 3064 1562 3064 1549 3064 1448 3065 1450 3065 1449 3065 1452 3066 1451 3066 1450 3066 1456 3067 1455 3067 1448 3067 1466 3068 1457 3068 1464 3068 1458 3069 1466 3069 1459 3069 1467 3070 1461 3070 1460 3070 634 3071 659 3071 654 3071 1516 3072 1518 3072 1519 3072 1436 3073 1441 3073 1465 3073 1465 3074 1442 3074 1436 3074 1436 3075 1439 3075 1434 3075 1460 3076 1477 3076 1470 3076 1477 3077 1462 3077 1470 3077 1470 3078 1462 3078 1472 3078 1463 3079 1475 3079 1472 3079 1475 3080 1457 3080 1472 3080 1457 3081 1476 3081 1468 3081 1468 3082 1472 3082 1457 3082 1458 3083 1470 3083 1468 3083 1476 3084 1458 3084 1468 3084 1441 3085 1453 3085 1485 3085 613 3086 631 3086 637 3086 1456 3087 1438 3087 1482 3087 1555 3088 1543 3088 1581 3088 1542 3089 1557 3089 1586 3089 1851 3090 1865 3090 1877 3090 1583 3091 1589 3091 1540 3091 1486 3092 1483 3092 1442 3092 1454 3093 1442 3093 1488 3093 739 3094 745 3094 732 3094 1486 3095 1454 3095 1482 3095 1454 3096 1481 3096 1482 3096 1482 3097 1478 3097 1453 3097 1478 3098 1485 3098 1453 3098 1487 3099 1451 3099 1478 3099 1451 3100 1485 3100 1478 3100 1484 3101 1449 3101 1478 3101 1449 3102 1487 3102 1478 3102 1456 3103 1484 3103 1481 3103 1441 3104 1432 3104 1483 3104 1488 3105 1442 3105 1483 3105 1438 3106 1488 3106 1482 3106 1440 3107 1482 3107 1480 3107 1479 3108 1439 3108 1480 3108 1478 3109 1491 3109 1508 3109 1451 3110 1439 3110 1479 3110 817 3111 833 3111 844 3111 1887 3112 1892 3112 1846 3112 1550 3113 1564 3113 1578 3113 1676 3114 1670 3114 1658 3114 1576 3115 1572 3115 1564 3115 1549 3116 1562 3116 1571 3116 1159 3117 1157 3117 1149 3117 1954 3118 1977 3118 1983 3118 728 3119 715 3119 739 3119 1493 3120 1505 3120 1489 3120 1468 3121 1505 3121 1493 3121 1492 3122 1478 3122 1490 3122 1508 3123 1491 3123 1490 3123 624 3124 626 3124 625 3124 623 3125 632 3125 624 3125 628 3126 627 3126 626 3126 1499 3127 1502 3127 1501 3127 1502 3128 1498 3128 1501 3128 1498 3129 1499 3129 1500 3129 1500 3130 1497 3130 1498 3130 1499 3131 1498 3131 1503 3131 1503 3132 1498 3132 1504 3132 1502 3133 1499 3133 1503 3133 1504 3134 1502 3134 1505 3134 1508 3135 1506 3135 1507 3135 1506 3136 1510 3136 1507 3136 1507 3137 1511 3137 1509 3137 1511 3138 1510 3138 1509 3138 1510 3139 1506 3139 1509 3139 1069 3140 1070 3140 1068 3140 1100 3141 1104 3141 1105 3141 1522 3142 1520 3142 1523 3142 1520 3143 1521 3143 1523 3143 759 3144 740 3144 739 3144 917 3145 961 3145 960 3145 762 3146 761 3146 763 3146 1110 3147 1113 3147 1112 3147 1516 3148 1522 3148 1521 3148 1532 3149 1531 3149 1530 3149 700 3150 694 3150 698 3150 1215 3151 1219 3151 1221 3151 1534 3152 1542 3152 1539 3152 619 3153 649 3153 644 3153 649 3154 620 3154 647 3154 644 3155 649 3155 647 3155 617 3156 644 3156 646 3156 616 3157 646 3157 647 3157 679 3158 677 3158 682 3158 682 3159 677 3159 683 3159 1563 3160 1564 3160 1550 3160 719 3161 720 3161 713 3161 1972 3162 1973 3162 1946 3162 1558 3163 1559 3163 1541 3163 1665 3164 1657 3164 1644 3164 1565 3165 1569 3165 1538 3165 735 3166 736 3166 716 3166 2168 3167 2164 3167 2160 3167 1649 3168 1650 3168 1635 3168 724 3169 725 3169 706 3169 730 3170 731 3170 705 3170 1656 3171 1648 3171 1635 3171 1660 3172 1661 3172 1636 3172 734 3173 735 3173 707 3173 731 3174 732 3174 718 3174 2072 3175 2073 3175 2047 3175 1569 3176 1566 3176 1546 3176 1153 3177 1136 3177 1130 3177 822 3178 823 3178 816 3178 1554 3179 1553 3179 1552 3179 1528 3180 1558 3180 1557 3180 1560 3181 1552 3181 1561 3181 1557 3182 1556 3182 1528 3182 1560 3183 1559 3183 1558 3183 1565 3184 1563 3184 1569 3184 1548 3185 1527 3185 1562 3185 1527 3186 1563 3186 1562 3186 1569 3187 1567 3187 1566 3187 1568 3188 1567 3188 1548 3188 1570 3189 1549 3189 1535 3189 1554 3190 1552 3190 1569 3190 2180 3191 2181 3191 2157 3191 1537 3192 1545 3192 1538 3192 1549 3193 1547 3193 1535 3193 1547 3194 1550 3194 1537 3194 1537 3195 1535 3195 1547 3195 1535 3196 1549 3196 1575 3196 1575 3197 1551 3197 1573 3197 1551 3198 1577 3198 1573 3198 1577 3199 1546 3199 1573 3199 1545 3200 1576 3200 1570 3200 1576 3201 1550 3201 1570 3201 1573 3202 1535 3202 1575 3202 1572 3203 1571 3203 1564 3203 1571 3204 1578 3204 1564 3204 1565 3205 1579 3205 1572 3205 1579 3206 1566 3206 1574 3206 1579 3207 1574 3207 1572 3207 1574 3208 1568 3208 1571 3208 1562 3209 1578 3209 1571 3209 1544 3210 1587 3210 1581 3210 1587 3211 1540 3211 1581 3211 1540 3212 1589 3212 1581 3212 1589 3213 1541 3213 1584 3213 1581 3214 1589 3214 1584 3214 1588 3215 1544 3215 1581 3215 1543 3216 1588 3216 1581 3216 1534 3217 1542 3217 1581 3217 1684 3218 1682 3218 1640 3218 1575 3219 1571 3219 1568 3219 724 3220 709 3220 752 3220 1546 3221 1566 3221 1579 3221 1657 3222 1644 3222 1669 3222 821 3223 835 3223 851 3223 857 3224 855 3224 816 3224 1557 3225 1542 3225 1584 3225 1645 3226 1658 3226 1677 3226 1553 3227 1544 3227 1588 3227 1555 3228 1586 3228 1582 3228 1586 3229 1580 3229 1582 3229 826 3230 812 3230 859 3230 1583 3231 1587 3231 1544 3231 722 3232 712 3232 749 3232 1957 3233 1974 3233 1981 3233 1561 3234 1540 3234 1587 3234 846 3235 850 3235 837 3235 718 3236 732 3236 740 3236 1959 3237 1972 3237 1987 3237 1889 3238 1894 3238 1843 3238 742 3239 747 3239 736 3239 703 3240 709 3240 706 3240 689 3241 690 3241 686 3241 677 3242 679 3242 676 3242 679 3243 675 3243 680 3243 675 3244 678 3244 680 3244 1595 3245 1594 3245 1592 3245 1597 3246 1595 3246 1592 3246 1590 3247 1594 3247 1571 3247 1597 3248 1592 3248 1590 3248 1590 3249 1571 3249 1596 3249 1596 3250 1597 3250 1590 3250 1060 3251 1058 3251 1059 3251 927 3252 953 3252 967 3252 1604 3253 1601 3253 1605 3253 1605 3254 1602 3254 1606 3254 1603 3255 1606 3255 1602 3255 1603 3256 1602 3256 1601 3256 2062 3257 2073 3257 2081 3257 1613 3258 1612 3258 1614 3258 1614 3259 1612 3259 1616 3259 1612 3260 1610 3260 1616 3260 1610 3261 1615 3261 1616 3261 778 3262 773 3262 761 3262 773 3263 776 3263 761 3263 776 3264 777 3264 761 3264 1604 3265 1606 3265 1608 3265 1610 3266 1613 3266 1615 3266 1615 3267 1613 3267 1614 3267 1618 3268 1617 3268 1622 3268 997 3269 999 3269 1000 3269 748 3270 724 3270 754 3270 1002 3271 1003 3271 1001 3271 732 3272 731 3272 733 3272 734 3273 733 3273 735 3273 737 3274 736 3274 735 3274 1639 3275 1637 3275 1633 3275 1730 3276 1731 3276 1729 3276 2038 3277 2037 3277 2041 3277 1426 3278 1424 3278 1430 3278 1531 3279 1525 3279 1530 3279 697 3280 694 3280 695 3280 2134 3281 2133 3281 2135 3281 1625 3282 1632 3282 1627 3282 2044 3283 2092 3283 2096 3283 1625 3284 1631 3284 1628 3284 2155 3285 2157 3285 2156 3285 1119 3286 1121 3286 1120 3286 1635 3287 1643 3287 1636 3287 1644 3288 1634 3288 1636 3288 2175 3289 2177 3289 2172 3289 1713 3290 1693 3290 1679 3290 1691 3291 1692 3291 1690 3291 1691 3292 1713 3292 1679 3292 1652 3293 1653 3293 1639 3293 830 3294 831 3294 808 3294 1973 3295 1974 3295 1957 3295 839 3296 829 3296 811 3296 1970 3297 1971 3297 1946 3297 1661 3298 1662 3298 1647 3298 834 3299 835 3299 821 3299 2075 3300 2076 3300 2058 3300 1971 3301 1972 3301 1959 3301 823 3302 825 3302 814 3302 828 3303 839 3303 810 3303 835 3304 836 3304 809 3304 1968 3305 1969 3305 1949 3305 2061 3306 2062 3306 2046 3306 1664 3307 1665 3307 1636 3307 720 3308 721 3308 705 3308 1465 3309 1454 3309 1442 3309 825 3310 826 3310 812 3310 1863 3311 1864 3311 1850 3311 751 3312 748 3312 726 3312 748 3313 754 3313 726 3313 727 3314 753 3314 751 3314 753 3315 720 3315 750 3315 722 3316 755 3316 750 3316 755 3317 724 3317 748 3317 755 3318 748 3318 750 3318 1634 3319 1644 3319 1635 3319 1665 3320 1664 3320 1663 3320 1662 3321 1661 3321 1663 3321 1657 3322 1665 3322 1668 3322 1661 3323 1660 3323 1659 3323 1643 3324 1676 3324 1669 3324 1647 3325 1674 3325 1669 3325 1674 3326 1643 3326 1669 3326 1646 3327 1675 3327 1673 3327 1675 3328 1647 3328 1669 3328 1673 3329 1675 3329 1669 3329 1673 3330 1634 3330 1644 3330 1644 3331 1634 3331 1669 3331 764 3332 748 3332 758 3332 1657 3333 1677 3333 1670 3333 1677 3334 1658 3334 1670 3334 1670 3335 1660 3335 1671 3335 1678 3336 1657 3336 1672 3336 1672 3337 1657 3337 1670 3337 1664 3338 1678 3338 1672 3338 824 3339 815 3339 854 3339 848 3340 844 3340 832 3340 1054 3341 1048 3341 1042 3341 1683 3342 1688 3342 1638 3342 1644 3343 1657 3343 1678 3343 830 3344 818 3344 843 3344 1445 3345 1460 3345 1470 3345 649 3346 648 3346 606 3346 1651 3347 1641 3347 1680 3347 1639 3348 1653 3348 1686 3348 1681 3349 1656 3349 1684 3349 1684 3350 1649 3350 1681 3350 1651 3351 1686 3351 1679 3351 1686 3352 1653 3352 1679 3352 1653 3353 1685 3353 1679 3353 1685 3354 1654 3354 1679 3354 1679 3355 1654 3355 1683 3355 1639 3356 1633 3356 1682 3356 1688 3357 1642 3357 1682 3357 1638 3358 1688 3358 1682 3358 843 3359 851 3359 833 3359 1649 3360 1640 3360 1687 3360 823 3361 816 3361 860 3361 828 3362 813 3362 861 3362 1140 3363 1129 3363 1173 3363 1862 3364 1848 3364 1876 3364 1653 3365 1639 3365 1682 3365 1881 3366 1875 3366 1869 3366 1878 3367 1883 3367 1865 3367 829 3368 811 3368 855 3368 1693 3369 1713 3369 1690 3369 772 3370 776 3370 771 3370 776 3371 773 3371 775 3371 773 3372 774 3372 775 3372 1719 3373 1725 3373 1724 3373 1706 3374 1707 3374 1694 3374 1705 3375 1694 3375 1708 3375 1701 3376 1705 3376 1708 3376 1707 3377 1701 3377 1708 3377 1706 3378 1701 3378 1707 3378 1710 3379 1714 3379 1711 3379 1711 3380 1709 3380 1710 3380 1709 3381 1715 3381 1712 3381 1713 3382 1709 3382 1712 3382 1715 3383 1714 3383 1712 3383 2226 3384 2227 3384 2228 3384 1717 3385 1715 3385 1713 3385 1712 3386 1717 3386 1713 3386 1716 3387 1711 3387 1712 3387 1711 3388 1717 3388 1712 3388 1712 3389 1710 3389 1716 3389 781 3390 786 3390 783 3390 1832 3391 1836 3391 1830 3391 1720 3392 1724 3392 1726 3392 1718 3393 1726 3393 1725 3393 1831 3394 1834 3394 1833 3394 1324 3395 1326 3395 1325 3395 1836 3396 1835 3396 1837 3396 1116 3397 1115 3397 1113 3397 1114 3398 1116 3398 1111 3398 1424 3399 1426 3399 1425 3399 1636 3400 1634 3400 1633 3400 2155 3401 2154 3401 2152 3401 1226 3402 1225 3402 1223 3402 1336 3403 1338 3403 1337 3403 1742 3404 1748 3404 1744 3404 1744 3405 1747 3405 1738 3405 1737 3406 1746 3406 1743 3406 1743 3407 1745 3407 1741 3407 1741 3408 1745 3408 1739 3408 1739 3409 1746 3409 1737 3409 1738 3410 1747 3410 1740 3410 1740 3411 1748 3411 1742 3411 926 3412 915 3412 921 3412 789 3413 791 3413 793 3413 2171 3414 2169 3414 2162 3414 1750 3415 1746 3415 1739 3415 926 3416 927 3416 922 3416 1744 3417 1754 3417 1727 3417 1752 3418 1755 3418 1753 3418 1751 3419 1728 3419 1749 3419 1728 3420 1739 3420 1749 3420 1767 3421 1766 3421 1742 3421 939 3422 940 3422 918 3422 1360 3423 1361 3423 1338 3423 600 3424 609 3424 653 3424 653 3425 607 3425 645 3425 929 3426 946 3426 950 3426 1741 3427 1786 3427 1785 3427 1766 3428 1756 3428 1738 3428 1354 3429 1353 3429 1334 3429 1792 3430 1749 3430 1785 3430 1749 3431 1781 3431 1783 3431 1785 3432 1749 3432 1784 3432 1781 3433 1778 3433 1779 3433 1780 3434 1781 3434 1779 3434 1778 3435 1750 3435 1776 3435 1750 3436 1775 3436 1776 3436 1790 3437 1791 3437 1792 3437 1789 3438 1790 3438 1792 3438 1788 3439 1789 3439 1792 3439 1787 3440 1788 3440 1792 3440 1785 3441 1787 3441 1792 3441 1784 3442 1749 3442 1783 3442 1775 3443 1750 3443 1786 3443 1750 3444 1791 3444 1786 3444 1741 3445 1745 3445 1786 3445 1792 3446 1746 3446 1737 3446 1786 3447 1792 3447 1737 3447 1793 3448 1745 3448 1741 3448 1777 3449 1793 3449 1741 3449 1777 3450 1737 3450 1793 3450 1737 3451 1746 3451 1793 3451 1653 3452 1652 3452 1667 3452 1648 3453 1650 3453 1649 3453 1667 3454 1655 3454 1654 3454 1666 3455 1648 3455 1656 3455 1666 3456 1656 3456 1655 3456 897 3457 898 3457 895 3457 1763 3458 1765 3458 1794 3458 1761 3459 1763 3459 1794 3459 1795 3460 1794 3460 1769 3460 1795 3461 1769 3461 1771 3461 1761 3462 1795 3462 1759 3462 1759 3463 1795 3463 1756 3463 1811 3464 1809 3464 1807 3464 1809 3465 1808 3465 1807 3465 1808 3466 1806 3466 1805 3466 1806 3467 1810 3467 1811 3467 1806 3468 1811 3468 1805 3468 1809 3469 1812 3469 1813 3469 1813 3470 1812 3470 1811 3470 1812 3471 1810 3471 1794 3471 1812 3472 1794 3472 1811 3472 1808 3473 1809 3473 1813 3473 1806 3474 1808 3474 1813 3474 1813 3475 1794 3475 1806 3475 1818 3476 1816 3476 1815 3476 1816 3477 1814 3477 1819 3477 1815 3478 1816 3478 1819 3478 1814 3479 1818 3479 1819 3479 1818 3480 1815 3480 1817 3480 639 3481 614 3481 635 3481 613 3482 639 3482 638 3482 601 3483 610 3483 638 3483 639 3484 635 3484 638 3484 1818 3485 1814 3485 1821 3485 1525 3486 1528 3486 1527 3486 1794 3487 1782 3487 1775 3487 1347 3488 1342 3488 1390 3488 2038 3489 2043 3489 2037 3489 1750 3490 1746 3490 1792 3490 1257 3491 1251 3491 1258 3491 908 3492 911 3492 912 3492 911 3493 909 3493 912 3493 2039 3494 2042 3494 2036 3494 1827 3495 1826 3495 1828 3495 928 3496 920 3496 902 3496 2140 3497 2155 3497 2165 3497 749 3498 750 3498 748 3498 1947 3499 1944 3499 1943 3499 1435 3500 1436 3500 1434 3500 1944 3501 1946 3501 1945 3501 1842 3502 1843 3502 1840 3502 1845 3503 1842 3503 1838 3503 835 3504 834 3504 836 3504 818 3505 807 3505 809 3505 809 3506 808 3506 817 3506 1848 3507 1839 3507 1842 3507 1841 3508 1851 3508 1842 3508 1854 3509 1872 3509 1840 3509 1859 3510 1860 3510 1842 3510 1255 3511 1256 3511 1230 3511 1663 3512 1664 3512 1646 3512 1461 3513 1463 3513 1446 3513 1869 3514 1870 3514 1842 3514 1247 3515 1242 3515 1234 3515 1976 3516 1977 3516 1954 3516 1864 3517 1874 3517 1841 3517 1870 3518 1862 3518 1848 3518 1874 3519 1865 3519 1851 3519 1962 3520 1963 3520 1950 3520 1866 3521 1867 3521 1852 3521 2169 3522 2171 3522 2155 3522 1868 3523 1869 3523 1849 3523 1978 3524 1970 3524 1955 3524 2065 3525 2066 3525 2049 3525 1858 3526 1859 3526 1844 3526 1963 3527 1964 3527 1945 3527 1854 3528 1853 3528 1872 3528 1858 3529 1860 3529 1859 3529 1871 3530 1858 3530 1857 3530 1855 3531 1872 3531 1856 3531 1871 3532 1857 3532 1856 3532 1874 3533 1864 3533 1863 3533 1861 3534 1860 3534 1853 3534 1863 3535 1862 3535 1870 3535 1865 3536 1874 3536 1866 3536 1868 3537 1870 3537 1869 3537 1868 3538 1867 3538 1873 3538 852 3539 864 3539 866 3539 866 3540 868 3540 852 3540 1848 3541 1839 3541 1876 3541 1876 3542 1878 3542 1880 3542 1878 3543 1851 3543 1880 3543 1862 3544 1884 3544 1877 3544 1884 3545 1864 3545 1877 3545 1877 3546 1875 3546 1862 3546 885 3547 886 3547 866 3547 886 3548 889 3548 866 3548 866 3549 889 3549 888 3549 1965 3550 1951 3550 1992 3550 1878 3551 1882 3551 1867 3551 1994 3552 1992 3552 1952 3552 1880 3553 1877 3553 1864 3553 1970 3554 1955 3554 1980 3554 1131 3555 1151 3555 1157 3555 2098 3556 2095 3556 2054 3556 1136 3557 1130 3557 1172 3557 2055 3558 2074 3558 2084 3558 2070 3559 2057 3559 2083 3559 1861 3560 1890 3560 1889 3560 1890 3561 1854 3561 1887 3561 1887 3562 1889 3562 1890 3562 881 3563 880 3563 862 3563 1893 3564 1845 3564 1838 3564 1877 3565 1865 3565 1879 3565 1865 3566 1883 3566 1879 3566 1883 3567 1867 3567 1879 3567 1867 3568 1882 3568 1879 3568 1882 3569 1869 3569 1875 3569 1882 3570 1875 3570 1879 3570 893 3571 896 3571 897 3571 1991 3572 1997 3572 1950 3572 1956 3573 1975 3573 1988 3573 1857 3574 1845 3574 1893 3574 1963 3575 1950 3575 1990 3575 1955 3576 1970 3576 1979 3576 1138 3577 1124 3577 1165 3577 1446 3578 1463 3578 1472 3578 1022 3579 1038 3579 1046 3579 1036 3580 1021 3580 1052 3580 1900 3581 1885 3581 1895 3581 1885 3582 1899 3582 1895 3582 1894 3583 1844 3583 1888 3583 1844 3584 1893 3584 1888 3584 1843 3585 1894 3585 1888 3585 1892 3586 1847 3586 1888 3586 1846 3587 1892 3587 1888 3587 1886 3588 1846 3588 1888 3588 1838 3589 1845 3589 1886 3589 1901 3590 1875 3590 1897 3590 1897 3591 1896 3591 1901 3591 2131 3592 2136 3592 2134 3592 1907 3593 1911 3593 1897 3593 1909 3594 1907 3594 1908 3594 1910 3595 1911 3595 1909 3595 1907 3596 1897 3596 1908 3596 1909 3597 1911 3597 1914 3597 1914 3598 1911 3598 1913 3598 1911 3599 1912 3599 1913 3599 1912 3600 1908 3600 1913 3600 827 3601 826 3601 825 3601 828 3602 827 3602 839 3602 829 3603 839 3603 822 3603 840 3604 825 3604 823 3604 1916 3605 1920 3605 1922 3605 1920 3606 1918 3606 1899 3606 1918 3607 1916 3607 1921 3607 1920 3608 1899 3608 1922 3608 1899 3609 1918 3609 1921 3609 1927 3610 1928 3610 1924 3610 1951 3611 1943 3611 1945 3611 1115 3612 1114 3612 1112 3612 1530 3613 1525 3613 1524 3613 1931 3614 1929 3614 1923 3614 759 3615 762 3615 763 3615 695 3616 696 3616 723 3616 1337 3617 1382 3617 1381 3617 1336 3618 1335 3618 1333 3618 1109 3619 1110 3619 1108 3619 1772 3620 1767 3620 1754 3620 1739 3621 1755 3621 1744 3621 1352 3622 1357 3622 1392 3622 603 3623 601 3623 600 3623 916 3624 918 3624 917 3624 1780 3625 1775 3625 1782 3625 1943 3626 1951 3626 1948 3626 1957 3627 1958 3627 1946 3627 1958 3628 1956 3628 1947 3628 1955 3629 1944 3629 1947 3629 1947 3630 1946 3630 1958 3630 881 3631 879 3631 883 3631 884 3632 882 3632 881 3632 2079 3633 2070 3633 2057 3633 1136 3634 1137 3634 1120 3634 1958 3635 1975 3635 1956 3635 1969 3636 1960 3636 1945 3636 1143 3637 1144 3637 1121 3637 2076 3638 2077 3638 2048 3638 1967 3639 1968 3639 1948 3639 2062 3640 2063 3640 2052 3640 1145 3641 1146 3641 1121 3641 2060 3642 2061 3642 2050 3642 2067 3643 2068 3643 2049 3643 2071 3644 2072 3644 2056 3644 1151 3645 1152 3645 1122 3645 2070 3646 2071 3646 2047 3646 2078 3647 2079 3647 2048 3647 1149 3648 1150 3648 1122 3648 1349 3649 1351 3649 1336 3649 1977 3650 1978 3650 1947 3650 1033 3651 1034 3651 1014 3651 2069 3652 2060 3652 2046 3652 1915 3653 1920 3653 1916 3653 1916 3654 1918 3654 1915 3654 1918 3655 1920 3655 1917 3655 1917 3656 1920 3656 1919 3656 1920 3657 1915 3657 1919 3657 857 3658 823 3658 853 3658 824 3659 858 3659 853 3659 858 3660 826 3660 853 3660 828 3661 856 3661 852 3661 1963 3662 1962 3662 1964 3662 1964 3663 1937 3663 1965 3663 1960 3664 1969 3664 1968 3664 1965 3665 1937 3665 1966 3665 1968 3666 1967 3666 1966 3666 1944 3667 1955 3667 1946 3667 1978 3668 1936 3668 1970 3668 1936 3669 1971 3669 1970 3669 1977 3670 1976 3670 1978 3670 1976 3671 1975 3671 1958 3671 1973 3672 1972 3672 1971 3672 1958 3673 1974 3673 1973 3673 1112 3674 1113 3674 1125 3674 719 3675 735 3675 733 3675 1974 3676 1988 3676 1981 3676 1988 3677 1975 3677 1983 3677 1981 3678 1988 3678 1983 3678 1987 3679 1972 3679 1981 3679 1970 3680 1987 3680 1979 3680 1983 3681 1977 3681 1979 3681 1944 3682 1955 3682 1986 3682 1986 3683 1954 3683 1982 3683 1954 3684 1984 3684 1982 3684 1984 3685 1956 3685 1982 3685 1957 3686 1985 3686 1980 3686 1985 3687 1959 3687 1980 3687 1982 3688 1944 3688 1986 3688 1814 3689 1820 3689 1815 3689 1821 3690 1814 3690 1815 3690 1820 3691 1818 3691 1775 3691 1955 3692 1944 3692 1980 3692 1961 3693 1991 3693 1993 3693 1995 3694 1992 3694 1953 3694 635 3695 643 3695 625 3695 1585 3696 1584 3696 1541 3696 754 3697 752 3697 711 3697 1951 3698 1965 3698 1996 3698 1967 3699 1953 3699 1998 3699 1849 3700 1869 3700 1882 3700 1484 3701 1482 3701 1440 3701 1854 3702 1847 3702 1892 3702 1053 3703 1050 3703 1044 3703 1995 3704 1967 3704 1993 3704 1969 3705 1994 3705 1993 3705 1965 3706 1995 3706 1989 3706 1989 3707 1995 3707 1993 3707 1963 3708 1996 3708 1989 3708 1996 3709 1965 3709 1989 3709 1991 3710 1963 3710 1989 3710 1241 3711 1255 3711 1263 3711 2088 3712 2082 3712 2078 3712 1562 3713 1549 3713 1570 3713 1232 3714 1245 3714 1280 3714 2089 3715 2085 3715 2074 3715 1577 3716 1574 3716 1566 3716 617 3717 607 3717 653 3717 2065 3718 2051 3718 2095 3718 2057 3719 2070 3719 2082 3719 1457 3720 1444 3720 1469 3720 920 3721 924 3721 914 3721 918 3722 923 3722 920 3722 2005 3723 2002 3723 1999 3723 1999 3724 2003 3724 1979 3724 1979 3725 2005 3725 1999 3725 1950 3726 1997 3726 1990 3726 1997 3727 1952 3727 1992 3727 1949 3728 1998 3728 1992 3728 1998 3729 1953 3729 1992 3729 1990 3730 1943 3730 1951 3730 942 3731 941 3731 918 3731 1831 3732 1835 3732 1836 3732 2190 3733 2181 3733 2180 3733 934 3734 949 3734 935 3734 936 3735 949 3735 937 3735 949 3736 930 3736 939 3736 930 3737 950 3737 942 3737 950 3738 943 3738 942 3738 936 3739 935 3739 949 3739 930 3740 942 3740 940 3740 930 3741 940 3741 939 3741 938 3742 937 3742 949 3742 2013 3743 2012 3743 2011 3743 2011 3744 2012 3744 2016 3744 2012 3745 2015 3745 2016 3745 2016 3746 2015 3746 2014 3746 1992 3747 1951 3747 1943 3747 2003 3748 2015 3748 2012 3748 2012 3749 2013 3749 2017 3749 2003 3750 2012 3750 2017 3750 2013 3751 2015 3751 2017 3751 2017 3752 2015 3752 2018 3752 2015 3753 2003 3753 2018 3753 2020 3754 2022 3754 2019 3754 2022 3755 2021 3755 2019 3755 2024 3756 2021 3756 2025 3756 2021 3757 2026 3757 2025 3757 2022 3758 2024 3758 1989 3758 1989 3759 2026 3759 2022 3759 2212 3760 2160 3760 2164 3760 2030 3761 2032 3761 2033 3761 2034 3762 2033 3762 2035 3762 592 3763 593 3763 597 3763 1725 3764 1722 3764 1721 3764 1936 3765 1937 3765 1964 3765 1222 3766 1215 3766 1221 3766 1004 3767 1005 3767 1003 3767 1748 3768 1754 3768 1774 3768 1344 3769 1350 3769 1371 3769 999 3770 997 3770 994 3770 654 3771 674 3771 655 3771 1747 3772 1757 3772 1773 3772 1734 3773 1733 3773 1727 3773 1734 3774 1727 3774 1729 3774 1338 3775 1340 3775 1339 3775 2046 3776 2051 3776 2044 3776 2034 3777 2035 3777 2028 3777 2035 3778 2032 3778 2028 3778 956 3779 953 3779 954 3779 953 3780 927 3780 952 3780 927 3781 961 3781 951 3781 927 3782 951 3782 952 3782 954 3783 955 3783 956 3783 2044 3784 2051 3784 2049 3784 2049 3785 2053 3785 2046 3785 961 3786 927 3786 966 3786 966 3787 963 3787 965 3787 963 3788 960 3788 962 3788 960 3789 925 3789 959 3789 925 3790 956 3790 958 3790 958 3791 956 3791 957 3791 925 3792 958 3792 959 3792 964 3793 965 3793 963 3793 2045 3794 2057 3794 2047 3794 2047 3795 2055 3795 2048 3795 2064 3796 2065 3796 2051 3796 1142 3797 1153 3797 1120 3797 2063 3798 2064 3798 2046 3798 2066 3799 2067 3799 2054 3799 2068 3800 2069 3800 2053 3800 1026 3801 1027 3801 1018 3801 2074 3802 2075 3802 2048 3802 1032 3803 1033 3803 1020 3803 1225 3804 1245 3804 1232 3804 1460 3805 1461 3805 1437 3805 2077 3806 2078 3806 2059 3806 1027 3807 1028 3807 1012 3807 1125 3808 1139 3808 1126 3808 1044 3809 1045 3809 1013 3809 1147 3810 1148 3810 1122 3810 620 3811 621 3811 602 3811 1029 3812 1030 3812 1016 3812 1137 3813 1138 3813 1124 3813 1030 3814 1031 3814 1017 3814 2067 3815 2066 3815 2068 3815 2065 3816 2064 3816 2080 3816 2065 3817 2080 3817 2066 3817 2062 3818 2061 3818 2060 3818 2060 3819 2069 3819 2068 3819 2058 3820 2089 3820 2083 3820 2086 3821 2058 3821 2083 3821 2089 3822 2055 3822 2083 3822 2055 3823 2087 3823 2083 3823 2087 3824 2056 3824 2083 3824 2083 3825 2057 3825 2045 3825 2086 3826 2088 3826 2059 3826 1831 3827 1836 3827 1834 3827 1836 3828 1832 3828 1834 3828 1154 3829 1156 3829 1155 3829 953 3830 951 3830 962 3830 951 3831 966 3831 962 3831 966 3832 964 3832 962 3832 2076 3833 2091 3833 2085 3833 967 3834 921 3834 952 3834 921 3835 917 3835 952 3835 922 3836 967 3836 913 3836 2058 3837 2076 3837 2085 3837 638 3838 642 3838 631 3838 1024 3839 1042 3839 1048 3839 1279 3840 1274 3840 1234 3840 2069 3841 2053 3841 2101 3841 1021 3842 1036 3842 1050 3842 1167 3843 1173 3843 1127 3843 2063 3844 2052 3844 2100 3844 2097 3845 2093 3845 2052 3845 2059 3846 2078 3846 2091 3846 2044 3847 2051 3847 2100 3847 2100 3848 2052 3848 2093 3848 2050 3849 2101 3849 2093 3849 979 3850 977 3850 978 3850 984 3851 962 3851 985 3851 1033 3852 1020 3852 1059 3852 1244 3853 1233 3853 1271 3853 1023 3854 1044 3854 1048 3854 2094 3855 2101 3855 2050 3855 2099 3856 2095 3856 2053 3856 1047 3857 1055 3857 1038 3857 1238 3858 1252 3858 1262 3858 1025 3859 1040 3859 1055 3859 1017 3860 1031 3860 1064 3860 2067 3861 2054 3861 2095 3861 696 3862 698 3862 697 3862 2082 3863 2102 3863 2105 3863 2109 3864 2082 3864 2105 3864 2103 3865 2108 3865 2107 3865 2105 3866 2103 3866 2107 3866 2139 3867 2134 3867 2136 3867 2108 3868 2103 3868 2102 3868 1962 3869 1960 3869 1958 3869 2117 3870 2119 3870 2118 3870 2116 3871 2115 3871 2117 3871 2117 3872 2115 3872 2103 3872 2119 3873 2103 3873 2115 3873 2115 3874 2116 3874 2122 3874 2124 3875 2128 3875 2123 3875 2128 3876 2127 3876 2123 3876 2097 3877 2092 3877 2094 3877 2118 3878 2115 3878 2121 3878 2115 3879 2120 3879 2121 3879 2116 3880 2118 3880 2122 3880 1132 3881 1119 3881 1122 3881 917 3882 921 3882 961 3882 921 3883 968 3883 961 3883 968 3884 922 3884 913 3884 961 3885 968 3885 913 3885 1059 3886 1056 3886 1060 3886 1324 3887 1323 3887 1328 3887 1979 3888 2003 3888 2004 3888 1529 3889 1526 3889 1527 3889 1013 3890 1011 3890 1010 3890 2150 3891 2145 3891 2148 3891 1390 3892 1384 3892 1341 3892 804 3893 802 3893 799 3893 1930 3894 1931 3894 1925 3894 707 3895 706 3895 705 3895 2159 3896 2153 3896 2152 3896 842 3897 843 3897 807 3897 1738 3898 1740 3898 1739 3898 2160 3899 2156 3899 2158 3899 2161 3900 2158 3900 2152 3900 2161 3901 2152 3901 2154 3901 2160 3902 2154 3902 2156 3902 2159 3903 2162 3903 2153 3903 2157 3904 2163 3904 2159 3904 1752 3905 1753 3905 1740 3905 625 3906 626 3906 602 3906 1139 3907 1141 3907 1128 3907 927 3908 928 3908 919 3908 1346 3909 1347 3909 1342 3909 1739 3910 1751 3910 1743 3910 1345 3911 1346 3911 1335 3911 2168 3912 2141 3912 2164 3912 2141 3913 2165 3913 2164 3913 2167 3914 2166 3914 2165 3914 2140 3915 2159 3915 2170 3915 2140 3916 2170 3916 2155 3916 738 3917 733 3917 731 3917 2189 3918 2172 3918 2153 3918 1758 3919 1757 3919 1738 3919 1737 3920 1777 3920 1776 3920 2206 3921 2207 3921 2208 3921 2208 3922 2205 3922 2206 3922 2205 3923 2164 3923 2204 3923 2164 3924 2202 3924 2203 3924 2164 3925 2203 3925 2204 3925 948 3926 932 3926 914 3926 895 3927 898 3927 896 3927 2166 3928 2208 3928 2210 3928 2198 3929 2166 3929 2195 3929 2211 3930 2198 3930 2199 3930 2201 3931 2211 3931 2200 3931 2202 3932 2164 3932 2211 3932 2201 3933 2202 3933 2211 3933 2208 3934 2209 3934 2210 3934 2200 3935 2211 3935 2199 3935 2166 3936 2210 3936 2194 3936 2166 3937 2194 3937 2195 3937 2198 3938 2195 3938 2197 3938 2156 3939 2160 3939 2212 3939 2212 3940 2161 3940 2204 3940 2161 3941 2152 3941 2204 3941 2204 3942 2156 3942 2212 3942 2196 3943 2152 3943 2211 3943 2152 3944 2161 3944 2211 3944 2211 3945 2160 3945 2156 3945 2211 3946 2156 3946 2196 3946 1124 3947 1125 3947 1120 3947 1125 3948 1126 3948 1120 3948 1126 3949 1118 3949 1120 3949 1120 3950 1123 3950 1127 3950 2192 3951 2190 3951 2177 3951 2176 3952 2192 3952 2177 3952 2190 3953 2180 3953 2179 3953 2190 3954 2179 3954 2178 3954 2169 3955 2192 3955 2174 3955 2192 3956 2176 3956 2175 3956 2191 3957 2169 3957 2172 3957 2193 3958 2191 3958 2187 3958 2185 3959 2193 3959 2186 3959 2190 3960 2170 3960 2181 3960 2170 3961 2193 3961 2183 3961 2183 3962 2193 3962 2184 3962 2183 3963 2181 3963 2170 3963 2190 3964 2178 3964 2177 3964 2185 3965 2184 3965 2193 3965 2192 3966 2175 3966 2174 3966 2186 3967 2193 3967 2187 3967 2169 3968 2174 3968 2172 3968 2188 3969 2187 3969 2191 3969 2191 3970 2172 3970 2189 3970 1005 3971 1009 3971 1008 3971 696 3972 693 3972 698 3972 2203 3973 2207 3973 2205 3973 2199 3974 2197 3974 2201 3974 2194 3975 2209 3975 2197 3975 2197 3976 2209 3976 2207 3976 2184 3977 2186 3977 2228 3977 2186 3978 2188 3978 2228 3978 2188 3979 2172 3979 2228 3979 2179 3980 2181 3980 2177 3980 2181 3981 2184 3981 2228 3981 1012 3982 1025 3982 1013 3982 1021 3983 1012 3983 1011 3983 2162 3984 2169 3984 2191 3984 906 3985 910 3985 911 3985 1225 3986 1244 3986 1257 3986 2173 3987 2162 3987 2153 3987 2163 3988 2190 3988 2157 3988 2223 3989 2222 3989 2221 3989 2222 3990 2226 3990 2224 3990 2230 3991 2233 3991 2232 3991 2233 3992 2235 3992 2232 3992 2234 3993 2230 3993 2229 3993 2227 3994 2225 3994 2221 3994 2226 3995 2222 3995 2227 3995 2225 3996 2228 3996 2221 3996 2235 3997 2231 3997 2232 3997 2231 3998 2230 3998 2234 3998 1737 3999 1775 3999 1786 3999 675 4000 677 4000 678 4000 2233 4001 2236 4001 2234 4001 2229 4002 2233 4002 2234 4002 2197 4003 2234 4003 2235 4003 2234 4004 2236 4004 2235 4004 2229 4005 2197 4005 2233 4005 2235 4006 2233 4006 2197 4006 1031 4007 1030 4007 1032 4007 1032 4008 1034 4008 1033 4008 2239 4009 2243 4009 2244 4009</p>
        </triangles>
        <triangles material="metallic-material" count="2050">
          <input semantic="VERTEX" source="#Test_010-mesh-vertices" offset="0"/>
          <input semantic="NORMAL" source="#Test_010-mesh-normals" offset="1"/>
          <p>152 4010 230 4010 232 4010 6 4011 19 4011 9 4011 23 4012 5 4012 3 4012 23 4013 3 4013 26 4013 18 4014 30 4014 6 4014 25 4015 20 4015 19 4015 25 4016 19 4016 26 4016 26 4017 19 4017 6 4017 26 4018 6 4018 20 4018 12 4019 29 4019 1 4019 28 4020 12 4020 14 4020 11 4021 27 4021 2 4021 16 4022 6 4022 30 4022 31 4023 21 4023 32 4023 32 4024 21 4024 4 4024 4 4025 22 4025 32 4025 33 4026 7 4026 6 4026 33 4027 6 4027 34 4027 34 4028 6 4028 35 4028 35 4029 6 4029 36 4029 337 4030 332 4030 285 4030 37 4031 13 4031 1 4031 37 4032 1 4032 0 4032 24 4033 0 4033 9 4033 25 4034 2 4034 38 4034 38 4035 17 4035 30 4035 483 4036 1295 4036 1296 4036 870 4037 421 4037 873 4037 458 4038 457 4038 1076 4038 61 4039 55 4039 56 4039 339 4040 328 4040 340 4040 234 4041 239 4041 169 4041 62 4042 61 4042 49 4042 62 4043 39 4043 61 4043 87 4044 60 4044 58 4044 87 4045 58 4045 63 4045 63 4046 58 4046 42 4046 63 4047 42 4047 60 4047 61 4048 64 4048 63 4048 61 4049 63 4049 59 4049 44 4050 59 4050 65 4050 44 4051 65 4051 64 4051 164 4052 165 4052 75 4052 308 4053 294 4053 575 4053 280 4054 299 4054 297 4054 174 4055 179 4055 177 4055 114 4056 249 4056 198 4056 84 4057 136 4057 137 4057 359 4058 358 4058 280 4058 49 4059 53 4059 50 4059 503 4060 1398 4060 1399 4060 247 4061 93 4061 246 4061 513 4062 514 4062 573 4062 60 4063 41 4063 58 4063 540 4064 351 4064 542 4064 392 4065 401 4065 400 4065 171 4066 170 4066 169 4066 99 4067 111 4067 79 4067 101 4068 98 4068 77 4068 187 4069 244 4069 188 4069 587 4070 386 4070 385 4070 122 4071 118 4071 121 4071 135 4072 83 4072 138 4072 1184 4073 1182 4073 1183 4073 286 4074 297 4074 383 4074 105 4075 107 4075 78 4075 79 4076 111 4076 110 4076 298 4077 588 4077 401 4077 159 4078 157 4078 90 4078 75 4079 58 4079 163 4079 126 4080 123 4080 250 4080 181 4081 180 4081 182 4081 185 4082 181 4082 58 4082 186 4083 187 4083 68 4083 243 4084 184 4084 237 4084 94 4085 193 4085 93 4085 93 4086 193 4086 92 4086 93 4087 194 4087 95 4087 93 4088 96 4088 194 4088 97 4089 195 4089 98 4089 98 4090 195 4090 99 4090 102 4091 196 4091 69 4091 102 4092 104 4092 196 4092 79 4093 197 4093 109 4093 115 4094 198 4094 116 4094 115 4095 114 4095 198 4095 133 4096 202 4096 83 4096 83 4097 202 4097 134 4097 137 4098 203 4098 228 4098 223 4099 222 4099 544 4099 204 4100 66 4100 205 4100 205 4101 66 4101 206 4101 191 4102 244 4102 247 4102 207 4103 66 4103 208 4103 208 4104 66 4104 209 4104 209 4105 66 4105 83 4105 209 4106 83 4106 210 4106 210 4107 83 4107 211 4107 211 4108 83 4108 212 4108 212 4109 83 4109 49 4109 212 4110 49 4110 213 4110 213 4111 49 4111 214 4111 214 4112 49 4112 215 4112 217 4113 70 4113 218 4113 219 4114 58 4114 220 4114 220 4115 58 4115 221 4115 221 4116 58 4116 222 4116 222 4117 58 4117 41 4117 222 4118 41 4118 223 4118 223 4119 41 4119 224 4119 224 4120 41 4120 225 4120 226 4121 70 4121 227 4121 227 4122 70 4122 216 4122 146 4123 83 4123 229 4123 146 4124 229 4124 147 4124 148 4125 150 4125 230 4125 148 4126 230 4126 151 4126 176 4127 234 4127 175 4127 175 4128 234 4128 235 4128 175 4129 235 4129 174 4129 174 4130 235 4130 176 4130 239 4131 171 4131 172 4131 185 4132 237 4132 181 4132 181 4133 237 4133 184 4133 199 4134 248 4134 113 4134 303 4135 432 4135 590 4135 161 4136 165 4136 168 4136 311 4137 310 4137 282 4137 13 4138 22 4138 31 4138 40 4139 83 4139 81 4139 92 4140 193 4140 247 4140 467 4141 468 4141 304 4141 72 4142 96 4142 246 4142 419 4143 426 4143 301 4143 110 4144 106 4144 197 4144 119 4145 116 4145 249 4145 474 4146 1187 4146 1188 4146 228 4147 138 4147 252 4147 660 4148 398 4148 397 4148 142 4149 253 4149 228 4149 253 4150 229 4150 228 4150 515 4151 581 4151 573 4151 230 4152 228 4152 151 4152 157 4153 241 4153 158 4153 158 4154 241 4154 233 4154 173 4155 176 4155 163 4155 185 4156 182 4156 243 4156 520 4157 582 4157 519 4157 162 4158 91 4158 160 4158 308 4159 309 4159 283 4159 132 4160 49 4160 86 4160 558 4161 565 4161 304 4161 1698 4162 533 4162 1700 4162 562 4163 578 4163 461 4163 103 4164 100 4164 105 4164 524 4165 1699 4165 1700 4165 192 4166 193 4166 258 4166 534 4167 322 4167 324 4167 231 4168 230 4168 150 4168 99 4169 86 4169 47 4169 192 4170 189 4170 58 4170 271 4171 259 4171 277 4171 277 4172 259 4172 272 4172 278 4173 264 4173 265 4173 278 4174 265 4174 266 4174 572 4175 275 4175 273 4175 572 4176 274 4176 275 4176 35 4177 279 4177 277 4177 35 4178 277 4178 33 4178 28 4179 279 4179 35 4179 84 4180 138 4180 203 4180 285 4181 282 4181 294 4181 259 4182 222 4182 280 4182 131 4183 133 4183 84 4183 516 4184 518 4184 591 4184 556 4185 590 4185 432 4185 41 4186 48 4186 70 4186 233 4187 240 4187 160 4187 69 4188 77 4188 40 4188 28 4189 572 4189 278 4189 422 4190 421 4190 300 4190 569 4191 304 4191 476 4191 1905 4192 331 4192 1904 4192 228 4193 153 4193 163 4193 570 4194 572 4194 579 4194 282 4195 308 4195 283 4195 136 4196 135 4196 228 4196 319 4197 309 4197 316 4197 284 4198 320 4198 321 4198 306 4199 580 4199 507 4199 295 4200 353 4200 341 4200 339 4201 346 4201 347 4201 346 4202 348 4202 347 4202 361 4203 364 4203 365 4203 297 4204 376 4204 371 4204 378 4205 379 4205 286 4205 305 4206 259 4206 271 4206 297 4207 389 4207 388 4207 299 4208 402 4208 403 4208 197 4209 107 4209 196 4209 511 4210 510 4210 580 4210 115 4211 117 4211 113 4211 302 4212 544 4212 266 4212 442 4213 441 4213 443 4213 164 4214 240 4214 167 4214 66 4215 215 4215 49 4215 228 4216 83 4216 147 4216 251 4217 202 4217 133 4217 511 4218 508 4218 510 4218 557 4219 590 4219 560 4219 305 4220 478 4220 304 4220 283 4221 522 4221 523 4221 458 4222 448 4222 457 4222 293 4223 503 4223 497 4223 542 4224 296 4224 544 4224 512 4225 510 4225 292 4225 185 4226 184 4226 192 4226 513 4227 293 4227 515 4227 95 4228 194 4228 94 4228 514 4229 515 4229 307 4229 235 4230 242 4230 178 4230 17 4231 38 4231 2 4231 317 4232 534 4232 316 4232 316 4233 534 4233 319 4233 319 4234 534 4234 535 4234 319 4235 535 4235 320 4235 320 4236 535 4236 321 4236 321 4237 535 4237 312 4237 312 4238 535 4238 536 4238 312 4239 536 4239 313 4239 313 4240 536 4240 314 4240 314 4241 536 4241 315 4241 311 4242 534 4242 310 4242 310 4243 534 4243 318 4243 335 4244 537 4244 336 4244 336 4245 537 4245 534 4245 336 4246 534 4246 337 4246 337 4247 534 4247 332 4247 332 4248 534 4248 331 4248 564 4249 471 4249 566 4249 325 4250 538 4250 326 4250 326 4251 538 4251 330 4251 557 4252 446 4252 445 4252 329 4253 537 4253 327 4253 327 4254 537 4254 333 4254 334 4255 537 4255 335 4255 352 4256 540 4256 353 4256 353 4257 540 4257 341 4257 342 4258 540 4258 343 4258 343 4259 540 4259 344 4259 344 4260 540 4260 541 4260 344 4261 541 4261 345 4261 345 4262 541 4262 346 4262 346 4263 541 4263 348 4263 348 4264 541 4264 542 4264 348 4265 542 4265 349 4265 349 4266 542 4266 350 4266 350 4267 542 4267 351 4267 365 4268 543 4268 366 4268 366 4269 543 4269 367 4269 367 4270 543 4270 544 4270 367 4271 544 4271 368 4271 368 4272 544 4272 359 4272 359 4273 544 4273 358 4273 358 4274 544 4274 356 4274 357 4275 545 4275 363 4275 363 4276 545 4276 362 4276 362 4277 545 4277 360 4277 360 4278 545 4278 543 4278 360 4279 543 4279 364 4279 364 4280 543 4280 365 4280 380 4281 546 4281 381 4281 381 4282 546 4282 547 4282 381 4283 547 4283 382 4283 382 4284 547 4284 375 4284 375 4285 547 4285 376 4285 376 4286 547 4286 544 4286 376 4287 544 4287 371 4287 371 4288 544 4288 372 4288 372 4289 544 4289 373 4289 538 4290 331 4290 534 4290 374 4291 546 4291 377 4291 377 4292 546 4292 378 4292 168 4293 167 4293 169 4293 379 4294 546 4294 380 4294 386 4295 298 4295 383 4295 383 4296 298 4296 385 4296 390 4297 550 4297 389 4297 389 4298 550 4298 548 4298 389 4299 548 4299 388 4299 388 4300 548 4300 397 4300 397 4301 548 4301 398 4301 399 4302 549 4302 387 4302 387 4303 549 4303 394 4303 395 4304 549 4304 396 4304 396 4305 549 4305 393 4305 393 4306 549 4306 550 4306 393 4307 550 4307 391 4307 391 4308 550 4308 390 4308 414 4309 553 4309 413 4309 413 4310 553 4310 551 4310 413 4311 551 4311 402 4311 402 4312 551 4312 403 4312 403 4313 551 4313 404 4313 405 4314 552 4314 406 4314 406 4315 552 4315 407 4315 408 4316 553 4316 409 4316 409 4317 553 4317 411 4317 411 4318 553 4318 412 4318 412 4319 553 4319 414 4319 427 4320 303 4320 428 4320 428 4321 303 4321 429 4321 555 4322 425 4322 424 4322 430 4323 555 4323 422 4323 422 4324 555 4324 421 4324 538 4325 329 4325 330 4325 420 4326 555 4326 423 4326 423 4327 555 4327 424 4327 425 4328 556 4328 419 4328 419 4329 556 4329 426 4329 555 4330 420 4330 421 4330 546 4331 373 4331 544 4331 221 4332 259 4332 220 4332 220 4333 259 4333 219 4333 218 4334 287 4334 217 4334 217 4335 287 4335 216 4335 216 4336 287 4336 227 4336 227 4337 287 4337 226 4337 226 4338 287 4338 225 4338 225 4339 287 4339 280 4339 225 4340 280 4340 224 4340 224 4341 280 4341 223 4341 223 4342 280 4342 222 4342 210 4343 294 4343 209 4343 209 4344 294 4344 208 4344 208 4345 294 4345 302 4345 208 4346 302 4346 207 4346 207 4347 302 4347 206 4347 206 4348 302 4348 205 4348 205 4349 302 4349 204 4349 204 4350 302 4350 263 4350 204 4351 263 4351 215 4351 215 4352 263 4352 214 4352 214 4353 263 4353 213 4353 213 4354 263 4354 212 4354 211 4355 294 4355 210 4355 444 4356 557 4356 445 4356 544 4357 357 4357 356 4357 446 4358 558 4358 434 4358 434 4359 558 4359 435 4359 435 4360 558 4360 436 4360 436 4361 558 4361 559 4361 436 4362 559 4362 437 4362 437 4363 559 4363 438 4363 438 4364 559 4364 439 4364 439 4365 559 4365 440 4365 440 4366 559 4366 557 4366 440 4367 557 4367 441 4367 441 4368 557 4368 443 4368 443 4369 557 4369 444 4369 456 4370 561 4370 457 4370 457 4371 561 4371 458 4371 458 4372 561 4372 459 4372 459 4373 561 4373 460 4373 460 4374 561 4374 452 4374 452 4375 561 4375 562 4375 452 4376 562 4376 451 4376 451 4377 562 4377 450 4377 450 4378 562 4378 563 4378 450 4379 563 4379 449 4379 449 4380 563 4380 453 4380 453 4381 563 4381 454 4381 454 4382 563 4382 455 4382 455 4383 563 4383 561 4383 455 4384 561 4384 456 4384 472 4385 564 4385 473 4385 473 4386 564 4386 474 4386 475 4387 564 4387 464 4387 464 4388 564 4388 465 4388 465 4389 564 4389 565 4389 465 4390 565 4390 466 4390 466 4391 565 4391 467 4391 467 4392 565 4392 468 4392 468 4393 565 4393 566 4393 468 4394 566 4394 469 4394 469 4395 566 4395 470 4395 470 4396 566 4396 471 4396 477 4397 564 4397 478 4397 478 4398 564 4398 304 4398 491 4399 567 4399 479 4399 479 4400 567 4400 480 4400 480 4401 567 4401 481 4401 534 4402 315 4402 536 4402 488 4403 568 4403 487 4403 487 4404 568 4404 486 4404 485 4405 568 4405 484 4405 484 4406 568 4406 483 4406 483 4407 568 4407 569 4407 483 4408 569 4408 489 4408 489 4409 569 4409 490 4409 490 4410 569 4410 491 4410 491 4411 569 4411 567 4411 498 4412 570 4412 504 4412 505 4413 570 4413 506 4413 506 4414 570 4414 499 4414 499 4415 570 4415 571 4415 499 4416 571 4416 500 4416 500 4417 571 4417 495 4417 495 4418 571 4418 496 4418 496 4419 571 4419 572 4419 496 4420 572 4420 501 4420 501 4421 572 4421 502 4421 502 4422 572 4422 503 4422 552 4423 404 4423 551 4423 497 4424 570 4424 498 4424 513 4425 516 4425 307 4425 307 4426 516 4426 514 4426 527 4427 575 4427 528 4427 576 4428 523 4428 522 4428 529 4429 576 4429 530 4429 530 4430 576 4430 531 4430 531 4431 576 4431 522 4431 523 4432 308 4432 533 4432 533 4433 308 4433 532 4433 532 4434 308 4434 524 4434 575 4435 529 4435 528 4435 525 4436 575 4436 526 4436 526 4437 575 4437 527 4437 5 4438 36 4438 6 4438 256 4439 216 4439 257 4439 141 4440 138 4440 140 4440 127 4441 125 4441 82 4441 395 4442 384 4442 394 4442 477 4443 478 4443 476 4443 308 4444 525 4444 524 4444 152 4445 153 4445 74 4445 537 4446 539 4446 534 4446 537 4447 538 4447 584 4447 201 4448 251 4448 130 4448 141 4449 228 4449 139 4449 70 4450 225 4450 41 4450 563 4451 289 4451 577 4451 6 4452 17 4452 10 4452 563 4453 304 4453 578 4453 387 4454 663 4454 664 4454 304 4455 564 4455 476 4455 385 4456 384 4456 383 4456 281 4457 517 4457 518 4457 90 4458 156 4458 74 4458 369 4459 361 4459 297 4459 591 4460 254 4460 255 4460 8 4461 26 4461 3 4461 243 4462 181 4462 68 4462 79 4463 40 4463 73 4463 424 4464 876 4464 874 4464 149 4465 232 4465 230 4465 97 4466 72 4466 77 4466 83 4467 58 4467 89 4467 66 4468 52 4468 83 4468 660 4469 661 4469 662 4469 387 4470 664 4470 399 4470 399 4471 664 4471 398 4471 770 4472 404 4472 769 4472 397 4473 665 4473 388 4473 389 4474 663 4474 390 4474 391 4475 663 4475 393 4475 393 4476 663 4476 396 4476 395 4477 663 4477 394 4477 664 4478 663 4478 665 4478 287 4479 301 4479 300 4479 299 4480 287 4480 300 4480 462 4481 290 4481 461 4481 266 4482 264 4482 302 4482 1695 4483 529 4483 1697 4483 766 4484 765 4484 767 4484 406 4485 769 4485 405 4485 405 4486 769 4486 404 4486 403 4487 770 4487 402 4487 413 4488 768 4488 414 4488 336 4489 1905 4489 1906 4489 412 4490 768 4490 411 4490 411 4491 768 4491 409 4491 2112 4492 357 4492 2114 4492 408 4493 768 4493 407 4493 769 4494 768 4494 770 4494 5 4495 28 4495 36 4495 159 4496 163 4496 157 4496 438 4497 975 4497 974 4497 303 4498 430 4498 429 4498 259 4499 218 4499 219 4499 871 4500 870 4500 872 4500 872 4501 870 4501 873 4501 426 4502 419 4502 872 4502 420 4503 874 4503 421 4503 421 4504 874 4504 422 4504 430 4505 874 4505 429 4505 428 4506 875 4506 427 4506 427 4507 875 4507 426 4507 665 4508 398 4508 664 4508 419 4509 876 4509 425 4509 424 4510 874 4510 423 4510 527 4511 1698 4511 1699 4511 875 4512 874 4512 876 4512 365 4513 2112 4513 2113 4513 516 4514 517 4514 515 4514 126 4515 127 4515 122 4515 132 4516 51 4516 49 4516 2215 4517 2213 4517 2214 4517 71 4518 72 4518 95 4518 304 4519 572 4519 558 4519 546 4520 586 4520 286 4520 127 4521 250 4521 201 4521 534 4522 302 4522 572 4522 970 4523 972 4523 971 4523 970 4524 434 4524 446 4524 439 4525 438 4525 972 4525 437 4526 974 4526 436 4526 435 4527 973 4527 434 4527 446 4528 973 4528 445 4528 444 4529 973 4529 443 4529 441 4530 975 4530 440 4530 440 4531 975 4531 439 4531 438 4532 974 4532 437 4532 975 4533 973 4533 974 4533 300 4534 589 4534 555 4534 341 4535 2009 4535 2008 4535 90 4536 155 4536 163 4536 106 4537 105 4537 69 4537 553 4538 407 4538 552 4538 156 4539 241 4539 155 4539 1075 4540 453 4540 449 4540 1075 4541 1076 4541 1077 4541 451 4542 1079 4542 452 4542 460 4543 1080 4543 459 4543 413 4544 770 4544 768 4544 458 4545 1081 4545 457 4545 456 4546 1081 4546 455 4546 455 4547 1081 4547 454 4547 1399 4548 500 4548 495 4548 453 4549 1079 4549 449 4549 449 4550 1079 4550 450 4550 1294 4551 485 4551 1296 4551 1079 4552 1078 4552 1080 4552 1080 4553 1078 4553 1081 4553 1081 4554 1078 4554 1079 4554 254 4555 210 4555 211 4555 549 4556 587 4556 550 4556 322 4557 327 4557 328 4557 252 4558 141 4558 140 4558 291 4559 493 4559 482 4559 143 4560 144 4560 85 4560 305 4561 484 4561 483 4561 91 4562 240 4562 233 4562 876 4563 426 4563 875 4563 228 4564 152 4564 149 4564 549 4565 398 4565 548 4565 293 4566 291 4566 305 4566 1185 4567 1182 4567 1184 4567 1183 4568 467 4568 466 4568 464 4569 1187 4569 475 4569 428 4570 874 4570 875 4570 474 4571 1188 4571 473 4571 473 4572 1188 4572 472 4572 471 4573 1188 4573 470 4573 30 4574 17 4574 15 4574 469 4575 1189 4575 468 4575 468 4576 1189 4576 467 4576 466 4577 1187 4577 465 4577 1188 4578 1186 4578 1189 4578 1189 4579 1186 4579 1187 4579 1804 4580 312 4580 313 4580 151 4581 150 4581 89 4581 442 4582 288 4582 447 4582 513 4583 581 4583 516 4583 1292 4584 1289 4584 1290 4584 481 4585 1292 4585 488 4585 1291 4586 490 4586 489 4586 486 4587 1294 4587 487 4587 488 4588 1294 4588 481 4588 480 4589 1295 4589 479 4589 479 4590 1295 4590 491 4590 490 4591 1295 4591 489 4591 483 4592 1296 4592 484 4592 484 4593 1296 4593 485 4593 1294 4594 1293 4594 1295 4594 1295 4595 1293 4595 1296 4595 2220 4596 2217 4596 2218 4596 80 4597 73 4597 114 4597 409 4598 400 4598 408 4598 534 4599 583 4599 535 4599 543 4600 586 4600 369 4600 88 4601 230 4601 231 4601 79 4602 69 4602 40 4602 499 4603 506 4603 1393 4603 500 4604 1397 4604 499 4604 499 4605 1397 4605 506 4605 1904 4606 334 4606 1906 4606 505 4607 1398 4607 504 4607 498 4608 1398 4608 497 4608 389 4609 665 4609 663 4609 503 4610 1399 4610 502 4610 501 4611 1399 4611 496 4611 496 4612 1399 4612 495 4612 1399 4613 1396 4613 1397 4613 1397 4614 1396 4614 1398 4614 1398 4615 1396 4615 1399 4615 544 4616 355 4616 354 4616 503 4617 502 4617 1393 4617 293 4618 305 4618 275 4618 91 4619 58 4619 161 4619 526 4620 527 4620 521 4620 236 4621 243 4621 180 4621 181 4622 243 4622 236 4622 112 4623 248 4623 199 4623 560 4624 577 4624 447 4624 396 4625 662 4625 393 4625 109 4626 111 4626 78 4626 415 4627 589 4627 416 4627 128 4628 129 4628 130 4628 544 4629 370 4629 369 4629 548 4630 298 4630 587 4630 197 4631 79 4631 110 4631 544 4632 259 4632 276 4632 304 4633 569 4633 568 4633 499 4634 500 4634 494 4634 579 4635 493 4635 571 4635 589 4636 410 4636 417 4636 5 4637 6 4637 3 4637 303 4638 435 4638 436 4638 361 4639 370 4639 586 4639 1695 4640 532 4640 533 4640 280 4641 296 4641 263 4641 155 4642 154 4642 156 4642 323 4643 324 4643 284 4643 110 4644 109 4644 248 4644 441 4645 973 4645 975 4645 103 4646 102 4646 100 4646 103 4647 104 4647 99 4647 536 4648 584 4648 324 4648 408 4649 407 4649 765 4649 413 4650 414 4650 767 4650 300 4651 544 4651 551 4651 523 4652 1698 4652 522 4652 531 4653 1698 4653 530 4653 529 4654 1698 4654 528 4654 346 4655 2008 4655 2010 4655 527 4656 1699 4656 526 4656 526 4657 1699 4657 525 4657 362 4658 2113 4658 2114 4658 524 4659 1700 4659 532 4659 532 4660 1700 4660 533 4660 1699 4661 1698 4661 1700 4661 117 4662 73 4662 119 4662 274 4663 273 4663 305 4663 270 4664 558 4664 271 4664 568 4665 481 4665 567 4665 458 4666 1080 4666 1081 4666 558 4667 256 4667 300 4667 563 4668 290 4668 304 4668 286 4669 587 4669 385 4669 111 4670 248 4670 197 4670 556 4671 427 4671 426 4671 165 4672 166 4672 162 4672 70 4673 40 4673 77 4673 263 4674 296 4674 295 4674 263 4675 211 4675 212 4675 28 4676 13 4676 37 4676 1796 4677 1797 4677 1798 4677 1796 4678 1798 4678 1799 4678 1796 4679 1799 4679 1800 4679 1796 4680 1800 4680 1797 4680 311 4681 1800 4681 310 4681 453 4682 1081 4682 1079 4682 312 4683 1802 4683 321 4683 321 4684 1802 4684 320 4684 319 4685 1802 4685 316 4685 317 4686 1803 4686 318 4686 318 4687 1803 4687 310 4687 310 4688 1803 4688 1804 4688 310 4689 1804 4689 311 4689 311 4690 1804 4690 315 4690 315 4691 1804 4691 314 4691 314 4692 1804 4692 313 4692 1804 4693 1801 4693 1802 4693 1802 4694 1801 4694 1803 4694 1803 4695 1801 4695 1804 4695 113 4696 111 4696 112 4696 481 4697 476 4697 480 4697 1187 4698 467 4698 1189 4698 177 4699 242 4699 236 4699 372 4700 2218 4700 371 4700 9 4701 0 4701 8 4701 186 4702 188 4702 192 4702 162 4703 167 4703 240 4703 1902 4704 331 4704 332 4704 326 4705 1904 4705 325 4705 325 4706 1904 4706 331 4706 332 4707 1905 4707 337 4707 336 4708 1906 4708 335 4708 335 4709 1906 4709 334 4709 333 4710 1904 4710 327 4710 1187 4711 464 4711 465 4711 329 4712 1904 4712 330 4712 469 4713 1188 4713 1189 4713 1905 4714 1904 4714 1906 4714 2110 4715 365 4715 364 4715 381 4716 2218 4716 2219 4716 509 4717 292 4717 508 4717 249 4718 120 4718 118 4718 70 4719 219 4719 218 4719 576 4720 521 4720 283 4720 474 4721 462 4721 473 4721 289 4722 450 4722 449 4722 1797 4723 321 4723 320 4723 344 4724 343 4724 2006 4724 973 4725 436 4725 974 4725 343 4726 2009 4726 342 4726 341 4727 2008 4727 353 4727 353 4728 2008 4728 352 4728 351 4729 2008 4729 350 4729 349 4730 2008 4730 348 4730 406 4731 768 4731 769 4731 346 4732 2010 4732 345 4732 345 4733 2010 4733 344 4733 2010 4734 2008 4734 2009 4734 344 4735 2009 4735 343 4735 570 4736 503 4736 572 4736 349 4737 348 4737 2006 4737 158 4738 159 4738 91 4738 415 4739 416 4739 410 4739 124 4740 118 4740 81 4740 186 4741 189 4741 188 4741 200 4742 250 4742 121 4742 15 4743 17 4743 18 4743 2110 4744 356 4744 358 4744 356 4745 2112 4745 358 4745 460 4746 1079 4746 1080 4746 359 4747 2112 4747 368 4747 367 4748 2112 4748 366 4748 317 4749 1802 4749 1803 4749 365 4750 2113 4750 364 4750 364 4751 2113 4751 360 4751 374 4752 2219 4752 2220 4752 362 4753 2114 4753 363 4753 363 4754 2114 4754 357 4754 1398 4755 506 4755 1397 4755 2113 4756 2112 4756 2114 4756 178 4757 185 4757 163 4757 591 4758 308 4758 282 4758 200 4759 117 4759 118 4759 8 4760 23 4760 24 4760 2213 4761 2216 4761 2214 4761 2214 4762 376 4762 375 4762 377 4763 374 4763 2216 4763 371 4764 2218 4764 376 4764 375 4765 2218 4765 382 4765 381 4766 2219 4766 380 4766 480 4767 1294 4767 1295 4767 379 4768 2219 4768 378 4768 378 4769 2219 4769 377 4769 374 4770 2220 4770 373 4770 373 4771 2220 4771 372 4771 2218 4772 2217 4772 2219 4772 2219 4773 2217 4773 2220 4773 153 4774 152 4774 232 4774 20 4775 11 4775 2 4775 2 4776 10 4776 17 4776 9 4777 19 4777 2 4777 19 4778 20 4778 2 4778 14 4779 1 4779 29 4779 12 4780 28 4780 29 4780 10 4781 2 4781 27 4781 330 4782 329 4782 322 4782 285 4783 328 4783 334 4783 336 4784 285 4784 335 4784 328 4785 327 4785 333 4785 328 4786 333 4786 334 4786 326 4787 330 4787 322 4787 325 4788 326 4788 322 4788 334 4789 335 4789 285 4789 325 4790 322 4790 331 4790 322 4791 285 4791 331 4791 285 4792 336 4792 337 4792 332 4793 331 4793 285 4793 392 4794 588 4794 550 4794 550 4795 384 4795 392 4795 483 4796 489 4796 1295 4796 870 4797 420 4797 421 4797 18 4798 38 4798 30 4798 457 4799 456 4799 1077 4799 1076 4800 452 4800 460 4800 1076 4801 460 4801 459 4801 457 4802 1077 4802 1076 4802 459 4803 458 4803 1076 4803 24 4804 9 4804 26 4804 11 4805 34 4805 35 4805 11 4806 35 4806 38 4806 35 4807 26 4807 20 4807 35 4808 20 4808 38 4808 20 4809 25 4809 38 4809 27 4810 11 4810 38 4810 27 4811 38 4811 10 4811 45 4812 44 4812 64 4812 45 4813 64 4813 61 4813 45 4814 61 4814 40 4814 49 4815 40 4815 39 4815 39 4816 40 4816 61 4816 54 4817 49 4817 61 4817 50 4818 53 4818 54 4818 54 4819 61 4819 50 4819 50 4820 61 4820 51 4820 52 4821 51 4821 61 4821 61 4822 59 4822 55 4822 59 4823 58 4823 55 4823 57 4824 52 4824 56 4824 56 4825 52 4825 61 4825 58 4826 57 4826 55 4826 328 4827 338 4827 340 4827 239 4828 75 4828 169 4828 169 4829 170 4829 234 4829 58 4830 75 4830 165 4830 75 4831 166 4831 164 4831 354 4832 542 4832 545 4832 293 4833 275 4833 302 4833 294 4834 582 4834 575 4834 432 4835 303 4835 433 4835 299 4836 298 4836 297 4836 176 4837 235 4837 178 4837 234 4838 242 4838 235 4838 161 4839 168 4839 163 4839 58 4840 178 4840 179 4840 177 4841 178 4841 67 4841 174 4842 58 4842 179 4842 177 4843 67 4843 174 4843 114 4844 199 4844 249 4844 84 4845 83 4845 136 4845 137 4846 228 4846 135 4846 137 4847 135 4847 84 4847 580 4848 571 4848 508 4848 494 4849 508 4849 571 4849 508 4850 307 4850 573 4850 508 4851 573 4851 580 4851 263 4852 276 4852 280 4852 363 4853 362 4853 355 4853 297 4854 365 4854 366 4854 297 4855 366 4855 367 4855 357 4856 363 4856 355 4856 356 4857 357 4857 355 4857 280 4858 297 4858 367 4858 280 4859 367 4859 368 4859 356 4860 355 4860 358 4860 355 4861 280 4861 358 4861 280 4862 368 4862 359 4862 51 4863 53 4863 49 4863 64 4864 46 4864 62 4864 45 4865 47 4865 86 4865 46 4866 45 4866 86 4866 62 4867 46 4867 86 4867 86 4868 49 4868 39 4868 87 4869 65 4869 59 4869 63 4870 60 4870 59 4870 60 4871 87 4871 59 4871 63 4872 55 4872 57 4872 57 4873 87 4873 63 4873 63 4874 64 4874 51 4874 55 4875 63 4875 51 4875 51 4876 57 4876 56 4876 56 4877 55 4877 51 4877 51 4878 64 4878 50 4878 86 4879 39 4879 62 4879 50 4880 64 4880 49 4880 62 4881 49 4881 64 4881 384 4882 550 4882 587 4882 587 4883 286 4883 384 4883 1802 4884 319 4884 320 4884 503 4885 497 4885 1398 4885 247 4886 244 4886 76 4886 247 4887 76 4887 93 4887 514 4888 512 4888 573 4888 573 4889 581 4889 513 4889 71 4890 94 4890 76 4890 94 4891 93 4891 76 4891 492 4892 568 4892 579 4892 190 4893 193 4893 192 4893 244 4894 191 4894 192 4894 540 4895 352 4895 351 4895 392 4896 298 4896 401 4896 401 4897 299 4897 400 4897 300 4898 418 4898 417 4898 171 4899 173 4899 170 4899 173 4900 58 4900 170 4900 169 4901 58 4901 172 4901 169 4902 172 4902 171 4902 99 4903 112 4903 111 4903 105 4904 245 4904 98 4904 245 4905 72 4905 98 4905 102 4906 105 4906 98 4906 300 4907 303 4907 558 4907 100 4908 102 4908 98 4908 77 4909 103 4909 101 4909 101 4910 100 4910 98 4910 187 4911 238 4911 244 4911 587 4912 298 4912 386 4912 118 4913 124 4913 121 4913 121 4914 123 4914 122 4914 185 4915 243 4915 237 4915 251 4916 133 4916 134 4916 132 4917 251 4917 134 4917 132 4918 134 4918 202 4918 48 4919 41 4919 43 4919 48 4920 43 4920 44 4920 45 4921 40 4921 48 4921 47 4922 45 4922 48 4922 47 4923 48 4923 44 4923 46 4924 47 4924 44 4924 43 4925 42 4925 44 4925 44 4926 45 4926 46 4926 41 4927 60 4927 42 4927 58 4928 59 4928 42 4928 59 4929 44 4929 42 4929 305 4930 288 4930 303 4930 301 4931 287 4931 303 4931 287 4932 305 4932 303 4932 386 4933 383 4933 297 4933 105 4934 106 4934 107 4934 111 4935 109 4935 110 4935 298 4936 550 4936 588 4936 157 4937 158 4937 154 4937 90 4938 91 4938 159 4938 157 4939 154 4939 90 4939 534 4940 317 4940 318 4940 163 4941 168 4941 75 4941 126 4942 125 4942 123 4942 125 4943 129 4943 123 4943 250 4944 127 4944 126 4944 175 4945 170 4945 176 4945 170 4946 58 4946 176 4946 58 4947 174 4947 176 4947 183 4948 180 4948 67 4948 67 4949 58 4949 183 4949 183 4950 58 4950 182 4950 58 4951 181 4951 182 4951 58 4952 68 4952 184 4952 58 4953 184 4953 185 4953 68 4954 181 4954 184 4954 187 4955 188 4955 189 4955 68 4956 58 4956 186 4956 187 4957 189 4957 68 4957 243 4958 238 4958 184 4958 102 4959 77 4959 104 4959 104 4960 77 4960 69 4960 102 4961 69 4961 105 4961 203 4962 137 4962 136 4962 181 4963 67 4963 180 4963 572 4964 255 4964 209 4964 255 4439 210 4439 209 4439 209 4965 208 4965 572 4965 208 4966 207 4966 572 4966 207 4967 206 4967 572 4967 206 4968 205 4968 572 4968 205 4969 204 4969 572 4969 534 4970 572 4970 204 4970 534 4971 204 4971 215 4971 534 4972 215 4972 214 4972 534 4973 214 4973 213 4973 534 4974 213 4974 212 4974 534 4975 212 4975 211 4975 211 4976 254 4976 534 4976 544 4977 257 4977 227 4977 257 4439 216 4439 227 4439 544 4978 227 4978 226 4978 544 4979 226 4979 225 4979 225 4980 224 4980 544 4980 224 4981 223 4981 544 4981 217 4982 256 4982 558 4982 218 4983 217 4983 558 4983 219 4984 218 4984 558 4984 220 4985 219 4985 558 4985 221 4986 220 4986 558 4986 222 4987 221 4987 558 4987 222 4988 558 4988 544 4988 193 4989 190 4989 247 4989 190 4990 191 4990 247 4990 259 4991 269 4991 270 4991 239 4992 234 4992 171 4992 400 4993 554 4993 588 4993 588 4994 392 4994 400 4994 26 4995 9 4995 25 4995 111 4996 113 4996 248 4996 113 4997 249 4997 199 4997 558 4998 303 4998 590 4998 240 4999 166 4999 165 4999 165 5000 164 5000 168 5000 164 5001 167 5001 168 5001 161 5002 240 5002 165 5002 282 5003 284 5003 311 5003 311 5004 284 5004 315 5004 284 5005 321 5005 312 5005 284 5006 312 5006 313 5006 317 5007 309 5007 282 5007 318 5008 317 5008 282 5008 284 5009 313 5009 314 5009 314 5010 315 5010 284 5010 310 5011 318 5011 282 5011 31 5012 15 5012 13 5012 249 5013 113 5013 117 5013 83 5014 82 5014 81 5014 560 5015 590 5015 433 5015 590 5016 301 5016 433 5016 289 5017 563 5017 558 5017 558 5018 288 5018 289 5018 247 5019 246 5019 92 5019 472 5020 473 5020 462 5020 304 5021 463 5021 465 5021 466 5022 304 5022 465 5022 463 5023 474 5023 475 5023 463 5024 475 5024 464 5024 471 5025 472 5025 462 5025 470 5026 471 5026 462 5026 463 5027 464 5027 465 5027 470 5028 462 5028 469 5028 462 5029 304 5029 469 5029 304 5030 466 5030 467 5030 468 5031 469 5031 304 5031 426 5032 427 5032 301 5032 301 5033 418 5033 419 5033 108 5034 197 5034 106 5034 196 5035 107 5035 106 5035 99 5036 196 5036 106 5036 110 5037 99 5037 106 5037 22 5038 21 5038 31 5038 198 5039 249 5039 116 5039 79 5040 199 5040 114 5040 116 5041 79 5041 114 5041 119 5042 120 5042 116 5042 249 5043 118 5043 119 5043 143 5044 228 5044 145 5044 163 5045 87 5045 57 5045 132 5046 130 5046 251 5046 474 5047 475 5047 1187 5047 228 5048 203 5048 138 5048 228 5049 202 5049 136 5049 202 5050 203 5050 136 5050 558 5051 563 5051 565 5051 391 5052 393 5052 661 5052 660 5053 662 5053 394 5053 399 5054 660 5054 387 5054 662 5055 396 5055 395 5055 662 5056 395 5056 394 5056 390 5057 391 5057 661 5057 389 5058 390 5058 661 5058 394 5059 387 5059 660 5059 389 5060 661 5060 660 5060 388 5061 389 5061 660 5061 660 5062 399 5062 398 5062 388 5063 660 5063 397 5063 142 5064 145 5064 253 5064 228 5065 143 5065 142 5065 263 5066 295 5066 285 5066 41 5067 42 5067 87 5067 87 5068 47 5068 41 5068 307 5069 515 5069 573 5069 228 5070 147 5070 151 5070 147 5071 150 5071 151 5071 230 5072 152 5072 228 5072 30 5073 15 5073 32 5073 15 5074 31 5074 32 5074 30 5075 32 5075 7 5075 38 5076 18 5076 16 5076 16 5077 30 5077 33 5077 22 5078 13 5078 28 5078 30 5079 7 5079 33 5079 32 5080 22 5080 7 5080 10 5081 38 5081 16 5081 34 5082 11 5082 10 5082 10 5083 16 5083 34 5083 22 5084 28 5084 7 5084 14 5085 37 5085 0 5085 23 5086 0 5086 24 5086 23 5087 26 5087 36 5087 26 5088 35 5088 36 5088 14 5089 0 5089 23 5089 14 5090 23 5090 36 5090 28 5091 14 5091 36 5091 33 5092 34 5092 16 5092 163 5093 167 5093 239 5093 171 5094 234 5094 173 5094 234 5095 176 5095 173 5095 163 5096 239 5096 172 5096 172 5097 173 5097 163 5097 142 5098 83 5098 144 5098 185 5099 236 5099 182 5099 236 5100 183 5100 182 5100 182 5101 180 5101 243 5101 339 5102 347 5102 542 5102 542 5103 585 5103 339 5103 520 5104 574 5104 582 5104 539 5105 340 5105 338 5105 295 5106 340 5106 585 5106 539 5107 338 5107 295 5107 273 5108 558 5108 572 5108 91 5109 163 5109 160 5109 160 5110 161 5110 162 5110 542 5111 541 5111 585 5111 293 5112 307 5112 292 5112 308 5113 576 5113 309 5113 1698 5114 523 5114 533 5114 583 5115 309 5115 536 5115 309 5116 284 5116 536 5116 284 5117 584 5117 536 5117 9 5118 2 5118 25 5118 461 5119 563 5119 562 5119 100 5120 245 5120 105 5120 105 5121 104 5121 103 5121 81 5122 118 5122 40 5122 123 5123 129 5123 132 5123 132 5124 120 5124 123 5124 148 5125 151 5125 149 5125 149 5126 88 5126 148 5126 524 5127 525 5127 1699 5127 534 5128 285 5128 322 5128 150 5129 147 5129 231 5129 299 5130 401 5130 588 5130 299 5131 588 5131 551 5131 298 5132 299 5132 551 5132 191 5133 76 5133 189 5133 76 5134 190 5134 192 5134 192 5135 191 5135 189 5135 76 5136 192 5136 58 5136 85 5137 253 5137 145 5137 145 5138 138 5138 85 5138 203 5139 202 5139 84 5139 294 5140 263 5140 285 5140 285 5141 284 5141 282 5141 4 5142 7 5142 28 5142 259 5143 221 5143 222 5143 546 5144 379 5144 378 5144 131 5145 134 5145 133 5145 572 5146 516 5146 591 5146 477 5147 565 5147 564 5147 432 5148 431 5148 556 5148 431 5149 303 5149 556 5149 581 5150 517 5150 516 5150 518 5151 517 5151 574 5151 194 5152 195 5152 97 5152 99 5153 195 5153 245 5153 99 5154 194 5154 97 5154 160 5155 163 5155 233 5155 178 5156 58 5156 67 5156 132 5157 202 5157 228 5157 47 5158 87 5158 99 5158 87 5159 163 5159 99 5159 33 5160 277 5160 572 5160 28 5161 33 5161 572 5161 328 5162 339 5162 539 5162 339 5163 585 5163 539 5163 425 5164 419 5164 418 5164 301 5165 427 5165 428 5165 301 5166 428 5166 429 5166 424 5167 425 5167 418 5167 423 5168 424 5168 418 5168 300 5169 301 5169 429 5169 300 5170 429 5170 430 5170 420 5171 423 5171 418 5171 421 5172 420 5172 418 5172 300 5173 430 5173 422 5173 421 5174 418 5174 300 5174 476 5175 568 5175 567 5175 567 5176 569 5176 476 5176 462 5177 463 5177 578 5177 578 5178 290 5178 462 5178 509 5179 510 5179 512 5179 92 5180 246 5180 94 5180 94 5181 194 5181 99 5181 99 5182 258 5182 94 5182 258 5183 193 5183 94 5183 47 5184 46 5184 64 5184 47 5185 64 5185 65 5185 65 5186 87 5186 42 5186 42 5187 43 5187 65 5187 47 5188 65 5188 43 5188 41 5189 47 5189 43 5189 1905 5190 332 5190 331 5190 289 5191 447 5191 577 5191 132 5192 83 5192 131 5192 572 5193 571 5193 306 5193 579 5194 571 5194 570 5194 309 5195 576 5195 282 5195 136 5196 83 5196 135 5196 320 5197 284 5197 309 5197 309 5198 317 5198 316 5198 319 5199 320 5199 309 5199 306 5200 571 5200 580 5200 345 5201 346 5201 339 5201 295 5202 296 5202 353 5202 296 5203 347 5203 351 5203 352 5204 296 5204 351 5204 347 5205 348 5205 349 5205 347 5206 349 5206 350 5206 344 5207 345 5207 339 5207 343 5208 344 5208 339 5208 347 5209 350 5209 351 5209 343 5210 339 5210 342 5210 339 5211 295 5211 342 5211 296 5212 352 5212 353 5212 341 5213 342 5213 295 5213 361 5214 355 5214 362 5214 361 5215 362 5215 360 5215 365 5216 297 5216 361 5216 361 5217 360 5217 364 5217 371 5218 372 5218 297 5218 372 5219 370 5219 297 5219 297 5220 286 5220 375 5220 297 5221 375 5221 376 5221 382 5222 375 5222 286 5222 370 5223 372 5223 373 5223 370 5224 373 5224 374 5224 382 5225 286 5225 381 5225 370 5226 374 5226 377 5226 370 5227 377 5227 378 5227 380 5228 381 5228 286 5228 379 5229 380 5229 286 5229 286 5230 370 5230 378 5230 387 5231 394 5231 384 5231 297 5232 298 5232 389 5232 298 5233 392 5233 391 5233 390 5234 298 5234 391 5234 392 5235 395 5235 396 5235 392 5236 396 5236 393 5236 399 5237 387 5237 384 5237 398 5238 399 5238 384 5238 392 5239 393 5239 391 5239 398 5240 384 5240 297 5240 397 5241 398 5241 297 5241 298 5242 390 5242 389 5242 388 5243 397 5243 297 5243 407 5244 408 5244 400 5244 299 5245 300 5245 402 5245 300 5246 410 5246 414 5246 413 5247 300 5247 414 5247 410 5248 409 5248 411 5248 410 5249 411 5249 412 5249 406 5250 407 5250 400 5250 405 5251 406 5251 400 5251 410 5252 412 5252 414 5252 405 5253 400 5253 404 5253 400 5254 299 5254 404 5254 300 5255 413 5255 402 5255 403 5256 404 5256 299 5256 258 5257 99 5257 257 5257 258 5258 257 5258 256 5258 417 5259 416 5259 300 5259 197 5260 108 5260 107 5260 308 5261 591 5261 294 5261 591 5262 518 5262 294 5262 588 5263 554 5263 553 5263 573 5264 512 5264 511 5264 510 5265 509 5265 580 5265 580 5266 573 5266 511 5266 305 5267 287 5267 259 5267 294 5268 293 5268 302 5268 443 5269 444 5269 442 5269 444 5270 288 5270 442 5270 442 5271 433 5271 441 5271 164 5272 166 5272 240 5272 66 5273 204 5273 215 5273 228 5274 229 5274 83 5274 251 5275 84 5275 202 5275 92 5276 94 5276 71 5276 92 5277 71 5277 93 5277 511 5278 307 5278 508 5278 532 5279 283 5279 533 5279 533 5280 283 5280 523 5280 283 5281 530 5281 531 5281 283 5282 531 5282 522 5282 458 5283 290 5283 448 5283 493 5284 492 5284 572 5284 293 5285 493 5285 572 5285 572 5286 291 5286 293 5286 506 5287 499 5287 493 5287 306 5288 495 5288 496 5288 306 5289 496 5289 501 5289 505 5290 506 5290 493 5290 504 5291 505 5291 493 5291 293 5292 306 5292 502 5292 306 5293 501 5293 502 5293 504 5294 493 5294 498 5294 493 5295 293 5295 498 5295 293 5296 502 5296 503 5296 497 5297 498 5297 293 5297 161 5298 160 5298 240 5298 544 5299 354 5299 545 5299 542 5300 354 5300 296 5300 292 5301 307 5301 512 5301 307 5302 511 5302 512 5302 510 5303 508 5303 292 5303 258 5304 163 5304 185 5304 192 5305 258 5305 185 5305 513 5306 307 5306 293 5306 194 5307 96 5307 72 5307 94 5308 246 5308 95 5308 246 5309 96 5309 95 5309 514 5310 513 5310 515 5310 521 5311 519 5311 294 5311 520 5312 281 5312 294 5312 570 5313 505 5313 504 5313 564 5314 472 5314 471 5314 557 5315 558 5315 446 5315 549 5316 395 5316 394 5316 538 5317 325 5317 331 5317 167 5318 163 5318 169 5318 163 5319 58 5319 169 5319 169 5320 75 5320 168 5320 568 5321 485 5321 486 5321 555 5322 556 5322 425 5322 538 5323 537 5323 329 5323 540 5324 342 5324 341 5324 572 5325 306 5325 509 5325 546 5326 374 5326 373 5326 544 5327 545 5327 357 5327 537 5328 334 5328 333 5328 534 5329 311 5329 315 5329 564 5330 475 5330 474 5330 552 5331 405 5331 404 5331 576 5332 308 5332 523 5332 138 5333 145 5333 252 5333 138 5334 84 5334 135 5334 575 5335 576 5335 529 5335 256 4439 217 4439 216 4439 663 5336 395 5336 396 5336 141 5337 85 5337 138 5337 125 5338 126 5338 81 5338 81 5339 82 5339 125 5339 82 5340 128 5340 127 5340 395 5341 392 5341 384 5341 463 5342 304 5342 477 5342 478 5343 305 5343 476 5343 463 5344 477 5344 476 5344 123 5345 120 5345 124 5345 123 5346 121 5346 250 5346 58 5347 52 5347 57 5347 83 5348 88 5348 147 5348 88 5349 146 5349 147 5349 83 5350 146 5350 144 5350 308 5351 575 5351 525 5351 282 5352 283 5352 294 5352 588 5353 553 5353 552 5353 551 5354 553 5354 554 5354 588 5355 552 5355 551 5355 153 5356 228 5356 89 5356 89 5357 74 5357 153 5357 282 5358 576 5358 583 5358 578 5359 564 5359 566 5359 565 5360 578 5360 566 5360 534 5361 324 5361 584 5361 294 5362 519 5362 582 5362 294 5363 518 5363 520 5363 518 5364 574 5364 520 5364 538 5365 534 5365 584 5365 539 5366 537 5366 584 5366 544 5367 369 5367 586 5367 1188 5368 1187 5368 1186 5368 547 5369 546 5369 286 5369 286 5370 544 5370 547 5370 586 5371 546 5371 544 5371 130 5372 129 5372 201 5372 141 5373 145 5373 228 5373 252 5374 140 5374 139 5374 228 5375 252 5375 139 5375 70 5376 226 5376 225 5376 561 5377 563 5377 577 5377 10 5378 11 5378 6 5378 304 5379 461 5379 578 5379 565 5380 563 5380 578 5380 387 5381 394 5381 663 5381 178 5382 177 5382 236 5382 242 5383 179 5383 178 5383 565 5384 477 5384 304 5384 261 5385 263 5385 302 5385 507 5386 580 5386 509 5386 53 5387 51 5387 54 5387 51 5388 52 5388 54 5388 385 5389 386 5389 384 5389 386 5390 297 5390 384 5390 384 5391 286 5391 383 5391 518 5392 293 5392 281 5392 354 5393 355 5393 347 5393 347 5394 296 5394 354 5394 280 5395 544 5395 296 5395 156 5396 154 5396 74 5396 369 5397 370 5397 361 5397 591 5398 534 5398 254 5398 572 5399 591 5399 255 5399 174 5400 170 5400 175 5400 544 5401 534 5401 295 5401 295 5402 542 5402 544 5402 8 5403 24 5403 26 5403 544 5404 286 5404 298 5404 238 5405 243 5405 68 5405 69 5406 99 5406 104 5406 105 5407 196 5407 104 5407 73 5408 80 5408 79 5408 1 5409 13 5409 12 5409 21 5410 12 5410 13 5410 424 5411 425 5411 876 5411 146 5412 88 5412 144 5412 339 5413 340 5413 295 5413 295 5414 338 5414 285 5414 338 5415 328 5415 285 5415 230 5416 88 5416 149 5416 98 5417 72 5417 97 5417 77 5418 98 5418 99 5418 99 5419 97 5419 77 5419 90 5420 74 5420 89 5420 90 5421 89 5421 58 5421 86 5422 99 5422 132 5422 544 5423 543 5423 297 5423 66 5424 54 5424 52 5424 534 5425 539 5425 295 5425 72 5426 246 5426 93 5426 770 5427 403 5427 404 5427 529 5428 530 5428 1698 5428 379 5429 380 5429 2219 5429 131 5430 84 5430 251 5430 251 5431 128 5431 131 5431 259 5432 270 5432 260 5432 259 5433 260 5433 35 5433 260 5434 269 5434 35 5434 269 5435 259 5435 267 5435 259 5436 544 5436 267 5436 269 5437 267 5437 35 5437 267 5438 268 5438 265 5438 268 5439 276 5439 265 5439 272 5440 259 5440 35 5440 35 5441 33 5441 272 5441 265 5442 276 5442 266 5442 276 5443 263 5443 264 5443 276 5444 264 5444 266 5444 267 5445 265 5445 28 5445 35 5446 267 5446 28 5446 78 5447 197 5447 105 5447 197 5448 196 5448 105 5448 299 5449 280 5449 287 5449 290 5450 563 5450 461 5450 461 5451 304 5451 462 5451 264 5452 278 5452 302 5452 278 5453 261 5453 302 5453 266 5454 28 5454 278 5454 292 5455 306 5455 293 5455 1696 5456 1695 5456 523 5456 1695 5457 533 5457 523 5457 1695 5458 1697 5458 525 5458 525 5459 1697 5459 526 5459 524 5460 532 5460 1695 5460 525 5461 524 5461 1695 5461 1696 5462 523 5462 522 5462 1696 5463 522 5463 531 5463 526 5464 1697 5464 527 5464 1695 5465 1696 5465 531 5465 1695 5466 531 5466 530 5466 528 5467 527 5467 1697 5467 1695 5468 530 5468 529 5468 529 5469 528 5469 1697 5469 196 5470 99 5470 69 5470 304 5471 290 5471 289 5471 289 5472 305 5472 304 5472 270 5473 544 5473 558 5473 444 5474 445 5474 973 5474 336 5475 337 5475 1905 5475 2112 5476 356 5476 357 5476 5 5477 4 5477 28 5477 516 5478 572 5478 509 5478 509 5479 512 5479 516 5479 288 5480 305 5480 289 5480 159 5481 158 5481 163 5481 158 5482 233 5482 163 5482 163 5483 241 5483 157 5483 71 5484 76 5484 70 5484 70 5485 72 5485 71 5485 195 5486 194 5486 72 5486 72 5487 245 5487 195 5487 438 5488 439 5488 975 5488 303 5489 555 5489 430 5489 255 5490 228 5490 209 5490 209 5491 228 5491 208 5491 228 5492 163 5492 57 5492 258 5493 256 5493 217 5493 258 5494 217 5494 218 5494 208 5495 228 5495 57 5495 258 5496 218 5496 219 5496 258 5497 219 5497 220 5497 207 5498 208 5498 57 5498 206 5499 207 5499 57 5499 258 5500 220 5500 163 5500 220 5501 221 5501 163 5501 221 5502 222 5502 163 5502 205 5503 206 5503 57 5503 227 5504 257 5504 99 5504 226 5505 227 5505 99 5505 225 5506 226 5506 99 5506 224 5507 225 5507 99 5507 223 5508 224 5508 99 5508 222 5509 223 5509 99 5509 222 5510 99 5510 163 5510 254 5511 211 5511 132 5511 211 5512 212 5512 132 5512 132 5513 212 5513 213 5513 132 5514 213 5514 214 5514 132 5515 214 5515 215 5515 132 5516 215 5516 204 5516 132 5517 204 5517 57 5517 204 5518 205 5518 57 5518 259 5519 287 5519 218 5519 423 5520 420 5520 870 5520 870 5521 871 5521 423 5521 424 5522 871 5522 425 5522 871 5523 872 5523 419 5523 426 5524 872 5524 427 5524 872 5525 873 5525 429 5525 873 5526 421 5526 422 5526 873 5527 422 5527 430 5527 424 5528 423 5528 871 5528 873 5529 430 5529 429 5529 419 5530 425 5530 871 5530 872 5531 429 5531 428 5531 872 5532 428 5532 427 5532 665 5533 397 5533 398 5533 367 5534 368 5534 2112 5534 527 5535 528 5535 1698 5535 58 5536 91 5536 90 5536 1902 5537 333 5537 327 5537 365 5538 366 5538 2112 5538 517 5539 281 5539 515 5539 293 5540 518 5540 516 5540 293 5541 516 5541 515 5541 127 5542 128 5542 122 5542 122 5543 81 5543 126 5543 132 5544 57 5544 51 5544 95 5545 96 5545 71 5545 96 5546 93 5546 71 5546 93 5547 95 5547 72 5547 431 5548 432 5548 301 5548 432 5549 433 5549 301 5549 431 5550 301 5550 303 5550 304 5551 291 5551 572 5551 228 5552 255 5552 254 5552 254 5553 132 5553 228 5553 129 5554 125 5554 201 5554 125 5555 127 5555 201 5555 970 5556 971 5556 435 5556 971 5557 436 5557 435 5557 444 5558 443 5558 970 5558 445 5559 444 5559 970 5559 970 5560 435 5560 434 5560 446 5561 445 5561 970 5561 972 5562 970 5562 443 5562 441 5563 972 5563 443 5563 972 5564 441 5564 440 5564 971 5565 972 5565 438 5565 437 5566 436 5566 971 5566 438 5567 437 5567 971 5567 972 5568 440 5568 439 5568 874 5569 430 5569 422 5569 329 5570 327 5570 1904 5570 391 5571 390 5571 663 5571 589 5572 556 5572 555 5572 555 5573 303 5573 300 5573 341 5574 342 5574 2009 5574 519 5575 521 5575 281 5575 281 5576 520 5576 519 5576 232 5577 156 5577 153 5577 156 5578 90 5578 153 5578 155 5579 241 5579 163 5579 153 5580 90 5580 163 5580 69 5581 78 5581 106 5581 106 5582 78 5582 108 5582 78 5583 107 5583 108 5583 553 5584 408 5584 407 5584 156 5585 232 5585 241 5585 451 5586 452 5586 1075 5586 452 5587 1076 5587 1075 5587 451 5588 1075 5588 450 5588 1077 5589 456 5589 455 5589 1077 5590 455 5590 454 5590 1075 5591 1077 5591 454 5591 1075 5592 454 5592 453 5592 450 5593 1075 5593 449 5593 300 5594 416 5594 589 5594 300 5595 554 5595 415 5595 531 5596 522 5596 1698 5596 413 5597 402 5597 770 5597 326 5598 330 5598 1904 5598 1399 5599 1397 5599 500 5599 1294 5600 486 5600 485 5600 254 5601 255 5601 210 5601 233 5602 241 5602 154 5602 241 5603 74 5603 154 5603 322 5604 329 5604 327 5604 252 5605 145 5605 141 5605 1293 5606 1294 5606 1296 5606 291 5607 492 5607 493 5607 83 5608 142 5608 85 5608 142 5609 143 5609 85 5609 145 5610 142 5610 144 5610 143 5611 145 5611 144 5611 479 5612 480 5612 476 5612 305 5613 291 5613 484 5613 291 5614 482 5614 486 5614 485 5615 291 5615 486 5615 482 5616 481 5616 488 5616 482 5617 488 5617 487 5617 491 5618 479 5618 476 5618 490 5619 491 5619 476 5619 482 5620 487 5620 486 5620 490 5621 476 5621 305 5621 489 5622 490 5622 305 5622 291 5623 485 5623 484 5623 483 5624 489 5624 305 5624 154 5625 91 5625 233 5625 581 5626 515 5626 574 5626 515 5627 281 5627 574 5627 281 5628 582 5628 574 5628 876 5629 419 5629 426 5629 152 5630 74 5630 149 5630 149 5631 89 5631 228 5631 40 5632 118 5632 73 5632 128 5633 251 5633 201 5633 201 5634 122 5634 128 5634 340 5635 539 5635 585 5635 549 5636 399 5636 398 5636 1185 5637 474 5637 473 5637 473 5638 472 5638 1185 5638 475 5639 474 5639 1184 5639 474 5640 1185 5640 1184 5640 475 5641 1184 5641 464 5641 1185 5642 472 5642 471 5642 1185 5643 471 5643 470 5643 1182 5644 1185 5644 470 5644 1182 5645 470 5645 469 5645 465 5646 464 5646 1184 5646 466 5647 465 5647 1184 5647 1183 5648 1182 5648 468 5648 1182 5649 469 5649 468 5649 466 5650 1184 5650 1183 5650 1183 5651 468 5651 467 5651 446 5652 434 5652 973 5652 428 5653 429 5653 874 5653 70 5654 48 5654 40 5654 498 5655 504 5655 1398 5655 1804 5656 1802 5656 312 5656 493 5657 579 5657 568 5657 568 5658 476 5658 482 5658 482 5659 493 5659 568 5659 122 5660 201 5660 250 5660 250 5661 118 5661 122 5661 273 5662 271 5662 558 5662 2008 5663 351 5663 352 5663 150 5664 148 5664 88 5664 88 5665 89 5665 150 5665 89 5666 149 5666 151 5666 74 5667 241 5667 232 5667 232 5668 149 5668 74 5668 447 5669 289 5669 448 5669 447 5670 448 5670 442 5670 512 5671 514 5671 516 5671 479 5672 491 5672 1291 5672 1290 5673 484 5673 485 5673 1290 5674 485 5674 486 5674 479 5675 1291 5675 1289 5675 480 5676 479 5676 1289 5676 1292 5677 1290 5677 486 5677 1292 5678 486 5678 487 5678 480 5679 1289 5679 481 5679 1289 5680 1292 5680 481 5680 1292 5681 487 5681 488 5681 483 5682 484 5682 1290 5682 1290 5683 1291 5683 489 5683 483 5684 1290 5684 489 5684 1291 5685 491 5685 490 5685 501 5686 502 5686 1399 5686 1188 5687 471 5687 472 5687 412 5688 414 5688 768 5688 58 5689 83 5689 52 5689 115 5690 113 5690 114 5690 113 5691 80 5691 114 5691 73 5692 117 5692 116 5692 117 5693 115 5693 116 5693 73 5694 116 5694 114 5694 409 5695 410 5695 400 5695 534 5696 282 5696 583 5696 583 5697 536 5697 535 5697 1289 5698 1291 5698 1290 5698 75 5699 239 5699 167 5699 167 5700 162 5700 75 5700 581 5701 574 5701 517 5701 301 5702 590 5702 556 5702 556 5703 589 5703 301 5703 589 5704 418 5704 301 5704 369 5705 297 5705 543 5705 290 5706 578 5706 562 5706 562 5707 448 5707 290 5707 144 5708 88 5708 231 5708 79 5709 78 5709 69 5709 456 5710 457 5710 1081 5710 1393 5711 1395 5711 495 5711 1393 5712 495 5712 500 5712 505 5713 1394 5713 1393 5713 506 5714 505 5714 1393 5714 1393 5715 500 5715 499 5715 1904 5716 333 5716 334 5716 389 5717 388 5717 665 5717 544 5718 280 5718 355 5718 496 5719 495 5719 1395 5719 1395 5720 1393 5720 502 5720 501 5721 1395 5721 502 5721 1394 5722 505 5722 504 5722 1394 5723 504 5723 498 5723 501 5724 496 5724 1395 5724 1393 5725 1394 5725 497 5725 1394 5726 498 5726 497 5726 1393 5727 497 5727 503 5727 162 5728 161 5728 58 5728 161 5729 163 5729 91 5729 49 5730 83 5730 40 5730 530 5731 283 5731 521 5731 294 5732 283 5732 532 5732 294 5733 532 5733 524 5733 529 5734 530 5734 521 5734 528 5735 529 5735 521 5735 294 5736 524 5736 525 5736 294 5737 525 5737 526 5737 527 5738 528 5738 521 5738 294 5739 526 5739 521 5739 410 5740 589 5740 554 5740 554 5741 400 5741 410 5741 180 5742 183 5742 236 5742 67 5743 181 5743 236 5743 79 5744 112 5744 199 5744 447 5745 288 5745 560 5745 662 5746 661 5746 393 5746 79 5747 109 5747 78 5747 415 5748 554 5748 589 5748 128 5749 82 5749 129 5749 82 5750 83 5750 132 5750 129 5751 82 5751 132 5751 130 5752 132 5752 131 5752 130 5753 131 5753 128 5753 534 5754 544 5754 302 5754 544 5755 297 5755 370 5755 548 5756 550 5756 298 5756 587 5757 549 5757 548 5757 173 5758 172 5758 58 5758 248 5759 112 5759 99 5759 286 5760 586 5760 370 5760 268 5761 544 5761 276 5761 291 5762 304 5762 568 5762 561 5763 577 5763 562 5763 500 5764 495 5764 494 5764 495 5765 306 5765 494 5765 494 5766 493 5766 499 5766 493 5767 494 5767 571 5767 279 5768 28 5768 268 5768 28 5769 266 5769 268 5769 266 5770 544 5770 268 5770 279 5771 268 5771 267 5771 267 5772 544 5772 279 5772 279 5773 544 5773 269 5773 544 5774 270 5774 269 5774 260 5775 270 5775 271 5775 269 5776 260 5776 279 5776 277 5777 279 5777 260 5777 260 5778 271 5778 277 5778 272 5779 271 5779 274 5779 271 5780 273 5780 274 5780 572 5781 277 5781 274 5781 277 5782 272 5782 274 5782 262 5783 261 5783 278 5783 278 5784 572 5784 262 5784 262 5785 572 5785 302 5785 568 5786 492 5786 291 5786 572 5787 492 5787 579 5787 442 5788 577 5788 560 5788 560 5789 433 5789 442 5789 280 5790 276 5790 259 5790 417 5791 418 5791 589 5791 590 5792 557 5792 559 5792 558 5793 557 5793 288 5793 557 5794 560 5794 288 5794 558 5795 590 5795 559 5795 21 5796 15 5796 4 5796 15 5797 6 5797 7 5797 4 5798 15 5798 7 5798 12 5799 21 5799 22 5799 14 5800 12 5800 4 5800 12 5801 22 5801 4 5801 16 5802 18 5802 17 5802 17 5803 6 5803 16 5803 0 5804 1 5804 5 5804 5 5805 1 5805 14 5805 9 5806 3 5806 6 5806 11 5807 20 5807 6 5807 14 5808 4 5808 5 5808 440 5809 441 5809 433 5809 288 5810 444 5810 445 5810 288 5811 445 5811 446 5811 439 5812 440 5812 433 5812 438 5813 439 5813 433 5813 303 5814 288 5814 434 5814 288 5815 446 5815 434 5815 438 5816 433 5816 437 5816 433 5817 303 5817 437 5817 303 5818 434 5818 435 5818 436 5819 437 5819 303 5819 238 5820 68 5820 189 5820 189 5821 76 5821 244 5821 244 5822 238 5822 189 5822 355 5823 361 5823 543 5823 543 5824 361 5824 586 5824 70 5825 76 5825 58 5825 155 5826 90 5826 154 5826 544 5827 298 5827 551 5827 67 5828 236 5828 174 5828 236 5829 242 5829 174 5829 242 5830 234 5830 174 5830 234 5831 170 5831 174 5831 284 5832 285 5832 534 5832 323 5833 284 5833 534 5833 324 5834 322 5834 284 5834 109 5835 197 5835 248 5835 99 5836 110 5836 248 5836 441 5837 443 5837 973 5837 66 5838 49 5838 54 5838 103 5839 77 5839 102 5839 245 5840 100 5840 101 5840 99 5841 245 5841 101 5841 101 5842 103 5842 99 5842 324 5843 323 5843 536 5843 323 5844 534 5844 536 5844 405 5845 404 5845 765 5845 405 5846 765 5846 406 5846 766 5847 767 5847 411 5847 767 5848 412 5848 411 5848 766 5849 411 5849 409 5849 766 5850 409 5850 408 5850 407 5851 406 5851 765 5851 766 5852 408 5852 765 5852 412 5853 767 5853 414 5853 765 5854 404 5854 403 5854 765 5855 403 5855 402 5855 765 5856 402 5856 767 5856 402 5857 413 5857 767 5857 554 5858 300 5858 551 5858 346 5859 348 5859 2008 5859 362 5860 360 5860 2113 5860 73 5861 118 5861 120 5861 119 5862 118 5862 117 5862 73 5863 120 5863 119 5863 305 5864 33 5864 274 5864 273 5865 275 5865 305 5865 66 5866 207 5866 206 5866 568 5867 488 5867 481 5867 458 5868 459 5868 1080 5868 349 5869 350 5869 2008 5869 76 5870 191 5870 190 5870 544 5871 300 5871 257 5871 257 5872 300 5872 256 5872 385 5873 298 5873 286 5873 78 5874 111 5874 197 5874 556 5875 303 5875 427 5875 262 5876 302 5876 275 5876 263 5877 261 5877 264 5877 261 5878 262 5878 28 5878 264 5879 261 5879 265 5879 28 5880 265 5880 261 5880 262 5881 275 5881 33 5881 275 5882 274 5882 33 5882 272 5883 33 5883 305 5883 305 5884 271 5884 272 5884 33 5885 28 5885 262 5885 166 5886 75 5886 162 5886 162 5887 58 5887 165 5887 77 5888 72 5888 70 5888 542 5889 295 5889 540 5889 585 5890 541 5890 540 5890 295 5891 585 5891 540 5891 539 5892 584 5892 322 5892 584 5893 284 5893 322 5893 328 5894 539 5894 322 5894 263 5895 294 5895 211 5895 576 5896 575 5896 582 5896 37 5897 14 5897 29 5897 29 5898 28 5898 37 5898 229 5899 231 5899 147 5899 1800 5900 1799 5900 310 5900 453 5901 454 5901 1081 5901 768 5902 408 5902 409 5902 420 5903 423 5903 874 5903 112 5904 79 5904 113 5904 79 5905 80 5905 113 5905 481 5906 482 5906 476 5906 1187 5907 466 5907 467 5907 177 5908 179 5908 242 5908 372 5909 2220 5909 2218 5909 582 5910 281 5910 521 5910 120 5911 132 5911 116 5911 132 5912 99 5912 116 5912 99 5913 79 5913 116 5913 8 5914 3 5914 9 5914 0 5915 5 5915 8 5915 192 5916 184 5916 186 5916 184 5917 238 5917 186 5917 238 5918 187 5918 186 5918 188 5919 244 5919 192 5919 139 5920 140 5920 138 5920 83 5921 85 5921 139 5921 85 5922 141 5922 139 5922 139 5923 138 5923 83 5923 89 5924 88 5924 83 5924 240 5925 91 5925 162 5925 1902 5926 327 5926 329 5926 1902 5927 329 5927 330 5927 333 5928 1902 5928 334 5928 1903 5929 1902 5929 326 5929 1902 5930 330 5930 326 5930 335 5931 334 5931 1902 5931 336 5932 335 5932 1902 5932 1903 5933 326 5933 325 5933 1903 5934 325 5934 331 5934 337 5935 336 5935 1902 5935 1902 5936 1903 5936 331 5936 332 5937 337 5937 1902 5937 1079 5938 451 5938 450 5938 469 5939 470 5939 1188 5939 357 5940 2110 5940 363 5940 2110 5941 2111 5941 367 5941 2111 5942 359 5942 368 5942 2111 5943 368 5943 367 5943 2110 5944 367 5944 366 5944 362 5945 363 5945 2110 5945 360 5946 362 5946 2110 5946 2110 5947 366 5947 365 5947 364 5948 360 5948 2110 5948 21 5949 13 5949 15 5949 381 5950 382 5950 2218 5950 509 5951 306 5951 292 5951 508 5952 494 5952 507 5952 494 5953 306 5953 507 5953 507 5954 509 5954 508 5954 84 5955 133 5955 83 5955 134 5956 131 5956 83 5956 249 5957 200 5957 120 5957 448 5958 562 5958 577 5958 577 5959 442 5959 448 5959 70 5960 58 5960 219 5960 283 5961 583 5961 576 5961 576 5962 582 5962 521 5962 474 5963 463 5963 462 5963 456 5964 457 5964 448 5964 289 5965 290 5965 450 5965 451 5966 290 5966 452 5966 290 5967 458 5967 459 5967 290 5968 459 5968 460 5968 455 5969 456 5969 448 5969 454 5970 455 5970 448 5970 290 5971 460 5971 452 5971 454 5972 448 5972 289 5972 453 5973 454 5973 289 5973 290 5974 451 5974 450 5974 449 5975 453 5975 289 5975 144 5976 231 5976 229 5976 229 5977 253 5977 144 5977 253 5978 85 5978 144 5978 318 5979 310 5979 1799 5979 1797 5980 1800 5980 314 5980 312 5981 1797 5981 313 5981 1800 5982 311 5982 315 5982 1800 5983 315 5983 314 5983 317 5984 318 5984 1799 5984 316 5985 317 5985 1799 5985 314 5986 313 5986 1797 5986 316 5987 1799 5987 1798 5987 319 5988 316 5988 1798 5988 1797 5989 312 5989 321 5989 319 5990 1798 5990 320 5990 1798 5991 1797 5991 320 5991 542 5992 347 5992 355 5992 355 5993 543 5993 545 5993 545 5994 542 5994 355 5994 343 5995 342 5995 2006 5995 2006 5996 345 5996 344 5996 973 5997 435 5997 436 5997 564 5998 578 5998 463 5998 463 5999 476 5999 564 5999 488 6000 487 6000 1294 6000 406 6001 407 6001 768 6001 344 6002 2010 6002 2009 6002 570 6003 497 6003 503 6003 2006 6004 342 6004 341 6004 2006 6005 341 6005 353 6005 2007 6006 2006 6006 353 6006 2006 6007 2007 6007 350 6007 349 6008 2006 6008 350 6008 345 6009 2006 6009 346 6009 2007 6010 353 6010 352 6010 348 6011 346 6011 2006 6011 2007 6012 352 6012 351 6012 2007 6013 351 6013 350 6013 91 6014 154 6014 158 6014 416 6015 417 6015 410 6015 410 6016 300 6016 415 6016 81 6017 122 6017 123 6017 123 6018 124 6018 81 6018 186 6019 58 6019 189 6019 121 6020 124 6020 200 6020 124 6021 120 6021 200 6021 18 6022 6 6022 15 6022 2110 6023 357 6023 356 6023 358 6024 359 6024 2110 6024 359 6025 2111 6025 2110 6025 460 6026 452 6026 1079 6026 317 6027 316 6027 1802 6027 374 6028 377 6028 2219 6028 1398 6029 505 6029 506 6029 178 6030 236 6030 185 6030 534 6031 591 6031 282 6031 583 6032 283 6032 309 6032 118 6033 250 6033 200 6033 200 6034 249 6034 117 6034 163 6035 176 6035 178 6035 70 6036 217 6036 216 6036 8 6037 5 6037 23 6037 294 6038 281 6038 293 6038 2215 6039 2214 6039 381 6039 382 6040 2214 6040 375 6040 2216 6041 374 6041 373 6041 2216 6042 373 6042 372 6042 379 6043 2213 6043 2215 6043 380 6044 379 6044 2215 6044 2214 6045 2216 6045 371 6045 2216 6046 372 6046 371 6046 381 6047 380 6047 2215 6047 382 6048 381 6048 2214 6048 2214 6049 371 6049 376 6049 2213 6050 379 6050 378 6050 2213 6051 378 6051 377 6051 2213 6052 377 6052 2216 6052 1295 6053 490 6053 491 6053 359 6054 358 6054 2112 6054 375 6055 376 6055 2218 6055 480 6056 481 6056 1294 6056</p>
        </triangles>
      </mesh>
    </geometry>
  </library_geometries>
  <library_visual_scenes>
    <visual_scene id="Scene" name="Scene">
      <node id="wheel_rf" name="wheel_rf" type="NODE">
        <matrix sid="transform">1 0 0 0 0 1 0 0 0 0 1 -1.49012e-7 0 0 0 1</matrix>
        <instance_geometry url="#Test_010-mesh" name="wheel_rf">
          <bind_material>
            <technique_common>
              <instance_material symbol="wheel_dark-material" target="#wheel_dark-material"/>
              <instance_material symbol="metallic-material" target="#metallic-material"/>
            </technique_common>
          </bind_material>
        </instance_geometry>
      </node>
    </visual_scene>
  </library_visual_scenes>
  <scene>
    <instance_visual_scene url="#Scene"/>
  </scene>
</COLLADA>