<?xml version="1.0" encoding="utf-8"?>
<COLLADA xmlns="http://www.collada.org/2005/11/COLLADASchema" version="1.4.1" xmlns:xsi="http://www.w3.org/2001/XMLSchema-instance">
  <asset>
    <contributor>
      <author>Blender User</author>
      <authoring_tool>Blender 3.0.1</authoring_tool>
    </contributor>
    <created>2025-11-22T09:08:57</created>
    <modified>2025-11-22T09:08:57</modified>
    <unit name="meter" meter="1"/>
    <up_axis>Z_UP</up_axis>
  </asset>
  <library_effects>
    <effect id="wheel_dark-effect">
      <profile_COMMON>
        <technique sid="common">
          <lambert>
            <emission>
              <color sid="emission">0 0 0 1</color>
            </emission>
            <diffuse>
              <color sid="diffuse">0.05345978 0.05345978 0.05345978 1</color>
            </diffuse>
            <reflectivity>
              <float sid="specular">0.7647059</float>
            </reflectivity>
            <index_of_refraction>
              <float sid="ior">1.45</float>
            </index_of_refraction>
          </lambert>
        </technique>
      </profile_COMMON>
    </effect>
    <effect id="metallic-effect">
      <profile_COMMON>
        <technique sid="common">
          <lambert>
            <emission>
              <color sid="emission">0 0 0 1</color>
            </emission>
            <diffuse>
              <color sid="diffuse">0.708207 0.6028823 0.5500854 1</color>
            </diffuse>
            <reflectivity>
              <float sid="specular">0.977591</float>
            </reflectivity>
            <index_of_refraction>
              <float sid="ior">1.45</float>
            </index_of_refraction>
          </lambert>
        </technique>
      </profile_COMMON>
    </effect>
  </library_effects>
  <library_images/>
  <library_materials>
    <material id="wheel_dark-material" name="wheel_dark">
      <instance_effect url="#wheel_dark-effect"/>
    </material>
    <material id="metallic-material" name="metallic">
      <instance_effect url="#metallic-effect"/>
    </material>
  </library_materials>
  <library_geometries>
    <geometry id="Test_010-mesh" name="Test.010">
      <mesh>
        <source id="Test_010-mesh-positions">
          <float_array id="Test_010-mesh-positions-array" count="6591">0.02811783 -0.01887601 0.003856658 0.02466493 -0.02064877 -0.01222807 -0.01838004 -0.02067565 0.02206408 0.01714736 -0.02062922 0.01239275 -1.97855e-4 -0.02073252 -0.01504188 0.01175177 -0.02067553 0.006027221 -0.009229958 -0.0208199 0.007483482 -0.002716243 -0.0186541 -0.01022636 0.02188682 -0.02062439 0.01247799 0.01158601 -0.01918053 0.02590441 -0.01995909 -0.01912558 0.008740186 -0.01724994 -0.01944863 0.01295161 0.01780724 -0.02062416 -0.01330369 0.02188158 -0.01807141 -0.01944148 0.02005469 -0.01912003 -0.008651256 -0.0132277 -0.01912075 -0.02667278 -0.01918715 -0.01926445 -0.008576035 -0.02801269 -0.020509 -0.002092778 -0.02196663 -0.01864957 -0.01136904 0.002144217 -0.02072644 0.02448832 -0.002316594 -0.01875007 0.02136284 3.69255e-4 -0.0205748 -0.02672743 0.001417279 -0.01862561 -0.02005386 0.02004337 -0.0176146 0.008680403 0.02312326 -0.01762527 0.01387619 -8.24216e-4 -0.01762115 0.02675908 0.01021987 -0.01772874 0.01660722 -0.02176868 -0.01762437 0.01247799 0.01032161 -0.0171014 -0.006586015 0.02188682 -0.01762437 -0.01238912 0.002294301 -0.01758885 -0.02401185 -0.01722884 -0.01666837 -0.01818865 -0.00774306 -0.01752299 -0.007542371 -0.009616792 -0.01762688 0.004108071 -0.002292871 -0.01767319 0.0107249 0.008471488 -0.01758641 0.006657421 -0.0242663 -0.01758027 0.01676285 0.02301877 0.01001894 -0.00788182 0.04470402 -0.001998066 -0.001042306 -0.007122874 0.008247435 0.02957689 -0.01131904 0.01054376 0.0162366 4.70374e-5 0.01015061 0.02088552 3.92889e-4 0.01114815 0.009266138 0.02484738 0.01001077 0.009630322 0.01858049 0.01011753 0.0179975 0.01594233 0.01076674 0.02416479 0.01755893 0.008246839 -0.02144414 0.004493415 0.01045089 -0.02074968 -0.001224279 0.01012068 -0.02431321 -0.006361007 0.009645223 -0.03106302 0.003635168 0.01017707 -0.02473419 0.003480732 0.01076573 -0.02884399 -0.01702427 0.01005506 -0.01050454 -0.01611524 0.01041823 -0.01485359 -0.02179884 0.004997313 -0.01909941 -0.03704094 0.004835426 0.02118963 -0.02021002 0.009892463 0.01214265 0.007193624 0.01088577 -0.01126819 0.01600724 0.008861243 0.007411301 -0.01554507 0.009454727 0.003996968 0.01217824 0.01010185 0.006062746 -0.04758888 0.02094197 0.0481674 -0.02654623 0.02095192 0.06282913 0.04849338 0.01251333 0.03558611 -0.003400504 -0.002247095 0.04293191 0.01086145 0.01109343 0.05398142 0.02683001 0.02045267 0.06395816 0.05391699 0.01105773 -0.01080054 -0.04880619 0.02068209 -0.04858911 -0.06862652 0.02075403 2.53019e-4 1.25462e-4 0.02070856 0.06857359 0.0341295 0.01333487 0.04450428 0.06389659 0.02064168 0.02640098 0.06024426 0.01340335 0.009091079 0.07039153 0.01975822 6.48083e-4 0.04577922 0.01104861 -0.03006595 0.0492469 0.02048867 -0.04897099 0.007099151 0.006555736 -0.04965358 0.02691924 0.02031594 -0.06434661 -6.35791e-5 0.02069866 -0.06896018 -0.02181738 0.009655177 0.02018398 -0.02655208 0.02067756 -0.06371283 -0.03027957 0.01107543 -0.04555392 -0.04693281 0.0120511 -0.03371018 -0.06352275 0.02068668 -0.02616024 0.009055793 0.00994265 0.06804579 0.01392799 0.008616447 0.06938308 0.009294033 0.01017302 0.05771881 0.01757752 0.01105511 0.06431585 0.01879054 0.01046556 0.06727439 0.03214222 0.01237833 0.05870813 0.03756731 0.008567512 0.06001949 0.03956061 0.001531124 0.02632653 0.04324662 0.01062804 0.0552833 0.04085928 0.01115787 0.05308675 0.05200177 0.0181452 0.04919755 0.04292696 0.01226389 0.05244362 0.04756838 0.01713401 0.04408138 0.0551235 0.01224219 0.04506868 0.05693727 0.01590585 0.02857238 0.06121987 0.01083236 0.0344327 0.06051409 0.0125665 0.03229868 0.0672869 0.010257 0.01799106 0.06456094 0.01089805 0.01798623 0.07020497 0.0069893 0.01386833 0.06954646 0.01089268 0.008637189 0.06851899 0.0121746 -0.006805658 0.06956887 0.01160752 -0.008702516 0.05781477 0.01020264 -0.01001596 0.0702036 0.006972253 -0.01388853 0.06365764 0.01963961 -0.0244773 0.06544601 0.01028698 -0.01718199 0.03663587 0.005708634 -0.02965426 0.06138759 0.01123476 -0.03392088 0.05956715 0.006937325 -0.03959506 0.05038154 0.01011091 -0.03164947 0.0590527 0.01240861 -0.03195649 0.05222499 0.01207864 -0.0419268 0.05414676 0.009987592 -0.04130733 0.05462938 0.01187342 -0.04362231 0.04404771 0.01729053 -0.0477882 0.04367774 0.01116526 -0.05483067 0.03999292 0.006894648 -0.05928277 0.03431224 0.01109999 -0.06123727 0.03442627 0.01009762 -0.05859225 0.01565223 0.007964015 -0.06967735 0.01851141 0.01220643 -0.06455862 0.01897299 0.01184254 -0.06763321 0.01498287 0.005946516 -0.06990051 0.008583247 0.01135128 -0.06642973 0.008663892 0.01057082 -0.06942707 0.006689786 0.01222467 -0.06748563 -0.008587539 0.01080679 -0.06642276 -0.006785571 0.01256322 -0.06833076 -0.0192219 0.01167112 -0.06975775 -0.004243195 0.01447594 -0.07117301 -0.01815354 0.01134133 -0.06763076 -0.02250909 0.01730483 -0.06134033 -0.03449934 0.01178878 -0.06108492 -0.03956252 0.006908774 -0.05947321 -0.03245985 0.0121833 -0.06059408 -0.03303474 0.01111602 -0.05788469 -0.04351627 0.01132613 -0.05471563 -0.0437439 0.01728057 -0.04793262 -0.0594213 0.007007718 -0.03965681 -0.05452072 0.009944498 -0.04175078 -0.05362939 0.01227957 -0.04381483 -0.05915844 0.009999871 -0.03416353 -0.06113958 0.01119792 -0.03374499 -0.0588265 0.01232516 -0.03245931 -0.06742078 0.01115673 -0.01925742 -0.05852401 0.01050531 -0.01327097 -0.07004797 0.006926238 -0.0139774 -0.04835104 0.002010583 -7.61499e-4 -0.06809908 0.01247179 -0.00659877 -0.06647068 0.01079404 -0.008585333 -0.0695216 0.01086151 -0.008472263 -0.07021725 0.01348668 0.005434989 -0.065306 0.01698154 0.003652215 -0.07008689 0.007032573 0.01392763 -0.06598734 0.01922875 0.02746641 -0.06666547 0.01212745 0.02003258 -0.06671643 0.009886384 0.01786386 -0.06406527 0.01202934 0.01832908 -0.05918985 0.008013486 0.03798133 -0.06117379 0.0119034 0.03446316 -0.05707633 0.01669222 0.02693092 -0.05419939 0.01171714 0.04391622 -0.04884082 0.01104909 0.0363658 -0.05470997 0.01019519 0.04176914 -0.04331243 0.01116216 0.05512177 -0.03770905 0.008247554 0.05979818 -0.04093652 0.01039469 0.05324184 -0.04289501 0.0126177 0.05271637 -0.02740716 0.01700323 0.05864417 -0.03128212 0.01006114 0.04941058 -0.0183466 0.0120325 0.0646559 -0.01973342 0.01177912 0.06706476 -0.0177586 0.01008176 0.06582492 -0.01391243 0.006997048 0.07017093 -0.006838917 0.0123077 0.06764096 -0.008261919 0.01054906 0.06929194 0.001896798 0.01781445 0.06517124 0.02316653 0.0177235 0.05981236 0.03306871 0.01099526 0.06146734 0.05804777 0.005967319 0.04040229 0.06673079 0.01560747 0.02495884 0.06984603 0.005359113 -0.0124185 0.07153242 0.01746916 -3.34609e-5 0.06610977 0.0174672 -0.02723956 0.05062115 0.0174936 -0.05049574 0.02695924 0.0173 -0.05905771 0.02031683 0.01156014 -0.06582099 0.003930747 -0.003324151 -0.0376653 0.003130674 -0.003324151 -0.0378797 0.002544999 -0.003324151 -0.03846538 0.00233072 -0.003324151 -0.03926539 0.002544999 -0.003324151 -0.04006528 0.003130674 -0.003324151 -0.04065102 0.003930747 -0.003324151 -0.04086536 0.004730701 -0.003324151 -0.04065102 0.005316317 -0.003324151 -0.04006528 0.005530655 -0.003324151 -0.03926539 0.005316317 -0.003324151 -0.03846538 0.004730701 -0.003324151 -0.0378797 -0.003812611 -0.00332427 0.04095417 -0.004612565 -0.00332427 0.04073983 -0.00519824 -0.00332427 0.04015415 -0.005412518 -0.00332427 0.0393542 -0.00519824 -0.00332427 0.03855419 -0.004612565 -0.00332427 0.03796851 -0.003812611 -0.00332427 0.03775417 -0.003012537 -0.00332427 0.03796851 -0.002426922 -0.00332427 0.03855419 -0.002212584 -0.00332427 0.0393542 -0.002426922 -0.00332427 0.04015415 -0.003012537 -0.00332427 0.04073983 -0.009296178 0.006606161 -0.05248934 -0.01487874 0.006692767 -0.06878829 -0.03831613 0.005788624 -0.05955511 -0.05043166 0.01746594 -0.05054563 -0.06597578 0.0174753 -0.02727675 -0.06466978 0.01545739 0.02951657 -0.05977183 0.009637534 0.03392881 -0.04867881 0.01845246 0.0486021 -0.03400141 0.009530723 0.06013339 -0.02730977 0.01751273 0.06608825 -0.07012581 0.005039334 0.01393753 -0.07010519 0.005136191 -0.0137763 -0.05939155 0.005070745 -0.0397104 -0.05930906 0.00512892 0.03988713 -0.03952878 0.005156815 0.05960452 -0.01383191 0.005018234 0.07022678 0.03969353 0.005134165 0.05956 0.01402497 0.005217254 0.07016134 2.97963e-5 0.01741486 0.0714938 0.07017147 0.005131185 0.01411646 0.05954653 0.005086898 -0.03962856 0.03973823 0.005151152 -0.05944007 0.01156157 0.006486535 -0.07047051 0.00435096 -0.003324151 -0.0409739 0.003851771 -0.003324151 -0.04102301 -0.004232943 -0.00332427 0.04106277 -0.003733634 -0.00332427 0.04111182 -0.01420056 0.004359304 0.05494689 -0.007831633 -0.01497769 0.03022497 -0.003446102 -0.01681333 0.0200752 0.004849135 -0.01691275 -0.02168589 8.45758e-4 -0.01701629 -0.01994448 0.03914344 -0.01144862 -0.02442222 0.02132809 -0.01688617 -0.01190191 0.01884555 -0.01764911 -0.007208466 0.02620267 -0.01681065 -0.007152497 0.01562678 -0.01729726 0.01355874 0.02002298 -0.01656407 0.01093333 6.74656e-4 -0.01681947 0.0225107 -0.003058671 -0.01680487 0.02618306 -0.02513629 -0.01689827 0.01222151 -0.02048498 -0.0167585 0.006546556 -0.02208662 -0.0165404 -0.01336997 -0.01701313 -0.0166549 -0.01050108 -0.02037918 -0.0179826 -0.01788049 0.02854478 -0.01754266 0.008366048 -0.01354777 -0.01616883 0.005508601 0.01810777 -0.01602166 -0.008192241 0.006251752 -0.01600372 0.008944869 0.03458333 -0.007214367 0.02137029 -0.01359391 -0.02755117 -0.0668286 0.02096545 -0.01747077 -0.05394369 0.01365768 -0.02731168 -0.06744706 0.03863155 -0.02734833 -0.05758309 0.04224234 -0.0201351 -0.03708195 0.05739843 -0.02667409 0.03810423 -0.003581404 -0.004772663 0.04193902 -0.0359959 -0.02539414 0.05241757 -0.03998446 -0.01751708 0.04279935 -0.05749291 -0.0273 0.03820633 -0.06234449 -0.02554225 -0.0131396 -0.03894293 -0.01794975 -0.03903687 -0.03141719 -0.009426534 -0.02916967 6.91878e-4 -0.01443022 -0.05368512 0.06380534 -0.02591776 -0.01084864 0.05091708 -0.01926618 0.0216937 0.03658574 -0.02027451 0.04520016 0.02531391 -0.01877009 0.05482381 0.0043118 -0.01857942 0.05880653 -0.01352369 -0.0274235 0.06759142 0.005981683 -0.01505768 -0.03012645 -0.01638388 -0.02017408 0.05820953 -0.05702412 -0.01918876 0.01282709 -0.04232478 -0.008862316 0.008663654 -0.05312401 -0.02549409 -0.03661876 -0.03704136 -0.02705335 -0.05759072 0.01431989 -0.02377969 -0.06431335 0.02755492 -0.01354384 -0.06596904 0.02967178 -0.01850163 -0.05998283 0.03024375 -0.01906925 -0.05979102 0.03199464 -0.01907777 -0.06193912 0.03194409 -0.01949095 -0.06122303 0.03155565 -0.01964038 -0.06050699 0.03093326 -0.01948601 -0.05998283 0.02980983 -0.0173729 -0.06193912 0.02942126 -0.01752233 -0.06122303 0.02937084 -0.01793551 -0.06050699 0.03043222 -0.01752728 -0.06246334 0.03112173 -0.01794403 -0.06265515 0.03169357 -0.01851165 -0.06246334 0.05075496 -0.01356852 -0.05036544 0.04337859 -0.01931047 -0.05287539 0.04563415 -0.01703196 -0.05287843 0.05104482 -0.01738697 -0.04570013 0.05179768 -0.01744782 -0.04603976 0.05330348 -0.01891219 -0.04519814 0.05948346 -0.02592492 -0.03972947 0.05310171 -0.01832842 -0.04574996 0.05255061 -0.01779252 -0.04605799 0.05049359 -0.01762604 -0.04513001 0.05029183 -0.01810115 -0.04448235 0.05310171 -0.01938724 -0.04455029 0.05255061 -0.01962625 -0.0439803 0.05179768 -0.0195654 -0.04364061 0.05104482 -0.01922076 -0.04362237 0.05049359 -0.01868486 -0.04393047 0.05975532 -0.0190649 -0.03171128 0.06609523 -0.01349562 -0.02737933 0.06245023 -0.01746004 -0.03161656 0.06344032 -0.0184229 -0.0215404 0.06365406 -0.01786875 -0.02211761 0.06423813 -0.01748555 -0.02256262 0.06503593 -0.017376 -0.02275609 0.06583374 -0.01756936 -0.02264618 0.06641775 -0.01801389 -0.02226251 0.07247275 -0.01966762 -0.006713807 0.06663155 -0.01859045 -0.02170771 0.06641775 -0.01914453 -0.02113044 0.06583374 -0.01952773 -0.02068543 0.06503593 -0.01963722 -0.02049189 0.06423813 -0.01944386 -0.02060168 0.06365406 -0.01899939 -0.02098554 0.0698685 -0.01793086 -0.00568515 0.06838202 -0.01739686 0.003738403 0.06916564 -0.01742959 0.004004478 0.0675984 -0.01766163 0.00378108 0.06702476 -0.01815271 0.004121184 0.06973928 -0.01886051 0.005660653 0.07020109 -0.02602595 0.01395481 0.06994926 -0.0182746 0.005114376 0.06973928 -0.01775074 0.004508078 0.06916564 -0.01935172 0.006000757 0.06838202 -0.01961642 0.006043434 0.0675984 -0.01958376 0.005777359 0.06702476 -0.01926249 0.005273759 0.06681478 -0.01873862 0.00466752 0.06677812 -0.01770919 0.02155888 0.06604725 -0.01356077 0.02759861 0.06061053 -0.01793551 0.02935618 0.06132656 -0.01752233 0.02940666 0.06204259 -0.0173729 0.02979516 0.06256675 -0.01752728 0.03041762 0.0598945 -0.01906925 0.03022909 0.0600863 -0.01850163 0.02965718 0.06275862 -0.01794403 0.03110706 0.06256675 -0.01851165 0.03167897 0.06204259 -0.01907777 0.03197997 0.06132656 -0.01949095 0.03192949 0.06061053 -0.01964044 0.03154093 0.0600863 -0.01948601 0.03091853 0.05306738 -0.01938301 0.04476034 0.05062484 -0.01345968 0.05061364 0.05297958 -0.01709103 0.04542773 0.05028486 -0.01735258 0.04415881 0.04614329 -0.01744788 0.05178308 0.04403394 -0.01868486 0.05047905 0.04372578 -0.01922076 0.05103009 0.04374402 -0.0195654 0.05178308 0.04408377 -0.01962625 0.05253601 0.03992396 -0.02590972 0.05941236 0.04465383 -0.01938724 0.05308717 0.04616153 -0.01779252 0.05253601 0.04585337 -0.01832842 0.05308717 0.04530155 -0.01891219 0.05328887 0.04458576 -0.01810115 0.05027729 0.04523348 -0.01762604 0.05047905 0.04580354 -0.01738703 0.05103009 0.02734428 -0.01352983 0.06612861 0.03157794 -0.01739513 0.06271916 0.02108895 -0.01899939 0.06363952 0.02164381 -0.0184229 0.06342571 0.02222102 -0.01786875 0.06363952 0.02266603 -0.01748555 0.06422352 0.02285957 -0.017376 0.06502133 0.02274978 -0.01756936 0.06581914 0.02236592 -0.01801389 0.06640315 0.02181112 -0.01859045 0.06661695 0.01403003 -0.02602666 0.070176 0.02123391 -0.01914453 0.06640315 0.02078884 -0.01952773 0.06581914 0.02070528 -0.01944392 0.06422352 0.02059543 -0.01963734 0.06502133 0.006868839 -0.01868039 0.06906259 0.004710674 -0.01700669 0.06964462 -4.16381e-4 -0.01358234 0.07176148 -0.005557239 -0.01886051 0.06972467 -0.00363487 -0.01739686 0.06836742 -0.003677546 -0.01766163 0.06758379 -0.004017651 -0.01815277 0.06701016 -0.003900945 -0.01742959 0.06915104 -0.004404664 -0.01775079 0.06972467 -0.005010843 -0.0182746 0.06993466 -0.005897343 -0.01935172 0.06915104 -0.00594002 -0.01961642 0.06836742 -0.005673885 -0.01958376 0.06758379 -0.005170226 -0.01926249 0.06701016 -0.004563987 -0.01873868 0.06680017 -0.0198884 -0.01916521 0.06580859 -0.02214455 -0.01704728 0.06587374 -0.02748006 -0.01362752 0.06602913 -0.03012555 -0.01906925 0.05987983 -0.02955377 -0.01850163 0.0600717 -0.02925264 -0.01793551 0.06059587 -0.02930325 -0.01752233 0.06131196 -0.02969175 -0.01737296 0.06202799 -0.03031408 -0.01752734 0.06255215 -0.03100365 -0.01794403 0.06274402 -0.0315755 -0.01851165 0.06255215 -0.03964537 -0.02588492 0.05952584 -0.0318765 -0.01907777 0.06202799 -0.03182595 -0.01949095 0.06131196 -0.03143745 -0.01964044 0.06059587 -0.03081512 -0.01948601 0.0600717 -0.04524177 -0.01788675 0.05365055 -0.05040401 -0.01343661 0.05075579 -0.05037552 -0.01868486 0.04401934 -0.05092662 -0.01922076 0.04371124 -0.05167961 -0.01956546 0.04372948 -0.05243247 -0.01962631 0.04406911 -0.05017375 -0.01810115 0.04457116 -0.05037552 -0.01762604 0.04521888 -0.05092662 -0.01738703 0.045789 -0.05167961 -0.01744788 0.04612869 -0.05243247 -0.01779252 0.04614681 -0.0529837 -0.01832842 0.04583883 -0.0531854 -0.01891219 0.04528695 -0.0529837 -0.01938724 0.04463917 -0.06128633 -0.01836597 0.03257012 -0.06597548 -0.0134775 0.02741497 -0.07007014 -0.02595925 0.01410686 -0.06571567 -0.01952773 0.02077424 -0.06491786 -0.01963734 0.0205807 -0.06412005 -0.01944392 0.02069056 -0.06353598 -0.01899939 0.02107435 -0.06332224 -0.0184229 0.02162921 -0.06353598 -0.01786875 0.02220648 -0.06412005 -0.01748555 0.02265143 -0.06491786 -0.01737606 0.02284497 -0.06571567 -0.01756942 0.02273505 -0.06629967 -0.01801389 0.02235132 -0.06651347 -0.01859045 0.02179652 -0.06629967 -0.01914453 0.02121925 -0.07143718 -0.01261013 2.14571e-4 -0.06853985 -0.01903736 0.006724476 -0.06920886 -0.01737952 0.004000246 -0.06904757 -0.01742959 -0.003915667 -0.0696212 -0.01775079 -0.004419267 -0.06983119 -0.0182746 -0.005025506 -0.07011163 -0.02587413 -0.01361387 -0.0666967 -0.01873868 -0.00457859 -0.06690669 -0.01926249 -0.005184829 -0.06748032 -0.01958376 -0.005688548 -0.06826394 -0.01961642 -0.005954623 -0.06904757 -0.01935172 -0.005911946 -0.0696212 -0.01886051 -0.005571842 -0.06690669 -0.01815277 -0.004032254 -0.06748032 -0.01766163 -0.00369215 -0.06826394 -0.01739686 -0.003649473 -0.06658571 -0.0172798 -0.02141368 -0.06596893 -0.01355534 -0.02744531 -0.05937707 -0.02530133 -0.03904289 -0.06120842 -0.01949095 -0.03184068 -0.06049239 -0.01964044 -0.03145205 -0.06049239 -0.01793551 -0.02926737 -0.06120842 -0.01752233 -0.02931791 -0.06244868 -0.01851165 -0.03159016 -0.06192445 -0.01907777 -0.0318911 -0.05996829 -0.01948601 -0.03082972 -0.05977636 -0.01906925 -0.03014028 -0.05996829 -0.01850163 -0.02956837 -0.06192445 -0.0173729 -0.02970635 -0.06244868 -0.01752728 -0.03032875 -0.06264054 -0.01794403 -0.03101819 -0.05044931 -0.01358205 -0.05056953 -0.04196077 -0.01676917 -0.04013371 -0.04456764 -0.01700741 -0.05067366 -0.04523336 -0.01789367 -0.05351513 -0.0376389 -0.02372485 -0.05197811 -0.03010779 -0.01681393 -0.06159263 -0.03251856 -0.01871591 -0.0614854 -0.02724748 -0.01355665 -0.06604909 -0.02241188 -0.01682388 -0.05483138 -0.02147519 -0.01770061 -0.06662517 -0.01523011 -0.02395415 -0.06290107 -0.005818545 -0.01847892 -0.06958764 -0.006321132 -0.01885825 -0.06717419 2.83753e-4 -0.01358562 -0.07146888 0.006015419 -0.01935172 -0.06906217 0.006058156 -0.01961642 -0.06827861 0.004682183 -0.01873862 -0.0667113 0.004135787 -0.01815271 -0.06692129 0.003795683 -0.01766163 -0.06749498 0.003753006 -0.01739686 -0.06827861 0.004019141 -0.01742959 -0.06906217 0.0045228 -0.01775074 -0.0696358 0.00512892 -0.0182746 -0.06984585 0.005675375 -0.01886051 -0.0696358 0.005288362 -0.01926249 -0.06692129 0.005791962 -0.01958376 -0.06749498 0.03349977 -0.01178497 -0.03978091 0.03213191 -0.01685065 -0.06204444 0.03635966 -0.02176606 -0.06030654 0.05359655 -0.01845306 -0.04325234 0.052455 -0.01627397 -0.04515719 0.05773878 -0.02478218 -0.03829932 0.06337887 -0.01714193 -0.02044641 0.06611639 -0.01642215 -0.02155387 0.06681865 -0.02442252 -0.0146988 0.06978565 -0.02151805 0.01027315 0.04444795 -0.008259654 0.01451069 0.07050901 -0.01287168 0.001519739 0.06188023 -0.01739609 0.0328148 0.05922812 -0.01838314 0.03171622 0.04330396 -0.01714015 0.0506438 0.04523628 -0.01660287 0.0532974 0.04249387 -0.02126908 0.05671226 0.02102094 -0.01697206 0.05486357 0.02181977 -0.01617205 0.06526309 0.0199989 -0.01804465 0.06669229 0.01360785 -0.02579522 0.06809365 -0.004681527 -0.01620054 0.06789672 -0.01048135 -0.0221219 0.06901788 -0.03512901 -0.02036291 0.06151449 -0.03241258 -0.004405081 0.03173935 -0.0302664 -0.01611149 0.06114518 -0.05347794 -0.01696348 0.04500615 -0.05769199 -0.02219521 0.04186546 -0.05397331 -0.02322983 0.03532415 -0.06841284 -0.02011024 0.01416516 -0.05542945 -0.01851111 0.01829594 -0.0638653 -0.01633828 0.02150279 -0.06929707 -0.01636242 -0.005236566 -0.06932109 -0.02123737 -0.00976938 -0.06654751 -0.0169149 -0.004995584 -0.06135809 -0.01605534 -0.03061628 -0.06082713 -0.02153772 -0.03594535 -0.04226726 -0.009879052 -0.02166521 -0.03972113 -0.02325183 -0.05944842 -0.01383602 -0.02413225 -0.07006514 0.004661262 -0.01618641 -0.06763797 0.01456773 -0.02109473 -0.06891715 -0.05045694 -0.01173317 0.05065089 -0.0660094 -0.01172995 0.02745646 -0.06598913 -0.0117169 -0.02737307 -0.05053234 -0.01179683 -0.0504496 -0.02717173 -0.01182186 -0.0660429 -1.26991e-4 -0.01172137 -0.07148826 0.02738791 -0.01179802 -0.06606519 0.05062633 -0.01175785 -0.05051475 0.06610298 -0.01169115 -0.02731591 0.06610935 -0.01181358 0.02743035 0.05070656 -0.01168233 0.05051314 0.02744263 -0.01170206 0.06610506 5.96009e-5 -0.01164275 0.07157856 -0.02730613 -0.01171725 0.06611615 -0.001726686 -0.003984987 -0.04446983 0.01505994 0.004378437 0.06911426 0.01589781 0.01024836 0.05894088 0.04578959 -0.01150625 0.04576241 0.0260446 0.01282185 0.07159364 0.04844796 -0.0146805 0.05808174 0.04007589 -0.02219796 0.05834084 0.02620112 0.0175774 0.06148904 0.0356549 -0.02369815 0.05530405 0.0240249 0.008973121 0.06415545 0.0427078 -0.01219522 0.05401408 0.02664136 9.73412e-4 0.05905175 0.04035007 -0.01587629 0.05735671 0.02522963 0.01243358 0.06623178 0.01977515 0.00389719 0.06692135 0.02437263 0.007135987 0.06863075 0.02224522 0.009546458 0.0596801 0.01846033 0.005386888 0.0613895 0.02589929 0.01062732 0.06415545 0.04458212 -0.01054102 0.05401408 0.04092818 -0.01162201 0.04953885 0.03714323 -0.01578146 0.05124825 0.04305559 -0.01403242 0.0584895 0.03845798 -0.01727116 0.05678004 0.01601439 0.005631148 0.06818008 0.01596921 0.008209407 0.06274169 0.01975423 0.01236885 0.06103223 0.02128744 0.01383304 0.06077849 0.02340823 0.01344978 0.06550765 0.02188158 0.009958446 0.069983 0.02103751 0.008545577 0.07136005 0.01728409 0.006719708 0.06827354 0.04707324 -0.01336348 0.05266201 0.04774427 -0.01202094 0.05110388 0.04341924 -0.01444447 0.0481866 0.04193818 -0.01512169 0.04689484 0.03963422 -0.01860392 0.04989612 0.03805416 -0.02026391 0.05046969 0.04094904 -0.02009356 0.05542784 0.04204475 -0.0201202 0.05751729 0.04554665 -0.01685488 0.05713731 0.04688644 -0.01603245 0.05791342 0.0148946 0.008087277 0.06099265 0.04475474 -0.01439768 0.05054092 0.0383079 -0.01478958 0.05133634 0.04119253 -0.01816576 0.05183321 0.04463887 -0.01721149 0.0562238 0.04332393 -0.01288592 0.05658382 0.04061931 -0.01625901 0.058649 0.04340761 -0.01024627 0.05123513 0.0394392 -0.02016746 0.05280035 0.04721969 -0.01456546 0.05544096 0.0409072 -0.01658511 0.04802709 0.0215215 0.01241171 0.06420814 0.02130597 0.007831633 0.06155931 0.01782959 0.01028573 0.06180381 0.01768988 0.007269561 0.06787168 0.0236451 0.007094025 0.06736516 0.02347826 0.01207304 0.06851053 0.01826518 0.003823339 0.06429386 0.02216655 0.00507158 0.06887584 0.01973325 0.007405757 0.0595206 0.02454191 0.01086801 0.06115251 0.04305011 -0.01628249 0.05134493 0.01811569 0.008900821 0.06525552 0.04475283 -0.01621836 0.05434936 0.02053999 0.009706199 0.06803792 0.04205971 -0.01848655 0.05411273 0.04222351 -0.01645964 0.05019021 0.04646939 -0.019593 0.05046749 0.0431717 -0.02056759 0.0528205 0.04648393 -0.01838219 0.05437564 0.04447108 -0.01746171 0.05170476 0.0436933 -0.01670038 0.05096173 0.04303342 -0.01558279 0.04872196 0.04480803 -0.01620352 0.05340385 0.04648762 -0.01588207 0.05447387 0.04294067 -0.01840567 0.05320698 0.04197496 -0.01974135 0.05530917 0.04616737 -0.01464635 0.05385017 0.04244863 -0.01674699 0.05122131 0.04276126 -0.01766216 0.05375152 0.01946252 0.01207256 0.06224852 0.01962691 0.01056003 0.06712549 0.02195775 0.01106089 0.06889194 0.01986616 0.01182246 0.06474578 0.01639693 0.008039116 0.06509548 0.01785427 0.00995481 0.06493771 0.01996475 0.01106464 0.06414246 0.01868027 0.009169578 0.06561595 0.02085703 0.01072663 0.0664919 0.01439172 0.01163226 0.06609725 0.0172398 0.01381558 0.0701853 0.01752012 0.01648831 0.06589388 0.01444244 0.0146628 0.06538939 0.0167672 0.01588511 0.06908756 0.01867008 0.01363962 0.06471145 0.01991176 0.01316195 0.06798011 0.01684373 0.01057589 0.06765425 0.01434886 0.01365554 0.06928491 -0.009979128 0.008741259 0.06017386 0.02461904 -0.0114175 0.0620287 0.02449429 -0.01207882 0.06521373 -0.002285063 0.0147345 0.06802529 0.02487027 -0.01208585 0.06915825 -0.001544117 0.01610583 0.06108105 -0.008863091 0.007352352 0.07518279 0.01678901 -0.02137881 0.06191658 0.0115078 -0.02201652 0.07152426 -5.88038e-4 0.01563 0.07250571 -0.002296388 0.009085416 0.06772935 0.01884526 -0.01208299 0.06550967 0.007206082 -0.002142608 0.06258046 -0.004760921 0.006314337 0.07069432 0.01583009 -0.01541131 0.06857752 -0.00677371 0.004306375 0.07066017 -5.27501e-4 0.01085203 0.06772935 -0.006980001 0.007607698 0.07326984 -0.002723336 0.008161723 0.07247161 -0.003220677 0.008659601 0.06298708 -0.007080972 0.004614174 0.06479847 0.01792097 -0.01250874 0.06076741 0.02061408 -0.01031631 0.06550967 0.01841819 -0.01300662 0.07025188 0.01436781 -0.01686197 0.06844055 0.01406049 -0.01655423 0.06257879 -0.01173621 0.005383133 0.06839102 -0.009899914 0.007436633 0.06509441 -0.008563756 0.009048581 0.06244909 -0.0060395 0.011482 0.06328302 -0.003925979 0.01356858 0.06347513 -0.003346323 0.01367449 0.06802529 -0.003409147 0.01316863 0.07228505 -0.005542278 0.01098418 0.07276755 -0.009592592 0.007128894 0.07095617 0.02343297 -0.01313877 0.06521373 0.02329415 -0.01294296 0.06204134 0.02073985 -0.0153312 0.06047135 0.0188505 -0.01704645 0.05886638 0.01687937 -0.01937669 0.06228286 0.01561874 -0.02081161 0.0640127 0.01718676 -0.01968443 0.06814455 0.01736474 -0.01970309 0.07011163 0.02123707 -0.01582914 0.06995594 0.02263182 -0.01452261 0.07086449 0.01618635 -0.0144909 0.06293308 0.01907795 -0.01710993 0.06158936 0.01891559 -0.01799649 0.06866604 0.01903843 -0.012156 0.06819009 0.01577037 -0.01462942 0.06050771 0.01609224 -0.01534748 0.07042092 0.01620525 -0.02037274 0.06536036 0.0226587 -0.01357841 0.06203168 0.02310228 -0.01377785 0.06815844 -0.005150258 0.01176041 0.06912153 -0.005318284 0.006321668 0.06520283 -0.007514178 0.009906232 0.06446003 -0.008051335 0.008625686 0.07125598 -0.001869201 0.009278655 0.06996983 -0.01058954 0.006455898 0.0678786 -0.003786981 0.01290076 0.07120728 -0.003985822 0.01334458 0.06508064 -0.004846692 0.00601381 0.07273125 -0.005564332 0.00633651 0.06281805 -0.005726993 0.01125246 0.06793367 0.02152651 -0.01500082 0.06475454 -0.007603228 0.009458839 0.06768906 0.01856034 -0.01795768 0.0649445 0.01999998 -0.01675802 0.06700146 -0.008194684 0.008661329 0.06970298 -0.006984591 0.01033467 0.06522041 0.02357691 -0.01967245 0.06433349 0.02166372 -0.01887238 0.06790226 0.01958554 -0.02061158 0.06460928 0.02123457 -0.01753592 0.06465262 0.02134406 -0.01629728 0.06426107 0.0217061 -0.01513189 0.06193208 0.02043485 -0.01713234 0.06899762 0.02093887 -0.01691716 0.06667953 0.01929795 -0.01841264 0.06521773 0.01810562 -0.01881468 0.06266748 0.02070212 -0.0157606 0.06416773 0.02014541 -0.0165866 0.06678152 -0.008526444 0.009672224 0.06769841 -0.00628829 0.01160168 0.06443512 -0.009813547 0.007793426 0.06868737 -0.005816578 0.01232802 0.06826519 -0.006846249 0.01062351 0.06970638 -0.007750213 0.01003044 0.07164436 -0.004972517 0.01170384 0.07094377 -0.007668137 0.009550213 0.06664055 -0.01357638 0.01313316 0.06716156 -0.009639143 0.01502168 0.07098865 -0.009892463 0.0161609 0.06673073 -0.006712555 0.0144276 0.06711781 -0.009299278 0.01200753 0.06576299 -0.007747828 0.01305395 0.06973314 -0.0107243 0.01026135 0.06904834 -0.01330029 0.01387482 0.06957018 -0.01060318 0.01627618 0.06993275 -0.008500099 -0.02060449 0.06038212 -0.03360354 0.006714761 0.05276972 -0.02594524 0.01555484 0.05731701 -3.64339e-4 -0.01112914 0.06650239 -0.01017296 -0.01829034 0.07474076 -0.03485018 0.01065653 0.06886756 -0.02976387 -0.01115548 0.0667718 -6.18672e-4 -0.008446872 0.07197904 -0.01432383 -0.01052594 0.05533641 -0.02785223 0.009052753 0.06099873 -0.007470548 -0.01211553 0.06703865 -0.02189648 -0.001468062 0.05991578 -0.01081198 -0.01430386 0.07064557 -0.02889257 0.009126484 0.06478422 -0.03297758 0.004939377 0.06387752 -0.0260514 0.01078677 0.06099873 -0.02920418 0.009080111 0.06565672 -0.03026777 0.005377054 0.05626755 -0.02787613 0.007700741 0.05634093 -0.0321567 0.004086852 0.05812007 -0.01177495 -0.01708143 0.06415987 -0.005669653 -0.01038157 0.06703865 -0.00749439 -0.01346755 0.06238073 -0.008822441 -0.01208823 0.07169657 -0.01259577 -0.01622903 0.06991744 -0.03684103 0.00646454 0.06242626 -0.03487432 0.00690937 0.05731475 -0.03059375 0.0105232 0.05553561 -0.02992498 0.0107336 0.05400133 -0.02876889 0.01360923 0.06019347 -0.02816617 0.01461184 0.06170952 -0.0319218 0.01190257 0.0648514 -0.03569507 0.007761836 0.06307226 -0.002952039 -0.01320403 0.06784397 -0.001938462 -0.01266133 0.0662893 -0.004776835 -0.01629 0.06318604 -0.009057462 -0.01990389 0.06496518 -0.01072049 -0.02132827 0.06554734 -0.009878218 -0.01905149 0.07072269 -0.01004672 -0.01864498 0.07268083 -0.006104826 -0.01491069 0.07250183 -0.004863381 -0.0134561 0.07339179 -0.03269714 0.01169127 0.06676036 -0.03672981 0.005360484 0.05814749 -0.004933536 -0.01691645 0.06149429 -0.004772782 -0.01509612 0.06735002 -0.009773433 -0.01487582 0.06507676 -0.007332503 -0.01835298 0.06460076 -0.007969439 -0.01698815 0.07143557 -0.007449626 -0.01138192 0.06960058 -0.01122319 -0.01435256 0.07186257 -0.0096336 -0.01560002 0.06212568 -0.003124952 -0.01426225 0.06471854 -0.003858268 -0.01325142 0.07073628 -0.01033908 -0.02027547 0.06798803 -0.03125572 0.01195567 0.06277257 -0.03200864 0.009446203 0.05655348 -0.02697378 0.009174704 0.05844849 -0.03166872 0.005773365 0.06254887 -0.03406941 0.009451925 0.06347787 -0.03611493 0.006495118 0.06004941 -0.02885055 0.01270532 0.0573011 -0.02695763 0.01073938 0.06389111 -0.0302295 0.005387425 0.05617481 -0.03141611 0.007023096 0.06591182 -0.006772518 -0.01737934 0.06623119 -0.03267496 0.009442925 0.05877274 -0.03393173 0.008901 0.06111329 -0.006790459 -0.01629245 0.06997561 -0.03121662 0.01124775 0.06023007 -0.03336054 0.008645594 0.05829149 -0.03088873 0.01096332 0.0580734 -0.008570909 -0.01845049 0.06842124 -0.00289613 -0.02026581 0.0687111 -0.004957258 -0.01785427 0.07119446 -0.006980121 -0.02061879 0.06837409 -0.003783583 -0.01834058 0.06556099 -0.00587064 -0.01812285 0.06837677 -0.00641781 -0.01608926 0.06907379 -0.005895495 -0.01649034 0.06625908 -0.003556072 -0.01458007 0.06713753 -0.005947053 -0.01767843 0.0642336 -0.007942795 -0.01757532 0.07121455 -0.00634706 -0.01797628 0.06695365 -0.004827082 -0.01605755 0.06814444 -0.006561875 -0.01731652 0.06958585 -0.03278332 0.01018548 0.06173515 -0.02996397 0.01319062 0.06121939 -0.0355159 0.008221507 0.06199753 -0.03288149 0.009253203 0.05880469 -0.03256696 0.009444713 0.05633074 -0.03176343 0.01166337 0.05934166 -0.03385347 0.009551882 0.05915778 -0.03341645 0.01067841 0.06163138 -0.03436726 0.01650089 0.05927783 -0.03696054 0.01459479 0.05630719 -0.03831565 0.01360905 0.06106555 -0.03413528 0.01144856 0.05652391 -0.03304803 0.0137518 0.0611869 -0.03596252 0.01125442 0.06221395 -0.03721892 0.01561635 0.06075161 -0.0351085 0.01172173 0.06107664 -0.03413856 0.0117768 0.05800497 -0.03712064 -0.02067095 0.06015235 -0.05804467 0.006142318 0.04320448 -0.03630411 -0.02236801 0.05638599 -0.05904227 0.004784345 0.04232776 -0.04638862 0.01377642 0.039375 -0.02481526 -0.01311063 0.05996882 -0.0583406 0.009339332 0.04878515 -0.03819131 -0.01908951 0.06404149 -0.03123134 -0.001288652 0.04438894 -0.05665683 0.01159453 0.05240058 -0.05038601 -0.008963227 0.04837453 -0.04874682 0.008856773 0.04498851 -0.03222787 -0.01231157 0.05836838 -0.04938465 0.005874574 0.04108256 -0.03022539 -0.01643955 0.05449908 -0.05268859 0.005780756 0.04498851 -0.03616964 -0.01538765 0.05836838 -0.0516324 0.009281158 0.04923754 -0.03526204 -0.01376092 0.06451368 -0.0546596 0.004242718 0.04498851 -0.04677587 0.01039481 0.04498851 -0.03814065 -0.01692569 0.05836838 -0.03025692 -0.01077353 0.05836838 -0.05686205 0.007065176 0.04320448 -0.05177742 0.007079601 0.03698188 -0.04897838 0.01321727 0.04320448 -0.05581623 0.01177412 0.04936915 -0.02805441 -0.01359599 0.06015235 -0.03593808 -0.01974815 0.06015235 -0.04736447 0.01405936 0.04254281 -0.03011387 -0.01499754 0.06047773 -0.03270834 -0.01590245 0.05559724 -0.02966153 -0.01613497 0.05811935 -0.03063511 -0.01693898 0.05804961 -0.03101992 -0.01733249 0.05790203 -0.03216725 -0.01810884 0.05809038 -0.03263688 -0.01832312 0.05833113 -0.03359901 -0.01843684 0.05933898 -0.03387862 -0.0183466 0.05982697 -0.03516292 -0.01295179 0.06099361 -0.03409194 -0.01773124 0.061064 -0.03401774 -0.01738917 0.06151354 -0.03335726 -0.0164051 0.06225508 -0.03297269 -0.01601171 0.0624026 -0.03027838 -0.01356559 0.06298136 -0.03158754 -0.01523691 0.06191885 -0.03039348 -0.01490724 0.06096559 -0.03137946 -0.01746559 0.05429118 -0.03556776 -0.01300495 0.06470966 -0.05083847 0.0115602 0.04287922 -0.05006778 0.007112681 0.04178315 -0.04992932 0.01141077 0.04148793 -0.05148506 0.009957969 0.04114258 -0.05262571 0.009134531 0.04124373 -0.05358839 0.007561445 0.0398758 -0.05410712 0.008354663 0.04184341 -0.05445694 0.00836575 0.04229283 -0.054838 0.008912503 0.0436294 -0.05604577 0.008705019 0.04476773 -0.05152297 0.009478032 0.0473175 -0.05279487 0.01090717 0.04421073 -0.05418199 0.01151984 0.04687845 -0.05332344 0.01124882 0.0454548 -0.05284845 0.01152628 0.04530721 -0.05156224 0.01257324 0.04534518 -0.04917401 0.005035221 0.039397 -0.05161082 0.01005083 0.05040955 -0.03334122 -0.01754736 0.06040889 -0.02950716 -0.02049529 0.06185269 -0.02820962 -0.01695829 0.06083524 -0.03144657 -0.0174725 0.06404328 -0.03086674 -0.01742202 0.06124699 -0.03119182 -0.01545286 0.06119072 -0.0289967 -0.01431638 0.06108319 -0.03194308 -0.01755493 0.05873799 -0.03187859 -0.01915001 0.05689233 -0.03428113 -0.01694875 0.06340086 -0.03084284 -0.01759564 0.05913382 -0.03071099 -0.01605165 0.06134092 -0.03291642 -0.01769262 0.06146758 -0.04994207 0.01232081 0.0420233 -0.05400454 0.009972214 0.04426938 -0.05519574 0.0109167 0.04636287 -0.05360537 0.009383141 0.04177868 -0.05307692 0.007951974 0.03985214 -0.05462795 0.00804907 0.04023772 -0.0519728 0.011366 0.04217886 -0.05378347 0.01128637 0.04422777 -0.05821323 0.01355481 0.04258024 -0.05683344 0.01224339 0.03848743 -0.05417627 0.01642352 0.03998649 -0.05844348 0.01352 0.0399816 -0.0571506 0.01615291 0.04193216 -0.05242675 0.0135973 0.04164284 -0.05521011 0.01307481 0.04434847 -0.055296 0.01041823 0.04021394 -0.05580538 0.01516848 0.03863638 -0.04794406 -0.01111382 0.04716426 -0.0707125 0.01303261 0.02573037 -0.05975598 -0.01731401 0.04630041 -0.07055842 0.005221307 0.01688587 -0.04823017 -0.0201565 0.03769946 -0.05793315 0.01053714 0.01611447 -0.05525505 -0.01066863 0.05001324 -0.06203275 -0.02063983 0.04262584 -0.05613148 0.01249849 0.01382505 -0.06405198 0.005664408 0.02026152 -0.05391067 -0.01550394 0.03894442 -0.06299078 -0.002272903 0.03210145 -0.05056023 -0.01187556 0.04123461 -0.06026029 0.007303535 0.02006441 -0.06852734 0.005091071 0.02204114 -0.06976169 0.005576491 0.01936584 -0.06405198 0.0040102 0.01838707 -0.06681787 0.00925064 0.02582603 -0.06128603 0.01074028 0.02451121 -0.05957663 0.007501602 0.01991373 -0.05391067 -0.01715821 0.03707003 -0.05838596 -0.01607728 0.04072403 -0.04943531 -0.01366674 0.03859663 -0.05114471 -0.01042807 0.04319423 -0.05667656 -0.01191771 0.04450905 -0.0634672 0.01478564 0.02386558 -0.06817007 0.01207304 0.02333498 -0.06985741 0.01155185 0.02367573 -0.06987953 0.007913589 0.01955014 -0.06540411 0.006832659 0.01589608 -0.06317937 0.006706595 0.01454794 -0.06092882 0.01032406 0.01742273 -0.05970627 0.01203292 0.01870322 -0.06263822 0.01356273 0.02202028 -0.05255854 -0.0199806 0.03956109 -0.05486094 -0.02092921 0.0397287 -0.05703377 -0.01889967 0.04321509 -0.05858153 -0.01896709 0.04396235 -0.05532443 -0.01474016 0.04700005 -0.05500859 -0.01316702 0.04860502 -0.04979252 -0.01325047 0.04568523 -0.0477162 -0.01319915 0.04460799 -0.04808312 -0.0164892 0.04108768 -0.04800081 -0.01834273 0.03894001 -0.05538415 -0.01862001 0.04259747 -0.05744582 -0.01480185 0.04169517 -0.05028039 -0.01380109 0.04532629 -0.05152148 -0.01249969 0.04103916 -0.05083864 -0.01837456 0.04042011 -0.05404913 -0.01042866 0.04476994 -0.05668962 -0.01745289 0.03824448 -0.05090773 -0.0157814 0.037 -0.04927575 -0.01144021 0.04103285 -0.05719333 -0.01675903 0.04572713 -0.06369191 0.008649647 0.01702886 -0.06693881 0.005141913 0.02122366 -0.06788635 0.01006835 0.02090108 -0.06108081 0.009734451 0.02325135 -0.06290233 0.01154613 0.01986801 -0.06554263 0.01356208 0.02359592 -0.06076925 0.01255065 0.01985895 -0.06942391 0.008538126 0.02322196 -0.06818306 0.006537914 0.01707059 -0.06127291 0.005212247 0.01824069 -0.06646823 0.008914172 0.01878899 -0.05413371 -0.01729798 0.04345571 -0.06584954 0.01099139 0.02084988 -0.05257892 -0.01544708 0.04470354 -0.06348246 0.01111233 0.01970249 -0.05130279 -0.01749634 0.04169559 -0.06624984 0.01154983 0.02170205 -0.0500282 -0.0157442 0.04298764 -0.05068361 -0.02039963 0.04568636 -0.05454528 -0.01902353 0.04590576 -0.05064219 -0.01644575 0.04670101 -0.06887656 0.01648551 0.01361674 -0.05096316 -0.01910459 0.04346817 -0.0531243 -0.01904839 0.04491251 -0.05173945 -0.01729959 0.04591983 -0.05268841 -0.014274 0.04659843 -0.05115234 -0.01649492 0.04264944 -0.05534988 -0.01947045 0.04244357 -0.04901862 -0.01706576 0.04159212 -0.05389291 -0.01768249 0.04288929 -0.05369627 -0.01752364 0.04436814 -0.05130445 -0.01789218 0.04253143 -0.0514726 -0.0160675 0.04469001 -0.06323403 0.01309579 0.02044588 -0.06708508 0.01048541 0.01958376 -0.06880968 0.01104342 0.02176111 -0.06415492 0.01015108 0.01842784 -0.06292748 0.009869158 0.01667475 -0.06743127 0.007802486 0.01749515 -0.06378084 0.008288443 0.01667791 -0.06257605 0.01252007 0.02082753 -0.0653637 0.01131838 0.02059292 -0.06855398 0.01480054 0.01893854 -0.06553083 0.01554501 0.01449102 -0.06837272 0.01209241 0.0138961 -0.0698601 0.01449418 0.01700901 -0.06763797 0.01657301 0.01710909 -0.0632615 0.01280999 0.01699298 -0.06635892 0.01375746 0.01972746 -0.06777036 0.01034128 0.01666498 -0.0648697 0.0122112 0.0172348 -0.06759256 -0.01091021 0.02637857 -0.06051951 0.01420283 -0.003284692 -0.07692658 0.01092129 -0.00533694 -0.06713891 -0.02211385 0.01445049 -0.0651102 -0.02126526 0.01528137 -0.06792181 0.005548 -0.01149791 -0.05703914 -0.01804012 0.01788073 -0.06065285 0.008274734 -0.009440839 -0.07492685 -0.01181888 5.24145e-4 -0.06115847 -0.009213566 0.02556937 -0.06762588 0.005552113 -0.005848765 -0.0654062 -0.01561617 0.01529282 -0.07063984 0.008892357 -0.002190172 -0.06938016 -0.0152049 0.01611894 -0.06187939 -0.01242554 0.01811283 -0.06395137 0.007703065 -0.004076957 -0.07236814 0.005977988 -0.004924476 -0.0731855 0.006925642 -0.008520603 -0.06762588 0.003785431 -0.007617652 -0.064695 0.01033115 -0.001371443 -0.06477791 0.004438996 -0.007262349 -0.06288361 0.006475925 -0.005421698 -0.07055675 0.01002335 -0.001064062 -0.06066387 -0.01469242 0.01571983 -0.0654062 -0.01738286 0.01352387 -0.06833702 -0.01114493 0.0200774 -0.07014846 -0.01519042 0.01621711 -0.06247532 -0.01083719 0.0197702 -0.07085269 0.01284587 -0.003883004 -0.07263147 0.012838 -0.003692507 -0.07266408 0.008800446 -0.007743299 -0.06792181 0.00660789 -0.01043653 -0.06317955 0.009298384 -0.00824064 -0.06169074 0.008814692 -0.008878231 -0.06499093 0.01315361 -0.004190266 -0.0651102 -0.02020531 0.01634269 -0.06990027 -0.01961916 0.01744049 -0.06985247 -0.01801288 0.01903599 -0.070661 -0.01556187 0.02157682 -0.06804108 -0.01396745 0.02289628 -0.06663811 -0.01253807 0.02417302 -0.06217926 -0.01365965 0.02258896 -0.06020909 -0.01352882 0.02250266 -0.060368 -0.017515 0.01853871 -0.05969959 -0.0187909 0.01718521 -0.06539267 0.01449453 -0.002800643 -0.06703889 -0.0179966 0.01875936 -0.06861996 -0.0130558 0.01818126 -0.06495946 -0.01397681 0.02256095 -0.06132036 -0.01649731 0.01966166 -0.06229496 -0.01528996 0.01528286 -0.06049484 -0.01235175 0.01804584 -0.06831878 -0.01869696 0.0159195 -0.06555289 -0.01016432 0.02076709 -0.07002151 -0.01568979 0.0213797 -0.06216549 -0.01956623 0.0166735 -0.06930351 0.008369028 -0.008538901 -0.07058852 0.008360087 -0.002708673 -0.07120996 0.01151072 -0.005181491 -0.06415247 0.01085269 -0.006565749 -0.06508624 0.005515396 -0.006151139 -0.0680685 0.01382648 -0.003193378 -0.07086658 0.006937921 -0.009797036 -0.06473988 0.007381618 -0.009995937 -0.07253718 0.00830096 -0.002580761 -0.06262391 0.008623719 -0.003298521 -0.06927227 0.01030272 -0.006599009 -0.06625401 -0.01583874 0.02118402 -0.06616669 0.01102137 -0.006201922 -0.06351274 -0.0169931 0.01939141 -0.06986737 0.01150947 -0.005322694 -0.06648254 0.009315073 -0.007891535 -0.06295174 -0.0177161 0.01860857 -0.06347686 -0.01505678 0.02132636 -0.06458437 -0.02013278 0.0236774 -0.06276506 -0.01976716 0.02022475 -0.06664115 -0.02038699 0.02000772 -0.06643038 -0.01669335 0.02367961 -0.06854277 0.01674854 -0.01356256 -0.0653761 -0.01946669 0.02049976 -0.06578588 -0.01735454 0.02260273 -0.06333631 -0.01834875 0.02149307 -0.06676429 -0.01565527 0.0209012 -0.06483453 -0.01967 0.01728171 -0.06363052 -0.01632595 0.02063548 -0.06246548 -0.01463013 0.02162784 -0.06549477 -0.01451003 0.02336263 -0.06263345 -0.01823359 0.0192793 -0.06432318 0.01127308 -0.006714344 -0.06688624 0.01110345 -0.006002128 -0.06952071 0.009823203 -0.006991922 -0.06956452 0.007807493 -0.009620845 -0.06995064 0.01271492 -0.004653275 -0.06912875 0.009805023 -0.00829184 -0.06793206 0.01190626 -0.006291508 -0.06648343 0.01033574 -0.007990241 -0.07100415 0.01305758 -0.01192766 -0.06601005 0.01614826 -0.01086807 -0.06981122 0.01634079 -0.009942114 -0.06539624 0.01192122 -0.01099473 -0.06988561 0.01350587 -0.007389247 -0.06864953 0.01043027 -0.01053106 -0.06978398 0.01603549 -0.01101577 -0.06665974 0.01561486 -0.0116201 -0.06822043 0.01377153 -0.01331424 -0.06716454 -0.01088303 7.03615e-5 -0.06757879 0.01392465 -0.03068917 -0.07326185 -0.01949119 -0.01108664 -0.05872172 0.004325866 -0.03800624 -0.06229335 -0.02164107 -0.01034229 -0.05268847 0.01071017 -0.0295605 -0.05741292 -1.91772e-4 -0.03769427 -0.05566412 0.01456648 -0.02430832 -0.07720643 -0.0120095 -0.007160604 -0.06089532 0.005584836 -0.03146874 -0.06693518 -0.01558357 -0.011087 -0.06303972 0.007790863 -0.03087395 -0.06960612 -0.01198589 -0.00892049 -0.05724126 0.007183015 -0.02872061 -0.06267601 -0.01505309 -0.009278655 -0.05801653 0.009698212 -0.02634352 -0.06089532 0.003850758 -0.0332697 -0.06555324 0.006936728 -0.03144484 -0.0637741 0.01055061 -0.02716428 -0.0569123 0.005597531 -0.0342046 -0.05623733 0.005557477 -0.03011685 -0.06693518 -0.01731759 -0.01288795 -0.06981396 -0.01061773 -0.006782472 -0.06405639 -0.01147013 -0.005961716 -0.0715931 -0.01423162 -0.01106309 -0.06227719 -0.01561093 -0.009735047 -0.06296879 0.01337307 -0.02988189 -0.06471157 0.0137313 -0.03001433 -0.06474792 0.009759247 -0.03416252 -0.06008994 0.006673276 -0.03598719 -0.05543208 0.008379936 -0.03283447 -0.05559039 0.01300942 -0.02807378 -0.05721122 0.01252067 -0.02906107 -0.06774049 -0.02014005 -0.01017034 -0.07239842 -0.01705408 -0.008345603 -0.07388794 -0.01522207 -0.006887376 -0.07061922 -0.01344019 -0.004064977 -0.06929135 -0.0122981 -0.002494275 -0.06486171 -0.01429259 -0.003244221 -0.06308257 -0.01843339 -0.007017493 -0.06281888 -0.01993536 -0.008509814 -0.06669777 0.01061218 -0.03385442 -0.06951689 -0.02084708 -0.01144379 -0.06267845 -0.0146315 -0.00295484 -0.06692653 -0.01835006 -0.008058547 -0.07013994 -0.01260751 -0.008940219 -0.07085627 -0.01479661 -0.00554943 -0.06412899 -0.01665776 -0.005486786 -0.06388205 -0.01575493 -0.01037037 -0.07184815 -0.01209902 -0.008923888 -0.06211119 -0.01334673 -0.007334232 -0.07086592 -0.01908183 -0.009997427 -0.06484812 -0.02009272 -0.009264111 -0.06759649 -0.01306861 -0.002783358 -0.06239938 0.009459078 -0.03378891 -0.06358945 0.009132742 -0.02858257 -0.0605933 0.01209175 -0.03052073 -0.0576055 0.00886774 -0.03297245 -0.05871653 0.004748225 -0.03168427 -0.05696451 0.006805956 -0.03492319 -0.06500303 0.01189172 -0.03202325 -0.06023401 0.01378726 -0.02864134 -0.06298238 0.007577121 -0.03590559 -0.05568015 0.008835673 -0.02890211 -0.06205731 0.01078838 -0.03229463 -0.06964468 -0.01694047 -0.00741136 -0.06716209 -0.01579099 -0.005468189 -0.05900323 0.01122832 -0.03093469 -0.06221008 0.009319126 -0.03386747 -0.06706964 -0.01494967 -0.004580855 -0.06975817 -0.01534152 -0.005784571 -0.06910908 -0.02007097 -0.002677261 -0.06591963 -0.02023661 -0.0059008 -0.06723415 -0.01672708 -0.002638161 -0.07037842 -0.01954174 -0.006503701 -0.05809998 0.01661676 -0.0389117 -0.06939101 -0.0189684 -0.005909085 -0.06808513 -0.01725482 -0.003829121 -0.06690073 -0.01917886 -0.005316019 -0.06721574 -0.01838725 -0.006976366 -0.06603604 -0.01969134 -0.008736968 -0.07164996 -0.0165435 -0.006993472 -0.06949806 -0.01702618 -0.006279528 -0.06755489 -0.01622146 -0.004857361 -0.06667196 -0.01455831 -0.003291547 -0.06917124 -0.01691687 -0.007228374 -0.06623047 -0.01738035 -0.006865203 -0.06049972 0.007992327 -0.03467732 -0.06380403 0.01045989 -0.03394889 -0.06037914 0.01125007 -0.03128129 -0.05636364 0.0107547 -0.03127622 -0.05897778 0.009247481 -0.03322553 -0.05997753 0.01294928 -0.02978873 -0.05737417 0.008464813 -0.03449922 -0.06121069 0.01026904 -0.03376221 -0.06000578 0.01175057 -0.03189265 -0.0573678 0.01570481 -0.03427314 -0.05773687 0.01221227 -0.03817111 -0.06177157 0.01378202 -0.03759318 -0.05654692 0.01423263 -0.0372523 -0.05984878 0.0141983 -0.0322203 -0.0573104 0.01132678 -0.03444886 -0.06149917 0.01123183 -0.03582537 -0.05919647 0.01417106 -0.03851526 -0.05950993 0.01663309 -0.03605824 -0.06004881 -0.01267319 -0.02688652 -0.04310107 0.01414006 -0.04781049 -0.06670051 -0.01224899 -0.03173142 -0.04743587 0.01580315 -0.04908734 -0.04147517 0.005194723 -0.05980706 -0.05588728 -0.02319717 -0.0354377 -0.04003238 0.01330411 -0.04621249 -0.0610283 -0.004466593 -0.04674398 -0.05753606 -0.01059645 -0.02361989 -0.04481422 -0.008578658 -0.04949569 -0.04488497 0.005780756 -0.05270332 -0.05826491 -0.01538765 -0.03618437 -0.04922723 0.009460747 -0.05149358 -0.06408268 -0.01216715 -0.03374093 -0.04488497 0.008856832 -0.04876142 -0.05826491 -0.01231151 -0.03224247 -0.03974789 0.005536198 -0.05127137 -0.05400007 -0.0167126 -0.03079164 -0.04488497 0.01039481 -0.04679054 -0.04488497 0.004242718 -0.0546742 -0.05826491 -0.01692563 -0.03815519 -0.05826491 -0.01077353 -0.03027158 -0.04310107 0.01321727 -0.04899305 -0.04913765 0.01163977 -0.05589485 -0.04310107 0.007065176 -0.05687665 -0.03857249 0.01084649 -0.04835617 -0.06004881 -0.01974809 -0.03595268 -0.06004881 -0.01359599 -0.02806901 -0.05869972 -0.02190643 -0.03761708 -0.05968666 -0.01820671 -0.03368645 -0.06220304 -0.01251572 -0.03562825 -0.06096065 -0.01773113 -0.03410661 -0.06140995 -0.01738911 -0.03403234 -0.06215161 -0.0164051 -0.03337198 -0.06214392 -0.01571375 -0.03249198 -0.06211084 -0.01523536 -0.03183984 -0.06187009 -0.01502096 -0.03137028 -0.06086218 -0.01490724 -0.03040808 -0.06037425 -0.01499748 -0.03012847 -0.05502235 -0.01603412 -0.03437745 -0.05647498 -0.01639872 -0.02876627 -0.05782008 -0.01683163 -0.03037655 -0.05794608 -0.01693904 -0.0306499 -0.05779856 -0.01733249 -0.0310344 -0.05798691 -0.01810878 -0.03218179 -0.05822753 -0.01832312 -0.03265148 -0.05923551 -0.01843684 -0.03361362 -0.05404549 -0.01717054 -0.03114593 -0.06369191 -0.01304256 -0.03032106 -0.06343495 -0.01769238 -0.03605902 -0.04342651 0.008722364 -0.05501669 -0.04391425 0.009015381 -0.0550363 -0.0475201 0.008397758 -0.05149734 -0.04492235 0.009921133 -0.05469208 -0.04516297 0.01032447 -0.0543701 -0.04535126 0.01124882 -0.05333817 -0.04698061 0.01251637 -0.05307281 -0.04407411 0.01178514 -0.0516178 -0.04401278 0.01191663 -0.05139815 -0.04277575 0.0115602 -0.05085307 -0.04228758 0.01126694 -0.0508334 -0.04113453 0.006500005 -0.0499618 -0.04127985 0.01036143 -0.05117768 -0.04103899 0.009957849 -0.05149978 -0.04108148 0.009095668 -0.05263864 -0.04099828 0.00875616 -0.05300664 -0.0410009 0.007705569 -0.05436247 -0.03849387 0.006590783 -0.05058401 -0.05005073 0.009805202 -0.05319654 -0.0439887 0.009732663 -0.05414366 -0.06224215 -0.01993525 -0.02943879 -0.061365 -0.0166586 -0.02833789 -0.05927777 -0.02053558 -0.03163307 -0.03883808 0.01667535 -0.05818891 -0.06239926 -0.01837515 -0.03164649 -0.06146204 -0.01727461 -0.02962619 -0.05982857 -0.019423 -0.03101915 -0.06079828 -0.01444095 -0.02903234 -0.06119811 -0.01656591 -0.03288638 -0.0635268 -0.01686561 -0.03414398 -0.05886554 -0.01795536 -0.0321002 -0.05879449 -0.01922523 -0.03434205 -0.05705004 -0.01943677 -0.03165549 -0.05984711 -0.01654338 -0.03020125 -0.06154757 -0.01741462 -0.03266388 -0.04180651 0.009169816 -0.05313122 -0.03944796 0.009619295 -0.05137938 -0.04255408 0.007961213 -0.05603498 -0.04307782 0.011123 -0.05161553 -0.04582148 0.0129165 -0.05224102 -0.04287463 0.009699046 -0.054771 -0.04414892 0.0115292 -0.05345773 -0.04178845 0.01108735 -0.05218285 -0.03998643 0.01645499 -0.05473726 -0.03776013 0.01436066 -0.05595189 -0.04259401 0.01579755 -0.05747389 -0.04040563 0.01269847 -0.05859607 -0.03908216 0.01200389 -0.05266118 -0.0442304 0.01351732 -0.05469578 -0.0427621 0.01141083 -0.0561521 -0.04039388 0.01185101 -0.05363625 -0.02496749 0.0154699 -0.06434231 -0.04312175 -0.02042663 -0.06021118 -0.02293175 0.00927639 -0.07358205 -0.01371318 0.008178591 -0.05981886 -0.0386486 -0.0171355 -0.04421377 -0.0472849 -0.01718127 -0.06118667 -0.0380522 -0.002308845 -0.04560226 -0.02221959 -0.006865322 -0.06315672 -0.02015805 0.005664527 -0.06406664 -0.03884088 -0.01550388 -0.05392527 -0.01961117 0.005674839 -0.06975603 -0.04021418 -0.01602631 -0.05754446 -0.02886545 0.002483665 -0.05872368 -0.04355454 -0.01157534 -0.05441403 -0.02440786 0.01074033 -0.06130069 -0.02193766 0.00509119 -0.06854194 -0.02572262 0.00925064 -0.06683254 -0.01828366 0.0040102 -0.06406664 -0.01981025 0.007501602 -0.05959129 -0.04062062 -0.01607722 -0.05840069 -0.03696656 -0.01715821 -0.05392527 -0.04440551 -0.01191771 -0.05669116 -0.03849315 -0.01366674 -0.04944998 -0.04309076 -0.01042807 -0.05115944 -0.02386569 0.01461619 -0.06402575 -0.02323162 0.01207304 -0.06818473 -0.02352976 0.01146376 -0.06997555 -0.01944667 0.007913649 -0.06989413 -0.01579254 0.006832659 -0.06541877 -0.01731926 0.01032406 -0.06094342 -0.01896017 0.01230704 -0.05982041 -0.0219168 0.01356279 -0.06265288 -0.03945755 -0.0199806 -0.0525732 -0.04311168 -0.01889961 -0.05704843 -0.04407435 -0.0187245 -0.05848306 -0.04689651 -0.01474016 -0.05533903 -0.04666692 -0.01202094 -0.04923456 -0.04558175 -0.01325047 -0.04980725 -0.04098427 -0.0164892 -0.04809772 -0.03960967 -0.01738119 -0.04745423 -0.01513022 0.006237864 -0.06327074 -0.03829169 -0.02136933 -0.05334782 -0.04704332 -0.015944 -0.05812197 -0.04136019 -0.01834118 -0.05264067 -0.03903913 -0.01637899 -0.0560801 -0.04590547 -0.01528656 -0.05471736 -0.0426436 -0.01157021 -0.05266368 -0.04222071 -0.01585799 -0.04901623 -0.04294317 -0.01414471 -0.05864566 -0.04092931 -0.01144015 -0.04929035 -0.03808879 -0.01728785 -0.05034703 -0.04081499 -0.02022123 -0.05557608 -0.04709172 -0.01317662 -0.05243468 -0.01875388 0.008626163 -0.06712937 -0.02053886 0.004706561 -0.0667594 -0.0242204 0.007713913 -0.06731796 -0.02069973 0.0127744 -0.06198108 -0.02180159 0.01084834 -0.06220501 -0.01937913 0.005998849 -0.06191784 -0.02349251 0.01356214 -0.06555718 -0.01696705 0.006537914 -0.06819766 -0.01572251 0.008209407 -0.06241583 -0.02176916 0.009846031 -0.07013922 -0.0220164 0.009566068 -0.05934613 -0.04341816 -0.01733511 -0.05434608 -0.0206291 0.01141422 -0.06477165 -0.01798826 0.009826242 -0.06321519 -0.02062797 0.009813725 -0.06809663 -0.04479265 -0.01463407 -0.05124634 -0.04695957 -0.01810288 -0.05136424 -0.04433333 -0.02066963 -0.05111569 -0.01374733 0.0169084 -0.068448 -0.04241698 -0.01837503 -0.05228388 -0.04056447 -0.01933753 -0.05187767 -0.04608511 -0.01597899 -0.05516201 -0.04433643 -0.0173949 -0.0537973 -0.04455292 -0.01611608 -0.0514279 -0.04494762 -0.0143181 -0.05014592 -0.04394477 -0.01678001 -0.05414497 -0.04202109 -0.01725065 -0.05159783 -0.04407161 -0.01555567 -0.0518369 -0.01975226 0.01109105 -0.06394189 -0.01611089 0.008267045 -0.0642119 -0.01832616 0.009421467 -0.0646826 -0.01979023 0.009670794 -0.06672042 -0.02153998 0.01332706 -0.06388616 -0.02011507 0.009433984 -0.06918948 -0.01986056 0.01103025 -0.0667001 -0.01927626 0.01154786 -0.06436085 -0.01770395 0.009839773 -0.06502968 -0.01735615 0.01651221 -0.067932 -0.01342064 0.01378649 -0.06577992 -0.01660472 0.01339894 -0.07028687 -0.0152896 0.01611423 -0.06563645 -0.0142883 0.01349037 -0.06913959 -0.01999467 0.01436847 -0.06593376 -0.01643139 0.01196229 -0.06430196 -0.01681357 0.0104621 -0.06810051 -0.0187202 0.01330095 -0.06558567 -0.0260027 -0.01231515 -0.06523573 0.005186378 0.01201462 -0.07631975 -0.0140621 -0.02249222 -0.0684266 -0.01517802 -0.02126526 -0.06512486 0.01160132 0.005548 -0.06793648 -0.01613527 -0.01971882 -0.05923175 0.007790923 0.01041418 -0.0590251 -0.02469909 -0.007542192 -0.06054759 0.01345825 0.001932978 -0.06504017 -0.009880125 -0.00359553 -0.0763548 0.005952239 0.005552113 -0.06764048 -0.01518929 -0.01561617 -0.0654208 0.002786278 0.008347332 -0.07113778 -0.01725232 -0.0139352 -0.06906598 -0.01904284 -0.01152127 -0.0630474 0.00555402 0.006362378 -0.06368511 0.001474857 0.01033115 -0.0647096 0.005525231 0.006475925 -0.06289827 0.007721126 0.00378549 -0.06764048 0.005028009 0.005977988 -0.07238274 0.001167595 0.01002347 -0.07057136 -0.01997399 -0.01114487 -0.06835168 -0.01966667 -0.01083719 -0.06248992 -0.01407444 -0.01702839 -0.06826877 -0.01608449 -0.01854491 -0.06037485 -0.01342046 -0.01738286 -0.0654208 -0.01611357 -0.01519042 -0.07016307 -0.01561629 -0.01469242 -0.0606786 0.002891898 0.01435142 -0.06688314 0.003986418 0.01284593 -0.07086735 0.003694593 0.01294189 -0.07260161 0.007846891 0.008800506 -0.07267868 0.008650183 0.007831037 -0.07413089 0.01054 0.006608009 -0.06793648 0.01013451 0.007491767 -0.06342035 0.008344113 0.009298384 -0.06319421 0.005563557 0.01214057 -0.06259769 0.004293799 0.01315361 -0.0650056 -0.01623934 -0.02020531 -0.06512486 -0.01822596 -0.01885157 -0.07116895 -0.01893252 -0.01801288 -0.06986707 -0.02279287 -0.01396739 -0.06805574 -0.02248555 -0.01365965 -0.06219393 -0.02196091 -0.01395559 -0.06010913 -0.01843518 -0.01751494 -0.0603826 -0.02419972 -0.01255583 -0.06811529 -0.0154922 -0.01564264 -0.06845295 -0.01759564 -0.01867276 -0.06333762 -0.02117252 -0.01561588 -0.06837844 -0.01882386 -0.01181602 -0.06359547 -0.0203731 -0.01569598 -0.06153881 -0.01386106 -0.01660919 -0.06223875 -0.01826411 -0.01306974 -0.07042276 -0.0179423 -0.01235169 -0.06050956 -0.01701354 -0.01976573 -0.06830686 -0.02346712 -0.01297134 -0.06497812 0.008568346 0.008611977 -0.06748533 0.003938615 0.007227241 -0.07058548 0.006536126 0.0102216 -0.07158023 0.004862189 0.01255416 -0.06521546 0.006201505 0.005578577 -0.06500965 0.01009941 0.007381618 -0.06475448 0.00990051 0.006937921 -0.07088118 4.93395e-4 0.01101946 -0.06749385 0.002684175 0.008301079 -0.07255178 0.003401935 0.008623778 -0.06263858 -0.01944208 -0.01715344 -0.066522 0.006538033 0.01038253 -0.07005041 -0.02078884 -0.01572048 -0.06593942 0.00547713 0.01176309 -0.06700021 -0.01939201 -0.01688498 -0.06349009 -0.02122282 -0.01505678 -0.06349146 -0.01892817 -0.01776468 -0.06745988 -0.02124249 -0.01539146 -0.06687033 -0.02372419 -0.01791596 -0.06567478 -0.02134364 -0.02100211 -0.06394004 0.013682 0.01672339 -0.06868028 -0.01916599 -0.01840919 -0.06568247 -0.02124458 -0.01644307 -0.06610572 -0.02050501 -0.01690638 -0.06910115 -0.01757997 -0.01938766 -0.06294959 -0.02088916 -0.01660966 -0.06371891 -0.02223223 -0.0145716 -0.06284987 -0.01872396 -0.01780426 -0.0658912 -0.01966041 -0.01660811 -0.0634042 0.007144868 0.01011514 -0.0663923 0.006108403 0.01193261 -0.06460714 0.006294727 0.010692 -0.06941074 0.01002657 0.007651567 -0.06726312 0.005605041 0.01184654 -0.07135987 0.007689595 0.01048272 -0.06955122 0.006571829 0.01177471 -0.06726974 0.008376896 0.01003956 -0.06662553 0.00848025 0.01555442 -0.07020258 0.0110588 0.01435846 -0.07127416 0.01286458 0.01293712 -0.06657826 0.007448196 0.01373744 -0.06717026 0.009697139 0.01169514 -0.06576633 0.01112025 0.00986582 -0.06918382 0.01118659 0.0161277 -0.06652176 0.01005661 0.01096588 -0.06889379 0.0291478 0.01579934 -0.06730937 0.004580497 -0.01264691 -0.07469737 0.007294416 -0.01443791 -0.07733994 0.03866839 0.004760742 -0.06227356 0.00722593 -0.02020925 -0.05954104 0.03275531 0.007527589 -0.05192112 0.01337903 -0.02340948 -0.06354492 2.4508e-4 -0.009960234 -0.06361216 0.03157228 0.005584836 -0.06090992 0.01119047 -0.01558357 -0.06694984 0.02259457 9.18921e-4 -0.06685948 0.007663488 -0.01322758 -0.06330221 0.03040409 0.005602061 -0.05703812 0.02644693 0.009698212 -0.05803126 0.03337311 0.003850758 -0.06090992 0.02726781 0.01055061 -0.06378871 0.03154838 0.006936728 -0.06556785 0.03022027 0.005557477 -0.05625206 0.006886005 -0.01061773 -0.06982856 0.0129913 -0.01731759 -0.06694984 0.01116663 -0.01423162 -0.07160776 0.009838581 -0.01561093 -0.06229192 0.006065249 -0.01147013 -0.06407105 0.02849835 0.01429879 -0.06118434 0.0299853 0.01337307 -0.06298345 0.03136909 0.01273924 -0.06544405 0.03426599 0.009759247 -0.06476259 0.03568023 0.008509397 -0.06519341 0.03609073 0.006673276 -0.0601046 0.03293788 0.008379936 -0.05544674 0.03158664 0.009262204 -0.05401337 0.02916461 0.01252067 -0.05722594 0.01027381 -0.02014005 -0.0677551 0.008449077 -0.01705408 -0.07241302 0.007799446 -0.0160042 -0.07385671 0.004168391 -0.01344019 -0.07063382 0.00250405 -0.01200872 -0.07002103 0.003347635 -0.01429259 -0.06487637 0.003609836 -0.01515537 -0.06271249 0.007120966 -0.01843339 -0.06309717 0.008117914 -0.0196169 -0.06227189 0.02810871 0.01323688 -0.05617332 0.03707736 0.005328416 -0.0587486 0.01165771 -0.02111345 -0.06898403 0.009893715 -0.01362514 -0.06937146 0.007183969 -0.01612162 -0.07143557 0.003966987 -0.01411575 -0.06762051 0.006921589 -0.01771694 -0.06495529 0.0107603 -0.01594942 -0.0642066 0.005645394 -0.01020354 -0.06709396 0.007437825 -0.01334679 -0.0621258 0.009027361 -0.01209902 -0.07186281 0.01010096 -0.01908183 -0.07088053 0.009367644 -0.02009272 -0.06486284 0.03452843 0.0081532 -0.05997061 0.03209549 0.005828499 -0.06359237 0.03130012 0.01215887 -0.06325614 0.02865445 0.007543206 -0.05796694 0.03075242 0.01076591 -0.0564813 0.02874475 0.01378726 -0.06024867 0.0350266 0.006805956 -0.05697911 0.03600913 0.007577002 -0.06299698 0.02919495 0.009250164 -0.06573396 0.0280084 0.007614374 -0.05599695 0.007202386 -0.01648509 -0.07020008 0.03155279 0.01114434 -0.06044417 0.03196376 0.01004552 -0.05799794 0.03069251 0.01206225 -0.06077545 0.03334897 0.01004707 -0.06267732 0.00535351 -0.01586478 -0.06615996 0.003293037 -0.02013474 -0.06821984 0.006984055 -0.020181 -0.06942206 0.002747535 -0.01647877 -0.06807291 0.005376696 -0.0178163 -0.06753122 0.009292542 -0.01946288 -0.06866073 0.007045984 -0.01774716 -0.06922274 0.004949092 -0.01616233 -0.06795573 0.006761074 -0.01819413 -0.06669461 0.005150079 -0.01685065 -0.06399607 0.005137085 -0.01492387 -0.07114726 0.007514655 -0.01713824 -0.06918114 0.006657958 -0.01702249 -0.06621927 0.03463476 0.01019859 -0.06345015 0.03196221 0.01158404 -0.06075781 0.0300101 0.01324057 -0.05961495 0.03264486 0.01011615 -0.0584678 0.03378576 0.00941205 -0.06097322 0.03248405 0.01020687 -0.05623924 0.03558599 0.007789909 -0.06165146 0.03035926 0.01279973 -0.06206071 0.0328176 0.008765876 -0.05663138 0.0384714 0.01208895 -0.05969655 0.03446185 0.01510113 -0.05663233 0.03555828 0.01599448 -0.06112647 0.03551411 0.01663154 -0.05827927 0.03805708 0.01372021 -0.05676239 0.03801304 0.01484453 -0.06076967 0.03233224 0.01401847 -0.0592435 0.03524947 0.0107789 -0.05776214 0.03559404 0.01165163 -0.06193518 0.02698993 -0.01267313 -0.06006348 0.04791396 0.01414006 -0.04311573 0.03667873 -0.01610404 -0.06757146 0.04674369 0.0157904 -0.04460752 0.06049376 0.00591135 -0.04561686 0.05013072 0.00743103 -0.03547364 0.02743476 -0.01714283 -0.05365234 0.02456706 -0.01053452 -0.05716753 0.03518778 -0.02247357 -0.05302143 0.05769395 0.009902834 -0.05364817 0.05280679 0.005780816 -0.0448997 0.03628784 -0.01538759 -0.05827951 0.05474191 0.00985068 -0.04858934 0.03584218 -0.01236003 -0.06250184 0.04886496 0.008856832 -0.0448997 0.03234601 -0.01231151 -0.05827951 0.04971694 0.005465626 -0.04058712 0.0310797 -0.01716411 -0.05381357 0.04689401 0.01039487 -0.0448997 0.05477768 0.004242718 -0.0448997 0.03825873 -0.01692563 -0.05827951 0.03037506 -0.01077347 -0.05827951 0.04909658 0.01321727 -0.04311573 0.05698019 0.007065176 -0.04311573 0.05028015 0.008550405 -0.03726059 0.03605622 -0.01974809 -0.06006348 0.03247952 -0.01313728 -0.06607985 0.02817255 -0.01359593 -0.06006348 0.03768479 -0.02038699 -0.06106311 0.03399676 -0.01834654 -0.05973809 0.03565931 -0.01246285 -0.06221669 0.03421002 -0.01773113 -0.06097519 0.03413575 -0.01738911 -0.06142467 0.03347527 -0.01640504 -0.06216627 0.03295016 -0.015998 -0.06215238 0.0319435 -0.01523536 -0.0621255 0.03147375 -0.01502096 -0.06188476 0.03051155 -0.01490724 -0.06087678 0.03023201 -0.01499748 -0.06038886 0.03316569 -0.01603889 -0.05613267 0.02935248 -0.01728534 -0.05567902 0.03075325 -0.01693892 -0.0579608 0.03113794 -0.01733243 -0.05781316 0.03228545 -0.01810884 -0.05800151 0.03435099 -0.01944172 -0.05845409 0.03159707 -0.01500809 -0.05311125 0.03615808 -0.01767474 -0.06346887 0.03040748 -0.01307255 -0.06365215 0.05477559 0.009380996 -0.04404759 0.05513978 0.0090155 -0.0439291 0.05153596 0.008396208 -0.04736387 0.05617582 0.00865513 -0.04463279 0.05447345 0.01032459 -0.04517769 0.05344158 0.01124888 -0.04536592 0.05250787 0.01277416 -0.04649341 0.05172359 0.01182729 -0.04415589 0.05150169 0.01191669 -0.04402738 0.05095648 0.0115602 -0.04279035 0.05093687 0.011267 -0.04230231 0.04957342 0.006999909 -0.0409671 0.05128121 0.01036131 -0.04129433 0.05160319 0.009957849 -0.04105365 0.05272656 0.009089887 -0.0410794 0.05311012 0.00875622 -0.04101294 0.05420517 0.007756412 -0.04077738 0.05103737 0.00640738 -0.0385794 0.05271708 0.009373188 -0.05042141 0.03046083 -0.01562327 -0.05959194 0.03283488 -0.01785707 -0.05907821 0.02907919 -0.02040034 -0.06244838 0.03297632 -0.01928627 -0.06276732 0.03001606 -0.0166403 -0.06335282 0.02825772 -0.0172379 -0.06023651 0.03087586 -0.0202381 -0.05871593 0.05794799 0.01698976 -0.03892338 0.03126031 -0.01772797 -0.06263744 0.02946227 -0.01785802 -0.06040787 0.03127855 -0.0193867 -0.06003034 0.03097558 -0.01607114 -0.06140202 0.02940678 -0.01428878 -0.06133759 0.03299576 -0.01767998 -0.0613507 0.03365093 -0.01619046 -0.06358516 0.03432852 -0.01989561 -0.05917233 0.02920818 -0.01658761 -0.05760264 0.03164964 -0.01785111 -0.05889827 0.03220874 -0.01875895 -0.05685991 0.03344929 -0.01704674 -0.06116646 0.04992401 0.01302826 -0.04295557 0.05338782 0.009377479 -0.04154616 0.05301851 0.009009778 -0.03950721 0.05460959 0.01060271 -0.04399198 0.05640172 0.009499609 -0.04528886 0.05219 0.01174157 -0.04278892 0.0530579 0.008170902 -0.03987604 0.05241304 0.01117813 -0.04407989 0.05486327 0.01648104 -0.04008978 0.05833929 0.01575297 -0.04218327 0.05600845 0.01289284 -0.03780096 0.05220264 0.01291477 -0.04012101 0.05479866 0.01335096 -0.04397612 0.05627655 0.01034516 -0.04108554 0.05831694 0.01428353 -0.0397073 0.05543786 0.01520204 -0.03841227 0.06014418 -0.02140212 -0.04277169 0.06207156 0.00645852 -0.01351195 0.0441547 -0.01301223 -0.04172426 0.04889076 -0.01074868 -0.04822504 0.05766046 0.01476699 -0.02043032 0.07342106 0.00594902 -0.01877957 0.05584049 -0.023386 -0.03644108 0.07116955 0.012088 -0.02879428 0.06417006 0.008973121 -0.02392143 0.05402874 -0.01219522 -0.04260432 0.06053692 0.007277667 -0.0200299 0.05040937 -0.01167345 -0.04123145 0.06092083 -0.008081257 -0.03448641 0.06693595 0.00389719 -0.01967161 0.06864541 0.007135987 -0.02426922 0.06417006 0.01062732 -0.02579575 0.05969464 0.009546458 -0.02214175 0.0614041 0.005386888 -0.0183568 0.05402874 -0.01054102 -0.04447877 0.0585041 -0.01403242 -0.04295206 0.04955345 -0.01162195 -0.04082465 0.05126291 -0.01578146 -0.03703969 0.0567947 -0.01727116 -0.03835451 0.06632196 0.005989253 -0.01529169 0.06275629 0.008209407 -0.0158658 0.06104683 0.01236885 -0.01965063 0.06049436 0.01370871 -0.02088361 0.06552225 0.01344978 -0.02330482 0.07016956 0.01111471 -0.02316635 0.06999754 0.009958446 -0.02177816 0.07049661 0.007041037 -0.01873576 0.06828814 0.006719708 -0.01718062 0.05267655 -0.01336348 -0.04696983 0.04820132 -0.01444441 -0.04331564 0.04991072 -0.01860392 -0.03953081 0.05038827 -0.01989632 -0.0383113 0.05544257 -0.02009356 -0.04084563 0.05829769 -0.01796752 -0.04481852 0.05715197 -0.01685488 -0.04544305 0.05310857 -0.01254248 -0.04826188 0.06490463 0.01477652 -0.02447277 0.06068998 0.00900644 -0.01565283 0.05620867 -0.02136397 -0.0398221 0.04654932 -0.01480394 -0.0420047 0.05452293 -0.01545375 -0.04560947 0.05197578 -0.01125615 -0.0425536 0.04907602 -0.01562178 -0.04247349 0.05614054 -0.0164718 -0.03889101 0.05259591 -0.01840168 -0.04124313 0.0493083 -0.01355445 -0.03850203 0.05703175 -0.01191776 -0.04454874 0.05739694 -0.01891928 -0.04323709 0.05281502 -0.02016741 -0.03933566 0.04967361 -0.01312279 -0.04561233 0.06750035 0.01158064 -0.02226948 0.06138575 0.009863317 -0.02344882 0.06205022 0.01061016 -0.01819127 0.06522572 0.005293607 -0.02033704 0.0687409 0.008098542 -0.01899772 0.06538379 0.006720364 -0.01560491 0.06274336 0.01374459 -0.02213031 0.05953526 0.007405698 -0.01962965 0.066949 0.009425342 -0.02594226 0.06889045 0.005071461 -0.02206295 0.06402373 0.009774506 -0.01832634 0.05135667 -0.01538759 -0.04395985 0.0523895 -0.01762831 -0.04197567 0.06680792 0.008713185 -0.0186333 0.066769 0.01060336 -0.02074122 0.06387484 0.01186972 -0.02062016 0.05238652 -0.01788979 -0.04168951 0.05135107 -0.02001637 -0.04581558 0.0502392 -0.01658707 -0.04616916 0.05191814 -0.01811993 -0.04378414 0.05319291 -0.01926749 -0.04053962 0.05335527 -0.01803177 -0.04259812 0.05575138 -0.01615649 -0.04598677 0.05257111 -0.01570188 -0.04421246 0.04896539 -0.01543754 -0.04322135 0.05154031 -0.01950144 -0.04069244 0.05082464 -0.01707053 -0.04304879 0.05341994 -0.01683497 -0.04476648 0.06595486 0.009618401 -0.01788586 0.06670755 0.007742762 -0.01682102 0.06464606 0.01178765 -0.01962321 0.06166094 0.01201349 -0.01907598 0.06715786 0.01089394 -0.02001202 0.06908756 0.01078063 -0.02142232 0.06400972 0.01072943 -0.01944738 0.06636255 0.008937716 -0.01864844 0.06686776 0.0131492 -0.01330453 0.06724721 0.01633977 -0.01814055 0.07017517 0.01333785 -0.01584398 0.06973546 0.01437997 -0.01510882 0.06726509 0.016568 -0.0164954 0.06596976 0.01524853 -0.01425004 0.06409251 0.01285612 -0.01727068 0.06785482 0.01341807 -0.01997148 0.06758272 0.01038408 -0.01638811 0.0610432 -0.02179175 -0.01414239 0.07061707 0.004665315 0.01228487 0.06047081 0.01311558 0.004685997 0.06557023 -0.01071447 -0.02571326 0.06522828 -0.01207876 -0.02439075 0.06803989 0.0147345 0.002388477 0.07044625 0.01550436 0.001239478 0.07338201 -0.01857703 -0.01882106 0.05749589 -0.01337957 -0.0218082 0.07566326 0.01465874 6.99521e-4 0.06583499 -0.01374322 9.3486e-4 0.06774395 0.009085476 0.002399802 0.06552428 -0.01208293 -0.01874172 0.06412321 0.006383776 0.005484879 0.0615288 -0.01262772 -0.01777404 0.06955814 -0.01406502 -0.01717889 0.07159709 0.008385598 0.002694129 0.07067483 0.004306375 0.006877124 0.06300169 0.008659601 0.003324151 0.06774395 0.01085203 6.31005e-4 0.06481307 0.004614174 0.007184565 0.07248622 0.008161723 0.002826929 0.07026648 -0.01300662 -0.01831465 0.06552428 -0.01031631 -0.02051067 0.06845515 -0.01686197 -0.0142644 0.0625934 -0.01655423 -0.01395708 0.06425249 -0.01971697 -0.01474201 0.06078195 -0.01250874 -0.01781743 0.07010573 0.005777418 0.0111373 0.06510901 0.007436633 0.01000338 0.06298989 0.007962524 0.009689509 0.06329762 0.011482 0.006143033 0.06259804 0.01311761 0.004570782 0.06803989 0.01367449 0.003449857 0.07179361 0.01321506 0.003517806 0.07278215 0.01098418 0.005645751 0.07410061 0.009701728 0.006782352 0.07097077 0.007128894 0.009696125 0.06522828 -0.01313877 -0.02332955 0.06045687 -0.01373338 -0.0222395 0.06048601 -0.0153312 -0.02063632 0.05960756 -0.01763284 -0.01823985 0.06229746 -0.01937669 -0.01677596 0.06815916 -0.01968443 -0.01708322 0.07016885 -0.01956456 -0.01740545 0.06997054 -0.01582914 -0.02113366 0.0704171 -0.01405572 -0.02294838 0.06712877 -0.01483458 -0.02184665 0.06266129 -0.01182591 -0.01870983 0.06168013 -0.01732784 -0.0187667 0.06739801 -0.01601016 -0.01501196 0.06875646 -0.01802343 -0.01877486 0.07043558 -0.01534742 -0.0159887 0.06052225 -0.01462936 -0.01566696 0.06870633 -0.01109004 -0.02007001 0.06204617 -0.01357841 -0.02255523 0.06537491 -0.02037268 -0.01610171 0.06835025 0.01173365 0.00538063 0.06480127 0.009027361 0.00276196 0.06444972 0.009709179 0.007797002 0.07073545 0.006339132 0.004834413 0.07122707 0.008561849 0.008259415 0.0678932 0.006455898 0.01069301 0.07122188 0.01290076 0.003890395 0.06509524 0.01334458 0.004089236 0.06283265 0.006336629 0.005667746 0.07274591 0.00601387 0.004950106 0.06555926 -0.01589089 -0.02060973 0.06632703 0.01126694 0.006040513 0.06936597 0.009500622 0.007488071 0.06417775 -0.01794421 -0.0184071 0.06630599 -0.01778441 -0.0187276 0.06774455 0.008248627 0.008916378 0.06254708 -0.01626819 -0.01991456 0.06509613 -0.01972246 -0.02311259 0.0637573 -0.02033317 -0.01966106 0.06514269 -0.01740336 -0.02133625 0.06523704 -0.01842355 -0.01917403 0.06818872 -0.01892411 -0.01835417 0.06110781 -0.01719051 -0.01948189 0.06383854 -0.01644146 -0.02101397 0.06674623 -0.0145682 -0.02257072 0.06679707 -0.01705294 -0.02071017 0.06360018 -0.01659977 -0.01967108 0.06620913 -0.0158407 -0.02072703 0.0677511 0.009679079 0.008654952 0.06977033 0.01064425 0.007437407 0.06584823 0.00828886 0.009591341 0.07183551 0.009714603 0.007703959 0.0677495 0.01188242 0.006409943 0.06666612 0.01322597 0.00461471 0.06645387 0.01069796 0.006596744 0.06880384 0.009245157 0.007735252 0.06847041 0.01264166 0.01342791 0.06566613 0.0126698 0.01207005 0.07097166 0.01512855 0.01144933 0.06884759 0.01629 0.008738875 0.06676429 0.01619023 0.01100528 0.06573081 0.01247841 0.008852779 0.06834 0.01376801 0.007298469 0.07151055 0.01141637 0.009335696 0.06988298 0.01178014 0.009130239 0.05259746 0.004815459 0.03572797 0.05994689 -0.0211327 0.009266376 0.05222302 0.007995128 0.03211581 0.06756693 0.01413536 0.0313903 0.06435561 -0.01113229 3.44381e-4 0.07550305 -0.01912903 0.01054096 0.06800216 0.007100939 0.03704679 0.06489855 0.01809805 0.02600342 0.0610134 0.009052813 0.02795577 0.06705325 -0.01211553 0.007573962 0.05772578 0.005524873 0.03064405 0.06301617 -0.0132789 0.007586956 0.07071298 -0.0143634 0.01099312 0.06474465 0.009150862 0.0289573 0.05813467 0.004086852 0.03226017 0.0610134 0.01078677 0.02615487 0.05635547 0.007700741 0.02797967 0.06389218 0.004939377 0.03308105 0.06567132 0.009080111 0.02930772 0.06417453 -0.01708143 0.01187849 0.06239533 -0.01346755 0.007597923 0.06705325 -0.01038157 0.005773127 0.06993198 -0.01622903 0.01269924 0.07171118 -0.01208823 0.008925914 0.06211531 0.006354272 0.03696209 0.05732929 0.00690937 0.03497779 0.05497878 0.006551086 0.03464359 0.05555015 0.0105232 0.03069716 0.05527383 0.01186382 0.02921146 0.06020808 0.01360923 0.02887243 0.0649982 0.0136137 0.03029507 0.064866 0.01190257 0.03202521 0.0656619 0.009566485 0.03468888 0.06308686 0.007761836 0.03579854 0.06785857 -0.01320403 0.003055512 0.06686079 -0.01221603 0.001744508 0.06320065 -0.01629 0.004880309 0.06273078 -0.01936763 0.007929861 0.06497985 -0.01990389 0.009160876 0.06703126 -0.02091258 0.0108202 0.0707373 -0.01905149 0.009981691 0.07249939 -0.01885688 0.01031345 0.0725165 -0.01491069 0.00620836 0.07401269 -0.01401197 0.005730211 0.05867147 0.01439607 0.02759987 0.06197339 -0.01556617 0.003764808 0.07006198 -0.01444274 0.004996359 0.06413769 -0.01400339 0.00867629 0.06428384 -0.01783442 0.006795108 0.06839513 -0.01920938 0.009419977 0.07089465 -0.01369643 0.01032531 0.06214022 -0.01560002 0.009737133 0.07017868 -0.01051425 0.00683701 0.06690919 -0.01749569 0.01311904 0.0647332 -0.01426219 0.003228366 0.07277154 -0.01696771 0.008420288 0.05773341 0.01127308 0.03055167 0.05726468 0.006349086 0.02970129 0.06008517 0.007504463 0.03517198 0.06490975 0.008217096 0.02998995 0.06256079 0.01148694 0.03177154 0.05529505 0.008390724 0.03283637 0.06333351 0.01347655 0.02993643 0.06503206 0.009638428 0.03442603 0.05788797 0.00972855 0.02632772 0.06115746 0.003715336 0.03354179 0.06643784 -0.01639449 0.005948007 0.06674677 -0.01765924 0.007271587 0.05967384 0.008569896 0.03394812 0.06919997 -0.01651078 0.006887257 0.06208932 0.01101589 0.03214788 0.06852948 -0.01839435 0.008644998 0.0650376 -0.01691395 0.006070792 0.06903415 -0.01986342 0.003845989 0.06564599 -0.01870805 0.004289329 0.06875556 -0.01783233 0.005715548 0.0650177 -0.01902663 0.007596611 0.07149142 -0.0172109 0.007687926 0.06939822 -0.0168479 0.007296264 0.06917959 -0.01414734 0.003937065 0.06797355 -0.01555848 0.005477845 0.06652098 -0.01801216 0.006475329 0.06774789 -0.01613014 0.004884243 0.06961083 -0.01735663 0.006690979 0.05877232 0.01106697 0.03234499 0.05676317 0.008567929 0.03383785 0.06056404 0.009742021 0.03417181 0.06366646 0.01001095 0.03421396 0.06160479 0.01140105 0.03275728 0.06095081 0.01324623 0.03005278 0.05882912 0.009734213 0.03245007 0.06172078 0.009913325 0.03315925 0.05653011 0.01489949 0.03645694 0.0575903 0.01344853 0.03850889 0.06160813 0.01353102 0.03800302 0.05870485 0.01576644 0.03374594 0.05994123 0.01672375 0.03588378 0.05682933 0.01055634 0.03520166 0.06199115 0.01325613 0.03390717 0.06056994 0.01064622 0.0362367 0.05807667 0.01229816 0.0337094 0.06016695 -0.02067089 0.03722411 0.04321914 0.006142437 0.05814808 0.05327367 -0.01748561 0.02692598 0.03712004 0.005144596 0.05453145 0.04339891 0.01326864 0.05172222 0.06887805 -0.01389527 0.03477013 0.04521727 0.006197333 0.05956095 0.03900909 0.01108217 0.04525595 0.05759948 -0.02250587 0.03916418 0.05948764 7.55575e-4 0.04866892 0.04500311 0.008856832 0.04885023 0.05838292 -0.01231151 0.03233128 0.04082745 0.00532478 0.04998481 0.05421048 -0.01767367 0.03246843 0.04500311 0.005780756 0.05279213 0.05838292 -0.01538765 0.03627318 0.04916256 0.009347677 0.05158793 0.06383991 -0.01363265 0.03580367 0.04500311 0.004242718 0.05476301 0.04500311 0.01039481 0.04687941 0.05838292 -0.01077353 0.03036046 0.05838292 -0.01692563 0.038244 0.04321914 0.007065176 0.05696552 0.03702414 0.007295191 0.05163204 0.04321914 0.01321727 0.04908192 0.0442906 0.01437711 0.04847431 0.04931992 0.01173263 0.05589586 0.06016695 -0.01359599 0.02815788 0.06016695 -0.01974809 0.03604149 0.06121766 -0.01213586 0.02712178 0.06031471 -0.01516109 0.03028339 0.05510872 -0.01442748 0.03229999 0.05925536 -0.01561284 0.03000402 0.05880582 -0.01595491 0.03007823 0.05806428 -0.01693898 0.03073871 0.05802041 -0.01766127 0.03163856 0.05810499 -0.01810878 0.03227066 0.05834561 -0.01832312 0.03274029 0.05935359 -0.01843684 0.03370249 0.05984163 -0.01834654 0.03398203 0.06233513 -0.01221716 0.03533774 0.06107854 -0.01773118 0.03419548 0.06152802 -0.01738911 0.03412121 0.06226968 -0.01640504 0.03346061 0.0624172 -0.01601165 0.03307604 0.06222891 -0.01523536 0.03192877 0.06198823 -0.01502096 0.03145915 0.06098026 -0.01490724 0.03049695 0.05601942 -0.0192036 0.03478342 0.06323033 -0.01297414 0.02984148 0.05665916 -0.01581436 0.02814918 0.06411242 -0.01711517 0.03585815 0.04289382 0.0115602 0.05094188 0.04240572 0.01126694 0.05092227 0.04241639 0.006040573 0.05040115 0.04218077 0.01092368 0.05121105 0.03988242 0.01057255 0.04979366 0.04096889 0.00903362 0.05262053 0.04111635 0.00875616 0.05309545 0.04147404 0.00858277 0.05360662 0.04230743 0.008365809 0.05456054 0.04339444 0.008798003 0.05488127 0.04740315 0.008890926 0.05242061 0.04497468 0.008932113 0.05600017 0.04528111 0.01032453 0.05445891 0.04525643 0.01124733 0.05325722 0.04691755 0.01282525 0.05257141 0.04458034 0.01192778 0.05183684 0.04413092 0.01191669 0.05148696 0.03888976 0.005753457 0.05069917 0.05049085 0.009708285 0.05222588 0.06269234 -0.02048897 0.02947163 0.05868309 -0.01926922 0.02951717 0.06066453 -0.02043265 0.03259986 0.06280523 -0.01636588 0.02912533 0.03897428 0.01687252 0.05803769 0.05981004 -0.01868098 0.03003019 0.06193035 -0.01890063 0.0321018 0.06194067 -0.01726967 0.02985125 0.05900007 -0.01690936 0.03084385 0.05734944 -0.01913928 0.03213936 0.06012219 -0.01634567 0.02997595 0.05985498 -0.01842236 0.03263705 0.06377774 -0.01479613 0.03191071 0.05966937 -0.01956182 0.03445088 0.05762678 -0.01660406 0.03008353 0.06144332 -0.01634758 0.03274232 0.0417273 0.00927037 0.05352544 0.04145163 0.007873058 0.05593717 0.04628646 0.0125721 0.0538997 0.04194355 0.01112413 0.05223882 0.03976351 0.008028686 0.0530703 0.04436516 0.0106365 0.05391043 0.04263764 0.01249915 0.0500279 0.04651296 0.01059228 0.05504626 0.03974497 0.01239383 0.05845493 0.04345029 0.01538425 0.05658906 0.038854 0.01483595 0.05357986 0.04189038 0.01541662 0.05795258 0.04111516 0.01665747 0.05553096 0.03811663 0.01456755 0.05592769 0.04051983 0.01283627 0.05248153 0.0441941 0.01281237 0.05558282 0.04046583 0.01046735 0.05546337</float_array>
          <technique_common>
            <accessor source="#Test_010-mesh-positions-array" count="2197" stride="3">
              <param name="X" type="float"/>
              <param name="Y" type="float"/>
              <param name="Z" type="float"/>
            </accessor>
          </technique_common>
        </source>
        <source id="Test_010-mesh-normals">
          <float_array id="Test_010-mesh-normals-array" count="17877">0.7150311 0.271656 0.6441534 -0.525941 0.7255405 -0.4438211 0.2019056 -0.7055317 -0.6793079 0.233191 -0.5023532 0.8326243 0.4262405 0.803245 -0.4160727 -0.0733357 0.705249 -0.7051566 0.3713847 0.7445807 -0.5546829 -0.4091843 -0.08672827 0.9083208 -0.4778146 0.8273813 -0.2951838 0.8046572 -0.5195751 -0.2873474 -0.8558347 -0.5097825 -0.0875715 0.9360147 0.3065887 0.1728582 -0.02615398 0.17194 0.9847602 -0.7588462 0.4214742 -0.4964999 0.3105155 0.8487491 -0.4280249 0.291553 -0.6007586 0.7443695 -0.9827939 -0.01872056 0.1837542 0.6598924 0.0387029 0.7503627 0.3221825 -0.6250001 -0.7110368 -0.4597711 -0.1567278 -0.8740978 -0.5458267 0.1173999 -0.8296326 -0.4197789 0.5801042 -0.6980437 -0.7467152 0.5469657 0.3784773 0.7946097 -0.09597009 -0.5994875 0.4621459 0.5958595 0.6567897 -0.04448676 0.7070878 -0.705725 -0.3677408 0.6260659 0.6876106 -0.5912973 -0.7967928 -0.1244545 0.9549298 0.1809527 -0.2352983 -0.704787 0.7056631 0.07290399 0.6683197 -0.6863832 -0.2867524 -0.7052523 -0.6558514 0.2692177 0.4501512 -0.8820747 0.1389539 0.3775236 0.9201065 -0.1043074 0.4586904 0.7913299 0.404228 -0.2961708 0.6646705 -0.6859271 -0.4878276 0.6419482 -0.5915461 0.2667119 0.482481 0.8343122 0.4473181 0.7005211 0.5560366 0.494453 -0.6439177 0.5838546 0.7513349 -0.44752 0.4849968 0.2552837 -0.6694237 -0.6976405 -0.6809306 -0.09058916 0.7267236 -0.6445776 -0.01992559 0.7642793 0.5158133 0.3001482 0.8024013 0.5337767 0.2841259 0.796464 0.6195952 -0.7625995 0.1858597 0.4602454 -0.713737 -0.5279713 0.507602 -0.5948243 -0.6233173 0.8842977 0.4647403 0.04509931 0.4858191 0.8518266 0.1958857 -0.8025451 0.461838 0.37766 0.8392971 0.4383055 0.3216657 -0.6237979 -0.7363741 0.2619724 -0.9487943 -0.2037618 0.241393 -0.8913651 0.4444357 -0.0891354 0.1139578 0.6949902 0.7099313 -0.70548 -0.3839066 -0.5957462 -0.8074015 -0.5776429 0.1201313 -0.2457085 0.4659453 -0.8500131 -0.44509 -0.7143313 0.5400239 0.2921447 -0.8470396 -0.4440444 0.5602084 -0.6682001 0.4895665 0.936054 0.08316516 -0.3418869 0.7393976 0.1471993 0.6569807 -0.6515299 0.2014454 -0.7313882 0.5991213 -0.6576021 -0.4567419 0.04122257 -0.02116024 -0.9989259 0.4579477 0.6952334 0.5540166 0.8003131 -0.5099399 0.3153734 0.832142 -0.123045 -0.54074 -0.1557959 -7.61505e-4 -0.987789 -0.9374021 0.3233081 -0.1294184 0.8872051 0.2210642 -0.4049665 -0.9255639 -0.08932811 0.3679023 0.5051304 -0.2928183 0.8118503 -0.8180143 -0.5751329 0.008654534 -0.5528725 0.5590972 0.6178531 0.6227843 -0.1971926 0.7571361 0.6445331 -0.7624896 0.05645161 0.9870038 -0.1459189 0.06731474 0.4501684 0.8718588 -0.1929006 0.5008769 -0.05992937 0.8634414 0.2719243 -0.7058019 0.6541414 0.6707694 0.5845503 -0.456475 0.9289943 -0.2572875 -0.2660314 0.6927908 -0.6618981 0.2862374 -0.5606283 0.3518039 -0.7496199 0.2928197 -0.4663184 0.8347477 -0.6163208 -0.6882261 0.3827449 -0.9704478 0.1139965 0.2126874 -0.7764286 0.6288745 -0.0409345 0.03093588 0.08620983 -0.9957967 -0.9870697 0.02611446 0.15815 -0.7914628 0.2714977 0.5476089 -0.6116709 -0.4436848 -0.654983 -0.5065182 0.6104259 -0.6089496 -0.6235303 0.03079575 0.7811924 -0.8658088 0.2962649 -0.4032399 -0.3803959 -0.2331179 -0.8949609 -0.6732385 0.701991 0.2322902 -0.2816724 0.6600126 -0.6964511 -0.703747 -0.4126981 -0.578291 -0.8248056 0.4219058 -0.376419 -0.649263 0.5989887 -0.4686899 -0.5292733 -0.4246714 0.734523 0.8314601 0.4488312 0.327452 -0.4389929 -0.8782375 0.1896952 -0.7758667 0.3177773 0.5450215 0.3815351 -0.0905925 -0.9199043 0.2875688 -0.05380421 0.9562475 0.4347704 -0.331694 0.8372299 -0.4731128 -0.3328493 -0.8157056 0.7743368 0.6327609 -0.00404936 0.3774092 0.8005542 -0.465484 0.08596432 -0.3820386 0.9201396 0.2052574 -0.1955386 0.9589756 -0.7534708 0.5024899 -0.4240116 -0.9333027 -0.2247054 0.2800958 -0.4734207 0.4552405 0.7540748 -0.8213255 -0.5696467 0.03045159 -0.4675185 -0.6441901 -0.6053475 0.824572 0.3766046 -0.4221968 -0.5257655 -0.497188 0.690199 -0.218393 0.1165128 -0.9688805 0.4108316 -0.3208173 0.8534013 -0.7326699 -0.3183716 -0.6015267 -0.1235043 0.3804036 -0.9165368 -0.7212092 -0.5915629 0.3604313 0.02671444 -0.4126321 0.910506 -0.9322265 0.3561525 -0.06410193 -0.4950321 0.8391617 -0.2252796 -0.3920224 -0.1695197 0.9042022 -0.6293427 -0.7084586 0.3193965 -0.254204 0.5910817 0.7655083 -0.05685037 0.5620509 0.8251466 -0.6971469 0.7063117 -0.122923 -0.4847199 0.8018979 -0.3492941 -0.6551212 -0.2453845 -0.7145648 0.1437264 0.6872171 0.7120923 0.5957931 -0.7077234 -0.3796818 0.5740168 -0.5057495 0.6439894 0.2566928 0.3507972 -0.9005832 0.6287024 -0.7006461 -0.3373848 -0.5887112 0.7430812 0.3181974 -0.2654482 -0.5641918 0.7818087 0.2631104 -0.2580865 0.9296044 0.5550025 0.1496543 0.8182763 0.7869998 0.6109091 0.08614856 0.5844488 0.7340085 -0.3459062 0.2019931 0.5419635 -0.8157661 -0.1874933 0.3123212 -0.9312905 -0.6343254 -0.2710238 -0.7240009 -0.7853255 -0.4850571 -0.3846862 -0.1206408 0.8046581 -0.581353 -0.10519 -0.2321806 -0.9669681 -0.6458619 -0.4624252 0.6074746 -0.6502507 -0.2571748 0.7148673 0.9780717 -0.0489369 0.2024381 -0.6203687 0.7072235 0.3390836 -0.6230618 0.7059338 0.3368256 0.7169671 0.6876392 -0.1145006 -0.9993564 -0.03514117 0.007213771 0.3179683 0.2270891 -0.9205036 0.1328487 0.2020828 -0.9703164 -0.008681416 -0.1128704 0.9935719 0.6711053 -0.7038438 -0.2328556 0.3958561 -0.3045179 0.8663526 0.1584524 0.3093653 0.9376493 0.2918313 -0.717997 0.6319137 -0.548529 0.1184761 0.8276952 0.5378807 0.4029431 -0.7404872 0.2741045 0.4717693 -0.8380337 -0.5508285 -0.7422542 -0.3816369 -0.03868055 -0.9931142 -0.1105808 0.08726835 0.5340836 0.8409156 0.7434452 0.5350844 0.4012155 -0.636799 0.6698408 0.3818382 0.04646098 0.1499755 -0.9875975 0.01129949 -0.7421239 -0.6701675 0.6694382 -0.6958585 -0.2600646 0.3869077 0.4685232 -0.7942219 -0.5194362 0.7812913 -0.3460781 0.4214468 -0.1787452 0.8890629 -0.2553946 0.9562076 -0.142971 -0.5849164 0.1329044 -0.8001308 0.244716 0.4765503 0.8444016 0.385276 0.2930411 0.8750368 0.7857401 0.3659729 0.4986746 -0.3956097 0.111834 -0.9115844 0.007573664 -0.3914777 0.9201565 -0.08335697 -0.4699254 0.8787615 0.6108633 0.7045226 -0.3612394 -0.0856409 0.9832375 -0.1609652 -0.6484594 0.6913974 0.3185437 0.150434 -0.3424279 0.9274227 0.4173834 -0.1369004 0.8983593 0.7742721 0.548464 0.3157375 0.4680837 0.651941 -0.596549 -0.1857253 0.3175285 -0.9298827 -0.7487924 -0.4355552 -0.4996016 -0.7914456 -0.5513077 -0.2639579 -0.6215412 -0.7042105 0.3431823 -0.6880776 -0.3734906 0.6221367 -0.8557646 0.03858453 0.5159247 0.18085 -0.4054082 -0.8960677 -0.9668987 -0.25365 0.0277267 -0.10087 -0.7757247 -0.6229581 -0.07171452 0.9832882 -0.1673356 0.4531886 -0.4529318 0.7677714 0.7063426 0.7073227 -0.02783644 0.8924804 0.3462445 -0.2891256 -0.5208756 0.4892299 -0.6995303 0.03870147 -0.6295803 -0.775971 -0.7310998 -0.207784 0.6498607 0.363072 -0.7876304 0.4978122 0.1266112 0.8709639 0.474754 0.6087644 0.4408648 -0.6595789 -0.2848364 0.2225485 0.9323843 -0.8943041 -0.3512668 -0.2771859 0.9997105 -0.01184064 0.02095365 0.2930489 -0.394935 -0.8707175 0.514631 -0.8564578 -0.04043424 0.155356 0.9047133 -0.3966845 -0.2641384 -0.581582 -0.769411 -0.8073736 -0.566262 -0.165817 0.1864645 -0.3374852 0.9226781 0.2135882 -0.1461632 0.9659278 0.6241574 0.771333 -0.1243906 0.4695373 0.6200277 0.62857 -0.1511868 -0.5224518 0.8391584 -0.7472907 -0.664471 -0.005920946 -0.5442558 0.2745918 -0.7927075 0.356974 -0.9102846 -0.2096465 -0.9085309 0.3054462 -0.2850865 -0.7624523 -0.6468607 0.01542162 0.6331161 0.4249988 -0.6469468 -0.7777135 0.3065241 -0.5488213 -0.7040431 -0.7060095 0.07664138 -0.5468881 -0.7781828 0.3087799 -0.6524593 -0.6855062 0.3230763 0.1094275 0.1426478 -0.9837059 -0.3244337 0.8346521 0.445083 0.626503 0.05685138 -0.7773429 0.6251866 -0.2386881 -0.7430812 -0.5615323 -0.6765711 -0.476375 0.2418128 0.4042277 -0.8821149 0.4863613 0.5563808 -0.673716 0.7019673 0.3130765 0.639707 0.520543 -0.270106 -0.8099862 0.556742 -0.7418448 0.3737708 -0.0588504 -0.9957887 -0.07029515 -0.801616 0.4955551 -0.3344206 0.6265803 0.742464 -0.2369481 -0.503685 0.5690986 -0.6499449 0.4590029 -0.6227393 0.6336499 -0.3106122 0.6871283 0.6567912 0.6005475 -0.4196153 -0.6806363 0.12622 0.02505367 -0.9916859 -0.9598321 -0.1413973 0.2423414 0.5509746 0.7057345 0.4453828 0.7040385 -0.7068526 -0.06847858 -0.7068747 0.7026619 0.08120578 0.791638 0.6069086 -0.0705077 -0.3015302 -0.357394 0.8839395 -0.0424543 -0.1795389 0.9828344 -0.4926874 -0.440681 0.7503728 0.4850695 0.5141859 -0.7073335 0.01542866 0.128421 -0.9915997 -0.1423446 -0.08326303 -0.986309 -0.6939902 -0.712264 -0.105156 -0.887797 0.05590003 0.4568279 0.8208955 0.02921396 0.5703309 0.7314736 0.6810137 -0.03415751 0.7049304 -0.7058099 -0.07003933 0.9161833 0.1553811 0.3694118 0.5774208 -0.3448022 -0.7400653 -0.3247107 0.2569179 -0.9102506 0.4240076 0.5024885 -0.7534739 -0.7110515 -0.6249893 -0.3221712 0.609054 -0.6952904 0.3816078 0.9828397 -0.07569229 -0.1682167 0.601997 -0.1936003 0.7746732 -0.2857894 -0.7034125 -0.6507958 -0.3009156 -0.95357 0.01241737 0.9618523 0.1367599 -0.2369327 -0.4058994 0.2855364 0.8681675 -0.8249619 -0.5399699 -0.1669444 0.181352 -0.8890813 0.4202928 0.1315279 0.4718797 0.871797 0.6227807 0.7603731 -0.1843286 -0.704755 0.7056351 0.07348239 -0.603285 -0.4181673 0.6791049 0.672021 0.6304329 0.3885129 -0.07190489 0.9789971 -0.1907735 0.06080859 -0.9048975 -0.4212636 0.4645702 0.07146149 -0.8826482 0.897358 -0.3485516 -0.2706667 -0.8296084 -0.2849326 0.4801702 0.8902465 -0.1568897 -0.4276061 -0.6668701 -0.7082129 -0.2317736 -0.2521812 0.482192 -0.8389847 0.577412 0.3448083 -0.7400693 0.5257285 0.4590332 0.7161691 0.007261335 0.1276386 -0.9917942 -0.08365046 0.0199089 -0.9962964 -0.5022616 -0.5464035 0.6702064 -0.2586938 -0.296483 0.9193342 0.6094084 0.5777992 -0.5429268 0.5505552 0.7056328 0.446062 -0.5687937 -0.6493698 0.50477 0.03878164 0.02527135 0.9989282 0.6787831 0.608868 0.4105283 0.5611485 0.8019211 0.2050243 -0.9311709 -0.2838638 -0.2287843 0.08651322 -0.4059944 -0.9097715 -0.1213457 -0.3091768 -0.9432312 0.5881746 0.7542269 0.2918775 0.3981848 0.846893 0.3524505 -0.1500324 -0.6019944 0.7842786 -0.5249551 -0.3998271 0.7513723 0.6609874 0.4993873 0.5600965 -0.5441228 0.8066923 -0.2306035 0.4245609 -0.8430252 -0.3302371 -0.894409 -0.406194 0.1871869 0.3298097 0.3030721 -0.8940765 -0.5419676 0.6631799 -0.5162011 0.2043739 -0.9397112 0.274179 0.8559203 -0.08593124 0.509918 -0.7140601 0.6760061 0.1820279 -0.1915858 0.9439727 -0.2687202 0.4331871 -0.3619169 -0.8254484 -0.7263706 -0.673515 -0.1369791 -0.4488992 -0.8695297 -0.205931 0.6491683 0.1555078 -0.744579 -0.1739148 0.4054393 -0.8974256 -0.2105916 -0.6511161 -0.7291769 0.1431922 0.6027185 -0.7850009 0.637908 -0.7535369 0.1589197 -0.6682073 0.07698392 -0.7399814 -0.7190194 -0.4342105 -0.5426529 -0.05564707 -0.1814547 0.9818237 -0.04405051 -0.1005976 0.9939516 0.9664657 0.1704535 -0.1920666 0.4031575 0.1175748 -0.9075464 0.4726944 0.1545115 -0.867575 0.2757166 0.5384231 0.7962921 0.5161245 0.5697536 0.6395282 0.5893461 -0.7691538 -0.2471308 0.8198517 0.4479874 0.3565819 0.6655113 -0.4993384 0.5547576 0.3156793 -0.6333526 0.7065487 -0.8746155 -0.478915 0.07542079 -0.5470092 -0.7077801 -0.4470216 0.06807821 0.9597531 -0.2724693 0.7647274 -0.6402805 0.07233965 -0.8003694 -0.5862131 0.1255517 0.07195305 0.8205781 0.5669872 -0.3354254 -0.7075229 -0.6220138 0.4102983 -0.70602 0.5772271 0.9198068 -0.3877708 -0.05991172 -0.9134479 -0.2659826 0.3080037 -0.2762421 -0.5001385 -0.820702 -0.3254278 -0.5332594 0.780853 -0.9627156 -0.2384095 0.1278265 -0.6001847 0.6713296 -0.4348505 -0.948423 0.06196349 0.3108931 0.4809589 0.4190639 -0.7701065 -0.8215963 -0.08036017 -0.5643773 -0.6421437 0.2296981 0.7313619 0.5161154 -0.42254 -0.7450401 0.800333 0.1326143 -0.5847057 -0.7855874 -0.4944254 -0.3720164 0.3760946 0.09928148 -0.9212471 -0.8077749 -0.5570884 -0.1927497 -0.8942589 0.4083536 -0.1831623 -0.5863612 -0.3950011 0.7072162 0.1846411 0.1579356 -0.970033 0.8593356 0.4036845 0.3139765 -0.1886126 -0.8318264 -0.5220061 -0.6810512 -0.5798588 0.4471389 -0.6115957 -0.3621718 0.7034077 0.2495858 0.4569475 0.8537599 0.1941614 0.4332401 0.8801163 0.7286086 0.6675515 -0.1533122 0.7107366 0.6336663 -0.3054844 0.5372925 0.2435814 -0.8074558 0.1866903 -0.05207043 -0.981038 -0.3834353 -0.6077752 -0.695404 -0.6476738 -0.6804181 -0.3428554 0.4934027 0.3919827 0.7764686 -0.8152832 -0.5777218 0.03938293 -0.925342 0.1926804 0.3265218 0.7460255 0.1436546 0.6502379 0.7375623 0.6475675 -0.1914632 -0.679181 0.7057164 -0.2016869 0.3186934 -0.8863881 0.3357837 -0.2670428 -0.8202726 -0.5058073 -0.4496212 -0.4602407 0.765519 -0.1019421 0.03520309 -0.9941673 -0.08352929 -0.2314901 0.9692447 0.9759032 0.08491891 0.2010021 0.2632335 -0.02172899 -0.9644875 0.6455318 0.7585934 -0.08845824 0.6465782 -0.4382756 0.6243807 -0.2278747 0.6999236 -0.67689 0.4790009 0.7923868 -0.3777317 0.03172385 0.9977741 0.05865508 0.1514527 -0.8390277 -0.5225846 0.4200347 -0.06081521 0.9054682 -0.6795452 0.7057532 -0.200327 -0.94267 0.04888993 -0.3301261 0.9394013 -0.3013346 0.1634704 0.9935727 -0.1128622 0.008695185 -0.9894335 0.1402928 -0.03659671 -0.1520308 0.9476922 -0.2806531 0.3413132 -0.8944296 0.2889658 -0.2973308 0.05254495 -0.9533277 0.1487882 -0.2755105 -0.9497137 0.8421413 -0.4125411 0.3472866 0.3666313 0.5107106 -0.7776607 0.3720427 0.1248706 -0.9197781 0.5043497 0.2579002 -0.8240869 -0.5697162 -0.6789492 -0.4630891 -0.70073 -0.6860368 0.1957832 0.01034069 0.3417129 0.9397476 0.4534624 0.6265093 0.6339228 -0.3374159 -0.7066448 -0.6219355 0.679349 -0.7056369 0.2013992 -0.09855902 0.1968999 0.9754572 0.4208567 0.6292882 0.6533575 0.7195554 0.689427 0.08324939 0.4061436 0.1351119 -0.9037656 0.4887353 0.2071856 -0.8474739 -0.4893668 -0.5880451 -0.64399 0.6816689 -0.7037337 0.2002163 0.826133 -0.4243457 -0.3707224 -0.1134817 0.9804477 -0.1607615 0.4785086 0.2896696 0.8289276 -0.9882525 0.1408115 0.05940854 -0.8472161 -0.5274919 0.06306433 -0.5825476 0.7799779 -0.2286326 -0.2308284 -0.7279077 -0.6456538 0.7770835 -0.2299438 -0.5858901 -0.2371948 0.3147974 -0.9190437 -0.1773037 -0.9361051 0.3037608 -0.5999196 -0.6828199 0.4169575 0.4279733 0.6760664 0.5998109 -0.1245491 0.8670932 0.4823246 0.5928145 -0.80101 0.08339118 0.6578111 -0.6794098 0.3250954 -0.486922 0.1309687 -0.8635707 -0.4884403 -0.6983321 -0.5232192 -0.6574031 0.7279946 -0.1945381 0.7397677 0.4279901 -0.5191996 -0.5668081 -0.759671 -0.3187927 -0.4990978 -0.8491377 -0.1728202 0.06641274 0.1186635 0.9907111 -0.088104 0.03533178 0.9954845 0.417055 0.8907769 -0.1805037 0.07679498 -0.4069559 -0.910214 0.4740843 -0.2631729 -0.8402287 0.2549908 0.7085596 0.6579688 0.04255646 0.4956845 0.8674595 0.2414531 -0.5075133 0.827122 -0.1805118 0.663322 0.7262364 0.943098 0.2988342 -0.1458227 0.7187326 0.6854773 -0.1163808 -0.09672468 -0.4034038 -0.9098954 0.1540696 -0.7207803 -0.6758242 -0.5195123 0.5727683 -0.6340691 -0.02853989 0.253979 0.9667886 0.2471064 -0.6988984 0.6711778 0.4123227 -0.4921898 -0.7666415 0.1867999 0.6258957 -0.7572056 -0.8346183 0.474796 0.2792512 -0.07502424 -0.7061197 -0.7041069 0.2024614 -0.7024332 -0.6823467 -0.2021626 0.7049172 0.6798691 0.5058959 -0.7062357 -0.4952782 0.5301615 -0.2873957 0.7977045 -0.6804292 0.640394 -0.3562467 0.6121558 0.6892913 -0.3874827 0.2659094 -0.6879215 -0.6753194 -0.1451005 0.9544481 0.26072 0.23929 -0.9011859 0.3613922 -0.7005729 -0.1177891 0.7037922 0.7982369 -0.2405449 -0.5522284 -0.7127834 -0.6786957 -0.1769517 -0.4407157 -0.5313008 -0.7235256 0.1392033 -0.5624495 0.8150296 0.5051775 -0.5544089 -0.6613823 0.6317585 -0.3602863 -0.686349 0.3416012 -0.6658009 -0.6633384 0.001845419 -0.7486665 -0.6629444 -0.5118284 -0.6497941 -0.5619604 -0.9291788 -0.2036549 0.3084663 -0.4404228 0.09579241 0.8926655 -0.3528705 0.1710014 0.9199136 -0.3690493 -0.2894998 -0.8831719 0.2994028 0.7213329 0.6245293 -0.3649662 0.6153046 -0.6987131 -0.8964886 0.3399724 0.2841249 -0.2721973 -0.5078278 -0.8173248 0.05318599 -0.1940478 -0.9795493 0.4762764 0.3926675 -0.7867484 -0.2905248 -0.9350705 -0.2030727 0.832535 0.2642564 -0.4868821 -0.4183502 0.7479453 0.5153262 0.282189 -0.07477521 -0.9564404 0.5765054 0.7930644 0.1966989 -0.1431229 0.6445096 0.7510814 -0.2870525 -0.778469 -0.5581997 -0.2013268 0.7056177 0.6793904 -0.08024132 -0.3192018 0.9442837 0.09908944 -0.8910895 -0.442878 -0.5420004 -0.6766102 0.4984319 0.7958817 0.5386586 -0.2764404 -0.1962976 -0.6616615 -0.7236515 -0.4794049 -0.7135058 -0.5109604 -0.4412177 0.1967753 0.8755607 -0.6465572 -0.007782936 0.7628259 0.6960239 0.6926719 0.1890938 -0.5484598 0.710195 -0.4413785 -0.5496082 0.7048214 -0.4485061 -0.8185599 -0.5628931 0.1145035 -0.6431118 -0.682669 -0.3469443 -0.373584 0.2623208 0.8897319 -0.330147 0.2948679 0.8966917 -0.06965911 0.4900294 0.8689182 0.04644483 0.5519458 0.8325856 0.5348823 0.7118119 0.4552196 0.7561483 0.6454588 0.107809 0.8321421 0.5089389 -0.2202746 0.4600642 -0.2206072 -0.8600426 0.6620897 -0.0187596 -0.7491897 0.7494279 0.6469566 0.1407303 -8.7889e-4 -0.5284513 -0.8489633 0.2253826 -0.3742042 -0.8995409 -0.4575127 -0.6741586 -0.579821 -0.7936484 -0.6081423 0.01688736 0.2614593 -0.6411895 -0.7214673 -0.1132381 -0.9894576 -0.09028297 -0.01668196 -0.9982748 -0.05629467 0.2676371 0.689562 -0.6729596 0.760483 0.5098617 -0.4021275 -0.07931083 0.1822401 0.9800502 -0.7141119 0.5953935 0.3681722 -0.6832007 0.6168996 -0.3907324 0.1555103 0.8129159 -0.5612347 0.1721808 -0.5346966 0.827317 -0.04971867 0.9027606 -0.4272603 0.7468465 -0.6463989 0.1561691 -0.9687149 0.1568343 -0.1923397 0.02757269 0.02702927 0.9992544 0.342288 0.8772335 0.3366012 0.09419286 -0.78276 0.6151542 -0.2107862 0.9294533 0.3027969 0.5838077 0.8094779 -0.06256341 -0.54837 0.01572507 -0.836088 0.2049275 -0.7992347 -0.5650034 -0.6542499 0.1500681 0.74124 -0.7168894 0.2182434 0.6621477 0.7925578 0.3979263 0.4620682 0.9161273 -0.3936396 -0.07588589 0.3347061 -0.8566874 0.3925031 0.554229 -0.2354387 0.7983726 0.7460149 0.664817 0.03847408 0.1439691 -0.6837316 0.7153908 0.4713335 0.8791551 -0.07022321 -0.2574586 -0.3293078 -0.9084446 -0.4395713 -0.385259 0.8113894 -0.8955892 -0.3655841 0.2535117 0.4184323 0.7092012 0.5674048 0.1722505 -0.5296276 -0.8305568 -0.7142854 0.53276 0.4538317 -0.6241061 0.6861412 0.3737672 0.8307728 -0.556502 -0.01105415 -0.06546491 -0.0260747 -0.9975141 0.6887568 0.503764 0.521379 0.8802295 0.1723452 0.4421461 0.1229034 0.7628491 0.6347882 0.7524358 0.6292893 0.1945136 0.9378323 0.3470801 0.002469778 -0.3807622 0.5025888 0.7761603 0.6108713 -0.3388766 -0.7155411 -0.971206 0.05359381 -0.2321351 0.194675 0.7221493 -0.6637787 0.4348623 -0.6713245 -0.600182 0.8917564 -0.2811791 0.3545545 -0.8708696 0.01634144 0.4912424 0.3942528 -0.379363 -0.8370475 0.3292426 0.7085656 0.6241267 0.6101516 -0.7084411 -0.3547202 -0.8145536 0.1772831 0.5523345 0.7844632 -0.6045497 -0.1383374 0.9075366 -0.1478874 0.3930734 0.2762427 0.5001397 0.8207011 0.3496732 0.4331387 -0.8307343 0.6364163 0.5106452 -0.578114 -0.7466359 0.3253465 -0.5802453 0.1347023 0.3670225 -0.9204075 -0.1545759 0.6395899 0.7530146 0.3491159 0.686377 0.6379692 0.7000662 0.6387701 0.3191869 0.8534191 -0.1196496 -0.5073066 0.91989 0.2390043 -0.3109332 -0.3558374 -0.6774468 -0.6437745 -0.7627043 -0.6028593 -0.2341855 -0.9490659 -0.2081431 0.2365381 -0.8103018 0.07494956 0.5812001 -0.5971811 -0.4751747 -0.6462073 -0.448363 -0.03098767 0.8933143 -0.3039196 0.8835996 0.3562088 -0.240355 -0.7643879 -0.5982815 0.5384601 0.1499577 -0.8292006 -0.292709 -0.6659755 -0.6861473 0.3407334 -0.7079836 0.6185952 -0.4461981 -0.7054863 0.5506327 -0.2677788 0.7413409 -0.6153928 -0.3393144 0.709266 -0.6179057 -0.8541801 -0.3198748 0.4099471 0.3666355 -0.5106946 -0.7776693 0.9385616 0.3015973 -0.1677536 0.4042116 -0.2581385 -0.8774837 0.6114503 -0.202319 0.7649809 0.6704881 0.7403661 0.04799801 -0.4303841 -0.4302631 -0.7935007 -0.09557801 -0.72597 -0.6810525 -0.6994072 -0.179818 -0.6917334 0.8618174 -0.4168576 -0.2889651 0.3373211 -0.7051029 0.6237344 0.3666504 -0.5106979 -0.7776601 0.9759027 -0.08490324 0.2010114 0.8814911 -0.2841891 -0.3771076 -0.4057517 0.4877806 0.7729396 -0.3624506 -0.4423887 -0.8203182 0.3221698 0.6249936 -0.7110484 0.2654761 -0.9470507 -0.180603 -0.5092331 -0.05559623 0.8588311 0.9287492 -0.2086466 -0.3064173 -0.4017751 -0.720701 -0.5649487 0.8939846 0.4411266 0.07873332 0.5126257 -0.3753938 -0.772201 0.9763048 -0.1971052 0.08932346 -0.02513545 0.6796866 0.7330719 0.4366084 0.6825454 0.5860928 0.952559 -0.2170911 -0.2133141 -0.05956417 -0.1278317 0.9900057 -0.8831174 0.4642609 0.067568 -0.06440365 -0.9912753 0.115003 -0.1285754 0.09736639 -0.9869085 0.9763926 -0.1213984 0.1786614 0.4854036 0.867886 -0.1056285 -0.3378474 0.7051221 -0.6234277 -0.4776546 0.6522566 -0.588564 -0.295161 0.7867091 -0.5421889 -0.06937783 -0.9914098 0.1108759 0.004767119 -0.5486952 -0.8360089 -0.7234718 -0.5524997 0.4139239 -0.8580327 0.4627599 -0.2227851 0.2324217 -0.1235421 0.9647371 -0.3141832 0.3273934 -0.8911244 -0.4177432 0.5761311 -0.7025408 -0.3447967 0.6527191 -0.674591 -0.7995681 -0.1786228 -0.5733976 -0.5251129 0.2946579 0.7983942 -0.4322193 0.7166987 0.5472928 0.6520809 -0.6809842 -0.3332433 -0.6676393 -0.6242585 -0.4056588 -0.5752559 0.7212008 0.3859406 0.4677876 -0.504503 -0.7257077 -0.4662811 -0.1626036 -0.8695642 -0.4760274 0.4731549 0.7412978 0.8303911 0.5318089 0.1662223 0.7613807 0.4952788 0.4183282 -0.9688523 -0.1978261 0.1489636 0.259281 0.6885139 -0.6772902 0.7172232 0.5468838 0.431867 0.9832826 -0.1413366 0.1148015 -0.9072701 -0.3616407 -0.2146556 -0.3079305 0.9304907 -0.1984081 -0.444541 -0.6121881 0.6539183 0.2504464 -0.9674215 -0.03704416 -0.564828 -0.8249424 -0.02096682 -0.2484186 0.5677213 -0.7848444 -0.181524 -0.7513777 0.6344137 0.304064 0.7195581 0.6243247 0.6337695 -0.5911189 -0.4989136 0.07400661 -0.7056071 0.7047281 0.06726628 -0.7081676 0.7028329 0.7806064 0.5679528 -0.260928 0.7937811 0.588343 -0.1541572 -0.9530674 0.1580017 0.2582599 0.05418986 0.4699078 -0.8810507 0.9618472 -0.2371357 0.1364433 0.7822641 -0.2832415 0.5548309 -0.1270196 -0.2707217 -0.954241 0.6738004 -0.698283 -0.2416484 -0.6426128 0.6186205 0.4520592 -0.254541 0.5511013 -0.7946676 -0.1726214 -0.01633858 -0.9848527 0.8830375 0.1694425 0.4376463 0.7971282 0.6024933 -0.03985822 0.566443 0.3055124 -0.7653787 0.9786826 -0.1160987 0.1694158 -0.6832001 0.646786 -0.3389772 -0.157579 -0.1847247 0.9700751 -0.3589826 0.08032315 0.9298816 -0.04775369 0.396976 -0.916586 0.987713 0.1530669 0.03151977 0.9953429 -0.01558458 -0.09513026 0.6976687 -0.4486048 -0.5585806 0.2420455 -0.6908968 -0.681231 0.5462495 0.2037879 -0.8124543 -0.5685864 0.6240677 0.5359562 -0.7601804 -0.3100701 -0.5709487 -0.9460325 -0.1506406 -0.2869321 -0.070315 0.7020218 -0.7086758 -0.07409524 0.7051917 -0.7051345 -0.07441681 0.7054449 -0.7048473 0.388518 -0.6304298 -0.6720209 -0.7285254 0.408821 0.549651 -0.5925852 0.2328286 0.7711251 -0.1782397 0.2927373 -0.9394337 -0.2684829 0.8758764 0.4009459 -0.4072127 0.6236801 0.6672338 0.7720391 -0.04913812 0.6336727 0.3885128 -0.6304321 -0.6720218 0.7414406 0.6517042 -0.1598361 -0.7667924 -0.6189846 -0.1699641 -0.9181541 -0.3403325 -0.2028969 0.2056965 0.6289832 0.7497127 0.520959 -0.02486789 0.8532193 0.413106 -0.1421494 -0.8995205 -0.09275001 -0.7160077 -0.6919035 -0.04717636 0.7930763 -0.6072927 -0.07551282 0.7060473 -0.7041272 -0.8253206 3.34513e-4 0.5646644 0.1584696 0.3093544 0.9376499 -0.3153393 0.7033569 0.6370639 -0.9354228 0.2276744 -0.2704599 -0.6947997 0.3191152 0.6445299 -0.973314 0.222093 -0.05774557 -0.8541631 0.3198887 0.4099716 3.41894e-5 -0.1611627 0.9869279 -0.596188 0.6907606 -0.4091575 0.9759032 -0.08492004 0.2010018 -0.5013373 -0.5990368 -0.6243525 -0.2468948 0.6922209 0.6781395 0.6044891 0.5677594 0.5587864 0.9886119 -0.03910368 -0.1453186 0.3111713 -0.6669623 -0.6770036 0.07563114 -0.7068202 0.7033386 0.6023522 -0.5624304 -0.566431 0.9902681 0.1316842 0.04503685 0.9687114 -0.09445959 -0.2295121 0.2232899 -0.6630281 -0.7145177 -0.249466 -0.7150686 -0.6530265 -0.878652 -0.1217078 -0.4616904 0.435357 0.7092056 -0.5545194 -0.3880728 -0.4904644 0.7802848 -0.4118418 0.5109581 -0.7545253 0.1617836 -0.9240032 0.3464741 -0.4438942 -0.8629878 0.2412679 0.06053197 0.5991783 -0.7983242 0.04586559 0.8456678 -0.5317353 0.1310033 0.7308291 -0.669871 -0.176158 -0.9835759 -0.03933042 -0.734806 0.6379138 -0.2304914 -0.3187472 -0.07462489 0.9448976 0.6289462 0.7595466 -0.1658787 0.9813295 0.01936221 0.1913574 0.1316239 -0.09526765 -0.9867114 -0.5458653 0.1636283 -0.8217402 -0.06478303 0.4225127 0.9040389 -0.6758465 -0.1199286 0.7272198 0.900461 -0.4118053 0.1399515 -0.7918042 0.1200032 0.5988702 0.4884434 -0.4322518 0.7580116 0.01801121 -0.9616035 0.2738511 0.001788377 -0.8163855 0.5775046 -0.8928897 -0.2149301 -0.3956679 -0.9622796 -0.2097414 -0.1732815 0.6034725 0.6459575 0.467504 0.2149314 0.2340587 0.9481672 -0.05507653 -0.1849723 -0.9811993 0.8485283 -0.3987269 -0.3478747 -0.9144631 0.3088859 0.2614324 -0.7560496 -0.2307245 -0.6124991 -0.09439909 -0.7197508 -0.6877847 0.9014824 -0.01060712 0.432686 0.1198283 0.7735722 0.622276 -0.3044353 0.7286202 -0.6135404 0.1090077 0.7726721 0.6253761 -0.8335748 0.4068225 -0.3736958 -0.4710297 -0.7046439 0.5306676 0.7632865 0.2551334 0.5935493 0.2445874 -0.3035635 0.9208835 -0.1564314 0.7566446 0.6348373 0.2982569 0.5859113 0.7534924 0.7029329 0.3739002 -0.6050488 -0.6646693 0.598308 -0.4474844 -0.3177617 -0.4350001 -0.8424977 -0.5023258 -0.8515141 -0.1503087 0.4013575 -0.687214 0.6055156 -0.665158 -0.07070291 -0.7433478 -0.754128 -0.4262202 -0.4996274 -0.1209444 0.9911853 0.05407691 -0.8328483 0.4883974 0.2604454 0.05079799 0.4676108 -0.8824737 0.9038298 -0.05896133 -0.4238104 0.05519473 0.2567 -0.9649139 0.5642283 0.7043449 -0.4307489 0.9410231 0.05321675 0.3341313 -0.7084887 0.6943589 -0.1261333 0.6810305 -0.1333144 -0.7200173 0.3018248 -0.2037916 0.9313275 -0.3283336 -0.09555536 0.9397161 0.4658998 0.6267752 0.6245721 -0.9938108 -0.01743876 0.1097086 0.9050279 -0.4007369 -0.1425991 0.7324721 -0.5512552 -0.3995026 0.08618605 -0.7309255 -0.6769933 -0.2671117 -0.6096884 -0.7462784 -0.982377 0.1469652 -0.1154847 -0.9797614 0.1981568 -0.02831411 -0.3639933 0.7011709 0.613081 0.5432642 0.3837571 0.7467225 -0.738065 -0.4850245 -0.4690538 0.2158034 0.798924 0.5613815 0.4748092 0.8608202 0.1831526 0.5909389 -0.7980893 -0.1176642 0.116117 -0.7331563 -0.6700737 0.4578248 -0.8839135 -0.0953592 0.4317961 -0.6497403 0.6256115 0.1977831 0.7061923 -0.6798341 -0.01186972 0.568653 -0.822492 -0.4297299 -0.2828538 0.8575115 -0.1098003 0.0666424 -0.9917171 -0.7400704 -0.3447961 -0.577418 0.4248184 -0.05787724 0.9034267 0.7855135 -0.2835282 -0.5500732 0.1298322 -0.5192651 -0.8446937 -0.1905271 0.8719906 0.4509233 -0.3747364 -0.9222007 0.09549158 -0.4433884 -0.5433225 -0.7128867 0.08805668 -0.4863963 -0.8692898 -0.8553781 -0.4666947 -0.2247768 -0.7373613 0.6634603 -0.1269595 0.5881953 -0.06773102 0.8058777 0.5916694 0.09091043 0.8010385 -0.1886379 -0.2463859 -0.9506365 0.2016689 0.7060945 -0.6787933 0.8468791 -0.3083945 0.4332305 -0.7491738 -0.3359122 -0.5708779 -0.562443 -0.3106572 0.7662572 -0.8389811 0.4821962 0.2521855 -0.02028435 -0.5429023 -0.8395509 0.4498215 -0.5879223 0.6723154 0.6676385 -0.1833066 0.721566 -0.5921069 -0.1426085 -0.7931408 0.1413778 -0.3950943 0.9076965 0.9714157 0.2249698 0.07576417 -0.4736785 -0.5150455 -0.7143926 -0.4456719 -0.5272567 -0.723448 -0.6465976 0.5998409 0.4712775 -0.374086 0.6934021 0.6158355 0.9766963 -0.1568754 0.146473 0.9755947 -0.105257 0.1927069 0.3120337 0.8632718 -0.3967328 0.204806 0.7051808 -0.6788038 0.4563649 0.5640844 0.6881424 0.7221941 -0.1987576 -0.6625187 -0.07321894 0.686913 0.7230419 0.3545988 0.8491727 -0.3913636 0.371571 0.4930797 -0.7866432 -0.5182256 0.8196055 0.244314 -0.4522526 0.8902986 -0.05325543 -0.5533911 -0.7841206 -0.2809154 0.1211714 -0.008968114 -0.9925912 0.5018114 -0.5634899 0.6562504 0.8375685 0.01086854 0.5462242 -0.02330821 -0.86765 0.4966288 -0.09299772 0.8252024 -0.5571289 -0.009813547 -0.2951648 0.9553961 -0.5410978 -0.4535759 0.7081541 -0.9015952 0.3277177 -0.2823601 0.8337769 0.04961115 0.5498682 -0.2697568 -0.9339877 0.2343037 0.903595 -0.01124203 -0.4282402 -0.4794582 0.8477106 -0.2269505 0.6201357 -0.07134318 -0.7812438 -0.5493739 -0.7992799 0.2435982 -0.491904 0.277928 -0.825098 0.2668501 0.3561705 0.8955075 0.3426903 -0.6413965 0.6864211 0.3273705 0.5616734 0.7598367 -0.8614392 0.2995798 -0.4100911 -0.9273754 0.3475198 0.1385821 0.6233003 0.4519199 0.6381734 0.3204922 -0.6999527 -0.6382406 -0.7826445 0.1663625 -0.599826 -0.5892755 -0.3327828 -0.7362133 0.923038 -0.3654949 0.120061 -0.2797805 -0.858852 0.4290646 -0.3907868 -0.3999511 -0.8290507 0.4776473 -0.2875465 0.8301627 -0.1036497 0.7549802 -0.6475043 0.0394985 -0.7015302 -0.7115443 -0.2985352 -0.05146354 -0.9530102 0.7922964 -0.07011705 -0.6060941 0.5959485 -0.7100372 0.3750901 0.4132655 -0.8628177 -0.291131 0.3359539 -0.8294568 -0.4462472 -0.813357 -0.3333448 0.4767931 -0.281033 -0.5144103 0.8101868 0.3694421 -0.6851068 0.6278067 0.5832095 0.2279008 -0.7796975 -0.8392976 0.3923709 -0.3763306 -0.1004517 0.497952 0.8613672 -0.4845843 0.5992245 -0.637266 -0.4016743 -0.3433872 -0.8489658 -0.8227515 -0.2933246 -0.4868683 -0.9998982 -0.00561434 0.01312381 -0.9991359 0.01818877 0.03737366 -0.8849215 0.3678681 0.2856346 -0.5222895 0.7165155 0.462406 -0.4761533 0.7669578 -0.4301789 0.2917727 -0.9563941 0.01338672 -0.7381862 -0.6735745 -0.03712826 0.7903867 -0.2501248 0.5592195 0.6915495 -0.6458639 0.3234489 0.4188748 -0.8423139 -0.3391923 0.2456549 0.4659759 0.8500118 -0.1262788 0.9253007 -0.3575924 -0.4385929 -0.7084965 0.5528734 0.5045745 0.7063431 -0.4964715 0.7617603 0.2062595 -0.6141486 -0.6022101 -0.4098434 -0.6851069 -0.82606 0.3364597 -0.4521279 -0.3379978 0.3745531 0.8634046 -0.6875026 0.6914531 -0.2218848 0.5221021 0.2739645 0.8076837 0.9993784 -0.03305637 -0.01225626 0.986467 0.1075096 0.1237924 -0.03992038 0.6371593 0.7696976 0.4476445 0.7043626 -0.5508971 -0.1457659 -0.8849963 -0.4421924 -0.878593 0.3556529 -0.3187248 -0.1957505 0.6433777 0.7400993 0.7578835 -0.6311281 -0.1651964 0.2289126 -0.6555321 -0.7196366 0.5002981 -0.5668731 0.6544896 0.4450469 0.7039195 -0.5535619 0.1102901 0.5753448 0.810441 0.4552139 0.3458499 0.8204683 0.8438774 -0.1126246 0.5245823 0.8688987 -0.1867292 0.4584183 0.8734602 -0.4797514 0.08310228 0.6787939 -0.6728312 -0.2941719 0.456987 -0.7090371 -0.5370563 0.2702637 -0.6972202 -0.663959 -0.3720458 -0.4051569 -0.8351227 -0.456762 -0.3483228 -0.8185596 -0.9002002 0.3317887 -0.2820567 -0.8931952 0.2727221 -0.3575263 -0.8680981 0.4913353 -0.07067906 -0.8911938 0.3318447 -0.309278 -0.3581756 0.7263569 0.5866138 0.03951507 0.6056536 0.7947468 0.8773964 -0.04593151 -0.4775625 0.6290872 -0.4333757 0.6453176 -0.4122115 -0.7790957 0.4723259 -0.5647342 -0.725623 0.3931244 0.4292772 0.878523 -0.2095676 -0.7640081 -0.4519062 0.4605134 -0.06784296 0.4234387 -0.9033809 0.1339715 0.988089 -0.07570976 -0.8050732 0.4367424 0.4013892 0.1369531 -0.3036146 -0.9429009 -0.06661641 -0.8168693 0.5729634 0.5708612 0.5808802 -0.580255 0.1678984 0.9761584 0.1375673 0.132305 0.9025692 -0.4097124 -0.4647367 0.279336 -0.8402328 -0.860408 -0.2469145 0.4457932 0.09752237 0.9823023 0.1599117 0.3564073 -0.416882 0.8361718 0.8478422 0.2286167 -0.4784331 -0.1496902 -0.9652894 -0.2140312 -0.3802216 -0.8250482 0.4180037 -0.5655821 -0.5817574 0.5845299 -0.02719926 0.5711663 -0.8203836 -0.3949562 -0.5463455 0.7385908 -0.7319768 0.222119 0.6441065 -0.2865161 0.4016364 -0.8698257 0.2196014 -0.3041553 0.9269654 0.06562268 0.6386056 0.7667312 0.4907215 -0.8103756 -0.320131 0.2081135 -0.2894786 -0.9342864 0.6201913 -0.6312199 -0.4657514 0.6967856 -0.7156988 -0.04759335 -0.00132364 0.5257029 0.8506673 0.5154778 -0.4864099 -0.7054701 -0.139062 -0.6681176 -0.7309451 0.5556095 -0.8152749 -0.1631721 -0.708269 0.5019546 0.4963836 0.4851406 -0.3549307 -0.7991639 0.370419 -0.7130718 -0.5952466 0.2249516 0.5752897 -0.7864087 -0.4761765 0.2380189 -0.8465241 0.5654479 0.6955689 0.4432298 -0.6603326 -0.7481697 -0.06483149 -0.3628982 -0.4111725 -0.8362071 -0.7059562 0.6934894 -0.1438697 0.6225651 -0.7057316 -0.3381652 -0.458381 -0.02110993 -0.8885052 0.1233806 -0.380298 0.9165973 -0.3519716 0.4467375 0.8225216 -0.5881034 -0.1376529 -0.7969858 -0.4294481 0.3412134 -0.8361506 -0.3398525 -0.775526 -0.5320338 -0.8990381 -0.1422278 -0.4141277 -0.6546524 0.7065457 0.2687444 0.4375159 0.04412597 0.8981274 0.9117059 0.4096955 -0.03069621 0.682909 0.6463807 0.3403342 0.2541986 -0.5910918 -0.7655022 0.9385837 0.06560146 0.3387584 0.1748314 0.07164782 0.9819881 0.9663926 -0.04012835 0.2539196 -0.2948098 -0.5490234 0.7820874 -0.04378449 0.06085401 -0.9971859 -0.4375731 -0.04406821 -0.8981024 -0.8425666 0.2814348 -0.4592125 0.6203746 0.6979941 -0.3576864 0.6209409 0.7069765 -0.3385508 -0.6220333 0.7065373 0.3374606 -0.6361479 0.6707601 0.3813095 -0.3220949 0.6436766 0.6942157 0.2710391 0.1662887 0.948096 0.2438948 0.2010749 0.9487277 0.2984962 -0.6457529 -0.7027825 -0.03908419 -0.3609291 -0.931774 -0.5942457 0.07997334 -0.8002977 -0.7500625 0.4576697 -0.4774355 0.7742948 -0.6079532 0.1756715 -0.7608675 0.3752794 0.5293829 -0.262202 0.8580936 0.441504 -0.4075255 0.3866407 -0.8273041 0.878222 -0.04134619 -0.4764627 0.06914979 0.7311879 0.6786624 0.06922495 0.6914212 0.7191277 0.8061587 0.5042201 -0.3096292 -0.225814 0.1241974 -0.9662211 -0.5785483 0.1244446 -0.806099 -0.1766596 -0.5803787 -0.7949541 0.03263205 0.1364081 -0.9901152 0.9105702 -0.4129566 0.01813524 0.05392825 -0.118142 -0.9915313 -0.3539358 -0.847018 0.3965982 -0.62512 -0.7060883 0.3326629 0.8567051 0.4435433 0.2632982 0.6225492 0.7053609 -0.3389668 -0.08333921 0.7109289 0.6983085 0.1402879 0.724248 0.6751179 0.8514016 0.05269378 -0.5218609 -0.8558898 0.3299262 0.3982479 -0.2009926 -0.08490878 0.975906 -0.008674442 0.1128697 0.9935719 -0.4041247 0.8743891 -0.2685649 -0.7534649 -0.5024915 -0.4240199 -0.9163726 0.2469181 0.3151078 0.1524019 -0.9833697 0.0987811 0.7430699 -0.6636881 0.08582079 -0.62075 0.2190704 -0.75278 0.382541 0.1075944 0.9176524 0.1858401 0.2571518 0.9483335 0.3243973 -0.5898845 -0.7394611 -0.09646552 0.5326211 0.8408384 -0.2991928 0.6189671 0.7261979 0.7359249 -0.313943 0.5998787 0.7718861 -0.5727503 0.2759516 0.1452752 -0.5587319 -0.8165255 -0.3934539 -0.01859861 -0.9191562 0.1866508 0.2821229 0.9410464 -0.1866508 -0.2821229 -0.9410464 0.4725072 0.6656481 -0.577624 0.725357 0.6312926 -0.2744578 -0.8209149 0.4845709 -0.3021421 -0.8729413 0.3914965 -0.2910398 0.2817276 -0.6019523 -0.7471833 0.8024398 0.07840752 -0.5915596 -0.1544402 -0.4744242 0.8666429 0.248066 0.4230523 0.8714873 -0.3617219 -0.8316664 0.4212936 -0.7010945 -0.4112217 -0.582549 0.4886369 0.8362786 -0.2487413 0.3680492 -0.853513 -0.3688569 0.6268491 0.04404288 -0.777895 -0.9978214 -0.05222135 0.04031527 -0.687265 0.7263242 0.01096564 0.5455409 0.1818243 0.8181229 0.4776399 0.01831895 0.8783648 0.004791617 0.9960173 -0.08903276 0.718892 -0.3005724 0.626778 -0.7563315 0.424406 0.4978377 -0.2963846 -0.8885512 -0.3501899 -0.3288655 -0.6189121 0.7132989 0.3216346 0.5031353 -0.8021259 -0.3727129 -0.007579565 -0.9279158 -0.8261935 -0.05848628 -0.5603425 -0.5143439 0.6375476 0.5735709 -0.2849079 0.3634295 0.8869873 0.9210048 -0.135935 0.3650644 0.7843494 -0.5998652 0.1579809 0.4028093 -0.715683 0.5705635 -0.487405 -0.6069296 -0.6277523 -0.596697 0.7211203 -0.3520488 -0.8022186 0.4348403 -0.4090958 0.4755164 -0.3440658 -0.8096314 0.1739665 -0.46993 -0.8653909 0.921666 0.3022364 0.2432798 -0.421438 -0.7683554 -0.4816846 -0.2539052 0.7121817 -0.6544688 0.6436979 -0.4414087 -0.6251491 0.4303845 -0.4764589 0.7666525 -0.662109 -0.6485722 -0.3754541 -0.7049043 -0.7054426 0.07389718 -0.5534847 -0.6902564 -0.4660481 -0.7029945 -0.7063757 0.08265656 0.6065264 -0.1346625 -0.7835764 0.0424267 -0.9643019 0.2613849 -0.151131 -0.690564 0.7073054 0.2287495 -0.9622918 0.1472009 0.6408355 0.1664197 0.7494226 -0.6881418 0.7051793 0.1708305 -0.5904716 0.07606554 0.8034659 0.02957415 0.07499116 0.9967455 0.8211047 -0.5115429 0.2532019 -0.06602978 0.3320313 -0.9409545 0.352998 0.2582624 0.8992736 -0.6829414 -0.6463175 -0.3403892 -0.5872863 0.6873905 -0.4273045 -0.7254982 0.6048628 0.3283193 0.005175888 -0.09918767 0.9950554 -0.6049865 -0.2876563 -0.742459 0.2094118 -0.6465601 0.7335577 0.3664358 0.7653551 -0.5291094 0.6543371 -0.5571581 0.5112906 -0.4722412 -0.8810485 -0.02723461 0.2864917 -0.1842004 0.9402089 0.2237806 -0.07382094 0.9718399 -0.6911237 -0.5816571 0.4289793 0.7599405 -0.6461814 -0.07028681 -0.01076477 -0.8583813 -0.5128993 0.6415742 0.1432573 0.7535649 0.5498366 0.129517 0.8251699 -0.7057623 -0.7048612 0.0712068 0.6090644 -0.6952927 0.3815873 -0.4099535 0.3198539 -0.8541848 -0.8912118 -0.3967342 -0.2198719 -0.009091615 -0.7521105 0.6589744 -0.9980663 -0.04860961 0.03873884 0.8203196 0.2024526 0.5348727 0.609046 0.6952956 0.3816111 -0.3899372 0.880923 -0.2681859 -0.8507208 0.1098477 -0.5140113 -0.0740922 -0.3278332 0.9418258 0.5843027 -0.465865 -0.6645001 0.5473982 -0.6499741 -0.5271517 -0.7555404 0.5254262 -0.3912621 -0.9296855 -0.1688362 0.3273822 0.6225945 0.1422436 0.7695082 0.7600783 -0.6465211 -0.0655108 -0.7053494 -0.7051013 0.07290095 0.704722 0.7056289 -0.07385665 -0.07475131 -0.8051789 -0.588302 0.6926195 -0.7068225 -0.1438066 -0.7244035 0.1491541 0.6730474 0.7600513 0.6033768 -0.2413681 -0.2448075 -0.5189551 0.8189963 -0.5135105 -0.6531863 -0.5564664 0.2173841 0.6189758 0.7547273 0.4510775 -0.837152 0.3093633 -0.9205946 0.3853979 0.06304216 -0.6556297 -0.607819 -0.448002 0.4555336 -0.5221778 -0.7209852 -0.2706884 0.1332254 -0.9534038 -0.6394134 0.592157 -0.4904086 -0.5696578 0.5673729 0.5946244 0.1478743 -0.007193922 0.9889801 0.6770172 -0.7339978 0.0538057 0.70739 -0.5722864 -0.4148346 -0.6463568 0.6741408 0.3574314 -0.4780307 0.4990249 0.7228145 0.1777532 -0.07048618 0.9815475 0.6217063 -0.6093969 0.4920536 0.7114335 -0.6997254 0.06516683 -0.8594829 -0.4964984 -0.1215674 -0.6172996 -0.3682208 0.6952372 -0.7814249 -0.2478182 0.5726791 -0.2345474 0.3325372 0.9134586 0.2345474 -0.3325372 -0.9134586 0.6279249 0.6164139 -0.4751256 -0.3463557 0.8012551 0.4878813 0.983441 0.09995889 0.1511691 -0.8510547 0.4995922 0.1615969 0.2546526 0.06146287 -0.9650774 -0.1800326 -0.2006919 -0.96297 0.7772439 -0.4004988 0.4852761 -0.1508494 -0.7911678 0.592704 -0.09497189 0.9256138 0.36636 -0.7995563 -0.6004658 -0.01227658 0.9524008 0.2405305 -0.1872911 -0.1771922 -0.7658557 -0.6181164 0.0865426 0.8844774 -0.4584869 -0.9511933 -0.2077633 0.228179 0.1900898 0.5093557 0.839299 0.131635 -0.498417 0.8568856 -0.9005597 0.1731998 0.3987407 0.7136412 0.3856864 -0.5847755 0.007635772 -0.5607438 -0.8279542 -0.0670759 -0.845632 -0.5295352 -0.4229748 0.7137818 -0.5582186 -0.2747174 -0.8986629 0.3419582 0.7298891 -0.5237829 -0.4392191 -0.7066494 -0.2544868 -0.6602145 -0.3264511 0.2643549 0.9074945 0.9418954 -0.2866532 0.1751091 -0.4908206 -0.2727945 0.827453 -0.8295547 -0.4589978 -0.3180568 0.5716007 0.7798781 0.2550744 -0.7481837 0.3547322 0.5607015 0.4552169 0.6553937 -0.6026912 -0.6264816 0.5856284 -0.5143542 0.5429724 -0.6799539 -0.4927918 -0.3516235 -0.688067 0.6347636 -0.6558887 0.7352471 0.1709433 -0.8511139 -0.4129677 -0.3241341 0.4780641 -0.7109649 -0.5157359 0.4985659 0.2425901 -0.8322152 -0.8206686 0.268054 0.5046287 0.3755409 -0.6962025 -0.6117771 0.2022046 -0.3916537 0.8976195 -0.6634068 0.5624487 -0.4935006 0.7418698 0.4621446 -0.4858516 -0.2874031 0.5601473 -0.7769392 -0.865553 0.4831 0.1320326 0.1668119 0.9470013 -0.2745218 -0.3558186 -0.556761 -0.7506067 -0.6535917 -0.7066401 -0.2710678 -0.3309293 -0.04978138 0.9423416 0.7963517 -0.5113295 -0.3230574 -0.9617408 -0.2739607 -4.65163e-4 0.3527522 -0.07350414 -0.9328253 -0.1954838 -0.09286749 -0.9763 0.8274829 0.3212485 -0.4605123 0.001731693 0.9925262 -0.1220203 0.7051303 -0.7048748 -0.07709062 0.6687074 0.711345 0.2163762 -0.7294152 0.5373445 0.4233374 -0.5354569 0.3350229 0.7752713 -0.1862881 -0.1321846 0.9735626 0.2631944 -0.4634629 0.8461271 0.7232791 -0.6848135 -0.08887094 0.7466585 -0.5624751 -0.355138 0.4027699 -0.1391802 -0.9046577 0.2051947 0.1113172 -0.9723702 -0.3325454 0.4990783 -0.8002089 -0.5516496 0.7036665 -0.4478127 0.1593156 0.668407 0.7265334 -0.4455136 0.7860727 0.4284943 0.4262427 -0.9030186 -0.05361664 -0.6805075 -0.7060788 -0.1958631 0.6942248 -0.7153187 -0.07981932 -0.6456538 -0.0970385 0.7574397 -0.201005 0.08491522 0.9759029 -0.7110539 -0.6249893 -0.3221659 0.3541952 -0.07506924 -0.9321536 -0.6469568 0.3266041 -0.6890404 0.1040039 -0.9437776 0.3137948 0.7988889 -0.003290593 0.6014697 -0.5785686 -0.1244388 -0.8060852 -0.3199096 0.4282565 0.8451357 -0.3879885 0.6438354 0.6595005 0.7821375 0.1306336 -0.6092584 -0.8610878 -0.08153831 -0.5018758 -0.8458852 0.5317906 0.04095488 0.3189675 -0.560103 0.7645551 0.3101484 -0.6204184 0.7203394 -0.6757865 -0.7092501 -0.2006912 0.3501001 0.07058751 -0.934049 -0.2853001 -0.4934492 0.8216518 0.2433154 0.01616865 0.9698125 0.6182259 -0.1052153 -0.7789265 -0.8377908 -0.5456359 0.01970595 0.1295181 -0.8867681 0.4436975 0.1153705 0.9933183 -0.00290817 -0.8061124 -0.1244249 0.5785337 -0.1665284 0.696125 -0.6983397 0.3627424 0.8404579 -0.4025526 0.7141301 -0.6890149 -0.1235995 0.02082902 0.3165071 -0.9483615 -0.6191093 0.6826827 -0.388134 -0.4182819 0.2191975 0.8814719 -0.732681 0.566293 0.3774797 0.5807223 -0.6474887 0.4934775 -0.6784737 -0.7073939 -0.1981602 -0.6598069 0.7259506 0.1940376 -0.6903793 0.7116379 0.1301845 -0.6456301 0.4643535 0.6062489 0.2420036 -0.4779077 0.8444162 0.6413779 -0.6580088 0.3945362 0.6355898 -0.4566704 -0.6224771 -0.2502959 0.5152609 -0.8196696 0.3907601 -0.2460863 -0.8869883 0.8822283 -0.4542052 -0.1239801 0.2563594 0.9426104 -0.2139289 -0.3142767 0.303357 -0.8995581 0.7929216 -0.6090475 -0.01835274 0.9599336 -0.02857363 0.2787671 -0.7499669 -0.3042823 0.5873348 -0.6336495 -0.727454 0.2632471 0.9562861 0.172106 -0.2364243 -0.7144837 -0.5579875 -0.4220939 -0.004143655 -0.4675762 -0.8839432 -0.8779184 -0.4767903 -0.0439369 0.5580207 0.6266198 0.5440227 -0.4976932 -0.8632234 0.08453905 0.8778288 0.3039276 -0.3701953 -0.879307 -0.07557684 -0.4702206 -0.6743022 0.7344968 -0.07636094 -0.2637168 -0.6167716 -0.7416511 -0.9830875 -0.1788536 -0.03937405 0.03737759 0.3680374 0.9290595 0.8733724 -0.4722405 0.1192046 -0.5923969 -0.1522065 0.7911379 0.5004093 -0.8643593 -0.0497362 0.7415978 -0.6437406 -0.1887613 0.8056542 -0.5896577 -0.05678999 -0.2914535 0.5150643 -0.8060793 -0.2864902 0.6187689 -0.7314701 -0.5978081 0.785066 -0.1621636 0.3326772 -0.8215704 0.4629773 -0.3865347 0.7067252 0.5925626 0.6424986 0.2437462 0.7264871 0.3131964 -0.5745052 -0.756209 -0.2553446 -0.05688118 -0.9651755 -0.3976143 0.5418351 0.7404848 0.1017528 -0.1643738 -0.9811359 0.7359655 -0.340916 -0.5849197 0.5964745 -0.7813878 0.1834427 -0.4662724 0.341961 -0.8158754 -0.8027935 -0.2785475 -0.5271943 -0.2956098 0.7191779 0.6288068 -0.5456022 -0.7085857 -0.4474648 0.4497988 0.8929467 0.01809138 0.8562063 -0.04980003 -0.5142285 -0.7994641 -0.2921032 0.5249124 0.2569084 0.9480883 -0.1874214 -0.6516788 0.0555557 0.7564578 -0.822868 0.5561611 0.1165031 0.8591693 -0.3287533 -0.3921092 0.4959111 -0.2852379 -0.8201901 -0.02540671 0.001288056 -0.9996764 -0.02561414 0.001444339 -0.9996709 -0.290263 0.3598574 -0.8867074 -0.47233 0.7039926 -0.5303761 -0.5394757 -0.6319294 -0.5564452 0.2610723 -0.912885 -0.3138188 -0.6252133 0.5488923 0.5548204 -0.5363208 -0.2184157 0.8152636 -0.266792 -0.5808711 0.7690324 -0.2192726 -0.600807 0.768733 -0.4395956 0.768477 0.4649718 -0.620673 0.7068974 0.3392065 -0.412307 -0.6944655 -0.5896784 -0.8500183 0.4659366 0.2457073 -0.1244174 -0.9454712 0.3010061 0.4858176 0.2191823 -0.8461326 0.4300522 0.3072652 -0.8489072 0.7468478 -0.03374862 -0.6641382 -0.943628 0.2521287 -0.21447 -0.1421787 0.6801556 -0.7191478 0.8293533 0.2675514 -0.4904991 -0.6873036 0.4077157 0.6011504 -0.3445048 0.2627794 0.9012566 0.02973639 0.008830428 0.9995188 -0.05413353 0.1348401 0.9893875 -0.06637203 0.1593512 0.9849883 -6.07524e-4 -0.6630131 -0.7486076 -0.5491356 -0.6941431 -0.4654198 -0.7673256 -0.5044544 0.3959006 0.8172032 -0.5062394 -0.2755006 -0.7873376 0.3102787 0.532754 -0.4309256 -0.2592307 0.8643511 0.6198015 -0.6976042 0.3594364 0.03423374 -0.5589226 -0.8285129 0.5511263 0.7038144 0.4482246 -0.8361296 0.5037639 0.2170469 -0.0477209 0.5694749 -0.8206225 -0.565813 -0.05174237 0.8229085 -0.4353925 -0.2116378 0.8750102 -0.1338754 -0.4448775 0.8855289 0.2684499 -0.663574 0.6982867 0.5379163 -0.7079357 0.4576825 0.6784892 -0.6922954 0.2457226 0.8162218 -0.3167886 -0.483143 0.8238145 -0.3414788 -0.4524622 0.7975609 -0.2536436 -0.5473222 0.3662397 0.2655669 -0.8918199 0.1240276 0.4566066 -0.880981 0.4150946 0.263024 -0.8709276 -0.8276941 0.293235 0.4784724 -0.8270165 0.5474739 0.1277351 0.4997465 0.6459059 0.5771127 -0.06188338 -0.6834326 -0.727386 0.5636227 0.8180499 0.1145597 0.3741556 0.9194257 -0.121095 0.1592168 0.1688882 -0.9726905 0.7113811 -0.6106792 0.347862 -0.1276506 -0.8355851 0.5343248 0.8464599 0.2470914 -0.4716479 -0.8563216 0.1736407 -0.4863766 0.8703309 0.09621995 0.4829761 0.05373138 0.05273002 -0.9971622 0.2504613 0.9024291 -0.3505579 -0.8988457 -0.4368382 0.03533989 0.4533755 0.6077097 0.6520273 0.8308341 -0.367953 0.417523 -0.4259201 0.738827 -0.5222326 -0.7741014 0.2419544 0.585 -0.9106997 0.2870782 -0.2970052 0.3443338 0.7552509 -0.5577009 -0.09688675 0.8562904 0.5073263 0.4904062 0.6747271 -0.5515843 0.104901 -0.6861563 0.7198508 0.01137745 -0.3355282 0.9419615 -0.3119865 -0.6777135 0.6658596 0.5652627 -0.6572307 0.4985237 0.4095475 0.6040073 -0.6837004 0.6362595 0.310603 -0.7061867 0.8032767 0.3026013 -0.5130098 -0.6097277 0.1706458 -0.7740234 0.5000048 0.7733464 0.3897829 -0.1961338 0.5805323 0.7902618 0.8527361 0.3786866 -0.3597743 -0.7428643 0.5381519 0.3981775 0.7939767 0.2777801 -0.5407766 0.5772584 0.6969245 -0.4255222 0.8094975 0.1258648 0.5734735 0.1466556 0.5752754 -0.8047052 0.1738462 0.6438224 -0.7451646 -0.224283 -0.6708958 0.706821 -0.7459653 0.5081573 -0.4304788 -0.6753411 0.7073972 -0.2085752 -0.677687 0.7054261 -0.20764 -0.3378186 -0.7056735 -0.6228191 -0.8833313 0.00954771 0.468652 0.8523755 -0.5100686 0.1152652 -0.8510514 -0.2173769 -0.4779738 -0.03645581 0.3616425 0.9316039 0.1127122 0.4433996 0.8892091 -0.852414 0.5100232 -0.1151818 0.2897232 -0.7395625 0.6075424 0.8172922 0.06718385 0.5722936 0.2686787 -0.7065314 0.6546947 0.4635428 0.7316427 -0.4998271 -0.559093 0.5323873 0.6355932 -0.8741893 -0.4825225 -0.0544551 -0.6681331 -0.4895409 0.5603106 0.1913031 -0.4525059 0.8710003 -0.6505082 0.1670097 -0.7409095 0.9306473 0.1158189 -0.3471047 0.6340933 0.7673199 0.09563535 0.6246554 0.6267495 -0.4658226 0.9178112 -0.2712355 -0.2899209 0.9387565 0.1891999 -0.2879927 0.3393753 0.7057318 0.6219061 0.3240318 0.5094463 -0.7971624 -0.02263504 0.6721009 -0.7401137 -0.5723704 0.6545582 -0.4939087 -0.8788167 0.4750809 -0.04449123 -0.9469978 0.1985903 0.2525015 -0.6922175 -0.2273694 0.6849366 0.588336 -0.7664255 -0.2577844 0.9349393 0.3065504 -0.1786491 -0.3379739 -0.705626 -0.6227887 0.08113956 -0.2420707 -0.96686 -0.1000033 0.1489399 0.9837765 -0.7529676 -0.1942097 0.6287468 0.3885012 0.6304359 -0.6720249 0.9376543 -0.3093526 -0.1584469 0.2160073 -0.9010557 0.3760844 -0.9828974 0.1605749 -0.0901587 -0.8389855 -0.4821898 0.2521831 0.9418743 -0.3270075 0.07706558 0.6509131 0.7528631 -0.09751683 0.3236305 -0.9427812 0.08016794 0.019939 0.5167615 -0.8558973 -0.2500554 0.9625082 -0.1051209 -0.8102647 -0.5572315 0.1815606 -0.03669291 -0.3927896 0.9188961 0.5981046 -0.4252007 -0.6793198 0.6477713 -0.4280672 -0.6301991 0.6556776 -0.658436 0.3695256 0.3387517 0.7046025 0.6235244 0.9001805 0.2568705 -0.3516997 0.550995 -0.04738903 -0.833162 -0.7292605 -0.536686 0.4244378 0.8236048 -0.21716 0.5239436 -0.2105991 -0.3452143 0.9145902 0.6012933 0.7785388 -0.1797885 -0.09595096 -0.0336914 -0.9948157 0.641448 0.7670512 0.01330304 0.5014206 0.861441 0.08060383 -0.8920673 -0.0111463 0.4517654 -0.1466079 -0.6098874 0.778809 0.9252582 -0.2737661 -0.2625824 0.8253676 -0.5412479 0.1606836 0.3199555 -0.6967077 0.642049 0.896169 -0.03266429 -0.4425091 0.950468 -0.1962881 -0.2410016 -0.9142928 0.3840466 0.1287521 -0.8425997 0.5212709 -0.1352858 0.2493573 -0.6986548 0.6705986 -0.4519288 -0.6057987 -0.6548041 0.1455964 -0.4545729 -0.8787294 -0.1653928 0.8878462 0.4293882 -0.3614415 -0.9314056 0.04294091 -0.1671888 0.7537224 0.6355711 -0.5515637 -0.005316913 -0.8341158 0.8286169 0.479294 0.28926 0.05596441 0.8233818 0.5647217 -0.3611134 -0.6975669 -0.618868 0.6792178 -0.7061923 0.1998891 0.3969786 0.4463002 -0.8020126 -0.4185221 0.1017187 -0.9024925 -0.4286369 0.3929622 0.8135425 -0.6402394 -0.710513 0.2920015 0.8748669 -0.01828688 0.4840181 0.8289013 -0.5048873 -0.2408559 0.2322441 0.854658 -0.4643518 0.451595 0.7834085 0.4270049 -0.5945367 0.2806959 -0.7534826 0.7675377 0.5057188 0.3938711 0.6310446 -0.6693553 -0.392105 0.5811793 -0.3418958 0.73847 0.5665014 -0.7595875 0.3195358 -0.6921087 -0.7138822 0.1065732 -0.3001664 -0.495505 -0.815092 -0.5298702 0.5817638 -0.6170807 -0.754021 0.6549355 -0.05011928 -0.5198846 -0.4822833 0.7050694 0.1265925 -0.3636606 0.9228898 0.7234092 0.568221 -0.3921785 -0.9584881 0.1230262 -0.2572262 0.4199982 -0.6188831 -0.663766 0.7938908 0.357781 -0.4916608 0.9972309 0.06020361 0.04365831 -0.345739 0.2683597 0.8991372 -0.7966834 0.2847194 0.5331326 -0.1745086 -0.01329416 -0.984566 -0.7774932 -0.2779667 0.5641265 -0.9015312 0.4184262 0.1102774 -0.6230978 -0.6622563 0.4161321 -0.6215433 0.6054946 0.4970516 -0.5079505 -0.306993 -0.804824 0.9190894 0.1665394 -0.3571267 -0.2815988 -0.6712189 -0.6856875 0.8149499 -0.338728 -0.4702341 -0.3578913 0.8662259 -0.3486642 -0.71615 0.6670109 -0.205489 0.2802756 0.4202548 -0.8630362 -0.5200489 -0.7214419 -0.4572426 -0.07405656 -0.705759 -0.7045708 -0.7374561 0.3670984 -0.5669193 0.4381147 0.8359562 0.3305039 -0.995906 -0.01546972 0.08906197 -0.3488526 -0.6437076 0.6811332 -0.6445637 -0.5730539 -0.5061097 0.9339951 -0.07071244 0.3502185 -0.2714643 -0.6657283 0.6950633 -0.6438529 -0.7205805 -0.2573272 0.1025944 0.7082997 0.6984168 0.7920096 -0.3426738 -0.5052678 -0.2973399 -0.7048894 0.6439876 -0.290987 0.9565677 -0.01746279 -0.9353474 -0.2942049 -0.1963891 -0.6140624 0.4494573 -0.6487801 -0.9295603 0.08105468 -0.3596496 0.9650613 0.2287786 0.1277384 -0.6703326 -0.1443229 -0.7278909 -0.9067418 0.3417732 -0.2470031 -0.02338153 0.6552107 0.7550843 -0.3181032 -0.7030982 0.6359744 -0.1817429 -0.6791827 -0.7111121 0.6791197 -0.7055479 0.202481 0.4875475 0.6405674 0.5932714 -0.8997933 -0.2796314 0.3349304 0.0612536 0.762485 -0.6441 -0.5245693 0.1022779 -0.8452019 -0.5612607 0.09158021 0.8225569 -0.08707988 -0.8911158 0.4453424 0.8690454 0.492157 0.05041664 0.0759567 0.7050246 0.7051035 -0.0745421 -0.7064279 -0.7038488 0.8021833 0.3974298 0.4455914 -0.07238388 -0.7029899 -0.7075068 -0.8541688 -0.3198848 0.4099625 0.5213497 0.05207127 0.851753 -0.4099638 0.3198845 -0.8541685 -0.4099695 -0.3198888 -0.8541641 0.6669287 -0.2600831 0.6982571 -0.884738 0.0709328 -0.4606597 -0.8948006 0.2251974 -0.3855102 0.7776706 -0.5106967 0.36663 0.7504276 -0.3325816 -0.5711812 -0.806102 0.1244286 0.5785474 -0.4370449 -0.8948588 0.09066182 -0.1755909 -0.8141095 0.5535286 0.8301062 0.4057607 -0.3824684 0.7697291 0.3914011 -0.5043039 -0.880452 0.3738099 -0.2916684 -0.8389828 -0.4821931 0.252186 -0.9011344 0.3419473 0.2665126 0.8803415 0.4735363 -0.02761 0.3816004 0.6953014 -0.609046 0.4240244 -0.502503 -0.7534548 -0.2984074 -0.9375601 0.1787014 -0.324347 -0.0876162 0.9418718 -0.3109654 -0.3956634 0.8641476 -0.8347837 0.4308089 0.3428409 -0.3664557 0.6569377 -0.6588953 0.1579447 -0.693289 0.7031386 0.9596503 0.1312935 -0.2486632 0.9456903 0.1669021 -0.2789508 0.07402724 0.7062173 0.7041145 0.4596649 -0.641759 0.613884 0.9408861 0.1548199 -0.3012713 0.8065983 0.3705661 -0.4605214 0.3649263 -0.674485 0.6417934 -0.8150323 -0.5624466 0.1391993 0.1478221 0.9571139 0.2491624 0.1694147 0.7320427 0.6598576 -0.3527696 -0.06216752 0.9336428 -0.7000074 -0.6840997 -0.2049325 -0.2528908 0.965039 0.06889277 0.1101662 0.03961086 -0.9931236 0.8377264 0.4112985 0.3592325 -0.6343278 0.6213132 -0.459998 -0.4827746 0.6248499 0.6135889 -0.4741544 -0.8704843 -0.1320415 0.5497517 -0.5190707 -0.6544759 0.4628239 0.8747172 0.1437502 0.1746206 0.5983922 0.7819427 -0.5719972 0.1181246 -0.8117056 0.7365342 -0.02531081 0.6759266 -0.8000463 -0.3803203 0.4639855 -0.654599 -0.2712514 0.7056365 -0.7406059 0.2480596 -0.6244753 0.7738142 -0.6311839 0.05309033 0.4005029 -0.3774664 -0.8349351 -0.6120106 0.517303 -0.5981978 -0.1732329 -0.9750902 0.1385267 0.7853788 -0.5041368 0.3592023 0.8199686 0.120907 -0.5594935 0.2629309 0.8550386 -0.4469636 0.9111176 0.05902236 -0.4078985 -0.9460581 0.2922059 -0.1399636 0.7553517 0.4678294 -0.4588896 0.4700822 -0.3854994 0.7939854 -0.3616579 0.09827077 0.9271174 0.4895848 -0.6353392 0.5972025 -0.9578474 -0.2234004 0.1806122 -7.9879e-4 -0.9193663 0.393402 0.3855573 -0.9225349 0.01658099 -0.326471 -9.05352e-4 0.9452068 -0.7578441 -0.4224073 0.4972369 0.4815664 -0.666853 0.5686836 -0.8343604 0.4815572 0.2682264 0.5557621 0.2639083 0.7883407 0.6629282 0.692042 -0.2856646 -0.4899203 -0.3681027 -0.7902396 -0.2579261 0.6690751 0.6970026 0.9069522 0.3962845 -0.1428155 0.3591286 0.2491979 -0.8994038 0.9403679 -0.3153096 -0.1276254 -0.1802757 0.4235681 0.8877447 0.3463218 -0.5975257 0.7232041 0.2701209 -0.962043 -0.03883409 -0.7016614 0.6948277 0.1577528 0.7669597 0.2133756 0.6051807 -0.9135712 -0.08708369 0.3972457 -0.8804162 -0.4709226 -0.05567085 0.3331332 0.6835507 0.6494465 0.1481035 -0.7075462 -0.6909731 -0.6369317 -0.7081389 0.3047252 -0.910549 -0.07791328 0.4059926 -0.7607222 -0.1429033 0.6331512 0.2214803 -0.7031515 -0.6756659 0.5652849 0.6679522 -0.4840381 0.2396867 0.6940546 -0.6788509 -0.3032217 0.6304261 -0.7145766 -0.7099252 0.3522323 -0.6098678 -0.9558641 0.02135854 -0.2930316 -0.9663407 -0.2446978 -0.07942706 -0.4841645 -0.664328 0.5694323 -0.349672 -0.70598 0.615891 0.9126089 -0.3995471 -0.08664464 0.4897006 0.8496859 -0.1955181 0.5515826 -0.7049295 0.4459047 0.551639 -0.7018009 0.4507437 -0.2047705 0.7033436 0.6807179 0.3198719 0.7706629 -0.5511451 -0.3915295 0.7648235 -0.5116149 -0.7732856 -0.4892844 -0.4032745 -0.3946442 -0.5610669 -0.72764 0.38159 -0.6953026 -0.6090512 0.1496998 0.4261888 -0.8921621 -0.329995 0.7489931 0.5745544 -0.9665665 -0.2247064 -0.1235161 0.3259529 -0.8839777 0.335169 0.9759012 0.08490455 0.2010177 -0.7970865 -0.1117217 -0.5934405 -0.5252037 0.193123 -0.828773 -0.889299 0.005683898 0.457291 0.2335206 -0.9686998 0.08419609 0.7149454 0.1404039 0.6849378 -0.1980755 0.710547 0.6751955 0.4135975 -0.7500341 0.516126 -0.6232294 0.5161634 -0.5875037 -0.9958151 0.08981704 -0.01688599 0.7428907 0.6646627 -0.07960498 -0.9728397 0.1990342 -0.1181877 -0.09458005 0.6763496 -0.7304832 -0.7400707 0.3447953 -0.5774181 0.7961815 -0.1384175 -0.5890124 0.7880224 -0.3466711 -0.508763 0.982252 -0.1370611 -0.1280435 0.4820849 0.8638803 0.1459628 -0.998734 -0.03288191 0.03806787 0.7025735 0.7085722 -0.06569677 -0.9618008 -0.27151 -0.03495019 -0.8909075 -0.4188569 0.1756218 0.3910195 -0.6023359 0.6959133 0.7548241 -0.3268785 0.5686749 -0.2095121 0.7059264 0.676589 0.4187667 -0.5311756 0.7365372 0.8958415 0.4000921 -0.1933762 0.6135011 0.6380829 -0.46526 -0.7484708 0.3061966 -0.5882475 -0.9415466 0.05889427 -0.3316949 -0.269275 -0.7407286 0.6154771 -0.2030224 0.7072159 0.6772205 0.6504626 0.519086 -0.5544802 -0.01813805 -0.7798184 -0.625743 0.7622268 -0.6472989 0.003793478 0.169691 -0.9179127 0.358666 0.7585723 0.3007544 -0.5780267 0.7890743 0.5778511 -0.2084468 0.211157 -0.710461 0.6713106 -0.2138864 0.8496627 0.482002 0.200382 -0.7062971 -0.6789636 -0.06036484 -0.08103913 -0.9948813 -0.7042357 0.02594661 0.709492 0.08029365 -0.9938387 -0.07640451 0.6165454 0.2498241 0.7466323 0.8252512 0.2063948 0.5257012 -0.01949328 0.8380524 -0.5452415 -0.3279268 0.5894339 0.7382626 0.2226696 -0.7473415 -0.6260184 0.4830253 -0.8687122 0.1096626 -0.9112383 0.3964095 -0.1118221 0.2285274 0.4472152 -0.8647391 -0.08971905 -0.5828881 -0.807584 -0.6069312 -0.7947472 -0.003413021 -0.4104362 0.5355401 -0.7380644 -0.836493 -0.5460339 0.04611331 -0.6300355 -0.76723 0.1200557 0.6669144 0.1117724 0.7367036 0.7844596 0.116524 0.609135 -0.0686866 0.4630811 -0.8836504 -0.6901848 0.3068011 -0.6553763 0.2143208 0.6538627 -0.7256241 0.7822269 0.5418846 0.3073797 -0.3360984 0.3979682 0.8536154 -0.7522463 0.5341551 -0.385751 0.2478445 -0.6587572 -0.7103605 -0.4574655 -0.7485571 0.4799871 -0.5935345 -0.2273038 -0.7720426 0.8624962 0.4957829 -0.1014881 0.3447393 0.6380064 -0.6885511 -0.5988186 -0.6588073 -0.4554001 -0.7880007 -0.436185 0.4345085 0.350223 0.6719173 -0.652588 0.4144913 -0.6240122 0.6624242 0.8252246 -0.5406158 -0.1635201 0.7517667 -0.1869388 -0.6323772 0.8128203 0.331588 -0.4789286 0.7718718 0.5438627 -0.3292834 -0.7019552 -0.3130491 -0.6397337 0.2416458 -0.6729137 -0.6991384 0.3820166 0.6880612 0.6169562 -0.8146391 -0.5129953 -0.2705534 -0.5925098 0.6938586 0.4092584 0.5815302 -0.2517473 0.773593 0.6590702 -0.1165989 0.7429881 0.5774335 0.520237 0.6292249 -0.8052936 -0.5751032 0.1440783 -0.7126428 -0.6557436 0.2492803 -0.3869211 0.3209363 -0.8644605 -0.5512269 -0.1370227 -0.8230271 -0.702888 -0.5375813 -0.4657842 -0.7351703 -0.5957786 -0.3233767 -0.7705941 -0.6280583 0.1082935 -0.6392276 -0.461632 0.6150479 0.3837803 0.7573767 -0.5282928 0.8150434 -0.5624171 -0.1392531 0.3507581 -0.2659386 0.8979117 0.8080757 -0.2514079 0.5327363 0.9622198 -0.1237381 0.2425323 0.9908314 0.0843417 -0.1055446 0.8942795 0.3208647 -0.3119455 0.5651832 0.643738 -0.5159161 -0.3413355 -0.03564119 0.9392656 -0.9313855 -0.3489719 -0.1036325 -0.818601 0.0553255 -0.5716918 0.4992923 0.1651572 -0.8505471 -0.8949486 -0.4458251 0.01752477 -0.7194688 -0.6314201 0.2892632 -0.6102191 -0.6982153 0.374337 0.1970566 -0.8535449 0.4823173 -0.5480792 -0.6536045 0.5219295 0.3203582 0.7735525 0.5467972 0.7609705 0.3988931 0.5116721 0.3730645 0.01048254 0.9277462 0.274295 0.07061105 -0.9590498 0.5620337 0.3813456 -0.7339575 0.6909468 0.6431822 0.3300141 -0.445914 0.7057277 0.5505535 0.6901713 -0.7183153 -0.08767503 -0.3264657 -0.7192137 0.6133123 0.0091241 -0.6570846 0.7537617 0.7193327 -0.09011787 0.6887955 -0.447958 0.7021683 0.5534379 0.1672816 -0.5324462 0.8297699 0.5479783 -0.2806276 0.7880153 0.8401477 0.100636 0.5329393 0.7672739 -0.01385182 0.6411701 0.8595523 0.5084295 0.05166739 0.7906615 0.5979229 -0.1316921 0.4588441 0.7060487 -0.5394046 0.3421886 0.6945691 -0.6328356 -0.2197367 0.508063 -0.8328192 0.3594354 0.7197498 -0.5939416 -0.7799475 0.02914488 -0.625166 -0.8879451 -0.3024677 -0.3465065 -0.8671901 -0.4927729 -0.07180619 -0.8005884 -0.5911653 0.09788703 -0.3700847 -0.7004848 0.6102117 -0.2209231 -0.6825856 0.6966132 -0.4073914 -0.911335 0.05916899 -0.5103912 -0.7731524 -0.3764787 -0.2019009 -0.7065123 0.6782893 0.7321036 -0.1991277 -0.6514388 -0.3219668 0.6423801 0.6954749 -0.03201872 0.6316422 0.7745985 0.1107235 -0.8672659 0.4853763 -0.5457991 0.3799722 0.7468096 0.2286962 -0.6875833 -0.6891496 -0.3394836 0.926422 0.1627673 0.749924 -0.5559409 -0.3585302 -0.9950362 0.06206041 -0.07779186 0.4456326 -0.4466202 -0.7758492 -0.4128334 0.8634181 0.2899622 0.110174 -0.4886274 -0.8655084 -0.6975653 0.2976499 0.6517724 -0.9752663 -0.03744941 -0.217838 0.2762641 0.9532886 -0.1221433 0.4601035 -0.8026599 -0.3795286 -0.5093569 -0.2497791 0.8235083 0.5909276 0.7593452 0.2723959 -0.4282023 0.7092999 -0.5599433 -0.6195898 0.3206863 -0.7164278 0.5774081 -0.8116387 0.08855736 -0.3223805 -0.880355 -0.3479166 -0.4561256 -0.435545 0.7760478 0.4967901 -0.4734747 -0.7273386 -0.4944723 0.587922 -0.6401914 -0.8267897 -0.4330404 -0.3590192 -0.3905476 -0.321447 0.8626381 0.2849807 -0.4948931 0.820894 0.778172 0.6240616 0.07067853 0.5768429 0.4527253 -0.6799207 0.7155671 0.0159657 0.6983616 -0.4599015 0.7023239 -0.5433524 0.7001278 0.2340398 -0.6745713 0.5805117 0.706336 0.4050874 0.1971302 -0.7059699 -0.6802545 0.2014603 -0.705237 -0.679746 0.2031242 -0.704194 -0.6803319 0.2019271 -0.705268 -0.6795753 0.2019422 -0.7055059 -0.6793238 0.2022023 -0.7060185 -0.6787136 0.4751097 -0.2714573 0.8370075 0.2641575 -0.9644485 0.007741749 0.4213717 -0.840867 0.3396889 0.9742974 0.211184 -0.07839554 -0.004451155 0.7840385 -0.6206964 0.4437147 0.7109504 -0.5455884 -0.7192396 -0.688995 0.08933317 0.8482124 0.3756157 0.3734281 0.7517803 -0.553546 -0.3583478 0.4577684 -0.8420993 -0.2851611 0.5653532 -0.6207448 -0.5431866 -0.7069776 0.1839713 0.682889 0.9308744 -0.09585988 0.352539 0.1135997 -0.5750138 0.8102188 -0.2138904 -0.9473419 -0.2383154 -0.7349148 0.1564273 0.6598719 -0.7870842 -0.5410587 0.2962331 -0.1183077 -0.1735996 0.9776843 0.1107751 0.9716957 -0.2086536 0.1500167 -0.1048646 -0.9831065 -0.5659273 0.2542954 -0.7842578 0.516358 -0.6727513 -0.5298869 0.8833539 -0.4521619 -0.1234321 -0.5530089 -0.7086634 -0.4381524 -0.5530202 -0.7086585 -0.438146 -0.02538704 -0.001475811 -0.9996767 0.6429372 -0.6215505 0.4475567 -0.2370978 -0.5110027 0.8262329 0.4288809 0.5866172 -0.68698 0.4377049 -0.708836 -0.553142 0.4377124 -0.708833 -0.5531397 -0.03291362 0.7057373 -0.7077087 -0.02361172 0.7181069 0.6955322 -0.3480592 -0.7640358 0.543235 -0.7511035 -0.4884867 -0.4440997 0.5981182 -0.6926341 -0.4031286 0.3917922 0.2550797 -0.8839871 0.523117 0.7377122 0.4267663 -0.1942532 -0.8113 0.5514146 -0.4285068 -0.8108187 0.3986918 -0.2285156 -0.2480515 0.9414091 0.3938565 -0.8905475 0.2276016 0.04961794 0.3599865 0.9316372 -0.01914751 0.4980237 0.8669521 -0.5982813 0.5002343 0.6259595 -0.2411181 0.7603635 -0.6030833 0.8211762 0.5706152 -0.008258163 0.7931197 0.1747233 -0.5834664 -0.2005234 0.7043771 0.6809137 -0.203277 0.7053292 0.6791092 -0.197659 0.7034253 0.6827327 -0.8399436 -0.1165457 0.5300112 -0.976304 0.2140797 -0.03162896 -0.6477991 0.5968374 -0.4734359 0.3917253 -0.1684899 0.9045234 0.8685964 0.2414341 0.4327238 0.5419621 0.6385161 -0.5464196 -0.1764497 -0.5537501 -0.8137729 0.409756 0.7999305 -0.4384192 0.1654125 0.6821038 0.7123014 0.4253056 -0.6968901 0.5774595 0.6932615 0.5054166 0.5137535 -0.1801719 -0.5998591 -0.7795558 0.8264424 0.3824887 0.413153 -0.7881381 -0.6068862 0.1026043 0.3950921 0.3911482 -0.8312072 0.2919511 -0.6672203 0.6852603 0.5821381 -0.2365303 0.777926 0.677776 -0.6683886 -0.306393 0.4075516 0.4879698 -0.7718725 -0.8056287 0.3093289 0.5052505 -0.9619353 -0.2732716 -0.001789987 -0.58812 0.4844049 0.6476626 0.7914057 -0.5787424 -0.1968103 -0.8389668 0.544173 -0.003269314 -0.2344805 -0.05309009 0.9706701 -0.4429322 -0.3606023 -0.8208394 -0.7493715 -0.592154 0.296304 -0.4524999 -0.7013471 0.5507778 -0.4460271 -0.705618 0.5506026 -0.4574237 -0.7022187 0.5455755 0.5092157 -0.833872 -0.2129721 -0.7871854 -0.4867704 0.3786735 0.2806626 -0.05187731 0.9584036 0.141102 -0.6477102 0.7487068 -0.4459907 -0.7056172 0.550633 -0.8826971 -0.4168637 0.2169573 -0.4514476 -0.7043215 0.5478379 -0.4459939 -0.7056217 0.5506247 -0.6736283 -0.5714935 -0.4686365 -0.7779528 -0.5395769 0.3219417 -0.7813583 -0.4832147 0.3949465 -0.5751834 0.07999616 -0.8141037 -0.4405255 -0.708789 0.5509586 0.7154512 -0.6454417 -0.2674597 0.09907174 -0.9534138 -0.2849333 0.6363811 -0.6353148 0.4374862 0.9150829 0.2291067 -0.3318638 -0.8561257 -0.2200295 -0.4675853 -0.03124588 0.7611989 -0.6477655 -0.2412628 -0.6065421 0.7575612 0.5900581 -0.6943788 -0.4119096 -0.1556369 0.7231562 -0.6729207 0.4562484 0.7018169 0.5470744 0.7854023 -0.5778748 0.2218199 0.3211423 -0.8291332 -0.4576086 0.2256582 0.2156212 -0.9500452 -0.6288982 -0.6165201 -0.4736983 0.7010692 -0.708615 -0.07979226 0.7047578 -0.7048501 -0.08064079 0.7050386 -0.7059165 -0.06784176 0.7036027 -0.7069344 -0.07202035 0.7042574 -0.7055116 -0.07921457 0.7074738 -0.7031101 -0.07153409 0.7413004 -0.1677302 -0.6498773 0.4891595 0.7370384 -0.4663661 0.5537839 0.7644467 -0.3300679 0.4858906 0.8165444 0.3117138 0.4920364 0.8167587 0.3013395 0.8358017 0.5446484 -0.06923681 0.6798393 0.7049272 0.2022281 0.6810429 0.7038108 0.2020668 0.68004 0.7062618 0.1968249 0.67825 0.7048997 0.2075894 -0.04396688 -0.08643972 -0.9952865 -0.86769 0.4619975 -0.1835007 0.7452007 0.651557 0.1419488 -0.7462875 0.1986011 0.6353051 0.5501369 0.7049967 0.4475814 -0.8331283 -0.4978143 0.2409942 -0.493138 0.5781565 0.6500385 0.07560354 0.169084 0.9826977 -0.5820156 -0.7906566 -0.1900524 -0.3474213 -0.7523409 -0.5597157 0.6422096 -0.6807963 -0.3522545 0.541768 -0.07717764 0.8369774 0.994785 -0.02303755 -0.09935843 0.3937755 0.9048458 0.1618487 -0.6039137 0.7453083 -0.2824958 0.1301695 0.6682573 -0.7324535 0.647233 -0.5177536 0.5594826 -0.4724285 0.3659656 -0.8017984 0.7719863 -0.4575509 0.4412308 -0.3174191 -0.8888791 0.3303622 -0.527104 0.8364455 -0.1500681 0.1698102 0.5086777 0.8440448 0.5140039 -0.8146019 0.2687447 -0.03386324 -0.5948008 -0.8031595 -0.9877859 -0.1492246 -0.04484456 -0.8533644 0.06215441 0.5175967 -0.4171362 0.4846351 0.7688474 -0.4132935 -0.8148019 -0.4065542 -0.4393405 -0.7707654 -0.4614116 -0.3326743 0.4404414 -0.8338701 -0.320968 0.9297515 0.1803933 -0.3033258 0.7122269 -0.6330295 -0.9944347 0.09355562 0.04844719 -0.9432848 -0.2472501 -0.2215432 -0.6495316 0.5996957 -0.4674121 0.6446064 -0.6180514 0.4499945 0.2013853 0.7055956 -0.679396 -0.5497287 -0.1611143 0.8196588 -0.1429114 0.7449333 -0.6516523 0.546702 0.3136579 0.7763605 0.3659969 0.6842728 0.6307274 -0.2311385 0.7882782 -0.5702565 -0.2588844 0.5987927 -0.7579091 0.4693034 -0.8553868 0.2192437 -0.5279361 0.7502875 0.3979348 -0.8912131 0.4385272 0.1159018 -0.8029603 0.1609429 0.5738921 0.3176082 0.6704426 -0.6705459 0.5434365 0.4535583 -0.7063722 0.600212 -0.7978406 0.05653393 -0.474352 0.4277864 0.7694084 0.3920218 0.4588248 -0.7973699 0.798899 0.5693388 -0.1939424 0.3646152 -0.4131339 0.8344916 0.1578764 -0.1788843 0.9711208 -0.7053463 -0.6101583 0.3608233 -0.9540127 0.2440589 0.1740546 -0.4690051 0.8503237 0.2387129 -0.2111575 -0.2644532 -0.9409978 0.7112532 -0.3763379 -0.5937076 -0.6161764 0.4573552 -0.6412121 -0.8409295 -0.3192703 0.4369258 -0.7718448 0.4832542 -0.4131841 0.4719113 0.005868434 0.8816266 -0.5591521 0.6165668 0.5542511 -0.7422971 0.6491555 -0.1661092 0.3364991 -0.2375692 0.9112241 0.7817999 0.5441851 0.3043876 0.295768 -0.6634958 0.687237 -0.5990593 -0.7079436 0.3740908 -0.2119402 0.7016375 -0.6802839 0.09095078 0.01359462 0.9957627 0.2229665 -0.9527124 0.2064583 -0.4897806 -0.5593009 0.6688031 -0.2566699 -0.3519834 0.9001269 -0.550149 -0.7050002 -0.4475611 -0.868443 -0.3766705 -0.322376 0.4918625 -0.7136226 0.4988126 -0.5501577 -0.7049874 -0.4475705 0.07622832 -0.705489 0.7046095 -0.5320459 -0.4062388 -0.7428978 0.6312398 -0.713647 -0.3037177 0.6251391 -0.6994014 -0.3464661 -0.6249175 0.7083668 0.3281688 -0.342107 0.6817358 -0.6466832 0.6225099 -0.7062667 -0.3371481 0.6223242 -0.7060725 -0.3378971 0.622424 -0.7052436 -0.3394408 -0.6214034 0.7072171 0.3371971 -0.6237101 0.7056571 0.3362053 -0.6210612 0.7062405 0.3398637 -0.6205546 0.7061504 0.3409745 -0.6216632 0.7064444 0.3383362 -0.6224667 0.7051653 0.3395249 -0.6227243 0.7050642 0.3392623 0.04387521 0.9762638 -0.2120947 0.4411377 0.5804209 -0.6844773 0.9930543 0.06192624 0.1000424 -0.6552836 -0.2343031 -0.7181264 -0.2872837 0.1956782 -0.937645 0.2350488 -0.3306099 -0.9140292 0.07418704 0.480081 0.8740816 0.3217281 -0.8245048 0.465492 -0.1871895 -0.1178963 0.9752234 0.6465939 0.2222222 0.729749 0.6033656 -0.708177 -0.3666543 -0.677394 -0.7001859 0.2255594 0.4818993 -0.1269195 -0.866986 0.6228292 0.6236039 0.4724425 0.7700077 0.4829695 0.4169275 0.009777903 0.4988455 -0.8666357 0.578842 0.2770144 -0.7669452 -0.3204123 -0.4095841 0.8541527 0.13365 -0.9339271 0.3315389 0.7271662 -0.6106988 -0.3134906 -0.7000672 0.3096072 -0.6434666 0.5030318 0.4233906 0.7534584 0.997037 -0.06726276 -0.03732353 0.01470834 -0.08649325 0.9961439 0.2304947 -0.2999034 0.9257052 0.6333343 -0.6992095 -0.3316531 -0.6236556 0.7070116 0.333449 -0.6253576 0.7046496 0.3352567 -0.6222766 0.7059476 0.3382456 -0.6221752 0.7063044 0.3376864 -0.622303 0.7065704 0.3368935 -0.6236398 0.7062311 0.3351284 -0.6224662 0.7052982 0.3392497 -0.6242467 0.7029703 0.3408063 -0.7639698 0.6426941 0.05739682 -0.4813271 0.6819968 0.5506402 -0.730669 0.5000737 0.4648109 -0.6148921 0.690317 0.3812744 -0.623502 0.7048814 0.3382124 0.9074665 0.3228998 -0.2687758 -0.2949479 -0.6642856 -0.6868264 -0.2433316 0.8373509 0.4895236 0.5589153 0.5593458 0.612165 -0.7030621 -0.563791 0.4334092 -0.5783514 -0.5838868 -0.5697243 -0.203882 -0.8145115 0.543142 -0.7193901 -0.6907643 0.0729565 0.5446084 -0.6330798 0.5501016 0.7773516 0.3391428 0.5298175 -0.4722008 0.7189211 0.5100774 -0.8930647 0.2486835 0.3749561 -0.8905949 0.258883 0.3739257 -0.4760002 0.7177526 0.5081881 0.390446 -0.2140414 0.8953984 -0.5461176 0.8374795 -0.01959025 -0.1195691 0.7239098 0.6794542 -0.6590985 0.1975125 -0.725657 -0.6082821 0.3741214 0.7000186 0.7321152 -0.282001 -0.6200668 -0.8554452 -0.06010371 0.5143941 -0.1565696 -0.02456575 -0.9873614 -0.5906107 -0.4919176 0.6396844 -0.8386222 -0.4843763 -0.2491837 -0.746563 -0.6572734 0.1031288 -0.2131894 0.732619 -0.6463897 0.2109605 -0.7884994 0.5777235 0.5033036 -0.5162951 0.6929105 -0.3456571 -0.8566194 0.383046 0.2341772 -0.2344708 0.9434959 -0.7047174 -0.7056195 0.07399052 -0.4236192 0.5892691 -0.6879745 -0.7040538 -0.7061337 0.07538878 -0.7026103 -0.7077894 0.07330036 -0.7023535 -0.7078821 0.07485038 -0.1332336 0.1333944 0.9820666 -0.8528155 -0.4056555 0.328861 -0.8717642 0.3357273 -0.3568116 0.1133091 0.2148756 -0.9700462 0.6578732 0.7072723 0.2587835 0.1624177 0.05893898 0.9849603 0.5214388 -0.2712358 -0.809032 -0.05992513 -0.402039 0.9136595 0.2428945 0.3379454 -0.9092828 0.5577933 0.8295478 0.02678078 -0.2054712 0.04571914 -0.9775947 0.4917807 -0.322126 0.8089417 0.4769811 -0.6988889 0.5329573 0.2807048 -0.5034301 0.8171676 -0.4313687 0.6060118 -0.6683343 0.9380319 0.1989723 -0.2837363 -0.6209525 -0.6638724 0.4167632 -0.1897553 -0.7626909 -0.6183005 0.6963902 0.6680002 0.2623292 -0.3656641 -0.6382452 0.6774459 0.2566292 0.02853631 -0.9660887 -0.2696979 -0.9231594 0.2739341 0.5676137 0.6875681 0.4528408 0.5520169 0.7034543 0.4476936 0.5507661 0.7060107 0.4452029 0.7047646 -0.7056334 -0.07340663 -0.1292493 -0.09185534 -0.9873486 0.7047659 -0.7056382 -0.07334637 0.5807407 0.3598676 -0.7302298 0.2285664 -0.8783583 -0.4198145 -0.7047715 0.705679 0.07289963 -0.7046908 0.7056041 0.07438862 0.7053842 0.7039409 -0.08306866 -0.6205695 -0.7841498 0.001657485 0.00798726 -0.9360421 0.3517976 -0.7158869 0.4594642 0.5257363 -0.6988908 -0.688039 0.1953307 0.3535553 0.6827514 -0.6394132 0.7832898 0.5694828 -0.2492922 -0.7082198 0.7018746 0.07613581 -0.7051918 0.705242 0.07306283 -0.7021491 0.7082051 0.0737034 -0.7058478 0.7045271 0.07362323 -0.7059037 0.7043835 0.0744571 -0.7049098 0.7052843 0.07534068 -0.7064137 0.7040123 0.07311862 -0.7048059 0.7057127 0.07223767 -0.7049019 0.7053871 0.07444751 0.631285 0.6712275 -0.3885009 0.4209751 0.4574224 -0.7832911 0.2187363 0.3152859 -0.9234442 -0.1506091 0.4293826 -0.890476 -0.9909745 -0.04323327 -0.1268879 0.9199548 -0.3911477 -0.02620661 -0.1553156 -0.1298708 0.9792909 0.006303012 -0.2799596 0.9599912 -0.7010444 -0.6765056 -0.2255594 0.8389753 -0.2337648 0.4914006 -0.4621832 -0.2031537 0.8632007 -0.3657087 -0.3798097 0.8497068 -0.7046691 0.7053344 0.07710313 -0.7027636 0.7072533 0.07691746 -0.7042001 0.7062388 0.07300037 -0.7046822 0.7056067 0.07444638 -0.7053894 0.7050482 0.073026 -0.7048769 0.7057594 0.07107895 -0.3654519 0.5543535 -0.7477547 0.6670051 0.6233612 0.4080749 -0.4913987 -0.2337555 0.8389789 -0.1128554 -0.008537828 -0.9935748 0.6995811 -0.7056552 0.112415 -0.7332814 -0.6428145 0.221558 0.7534765 0.4233755 -0.5030173 -0.02063935 -0.715304 -0.6985086 -0.0469312 0.6314258 0.7740148 0.08182591 0.2570146 -0.9629372 0.6802867 0.7054142 0.1989996 -0.6819875 -0.7063398 -0.1896767 0.7046504 -0.7058333 -0.07257688 0.6889485 -0.7200609 -0.08283919 0.5506631 0.7056733 0.4458647 0.5506949 0.7057664 0.4456781 0.5513511 0.7065979 0.4435443 0.5521159 0.6967636 0.4579178 0.6339579 -0.2728434 0.7236393 0.5505856 0.7056044 0.4460695 0.4734413 0.7873709 -0.3948425 0.5504586 0.705793 0.4459279 0.5505408 0.7057501 0.4458944 0.5506371 0.7056142 0.4459904 0.5505871 0.7057371 0.4458575 0.5505112 0.7056987 0.4460121 0.5468998 0.706013 0.4499405 0.6046337 0.4035754 0.6866914 0.7632814 0.4056419 0.5028482 -0.6829082 -0.7026811 -0.1996889 0.3582888 0.6790272 0.6407428 0.6837016 0.6658519 0.2986526 0.1962983 0.9194865 -0.3406049 0.7172822 0.6917219 0.08382779 -0.972414 -0.109503 -0.2059615 0.7218458 -0.6791164 0.1331903 -0.006854057 -0.9618337 -0.2735493 0.1921897 -0.9467663 -0.2582573 0.6869798 0.701122 -0.1910147 0.6935901 -0.7185729 0.05085188 0.8489329 -0.3994069 0.3461028 0.5133062 -0.8578951 -0.02308577 0.7948074 -0.5982221 -0.1020362 0.9037486 -0.2556713 0.343323 -0.9248483 0.3341166 0.1817191 0.1173239 0.6894856 0.7147341 -0.4966741 0.8679188 -0.005653262 -0.4622433 -0.4448892 -0.7670756 -0.6395326 -0.06991976 -0.7655777 -0.7374075 -0.1684534 0.6541052 0.7676532 0.262758 0.5845227 -0.7051891 0.7032558 0.09022003 0.4566506 0.6074225 0.6500064 -0.5515481 -0.7066823 -0.4431647 -0.5493396 -0.7061678 -0.4467137 -0.5527913 -0.7038757 -0.4460726 -0.5847004 -0.3754303 0.7191506 0.1189066 0.8390217 -0.5309463 -0.6285604 0.7709627 -0.1026083 -0.2723467 0.8525869 0.4460076 -0.3100045 -0.2085765 0.9275739 0.8568456 -0.4264863 -0.2896986 0.9734342 0.179769 -0.1418063 -0.6002485 0.7059853 -0.3758812 0.6731198 -0.7239739 -0.1509026 0.1383329 -0.3366566 0.931411 -0.2373601 -0.6667823 -0.7064428 0.2374674 -0.2145155 -0.9474135 0.6795214 -0.7057273 0.2004986 -0.3385305 -0.7040418 -0.6242774 -0.3357373 -0.7057657 -0.6238391 -0.3393657 -0.7060558 -0.6215435 0.06387555 -0.06633955 0.9957506 -0.2592408 0.2692478 0.9275236 -0.6573513 0.3742524 0.6540829 0.800215 -0.5216092 0.2959388 -0.9411222 -0.2510383 0.2264264 0.6549038 0.6869229 -0.3150207 0.04807192 -0.947434 -0.3163194 -0.9386743 0.3005536 0.1689918 0.9343184 0.06104397 0.3511735 -0.4707037 -0.6779604 0.5646308 0.5257374 0.2766874 -0.8043907 -0.2769573 0.7069959 -0.6507315 -0.1151217 0.1684581 0.9789632 -0.4216823 -0.4780215 0.770506 0.2317358 0.4088729 -0.8826786 -0.8127291 -0.5525331 -0.1848747 -0.3823491 -0.2224099 0.8968517 0.07572346 -0.3488887 -0.9340999 -0.6153963 0.5237603 0.5890353 -0.564548 0.3273893 0.7576951 0.9493598 0.1665436 -0.2664192 -0.4316549 -0.8126976 -0.3914034 -0.6877824 0.6962726 -0.2053285 -0.6762492 0.7114512 -0.1911136 -0.6833673 0.7029954 -0.1969937 0.4432963 0.3564968 0.8224344 -0.2014107 0.7058247 0.6791504 -0.1987115 0.7048761 0.6809284 -0.2018265 0.7046164 0.6802806 -0.1955776 0.7088959 0.6776549 -0.200941 0.705695 0.6794243 0.6795772 -0.7059196 0.1996305 0.6742345 -0.7102873 0.2022373 0.6805995 -0.7048946 0.1997702 0.6809568 -0.7030988 0.2048169 0.6800423 -0.7062928 0.1967054 -0.6789703 0.705981 -0.20147 -0.6776016 0.708813 -0.1960617 -0.6790452 0.7059839 -0.2012079 -0.6773126 0.7073069 -0.2023973 -0.6781159 0.7070475 -0.2006057 -0.6842483 0.7016487 -0.1987298 -0.6800919 0.7041745 -0.2039938 -0.6803166 0.704705 -0.2013958 0.7304698 -0.3539487 0.584067 -0.6701068 -0.7084288 -0.2215526 -0.8566091 -0.3784603 0.3506975 0.3917375 0.1167982 -0.9126335 -0.7288376 -0.2223642 0.6475724 0.7684841 0.6351525 0.07754874 0.7269939 0.1159645 -0.6767808 0.9483981 0.3138803 -0.04494678 0.2128497 -0.7018854 0.6797441 0.2504051 0.1237421 -0.9602007 0.4882647 -0.5607374 -0.6687087 -0.6259126 -0.7091674 0.3245229 -0.7071636 -0.6629441 -0.2458145 -0.6683573 -0.2483477 0.7011577 -0.6213935 -0.7044565 0.3429452 -0.6259008 -0.6994244 0.3450419 -0.6258209 -0.7045652 0.3345686 -0.623597 -0.7072765 0.3329967 -0.6241196 -0.705851 0.3350362 0.3379577 0.7056453 0.6227754 -0.6766026 0.7098538 -0.1957457 -0.6700372 0.7108571 -0.2138515 -0.6786451 0.7036481 -0.2105237 -0.6812513 0.7021986 -0.2069153 -0.6794044 0.7056046 -0.2013255 -0.683847 0.7022476 -0.1979941 -0.6802911 0.7061508 -0.1963545 -0.6829942 0.7027779 -0.1990532 -0.6501809 0.06767201 -0.7567598 0.7534496 -0.4233983 -0.5030384 0.8841479 0.4616795 -0.07165718 -0.7683984 0.2857301 -0.572645 0.5807299 0.3643241 -0.7280252 0.8061084 -0.5585924 0.1953558 0.3669584 -0.6378161 -0.6771501 0.07723397 0.2040858 -0.9759017 0.5182074 -0.6919289 0.5026884 -0.1232616 0.951259 -0.2826887 -0.3395928 -0.7058577 -0.6216443 -0.3380404 -0.7056238 -0.6227551 0.679394 -0.7056231 0.2012957 0.678996 -0.7073498 0.1965218 0.7442466 0.5370358 0.3971016 0.5998554 -0.72748 -0.3330861 0.5172257 -0.540139 0.6638731 0.6794266 -0.7051641 0.2027884 0.2043222 -0.8595976 -0.4683424 0.5667086 -0.7944542 0.218367 0.4632725 -0.7695096 0.4395834 0.09445559 -0.8480556 -0.521421 0.7970161 -0.5811778 0.1643097 -0.3318951 0.9428138 0.03078842 -0.02850961 -0.1234839 -0.991937 0.8830757 -0.2273608 0.4104685 0.08990758 -0.8130881 0.575156 0.7624931 -0.6289498 0.1517449 -0.7708818 0.6356987 -0.04035443 -0.7706905 0.635709 -0.04370915 0.6564807 0.7333208 0.1768438 -0.4530177 -0.6998869 -0.5522078 -0.7485553 0.647015 -0.1450403 -0.6162973 0.7685703 -0.1716897 -0.6783522 0.7005417 -0.2215392 -0.5394347 0.717711 -0.4403422 0.1661827 0.5392146 0.8256095 -0.7218224 0.6077077 -0.3311553 0.8681899 0.4374397 0.234292 0.4584022 -0.7084758 -0.5365906 -0.1532006 0.5313584 0.8331794 0.4808095 -0.7168577 0.5049132 -0.7274546 -0.3349395 0.5988534 0.5736423 -0.57052 -0.5877429 -0.6886352 0.5786588 -0.4369617 0.717661 0.5783132 -0.3879649 0.6399303 0.3128716 -0.7018552 -0.7979193 0.3870959 0.4620408 0.1964113 -0.7063341 -0.6800844 0.5510247 -0.7060996 0.4447416 0.5510007 -0.7061166 0.4447445 0.5499281 -0.7047401 0.4482416 0.5499511 -0.7047209 0.4482435 -0.4018083 0.5148897 -0.7572574 -0.4018007 0.5148915 -0.7572603 0.3979631 -0.6915606 0.6028013 -0.1268527 0.7688841 -0.6266784 0.04367631 -0.4949407 -0.8678284 0.5509096 -0.7054377 0.4459331 0.5507494 -0.7057414 0.4456503 0.5500747 -0.7048746 0.4478501 0.5509815 -0.7046105 0.4471505 0.1879464 -0.7125374 -0.6759932 -0.3284298 -0.8485274 -0.4148918 -0.2819656 -0.8419666 -0.4599869 -0.6074481 0.7784369 -0.15825 -0.4378616 0.5611198 -0.7024399 0.7533864 -0.1900095 -0.6295279 0.4250675 -0.2754828 0.8622221 0.4539029 -0.5816597 0.6750141 0.4088116 -0.5238636 0.7472885 0.05104339 -0.6144233 0.7873237 0.5985228 -0.7669643 0.2313791 0.5985121 -0.7669751 0.2313714 0.8826777 -0.4613651 0.08956807 0.2218159 -0.975035 0.01021862 -0.202407 0.7047159 0.6800051 -0.2053121 0.7001021 0.6838889 -0.2049525 0.7032034 0.680808 -0.207373 0.7056869 0.6774972 -0.2051243 0.7113559 0.6722328 -0.4224616 0.6963704 -0.5801677 -0.7733728 -0.2301638 0.5906937 0.2905477 0.696025 -0.656606 -0.6362908 -0.3164902 -0.7035397 -0.2767131 -0.9143416 0.2956507 -0.8238819 -0.5667536 -0.003019511 0.6785823 -0.7052688 0.2052368 0.6802078 -0.7064638 0.1955157 -0.201943 0.7165902 0.6676208 -0.05009609 -0.001449882 0.9987434 -0.5395768 -0.7028082 0.4635921 0.01923882 0.5934071 -0.8046727 -0.231778 0.4583209 -0.8580332 -0.5514903 0.7079803 -0.4411603 0.6340162 0.1973637 -0.7477106 -0.5428081 0.8289584 0.13486 -0.1810463 0.4955523 -0.8495 -0.5434895 0.7127735 -0.4433659 -0.5503559 0.7037386 -0.4492887 -0.5546985 0.7002177 -0.4494495 -0.5603517 0.699597 -0.4433621 -0.5548915 0.7055016 -0.4408661 -0.5504918 0.707482 -0.4432019 -0.5507218 0.7055832 -0.4459349 -0.08945655 0.3859978 -0.918152 0.06824666 -0.6717424 -0.7376344 -0.1927933 -0.8316437 -0.5207682 -0.01461958 0.3170877 -0.9482836 0.1316962 0.9527779 -0.2736246 -0.4456026 0.8188164 -0.361909 -0.5307099 0.4144737 -0.739296 -0.5013138 0.6278149 -0.5954267 -0.8924794 0.4377689 0.1088079 0.9077776 0.3614246 0.212867 0.622932 -0.5809701 0.5238602 0.5931621 -0.7329903 0.3329924 0.4610303 -0.8862648 0.0445649 -0.01563811 0.9080464 -0.4185777 -0.9702907 -0.21854 -0.1038095 -0.6358743 0.6572972 -0.4045051 0.6993761 -0.6202417 0.3552088 0.5923019 -0.7607098 0.2655171 0.2487793 -0.3842715 0.8890693 -0.6994282 0.2660801 0.6633263 -0.3705282 0.6920715 0.6194723 0.371919 0.3595025 0.8558237 -0.1752293 0.6250731 0.7606434 -0.1696898 0.8642047 0.4736622 0.4148885 0.761528 -0.4979386 -0.2539824 0.1736926 0.951485 0.4950262 -0.7062242 0.5061586 -0.6207301 0.6618038 0.4203688 0.6105146 0.2964616 0.7344266 0.9741016 0.2251986 0.0202915 -0.1460281 0.03139382 -0.9887822 -0.2514684 -0.8178906 -0.517512 0.3910398 0.5803347 0.7143525 0.3374773 -0.7057741 0.62289 -0.9080421 -0.1466705 0.3923614 -0.09185475 -0.7465897 0.6589132 0.1005416 -0.8222202 -0.5602191 0.9748123 0.002372264 0.2230145 -0.3383965 0.7055162 -0.6226835 -0.5405791 0.7081273 0.4542357 -0.9939101 -0.01240956 -0.1094925 0.8025786 0.4599136 0.3799306 0.9017 -0.4044441 -0.1528464 0.936218 0.1736525 0.3055173 0.006716728 -0.9945479 0.1040647 -0.1098621 -0.1725634 0.9788525 0.2154196 0.5699955 -0.7929059 0.8064571 0.516399 0.2880263 0.7819248 -0.546128 0.3005626 -0.3252819 -0.6032729 -0.7281851 0.6166741 0.6977515 0.3644942 -0.7642088 0.5293468 -0.3684793 -0.8712418 0.4903706 -0.02178466 -0.7777783 0.1631048 0.6070073 0.467834 0.648633 0.6003388 0.8853598 0.3717074 0.2792343 -0.6765544 -0.6299859 -0.381303 0.1191547 -0.6242981 -0.7720455 0.03823047 0.1664984 -0.9853004 0.3923897 0.6702523 0.6299145 -0.3468208 0.2516418 -0.9035441 0.3299977 -0.7118341 0.619995 0.3437793 -0.7150601 0.6086912 0.9970868 0.05448281 -0.05338335 -0.3523721 0.7017886 -0.6191338 -0.3579149 0.6621718 -0.6583506 -0.3417082 0.7233198 -0.6000367 -0.3303639 0.7115607 -0.6201138 -0.3314817 0.7055545 -0.6263488 -0.08151531 0.535919 -0.840325 0.3356333 -0.7077322 0.6216636 0.3371495 -0.7074677 0.6211439 0.3386182 -0.7064065 0.6215526 0.3274593 -0.7132405 0.6197245 0.3349794 -0.7063307 0.6236071 0.3376902 -0.7047685 0.6239124 0.3361507 -0.7053159 0.6241253 0.3408677 -0.7048461 0.6220943 0.3418152 -0.7013982 0.6254623 0.3380225 -0.7056171 0.6227723 -0.4462973 -0.7058753 0.5500534 -0.4606114 -0.7022967 0.5427858 -0.4563589 -0.7134411 0.5317316 -0.4515937 -0.6998475 0.5534227 0.06108325 0.6899225 -0.7213016 -0.2833321 0.7691219 -0.5728651 -0.2732892 0.7213742 -0.6363431 -0.3511128 0.7015392 -0.6201311 -0.3380312 0.7056022 -0.6227844 -0.3337958 0.7081626 -0.6221625 -0.3390804 0.6995525 -0.6290078 0.8490207 0.4152818 0.3266572 -0.3269331 -0.2891513 0.8997257 -0.222153 -0.3953031 -0.891282 0.2394533 0.6985487 0.6743084 -0.3666381 0.7081759 -0.6033768 0.6601698 0.2419987 0.7110644 0.3050522 0.7081394 0.6367745 0.9324644 0.3407028 -0.1201326 0.7184842 -0.2339079 -0.6550326 0.3352554 -0.7062622 0.6235363 0.3358542 -0.7075453 0.6217569 0.3372531 -0.7072622 0.6213217 0.3386726 -0.7065167 0.6213977 0.3383173 -0.7064696 0.6216447 0.8731303 -0.3214264 0.3665088 0.7253385 -0.6878625 0.0270074 0.3394099 -0.7046287 0.6231368 0.3378441 -0.7062448 0.6221573 0.3377317 -0.7042159 0.6245137 0.4253891 0.6695435 -0.6088971 -0.3368332 0.7053723 -0.6236934 -0.4546234 0.1805381 -0.8721947 -0.3385639 0.7063339 -0.6216647 -0.3355892 0.706279 -0.6233378 -0.3605539 -0.3421802 -0.867706 0.8655106 -0.1518231 -0.4773272 0.9471522 -0.1910592 0.2576802 -0.5941236 -0.1387857 0.7923104 0.08694458 -0.699396 -0.7094266 -0.7814444 0.5823896 -0.2239804 -0.3061185 0.5967453 -0.7417457 -0.381587 -0.5822998 -0.7178567 -0.2128615 0.5872488 0.7809155 0.9490628 -0.1868827 0.2536824 0.32649 -0.712936 0.6205857 0.3374962 -0.7067896 0.6217272 -0.3327153 0.7143508 -0.6156327 0.3292587 -0.7072193 0.6256434 -0.3373279 0.7052331 -0.6235834 -0.1750904 0.64723 -0.7419143 0.9796326 -0.1047769 0.1712945 0.5467492 -0.6974089 0.4633423 0.6728288 -0.6405465 0.3701373 0.2895056 -0.4662356 0.8359491 0.2614417 -0.4286352 0.8648237 0.01201564 -0.8695448 0.4937081 0.1433015 -0.837761 0.5268979 -0.3396987 0.7051754 -0.6223605 -0.7401766 0.1858451 -0.6462199 -0.3616175 0.9302925 -0.06155204 0.4463787 0.4081144 -0.7963597 -0.2854682 0.6009238 -0.7465912 0.3999017 -0.5946068 0.6975109 -0.2276124 0.8158633 -0.5315636 0.6991586 0.1949105 -0.6878861 -0.9488505 0.2662895 -0.1696253 0.9992868 -0.03074264 0.02192646 -0.654407 -0.5912263 -0.4713841 0.4004911 -0.759932 0.5119673 0.584192 -0.5441626 0.6021685 0.7627415 -0.2859901 0.5800305 0.5499798 -0.6119856 0.5683272 -0.3598366 0.7337887 -0.5762567 -0.3514009 0.6869658 -0.6360782 0.4863874 0.4632048 -0.7408568 0.2858678 0.6854398 -0.6696655 -0.9964069 -0.08375579 -0.01258981 -0.8874036 -0.1184112 -0.4455266 -0.8725698 0.2685319 -0.4080596 -0.4202564 -0.618785 0.663694 0.1624581 0.1318379 -0.9778682 0.1974007 -0.4377071 -0.8771804 -0.09650462 0.7601414 -0.6425512 0.8886212 -0.07806867 -0.4519488 -0.7463485 -0.0322349 -0.6647743 -0.5874103 0.4771716 -0.6536486 0.3513385 -0.6994642 -0.6223433 -0.5457637 0.1313315 0.8275833 0.01689952 -0.5564076 0.8307377 0.6520334 -0.5134255 0.557895 -0.1296372 -0.943206 0.3058704 0.2238436 -0.735866 0.6390582 0.07516497 -0.7061343 0.7040771 0.07365816 -0.7060198 0.7043513 0.836297 -0.391678 0.3836609 0.2097173 -0.6918492 0.6909149 0.07367485 -0.7056612 0.7047086 0.07764661 -0.7139629 0.6958649 0.6980653 0.7082325 -0.1054123 0.9968567 0.03223657 -0.07237207 0.5564079 0.495759 0.6668083 0.159579 -0.02293241 0.9869188 -0.5249309 0.6633145 0.5333493 -0.9970309 -0.03725862 0.06738954 0.5721051 -0.7399539 -0.3537853 0.5612278 -0.4177383 -0.7145056 -0.3201782 0.5319337 -0.7839213 -0.2191581 0.2574447 -0.9411121 0.9041106 -0.2909145 0.3129742 0.9768512 -0.1958307 0.0860936 0.2813681 -0.6631691 -0.6935696 -0.6960654 0.7146725 0.0688194 -0.8462193 -0.2980825 0.4416559 0.6126483 -0.7085081 -0.3502548 -0.9795017 0.149706 -0.1347761 -0.3506384 0.8545269 0.3831927 -0.4475944 -0.8299368 0.3329632 -0.08519518 0.7034113 -0.7056589 -0.0751484 0.7055627 -0.7046518 -0.07755005 0.6976258 -0.712253 -0.0747314 0.705584 -0.7046747 -0.08298718 0.7043609 -0.7049745 -0.3140671 -0.5485013 -0.7749248 -0.5770644 0.6378677 0.5100212 -0.02798402 0.9733909 -0.2274357 -0.07336109 0.7056757 -0.7047269 -0.07450443 0.7058912 -0.7043911 0.433007 0.8102475 -0.3949734 -0.07544314 0.7062159 -0.7039656 -0.07409882 0.7059577 -0.7043672 -0.0740025 0.7060919 -0.7042428 0.06962722 -0.705686 0.7050952 0.0726673 -0.7064965 0.7039759 0.07331311 -0.7068961 0.7035077 0.0754432 -0.7079787 0.7021927 -0.5259263 -0.3405596 0.779372 0.6791065 -0.2416437 0.6931253 0.07124882 -0.70575 0.7048693 0.07304239 -0.7064717 0.7039622 -0.07347577 0.7056365 -0.7047542 -0.07431977 0.7058999 -0.7044018 -0.07404267 0.705591 -0.7047404 -0.09867346 -0.4362026 -0.8944221 -0.1953445 0.5586045 0.8061027 -0.2255635 0.6764941 0.701054 0.946404 0.2535531 0.2000762 -0.6619699 0.4937766 0.5638979 -0.7948546 0.1657637 0.5837197 0.3912883 0.09327214 0.9155293 -0.9766919 0.1973191 -0.08448892 -0.8611316 0.365672 -0.3531805 0.2255633 0.7001843 0.6773945 0.07404607 -0.7055258 0.7048054 0.07311075 -0.7033531 0.7070709 0.07889991 -0.7074281 0.7023677 0.07600575 -0.7061725 0.7039486 0.0766955 -0.7042342 0.7058131 0.07475012 -0.7031964 0.7070554 0.07463777 -0.7072982 0.7029641 0.06985211 -0.7053118 0.7054473 0.07384228 -0.7053896 0.7049631 0.8769067 0.3742654 -0.3015959 -0.2378458 0.6795395 -0.694014 -0.5013059 0.03302913 0.8646395 -0.07814526 0.7053818 -0.7045068 -0.06768727 0.7061601 -0.7048095 -0.161141 0.6991132 -0.6966164 -0.07557034 0.7046322 -0.705537 -0.07431823 0.7056182 -0.7046843 -0.07372194 0.7056226 -0.7047425 -0.0678277 0.7021272 -0.7088137 0.8389734 0.2337607 0.4914059 0.7585982 0.1831653 0.6252834 -0.8450967 0.3009048 0.4418914 -0.9376569 0.1956735 0.2872478 -0.2215489 0.7084274 0.6701095 0.1822633 -0.9720326 -0.1480972 -0.4695037 0.8101858 0.3509494 0.8635829 0.1994696 0.4630731 -0.4526259 0.2859224 -0.8446173 0.911405 -0.1461126 -0.3846975 0.07520526 -0.7068354 0.703369 0.0737608 -0.7072647 0.7030904 0.7665576 -0.4117754 -0.4927785 -0.9769029 0.1313068 -0.1685802 0.8419056 0.05870664 0.5364221 -0.3788592 -0.7255373 0.5745096 -0.7045914 0.5594362 0.4365574 -0.7045871 0.5594397 0.4365596 -0.05641144 -0.7566152 0.6514224 -0.2617961 0.5226966 0.8113268 0.07458299 -0.5413416 0.8374884 -0.0866512 -0.6897401 0.7188534 0.5847874 -0.6696619 0.4577955 0.2280629 -0.7584782 -0.6104902 -0.8210229 0.5521302 0.1451678 -0.5748962 0.7077297 -0.4106251 -0.555958 0.4133692 0.7211356 -0.529245 -0.7040364 0.4735321 0.2698222 -0.3465442 0.8983892 0.7845343 0.5986182 0.1617472 0.7026984 -0.67979 0.2100015 -0.4810265 -0.6315404 0.6080874 -0.3115277 -0.7016564 0.6408033 -0.2745388 0.254157 -0.9273795 -0.01255154 0.6276489 -0.7783955 0.2006038 0.7057222 -0.6794956 0.6670129 0.704642 -0.2420199 -0.68542 0.5969744 0.4169184 -0.2998135 -0.5173619 -0.8015289 -0.7823827 -0.5652493 -0.2614777 -0.3006386 -0.6146954 0.7292229 -0.6407559 -0.2120282 -0.7378862 0.4035888 -0.5344982 0.7425819 0.3833221 0.5815212 0.7175635 -0.5427412 0.2066675 -0.8140766 -0.0816856 -0.61043 0.787847 -0.8876056 0.05483835 0.4573282 -0.6139441 0.1728793 -0.7701853 0.1615405 0.9846844 -0.06558442 0.02174085 -0.184938 0.9825098 0.2521476 -0.7075594 -0.6601374 -0.2576485 0.7317531 -0.630995 0.2856401 -0.1971953 0.9378293 0.9456175 -0.2450963 -0.2138583 0.2798601 0.7080341 -0.6483565 0.3775277 0.6670591 -0.6422656 -0.198492 -0.7197805 0.6652196 0.3289499 0.9442012 -0.01661378 -0.556949 0.5860955 -0.5884726 0.1995497 0.7007247 -0.6849561 0.2526898 0.7199557 -0.6463835 0.1813127 0.7090007 -0.6815011 0.1967347 0.7146753 -0.6712188 0.9371136 -0.1256195 -0.3256348 -0.7925647 -0.5968372 0.1250061 0.1975081 -0.9385105 0.2831759 0.2006254 0.7078258 -0.6772977 0.2020127 0.7073261 -0.6774073 0.20281 0.7060171 -0.6785337 0.2025119 0.7043566 -0.6803462 0.2021987 0.7050935 -0.6796756 -0.1991646 -0.705936 0.6796969 -0.2055349 -0.7048279 0.67895 -0.2026482 -0.7062209 0.6783699 -0.200226 -0.7065306 0.6787666 0.21306 0.6957274 -0.6859803 0.4623922 0.2379074 -0.8541625 0.2036385 0.7052617 -0.679071 0.02370536 0.953694 -0.2998433 -0.6078072 -0.7083675 0.3588677 0.325589 -0.7023684 -0.6329853 -0.8319628 0.2237026 -0.5077353 0.326468 -0.4452323 0.8337787 0.9752292 -0.07949978 0.2064169 0.2409177 -0.6731088 -0.6992019 -0.6085729 0.6335886 0.4777078 -0.2250388 -0.5753395 0.7863473 -0.7809144 -0.5872498 -0.2128626 -0.1993702 -0.7063662 0.6791896 -0.1983785 -0.7058832 0.6799816 -0.1984184 -0.704699 0.6811972 0.2006092 0.7070569 -0.6781051 0.2016527 0.7061316 -0.6787593 -0.2024661 -0.7075554 0.6770324 -0.1999011 -0.7081976 0.6771233 -0.1990505 -0.7072446 0.6783686 -0.8521791 -0.3368005 0.4004451 -0.2015003 -0.7055007 0.6794604 -0.2238869 -0.9696493 0.09825986 -0.2007758 -0.7039995 0.6812298 -0.2013746 -0.7055002 0.6794983 -0.2027278 -0.7046408 0.6799874 -0.2036682 -0.7051978 0.6791283 0.6033716 0.7081798 -0.3666391 -0.6797342 -0.7018933 0.2128552 -0.4567134 0.8417894 0.2877561 -0.1128664 0.008550107 -0.9935734 0.6601751 0.2420171 0.7110531 0.1498362 -0.04608911 0.987636 0.4071776 0.4721109 -0.7818682 -0.4331109 -0.3819856 0.8163957 0.6033668 0.7081797 -0.3666473 -0.2011961 -0.7059981 0.6790338 -0.1022574 -0.746519 0.6574594 0.1447468 0.7104653 -0.6886853 0.2045512 0.6995903 -0.6846402 -0.3134191 -0.7200357 0.6191261 -0.9356402 -0.3135507 -0.1620603 -0.07734853 0.05182433 -0.9956564 0.9398496 -0.2435848 0.2394772 -0.05065375 0.3752062 0.9255564 -0.2516573 0.6894084 -0.6792532 -0.0385676 0.6957374 -0.7172601 0.3583559 0.5319995 -0.7671751 0.3395496 0.812204 -0.4743743 -0.06540167 -0.8050431 0.5896002 -0.4628198 -0.7226072 0.5134556 -0.9867346 0.04365408 -0.156363 0.01369893 -0.4656668 0.8848541 -0.1920774 -0.6273968 0.7546388 0.1290897 0.6931952 -0.7090955 -0.07316374 0.6678801 -0.7406641 0.440921 0.5312454 -0.7234411 0.3549851 0.6683177 -0.6537102 0.1966896 0.6302437 -0.75107 -0.3059923 -0.8254227 0.4743903 0.02744251 -0.8687028 0.4945729 -0.03633648 0.4013821 0.9151898 -0.3032271 -0.7293533 0.6132677 0.5433056 -0.2097494 0.812911 0.2708044 -0.5997502 -0.7529706 -0.9635556 -0.200287 0.1773293 -0.6453111 0.02218073 -0.7635978 -0.4689689 0.3748083 -0.7997419 -0.4219342 -0.1575464 0.8928331 -0.1011477 0.9651908 0.2411972 0.4835556 -0.3277351 0.8116426 -0.6073303 -0.1564376 -0.778895 0.411493 0.6943072 0.5904331 -0.8679687 0.4832748 0.1143495 0.273535 0.5509866 0.7884113 0.2712994 0.5338162 0.8008976 0.5834118 -0.7074358 0.3989555 0.6332393 -0.3445126 0.6930506 0.7859575 -0.5578603 -0.2665759 0.8819215 -0.3906688 -0.2638041 -0.8596704 -0.4479659 0.2455474 -0.2046031 -0.7716915 0.6021875 -0.2045903 -0.7717007 0.60218 -0.4448752 -0.7060573 0.5509712 -0.4448882 -0.7060602 0.5509569 -0.20349 -0.7054253 0.6789456 -0.2001934 -0.7057803 0.6795563 -0.2031462 -0.7043088 0.6802065 0.175265 0.7761657 -0.6056806 0.1752758 0.7761635 -0.6056804 0.7150443 0.5511315 -0.4300763 0.7150485 0.5511291 -0.4300726 -0.8240172 -0.3740634 0.4255259 -0.0333727 0.8851572 0.4640941 -0.8382293 -0.2347437 -0.4922065 0.6488479 0.224304 0.7271068 -0.4790857 0.7078605 0.5190476 -0.4466718 -0.7053408 0.5504351 -0.4453383 -0.7058649 0.5508436 0.585022 0.800258 -0.1316677 0.7529841 0.5187774 -0.4048272 0.1282273 0.781863 -0.6101213 0.2442397 0.6832686 -0.6881069 -0.7324504 0.668261 -0.1301681 -0.6585078 0.7113107 -0.2457737 -0.7249679 -0.6880382 0.0320155 0.4402606 0.2634341 0.858355 -0.7298872 -0.5389031 0.4205332 -0.7547678 -0.6559872 -0.002522468 -0.4472149 -0.7051386 0.5502532 0.44706 0.7041871 -0.5515958 0.447332 0.7049518 -0.5503973 0.4467203 0.7037239 -0.5524617 -0.05082148 0.9336063 -0.3546781 0.2794786 0.8427743 -0.4600252 0.02343708 0.8685647 -0.4950214 0.4456966 0.7056604 -0.5508159 0.4437296 0.7058669 -0.5521375 0.4586144 0.7052057 -0.5407013 0.4459508 0.7056354 -0.5506421 0.4561537 0.6978594 -0.5521921 0.4457126 0.7055831 -0.5509018 0.4458425 0.7054169 -0.5510097 0.4459941 0.7055543 -0.5507108 0.4451934 0.7057273 -0.5511369 0.4481751 0.7042584 -0.5505989 -0.05230939 0.8310757 -0.553694 -0.3394231 0.907277 0.2482749 -0.4386048 -0.70849 0.5528724 0.7464113 0.2004787 -0.6345695 0.7961206 0.5545839 0.2421339 0.2860378 0.7554306 -0.5894972 0.1035184 0.784142 -0.6118867 -0.07160693 0.9844619 -0.1603347 0.6055962 0.7421351 -0.2872087 0.5582987 0.6540694 -0.510388 0.5582894 0.6540689 -0.5103988 0.6474884 0.3420019 -0.6810238 -0.5049183 -0.7070006 -0.4951846 0.9660698 -0.04077893 0.255042 0.4428163 0.710506 -0.5468958 0.4509799 0.7024797 -0.550581 0.5721867 -0.6981707 0.4303025 0.5914472 -0.4660091 0.6580469 -0.1537504 -0.8584699 0.4892753 -0.2947133 -0.6498598 0.7005901 0.1155834 -0.8626976 0.4923347 0.08854418 0.5143229 -0.8530136 0.4398825 0.2832544 -0.8522149 0.5966753 0.5324584 -0.6003888 0.6484754 0.7319617 -0.2090737 -0.5310018 -0.8299646 0.1708682 0.3323623 0.7036533 -0.6280187 -0.6228079 0.7056772 0.3378316 -0.3668222 -0.8226056 -0.434467 0.269755 -0.4303006 0.8614371 0.06554758 -0.5790039 0.8126857 -0.6498643 -0.5218091 0.5526227 -0.3099927 0.4917241 -0.8137025 0.7335513 -0.1591607 -0.6607348 0.01919186 -0.7783409 -0.6275486 0.761514 -0.6304361 0.1504883 0.02466166 -0.8536506 -0.5202618 -0.1850138 -0.7028508 -0.6868557 -0.9803727 -0.1269041 0.15088 -0.3548198 -0.8460438 0.3978857 -0.6982645 -0.3582074 0.6197696 0.4493927 0.2592215 0.8548979 0.9641742 0.1889612 -0.1861771 -0.808412 0.5651446 0.1645658 -0.09490239 0.7537102 -0.6503189 0.3681891 -0.7135311 -0.5960791 -0.7824271 0.02974748 -0.6220315 0.3768862 0.7401703 0.5568705 -0.5329926 0.7472227 0.3969599 0.6184776 0.7036873 0.3497283 0.6227478 0.7055779 -0.3381497 0.6225675 0.7054604 -0.338726 -0.1537478 -0.174197 -0.9726341 -0.04202789 0.2827857 -0.958262 -0.36755 0.6452546 0.6697415 -0.06151366 -0.04311841 -0.9971745 0.672888 -0.3995592 0.6225546 0.649451 -0.6835612 -0.3331028 0.4999189 0.2418454 -0.8316202 0.5795753 -0.6656011 -0.4701786 -0.4688594 -0.002412974 -0.8832696 0.1187129 0.9542794 0.2743325 0.02036184 0.07121229 -0.9972534 -0.06314742 0.5180671 0.8530058 0.2986916 0.5165542 0.8024682 0.7031016 0.6292117 0.3312717 -0.6646249 0.6200627 -0.4168884 -0.09857952 -0.7824364 0.6148784 -0.3126212 0.4855943 0.8163738 0.3533217 0.708463 0.6109371 0.7022483 -0.6788741 0.214423 -0.6081713 -0.7151226 0.3445683 0.03157848 0.05921143 0.9977459 -0.617116 -0.7157861 0.3268305 0.6172429 0.708759 -0.3415728 0.6176393 0.7151874 -0.3271526 0.6098564 0.7151996 -0.341416 -0.6222407 0.7065494 0.3370528 -0.7480083 -0.6158293 0.2474632 0.3847151 -0.7411388 0.5501889 0.3944807 -0.5900769 0.7044107 0.173353 -0.9753251 -0.1367108 0.609463 0.7144506 -0.343679 0.6184814 0.7106072 -0.3354374 0.6256009 0.7051909 -0.3336606 0.3642918 0.9203709 0.1421585 -0.02340453 0.6440319 -0.7646407 0.6213092 0.707152 -0.3375069 0.6214094 0.7072837 -0.3370464 0.6264414 0.7024142 -0.3379135 0.6224648 0.7064517 -0.3368435 -0.679732 0.7018941 0.2128597 0.3921567 0.6553715 -0.6455242 0.3170011 0.1674551 0.9335251 -0.5565223 0.4850941 -0.6745122 -0.6773893 0.7001883 0.2255665 0.9208005 -0.1111812 -0.3738518 0.2794197 -0.5969054 -0.7520828 -0.489155 0.6885553 -0.535368 -0.2872688 -0.195655 -0.9376544 0.9639447 0.1041432 0.2448772 -0.2713397 -0.6795203 0.6816355 -0.2663382 0.04040795 0.9630323 -0.5373563 -0.8420226 0.04739457 -0.622675 -0.7057076 0.3380129 -0.6227865 -0.7056536 0.3379203 -0.6227294 -0.7057048 0.3379185 -0.6228145 -0.7055817 0.3380185 -0.6228189 -0.7055996 0.3379734 -0.6371141 -0.6888313 0.3458284 0.6232957 0.7062042 -0.3358244 0.6221089 0.7051684 -0.3401737 0.1060461 0.904279 0.4135624 0.4601866 0.6431849 -0.611998 0.6254457 0.7026691 -0.3392255 -0.6244899 -0.7041044 0.3380081 -0.4906935 0.6887599 0.5336946 -0.02347058 0.2533339 0.9670941 0.8063918 -0.4744031 -0.3530921 -0.3203871 0.4095593 0.8541741 0.5302404 -0.1544537 0.8336602 0.565398 0.01625287 0.8246582 -0.5058631 0.4266123 -0.7497364 -0.9413756 0.05790162 -0.3323547 -0.9326299 0.2992132 -0.2016759 -0.2283757 -0.3243348 0.9179605 0.6245404 0.7045456 -0.336994 0.6236676 0.7046877 -0.3383107 -0.6222018 -0.7054769 0.339363 -0.6232671 -0.7051737 0.3380358 -0.6287989 0.6894976 0.3594511 -0.6282167 0.7023968 0.3346379 -0.6167083 0.706775 0.346612 0.844341 0.4213484 -0.3309891 0.3963854 0.5890856 -0.7041711 -0.02527409 0.6774037 0.7351772 0.4634128 0.8860333 -0.01391643 -0.2449313 0.4414786 0.8631948 -0.7103456 -0.5540364 0.4341115 -0.4751443 -0.7974924 0.3718112 -0.6371952 -0.740923 0.2121685 0.4688232 0.6605925 -0.5863637 -0.1423249 -0.08921647 -0.9857911 0.4361863 0.8884862 -0.1425968 0.8362149 0.5244462 -0.1603148 0.7373469 0.5973581 -0.3154091 0.2743172 0.7164363 0.6414586 -0.5407889 -0.7662128 -0.3470814 0.6600575 0.6952801 -0.2844465 0.6292172 0.5839734 -0.5128948 0.2953845 0.6736848 -0.6774192 -0.3988506 -0.3954333 0.8273758 0.4635652 0.5849087 -0.6655743 -0.6688266 -0.5592818 -0.4897701 -0.5876286 0.7710282 -0.245374 -0.2164354 0.464424 -0.8587585 -0.02629691 0.009419381 0.9996098 -0.219096 -0.8415464 0.4937576 -0.7047361 -0.705642 0.07359594 0.6217185 -0.7063749 -0.3383795 0.6228318 -0.705605 -0.3379382 0.6226975 -0.7053374 -0.3387432 0.625341 -0.7031117 -0.3385006 0.62009 -0.7081266 -0.337706 -0.4240622 0.9005659 -0.09566771 -0.6187533 0.765343 0.1771855 -0.576134 0.5082796 -0.6400951 -0.5769407 -0.5092531 -0.6385928 -0.9336354 0.3582206 0.001793026 0.1148374 -0.01053899 0.9933284 0.6363079 -0.7031738 0.317268 0.5455666 0.5158952 -0.6604614 0.07235801 -0.03225576 0.996857 0.4286993 -0.3716323 0.8234722 -0.6590114 0.5505619 -0.5124312 0.9814323 -0.1916298 -0.008287787 0.3061869 0.4484811 -0.8397108 -0.9162023 0.2846332 0.2820593 0.5605499 0.7757889 -0.2897161 -0.9473966 -0.3091682 0.08279263 -0.5638478 -0.4937178 -0.6620562 -0.9928508 0.04020529 -0.1123872 -0.6541291 0.6865825 0.3173635 -0.3317016 0.6490114 0.6846593 -0.6400908 -0.7040569 -0.3075509 -0.6970462 -0.7127878 0.07784736 -0.7046905 -0.7055613 0.07479691 -0.7019875 -0.7085298 0.0721054 -0.7046434 -0.7055147 0.07567524 -0.6996927 -0.7066283 0.1053876 0.7081681 0.7031137 -0.0642575 0.6821572 0.6830385 -0.2609978 0.7047354 0.7056431 -0.07359278 0.7579355 0.6447391 -0.09922373 0.06450372 0.1398047 -0.988076 -0.7045941 -0.7054717 0.07653057 0.6734738 -0.6902085 0.2646608 -0.2721874 -0.6693988 0.6912448 0.7044425 0.705938 -0.07356959 0.7047296 0.7056071 -0.0739926 0.7051088 0.7051351 -0.07487398 0.7050243 0.7053387 -0.07374411 -0.7047298 -0.7056073 0.07398939 -0.7034268 -0.7066175 0.07669699 -0.7042933 -0.7055312 0.07871955 -0.7084491 -0.7011365 0.0806697 -0.7056857 -0.7048119 0.07244253 -0.7046914 -0.7061182 0.06933289 -0.7030835 -0.7073762 0.07275009 0.7055651 0.7048519 -0.07322472 0.7042785 0.7061785 -0.07282751 0.7038875 0.7064029 -0.07441407 0.7038518 0.7065385 -0.07345801 0.7041663 0.7061644 -0.07403922 0.7059652 0.704227 -0.07534992 0.7028996 0.7075041 -0.07328051 0.7082582 0.7022593 -0.07212805 0.7067645 0.7034367 -0.0752381 0.7058088 0.7043034 -0.0760973 0.7047054 0.7056148 -0.07414972 0.7035575 0.7064942 -0.07663422 0.7084595 0.7024325 -0.06836545 0.7048409 0.7064865 -0.06384503 0.7043634 0.7052655 -0.0804547 0.9502896 -0.1189085 -0.2877683 -0.3387135 0.8393759 -0.4251134 -0.5567065 -0.4853109 -0.6742042 0.631278 -0.6712234 -0.3885195 -0.454619 0.1894138 0.8703126 0.7178507 0.5822975 -0.3816019 0.3464306 0.863338 -0.3669243 -0.5638127 0.4936558 -0.6621323 -0.4913891 0.2337613 0.8389829 0.5030359 -0.4233852 0.7534586 -0.7043487 -0.7060855 0.07304888 -0.7042818 -0.7062706 0.07189661 -0.6701167 -0.7084187 -0.2215548 0.1523236 -0.9300461 0.3343831 -0.4517436 -0.3658583 -0.8136802 0.974654 0.09844589 -0.2008929 0.6312862 -0.6712281 -0.388498 -0.1043229 -0.6550283 -0.7483681 0.2032182 0.1008471 0.9739262 0.8541816 -0.4095424 0.3203888 -0.7940216 0.4127242 -0.4463051 -0.2159387 -0.5250288 -0.8232346 0.7047439 -0.7056269 -0.07366776 -0.8538487 -0.4518963 0.2583259 0.6182854 -0.1752325 -0.7661702 0.7958514 -0.6054915 -8.64267e-4 0.6599918 -0.7294531 -0.1797472 0.7050491 0.7060427 -0.06640344 0.6827551 0.7266888 -0.0759536 0.7066236 0.7037113 -0.07398253 0.7056121 0.7020946 -0.09578508 0.7055631 0.7048977 -0.07280105 0.704764 0.7056038 -0.07369583 -0.1401101 0.839514 0.5249625 -0.6616766 -0.3032841 0.6857134 0.6540385 0.7481694 -0.1116973 0.8158804 0.5724443 -0.08152794 0.9671024 0.1300197 0.2186504 0.6802266 0.7309446 0.05488061 0.9689792 0.2429184 0.04549717 -0.5856277 0.1589789 0.7948371 -0.8057692 -0.5835724 0.1008929 -0.772666 -0.4027475 -0.490695 -0.6771534 -0.7320634 -0.07447576 0.7804823 -0.5757125 -0.2437266 0.50564 0.7693033 -0.3905135 0.7306737 -0.6741593 0.1078208 -0.5521466 -0.5198763 -0.6518151 -0.1839329 -0.9825887 0.0262323 -0.6209619 -0.7724372 0.1332191 0.4979447 0.3714274 0.7836408 0.6005438 -0.1932786 -0.7758806 0.7041807 -0.7061334 -0.07419764 -0.3015528 0.45797 0.8362591 -0.6941033 0.7146074 0.08693093 -0.6970668 0.7135962 0.06984633 -0.7044435 0.7067658 0.06512677 -0.6793348 -0.7055332 -0.2018098 0.2956513 0.4949808 -0.8170584 0.01456701 -0.6147484 0.7885888 0.8901618 -0.2627562 0.3722516 0.483518 -0.8619337 -0.1525802 -0.8344751 0.5451316 0.08051633 -0.8441645 -0.08993309 0.5284871 0.6076003 -0.6084696 0.5104769 0.1065545 0.8181123 -0.5651004 -0.2684708 0.1984722 0.9426199 -0.2456263 -0.6880797 0.6827988 -0.2220385 -0.5972149 -0.7707355 -0.5956652 0.7188281 0.3584261 0.6794226 0.7056255 0.2011904 -0.4465052 0.7069993 0.5484387 -0.8758006 -0.4805345 0.04538649 -0.6764089 -0.7076446 -0.2042307 -0.7032036 -0.6479592 -0.2926665 0.7299672 -0.6220011 -0.2833068 0.3048737 0.8197073 0.4849041 -0.64183 -0.5071616 0.5751881 -0.5502738 -0.3084441 0.775926 -0.1658942 0.9657932 -0.1993054 -0.7185866 0.5842549 0.3771995 -0.7190117 -0.5854235 0.3745684 0.4386927 -0.5551959 0.7066161 -0.9971779 0.04330575 0.06132614 -0.3173021 -0.3522104 -0.8804926 0.640274 0.6905239 0.3364906 -0.9801062 -0.1934912 -0.04419386 0.7752938 -0.485172 0.4043855 0.09982353 -0.9451315 0.3110654 -0.568332 0.09143626 0.817703 -0.4509215 -0.6426706 -0.6193904 0.58881 -0.1381601 0.7963759 0.7145978 0.5739319 -0.3999402 -0.6472685 0.654676 -0.3904392 0.7063205 -0.7040187 -0.07395428 0.7044484 -0.7058302 -0.07454055 0.7020775 -0.7083968 -0.07253438 0.7080432 -0.7024831 -0.07205837 0.7024259 -0.7084609 -0.0684185 0.7043008 -0.7060497 -0.07385164 0.7026821 -0.70755 -0.07490551 -0.003161191 -0.003286421 0.9999896 0.68094 0.706918 0.1912792 0.7139223 0.6758932 0.1829846 0.67535 0.7104907 0.1977511 0.6807101 0.7023702 0.2081103 -0.67787 -0.7080248 -0.1979728 -0.6777527 -0.7069672 -0.2021107 -0.6774016 -0.707879 -0.2000862 -0.6792917 -0.7054361 -0.2022938 -0.6782713 -0.7062821 -0.2027651 -0.6795052 -0.7049601 -0.2032337 -0.6794968 -0.7057025 -0.2006691 -0.6786401 -0.704817 -0.2065933 0.910911 -0.2241653 -0.3463972 0.6784857 0.7063952 0.2016508 0.6779788 0.7062823 0.2037404 0.6802556 0.7042005 0.2033569 0.6785731 0.7064849 0.2010416 0.6786921 0.7062814 0.2013549 0.6788097 0.7066659 0.1996017 -0.6545052 -0.458697 0.6010158 -0.07951235 0.6288974 0.7734119 -0.7858584 0.6008073 0.1464828 0.399821 -0.4691449 -0.7874302 -0.6701196 0.7084194 -0.2215443 -0.3579904 -0.07923722 0.9303571 -0.1967566 0.5593932 0.805212 -0.8559914 -0.1429681 0.4968289 -0.6939361 0.5287023 0.4888013 -0.7332808 0.6428166 0.2215538 -0.6828294 -0.7027669 -0.1996564 -0.6866257 -0.697255 -0.205866 -0.6808837 -0.704855 -0.1989395 -0.682785 -0.702629 -0.2002924 -0.6825636 -0.7021948 -0.2025573 -0.6801503 -0.7041605 -0.2038468 -0.6768246 -0.7077448 -0.2024987 0.6790286 0.7052162 0.203937 0.6797056 0.70643 0.1973753 0.6817408 0.7042567 0.1981213 0.9085529 0.1204998 0.4000142 0.3664359 -0.5639532 0.7400551 0.3664215 0.563959 0.7400578 0.0772376 -0.2040816 -0.9759022 -0.9935725 0.008549869 0.1128747 0.6211643 -0.6643978 0.4156086 -0.1997263 0.4418417 -0.8745773 -0.1572526 -0.1797302 0.9710658 0.08846658 0.04014813 -0.9952698 0.3767509 0.570873 0.7294949 -0.6265406 -0.769128 -0.1260521 -0.6676235 0.7021378 0.2475509 0.6706972 0.6175169 -0.4108994 -0.6384593 0.7666763 -0.06765592 0.6748773 0.2992944 -0.6745098 -0.6222348 -0.7737376 -0.1189716 -0.6257128 -0.6859917 -0.3713475 -0.7894623 -0.3431603 -0.5089109 -0.757578 -0.6230053 -0.1947824 -0.7778192 -0.5138812 0.3618333 -0.6866113 -0.7137583 -0.1382537 -0.7171662 -0.5488517 -0.4294586 -0.7757973 -0.5444868 -0.3188621 0.9138579 0.1719314 0.3678361 -0.629423 -0.7769407 -0.01378756 0.4826301 -0.6036664 -0.6345512 0.6985307 0.6685067 0.2552524 0.8499143 0.4594899 0.2579047 0.7656551 0.6432173 -0.006631255 0.6034377 0.668476 0.4347445 0.2649411 0.8457451 0.4631646 -0.659134 0.4837963 0.575746 0.4232882 0.7417594 0.5202118 0.5641149 -0.1466756 0.8125643 -0.2792127 0.9442552 0.1744208 -0.901604 -0.1370456 0.4102789 -0.03792911 0.5444706 0.837922 -0.8764041 0.2969964 0.3790898 -0.4205555 0.6249319 0.6577183 -0.4609845 0.5706216 0.6796207 -0.825197 0.3680203 -0.4284985 0.3752999 -0.5699207 0.730986 -0.4945682 0.3258781 -0.8057332 -0.6444591 -0.4621981 -0.609135 -0.169369 0.6706282 0.7221994 0.4283142 0.5488714 0.7178351 0.4283192 0.5488616 0.7178396 -0.5506194 -0.70558 -0.4460663 -0.550611 -0.7055909 -0.4460595 -0.3953467 -0.506625 -0.7661803 -0.3953543 -0.5066205 -0.7661793 0.5501909 0.7050319 0.4474595 0.5501801 0.7050361 0.4474663 0.06071978 -0.9475247 -0.3138632 -0.7588085 -0.4027102 -0.5118927 -0.7394807 0.05609166 -0.6708368 0.809017 -0.3194637 -0.4933907 0.7767012 0.2373223 -0.5834496 0.6070956 0.7779887 0.1617667 0.550862 0.7048181 0.4469705 -0.5493651 -0.7040038 -0.4500854 -0.6084277 -0.779695 -0.1479579 -0.0562821 0.4889874 0.8704732 -0.6912345 -0.6693921 -0.27223 -0.2457582 0.7113122 0.6585119 -0.6227545 0.7056221 0.3380448 -0.6220126 0.7077508 0.3349465 -0.1359652 -0.9860249 -0.096273 -0.8621278 0.3802602 0.33487 0.5124607 -0.6647475 0.5435944 -0.3702685 -0.3403813 -0.8643158 -0.2865039 -0.5863717 -0.7576833 -0.550992 -0.6925318 -0.4656261 -0.5506573 -0.7056202 -0.4459558 -0.506244 -0.6865307 -0.5219126 -0.527164 -0.6896691 -0.4964421 -0.5495061 -0.7053247 -0.4478397 -0.6067259 -0.7163158 -0.3446382 -0.3175323 -0.53262 -0.7845313 -0.3234091 -0.5281021 -0.7851846 -0.3913909 -0.4833285 -0.7830752 -0.08620321 -0.5603385 -0.8237657 0.6116558 -0.4731065 -0.634072 -0.5506273 -0.7056064 -0.4460149 -0.22946 -0.5433921 -0.8075104 0.1295714 -0.8985254 0.4193606 0.5952026 0.7627366 0.2529165 0.6125139 0.7848913 0.09366124 0.3624278 0.9319679 0.00906831 0.5496122 0.704314 0.4492976 0.5284719 0.7279815 0.4367613 0.5699169 0.6929634 0.4415842 0.549627 0.7043052 0.4492933 -0.6843383 -0.7017639 -0.1980115 -0.682694 -0.7019065 -0.2031162 -0.6868684 -0.6922474 -0.2213718 -0.6798138 -0.7049459 -0.2022488 -0.6798623 -0.7048696 -0.2023511 0.03214609 -0.4120063 -0.9106138 0.5271414 0.7352702 0.426028 0.550999 0.714521 0.4311147 0.5552699 0.6951355 0.4565764 0.5514 0.7038949 0.4477614 0.5521152 0.7041285 0.4465111 0.5506206 0.7056326 0.4459817 0.5868528 0.7190369 0.3722765 0.2920046 0.7540737 0.5883079 0.5685918 0.4762298 0.6707524 0.5866653 0.6753712 0.4468756 0.730571 0.6338633 0.2539355 -0.7404707 -0.5235355 -0.4214426 -0.0780735 -0.9184926 -0.3876547 -0.3754683 -0.7189341 -0.5849422 -0.8864439 -0.4612998 0.03768014 -0.8758333 -0.4273179 -0.2243112 -0.5240615 -0.7881633 -0.3227359 -0.5313133 -0.7966513 -0.2881892 -0.2250875 -0.950932 -0.2122829 -0.3891595 -0.7539005 -0.5293288 -0.8077237 -0.5370798 -0.243162 -0.4906702 -0.8701127 -0.0463345 -0.6885257 -0.4494867 -0.569117 0.6230216 -0.7051146 -0.3386113 0.6230704 -0.7058798 -0.3369231 0.6225582 -0.7053999 -0.3388691 0.6220543 -0.706027 -0.3384881 0.09869158 -0.4164487 0.9037867 0.4398216 -0.5163185 -0.7348281 0.2739594 0.3013664 -0.9133042 -0.5487141 0.7015834 0.4546357 -0.6264824 0.3714215 -0.6852489 -0.4782117 0.7045682 -0.5243067 0.8380283 0.264761 0.4770851 0.7533085 0.3400307 -0.5629438 0.8359348 0.339447 -0.4312644 0.1572301 -0.6129292 -0.7743362 0.7774395 -0.1933273 -0.5985084 0.7351117 0.2092763 -0.6448367 0.6273822 0.6975294 -0.3461853 0.7667561 0.3595054 -0.5318278 0.525295 0.5731031 -0.6289818 -0.7496891 0.4274584 -0.5052185 -0.2485117 0.7633678 -0.5962479 -0.3756939 -0.6401432 0.6701275 -0.9867724 0.1215438 0.1072731 -0.6678652 0.715219 -0.2059564 -0.6793968 0.7056205 -0.2012953 -0.832708 -0.4534164 0.3178228 -0.7751528 0.4736793 0.4180504 -0.580097 0.5195774 0.6273172 -0.3034185 -0.8825688 0.3591793 0.9119578 -0.2109495 -0.3518998 0.9845371 -0.001232206 0.1751722 -0.08061528 -0.2009181 0.9762855 0.09679746 0.3592581 0.9282048 0.7591131 0.3551713 -0.5455279 -0.1352655 0.7069823 0.6941753 0.9965555 -0.02576214 -0.07882648 -0.5104895 0.7383227 -0.4407721 -0.8957197 0.4442875 -0.01717996 -0.7285364 -0.2227057 0.6477939 -0.9953694 0.09573483 0.008640944 0.2943679 -0.7077909 0.6421679 0.4022882 0.3193612 0.8580051 0.6610623 0.2929705 -0.6907713 0.1732255 0.6868214 -0.705882 0.2745437 0.2617561 -0.9252619 0.9365235 -0.3176149 -0.1484746 -0.9548404 -0.1846758 0.2327548 -0.3353404 -0.7012589 -0.6291127 -0.3110355 -0.7109529 -0.6307163 -0.3359582 -0.7056136 -0.6238923 -0.3242504 -0.7094936 -0.6256841 -0.3365998 -0.7056123 -0.6235478 0.3068676 0.7458317 0.5912423 -0.3356525 -0.7068098 -0.6227017 0.3486742 0.7081422 0.6139715 0.4703872 0.7475289 0.468974 0.3396293 0.7057524 0.6217439 0.6774207 -0.7058764 0.2069777 0.7170688 -0.6685276 0.1971885 -0.3381534 -0.705593 -0.6227286 -0.3370298 -0.7062927 -0.6225444 -0.3366435 -0.7051985 -0.6239922 0.3387618 0.7035911 0.62466 0.3436454 0.7017174 0.6240999 0.337664 0.7044947 0.6242359 -0.7193211 0.6216389 -0.3100683 -0.8514772 0.5216378 0.05367106 -0.7510606 0.6587319 -0.0445007 -0.8966857 -0.2621915 0.3566658 -0.7962307 0.3989133 -0.4548459 -0.3414865 0.92169 -0.1840503 0.8555294 0.4370695 -0.2775604 0.6303054 -0.5807089 0.5152597 -0.8433858 -0.4213765 -0.3333801 0.5428166 0.1710574 0.8222467 0.7534692 -0.423383 -0.5030218 0.9552711 0.2948263 -0.02312266 0.8226211 -0.2547279 0.5083388 -0.3370717 -0.707657 -0.6209705 -0.3370873 -0.7043005 -0.6247664 -0.3397013 -0.7050419 -0.6225103 0.7134941 0.6732595 0.1940309 0.3380357 0.7056159 0.6227666 0.3417302 0.7068288 0.6193655 0.340321 0.7091956 0.6174328 0.3356716 0.710166 0.618861 0.3344298 0.7086406 0.621277 0.3367449 0.7058736 0.6231736 0.3353592 0.705515 0.624326 -0.9211089 -0.2180745 0.3224936 0.9261776 -0.2990913 -0.2296505 -0.3884827 0.6712313 -0.6312922 -0.2128575 -0.5872371 0.7809252 0.3414409 -0.6818737 0.6468898 -0.7605085 -0.417187 0.4975759 -0.8743318 0.2939884 0.3861538 0.2611411 -0.5947391 -0.7603229 0.1467069 0.6931403 0.705715 0.2128468 0.7018863 0.679744 -0.3393439 -0.7053944 -0.6223058 -0.3236101 -0.7192504 -0.6147808 0.3363257 0.7059876 0.6232709 0.3369852 0.7054056 0.6235736 0.3357468 0.7075209 0.6218427 0.3393242 0.7060388 0.6215853 0.3391605 0.7052733 0.622543 0.343655 0.7085028 0.6163806 0.3320713 0.7072053 0.624171 0.3736037 0.6827415 0.6279207 0.2862262 0.7057543 0.6480629 0.7926747 -0.1182486 0.598067 -0.1970317 -0.6989003 -0.6875441 -0.06372755 -0.8534079 -0.5173333 -0.005515754 -0.971027 0.2389062 -0.5763332 -0.6798053 -0.453547 0.3879242 0.2582724 0.8847656 0.4227036 0.5568184 0.715035 0.5347185 0.6640291 0.5226294 0.1472954 0.7104344 0.6881766 0.6677641 -0.714915 0.2073348 0.6762869 -0.7100585 0.1960944 0.6878033 -0.7011448 0.1879436 0.6790882 -0.7066248 0.1987981 -0.007493257 0.8362809 0.5482502 0.2869136 -0.08724153 0.9539756 0.4886605 0.7818645 0.3871678 0.1274851 0.763825 0.6327077 0.389221 0.4855468 0.7827844 0.7749697 -0.6270973 0.07855629 -0.0739578 -0.7056175 -0.7047229 0.4532198 -0.6113275 -0.6487454 -0.571005 0.8051051 0.1604967 0.5876705 0.6653515 -0.4603812 -0.5027617 -0.4813414 -0.7180119 -0.6279507 -0.6688716 0.3978552 -0.1301966 0.6682693 0.7324377 -0.4966173 -0.3208669 -0.8064836 -0.2284904 0.7692171 0.5967388 0.8332481 -0.2916936 -0.4696939 -0.4794988 0.5519264 -0.6822449 -0.6006578 -0.2243866 -0.7673728 0.6547346 0.2334464 0.7189058 -0.4708508 -0.7037228 -0.5320469 -0.5507313 -0.7067463 -0.4440776 -0.07433164 -0.7055975 -0.7047035 0.8884411 0.4202626 0.1845307 -0.5311802 0.7027104 0.4733347 0.07368963 0.7056375 0.7047309 0.002405822 0.3940194 0.919099 -0.7341973 0.1867864 -0.6527367 -0.4562753 0.853643 -0.2512103 0.3604524 0.6982933 -0.618434 0.0960161 0.3961548 0.9131497 0.3847327 -0.6721525 0.6326072 0.3889992 -0.7769108 -0.495065 -0.2453393 -0.2514016 -0.9362723 -0.1586235 -0.2090109 0.9649628 0.7712199 0.2912478 -0.5660343 -0.9742239 -0.07219439 -0.2137194 -0.9693794 -0.07862395 -0.2326412 -0.3410849 -0.7006883 0.6266554 0.9756799 0.1425909 -0.1664832 -0.7891898 0.2939993 -0.5392066 0.937567 0.2939795 0.1858611 0.3451943 0.8568111 0.383035 0.5597851 -0.7726646 0.2993829 -0.05250602 0.9635953 0.2621591 0.8895559 0.4230094 0.1724913 0.9843543 -0.09806686 0.1463882 0.8412891 -0.2382157 -0.485269 0.6203643 -0.7076987 -0.3380988 -0.5129235 -0.5701605 -0.6417373 -0.04383313 -0.5064847 -0.8611341 0.04068452 -0.8256992 0.5626417 -0.3610694 -0.8287962 -0.4274643 -0.4991555 -0.5888568 -0.6356821 0.6787095 -0.7063896 0.2009161 0.680395 -0.7051101 0.199706 0.6800117 -0.7050717 0.2011418 0.6788395 -0.7066858 0.1994295 -0.0636121 -0.7056069 -0.7057424 -0.07296299 -0.7056567 -0.7047873 -0.08111929 -0.702294 -0.7072502 -0.07360148 -0.7056231 -0.7047545 -0.08125591 -0.7065435 -0.7029892 0.07446223 0.7055954 0.7046918 0.07293701 0.7056392 0.7048075 0.07306671 0.7056334 0.7047999 0.05847811 0.706776 0.7050164 -0.07757627 0.9902547 -0.1156626 0.06665861 0.7073096 0.7037541 0.6452921 0.5522282 -0.5278658 0.4987779 0.6381072 0.5865492 0.631223 0.7109833 -0.309936 0.07442474 0.7063894 0.7038999 0.07878631 0.6972645 0.712471 0.06998461 0.7037281 0.7070142 0.07501208 0.7051215 0.7051078 0.07506352 0.7027456 0.7074703 0.07340097 0.7110773 0.699272 -0.07399505 -0.705622 -0.7047144 -0.0732485 -0.7053529 -0.7050617 -0.07269507 -0.7056342 -0.7048375 -0.07202529 -0.7069157 -0.703621 -0.0754435 -0.7063729 -0.703808 -0.07844877 -0.7051044 -0.7047508 -0.07432067 -0.7051559 -0.7051466 0.470339 0.6686158 0.5759637 0.6488139 0.7155442 0.2589152 0.1984484 0.9164192 0.3475544 -0.07120388 -0.7057641 -0.7048597 -0.07129955 -0.7053736 -0.7052408 0.7331531 0.04328972 0.6786845 0.4543051 -0.5832961 0.6733294 -0.3480936 0.817456 -0.458908 -0.8513703 -0.3049438 -0.4268232 0.2255458 -0.7001841 0.6774004 -0.9935727 -0.008554756 0.112872 -0.9376557 0.1956641 0.2872582 0.780179 -0.2316593 -0.5810806 0.7110558 0.2420167 -0.6601725 -0.5674234 0.6505917 0.5047389 -0.07870107 -0.7073907 -0.7024276 -0.07746565 -0.6989467 -0.7109661 -0.07542473 -0.7092924 -0.7008677 -0.07702052 -0.707479 -0.7025249 -0.07092189 -0.707196 -0.7034515 -0.07281184 -0.7092213 -0.7012159 -0.07138544 -0.7048551 -0.7057502 -0.8905976 -0.1568968 -0.4268718 -0.4672587 -0.3637054 0.805846 -0.4948014 0.5635354 0.6615131 0.2215609 0.6428123 0.7332824 -0.1428216 0.8749269 -0.4627147 0.3357089 0.04557132 -0.9408628 -0.1953724 -0.5586161 0.8060879 -0.7369568 -0.5660226 0.3694766 -0.693785 -0.5923474 0.4096182 -0.4068673 0.6610934 0.6304083 -0.6109909 0.7829397 -0.117029 -0.6109791 0.7829502 -0.1170201 0.07417887 0.7058103 0.7045066 0.06541109 0.7163166 0.6947028 0.07224273 0.711336 0.6991295 0.07594406 0.7054372 0.704692 0.0740835 0.7056789 0.7046481 0.07363539 0.7058329 0.7045408 0.07358449 0.7056005 0.7047789 0.07281225 0.7056756 0.7047839 -0.8491621 -0.1829763 0.4954227 -0.3075176 0.6192606 -0.7224606 -0.2087554 0.9767451 0.04888957 -0.6374121 0.770306 0.01828885 -0.557416 0.8298599 0.0249046 -0.5027628 0.8626676 -0.05508625 -0.2093533 0.5554099 -0.8047926 0.5694298 0.6061311 -0.5552971 -0.7229185 0.6893625 0.04656338 -0.5506404 0.7056119 -0.4459901 -0.5506489 0.7056161 -0.4459729 -0.380984 0.9213715 0.07698029 0.2803387 0.8103128 -0.5145908 -0.04691272 0.7685377 0.6380824 -0.4943633 0.5144991 0.7006394 0.04181146 0.5993942 0.7993613 0.07426524 0.7055998 0.7047082 -0.3060978 -0.7125206 -0.6313624 0.03571009 -0.4383465 -0.8980964 0.4832172 0.5847755 -0.6515664 0.1774979 -0.8860675 -0.4282276 0.01082473 -0.8244217 -0.5658727 -0.5188247 -0.6254072 -0.5828267 -0.1747083 -0.6097385 -0.773108 -0.2113208 -0.3303287 -0.9199057 0.9230036 0.1864153 0.3366212 0.1568265 0.7537931 0.6381235 -0.6596572 -0.4270714 0.6184355 -0.09691697 0.6746914 0.7317094 -0.5889187 0.2319162 -0.7742027 0.6118128 -0.4815424 0.6275365 0.06817412 0.7041648 0.7067562 -0.7456981 -0.5486803 -0.3780005 -0.423991 0.09871912 0.9002702 0.4405391 -0.6570969 0.6116772 0.3677616 -0.6960167 -0.6166946 -0.4935381 -0.7683863 -0.4074345 0.6492215 -0.6978422 0.3025355 0.2973908 -0.697085 -0.6524041 -0.5574883 0.1349765 0.8191387 -0.7527016 -0.5281231 -0.3930985 -0.9024037 -0.1803735 0.3913224 0.8069694 0.5092719 0.2990695 0.3602105 -0.5806147 0.730161 0.2897785 0.5410731 0.7894735 0.2016354 -0.7055739 -0.6793444 0.2163263 0.9762077 0.01488292 0.169167 0.9840442 -0.05513268 0.5821778 -0.7152994 0.3865436 0.898193 -0.0588445 -0.4356454 0.6695869 -0.7067779 -0.2282949 0.03758263 -0.2329695 0.9717576 0.5530141 -0.7131142 0.4308639 0.2009215 -0.7056791 -0.6794465 0.2013947 -0.705797 -0.679184 0.4891408 0.4731138 0.7327378 0.5507274 -0.6934524 0.4645676 0.5526365 -0.7023457 0.4486687 0.5474523 -0.703926 0.452531 0.5502808 -0.7127623 0.4349264 0.5338137 -0.726073 0.4334291 0.5506111 -0.7058127 0.4457083 0.5498689 -0.6946251 0.4638322 -0.2011612 0.7056413 0.6794149 -0.2012879 0.7055391 0.6794835 -0.2717 0.6261555 -0.7308273 0.5938154 -0.4863412 0.6409801 -0.9018562 -0.390582 -0.184665 0.9779959 0.1060758 0.1796445 0.6025125 -0.4576479 0.6538633 -0.3783116 0.5040234 0.7764284 -0.5210334 0.2715488 0.8091881 0.8329989 -0.08361899 -0.5469192 -0.867539 -0.1935883 -0.4581483 -0.6096011 0.7323856 -0.3033115 0.9795197 0.1431041 0.1416425 0.01009052 0.524053 0.8516259 -0.2833148 -0.6924116 -0.6635503 0.8180262 0.4505859 -0.3574992 -0.4816932 0.7974244 -0.3634365 0.8860241 -0.0851143 0.4557597 -0.9972438 -0.04838228 0.05625134 -0.3035367 -0.708097 -0.6375455 0.2098546 -0.7031602 -0.6793577 0.2024965 -0.704569 -0.6801307 0.2026852 -0.7043997 -0.6802498 0.2039614 -0.697435 -0.6870111 0.1968268 -0.7018111 -0.6846315 0.2011245 -0.7052479 -0.6798341 0.1973678 -0.7093285 -0.6766824 0.2016817 -0.7049657 -0.6799618 0.20236 -0.704859 -0.6798708 0.2032932 -0.7054431 -0.678986 0.2000839 -0.7058008 -0.6795672 0.2103818 -0.7003628 -0.6820788 0.8998981 0.1315554 -0.4157844 0.5943593 0.2869174 -0.751276 -0.7732061 -0.1761546 0.6091978 0.534334 -0.7292193 0.427465 0.5431194 -0.7085679 0.4505028 0.5590755 -0.7077215 0.4319317 -0.2093096 0.7089688 0.6734634 -0.6800988 0.4074512 -0.6094663 -0.6059384 0.7765235 -0.1727708 -0.5520651 0.707436 -0.4413145 0.1197581 0.7061292 -0.6978822 -0.3970529 -0.3411681 -0.8520289 0.7283344 -0.2229217 -0.6479468 -0.6725953 0.4777375 -0.5651394 -0.3815825 0.5823018 -0.7178575 -0.6412593 0.3116418 0.701189 -0.705554 -0.694 -0.1433795 0.8389865 -0.2337435 0.4913917 0.776403 0.625045 0.080729 -0.9759032 -0.2040722 -0.07724958 -0.2013244 0.7056195 0.6793892 -0.2156217 0.7095015 0.670906 -0.2053254 0.6975579 0.6864799 0.28793 -0.7195588 0.6319269 0.5940455 -0.7504303 0.2897661 -0.8734878 -0.4815685 -0.07149064 -0.8549297 0.4651107 0.2297109 -0.8514086 -0.5112609 -0.1171144 0.3944162 0.4550759 -0.798337 -0.9668225 0.249809 -0.05338484 0.9954428 0.09387624 -0.01676666 0.9724601 -0.2271378 0.05224889 0.711053 -0.2420005 -0.6601814 0.2128561 0.7018924 0.6797347 -0.7980253 0.2840362 -0.5314875 -0.6824131 -0.699848 -0.2110102 -0.2013913 0.7053698 0.6796286 0.5410985 0.7938441 -0.2775323 -0.2255783 0.7063927 0.6709128 0.840442 -0.1576923 0.5184501 -0.1932237 0.6864377 0.7010478 0.3361253 0.6318188 -0.6984445 0.1019178 -0.7720574 -0.6273278 0.1123667 -0.3539285 -0.9284979 0.1229589 -0.3739531 -0.9192607 0.4687579 -0.7157539 -0.5176509 -0.2572164 0.8992819 0.3537397 0.820792 -0.4487848 0.3534015 0.1783874 -0.7921933 -0.5836161 0.1999958 -0.7069354 -0.6784129 0.8237847 -0.405704 0.3959584 0.2548565 0.5220224 0.8139662 -0.4222967 0.5569458 0.7151761 -0.07485574 0.705563 -0.7046825 -0.4474255 0.5733826 -0.6863256 -0.8254732 0.5503388 -0.1253852 -0.550558 0.7055031 -0.446264 0.06875514 0.9812937 -0.1798205 0.9018874 0.1508886 -0.4047616 0.8354675 -0.1075226 0.5389184 -0.980988 0.1641463 -0.1035317 0.5233061 0.8412607 -0.1357616 0.7119318 -0.2410615 -0.6595776 -0.4483 -0.709178 0.5441449 -0.216548 0.4825128 -0.8486981 -0.3547354 -0.7306655 -0.5833445 -0.7201623 0.5555123 0.415659 -0.6909212 -0.6183462 -0.3745344 0.4934536 0.7071121 -0.5064544 0.4076409 0.2780883 -0.8697678 0.8065544 -0.4368135 -0.3983266 0.4457648 -0.7057161 -0.5506893 0.4457463 -0.7057152 -0.5507054 0.4469947 -0.7052243 -0.5503222 0.446976 -0.7052406 -0.5503166 -0.1966885 0.7729678 0.603187 -0.1966958 0.7729653 0.6031877 0.7355669 -0.1930181 -0.6493731 0.2393314 0.7197115 -0.6517177 0.3798114 -0.5442162 -0.7480456 0.4166132 0.6665715 0.6181552 -0.4205093 -0.3778719 -0.8248544 0.8445116 -0.4563738 0.2802202 -0.5892466 0.7287784 0.3488129 0.4438309 -0.706469 -0.5512856 0.4474818 -0.7050368 -0.5501665 0.4335628 -0.6986417 -0.5691424 -0.7863324 0.4870587 0.3800728 -0.09405845 0.7848781 0.6124699 0.5556458 0.465063 0.6891837 0.02977621 0.5965804 -0.8020009 0.8643952 -0.3276677 -0.3813856 0.68536 -0.2944874 -0.6660021 0.4433665 -0.7065082 -0.5516088 0.4455608 -0.7065596 -0.5497719 0.7427042 -0.4352338 0.5088832 0.4436466 -0.7071372 -0.5505768 -0.3606294 -0.7020881 -0.6140185 0.6585319 0.7112995 0.2457412 0.6308898 0.7416494 0.227891 0.4445992 -0.7065334 -0.5505834 0.4417858 -0.7062719 -0.5531775 0.8445773 -0.2617401 -0.4670989 0.7952468 -0.1145917 -0.5953581 0.8064836 -0.3352538 -0.4870209 0.751959 -0.009504199 -0.6591414 0.4443639 -0.7083439 -0.5484431 0.8541356 -0.2876105 -0.4332814 0.446025 -0.7056051 -0.5506207 0.445934 -0.7056359 -0.5506551 0.4364052 -0.7292528 -0.5270113 -0.4477688 0.7049274 0.5500733 -0.2200861 0.9131354 0.3431413 -0.679602 0.5783322 0.4513015 0.03933525 0.08852326 0.9952972 0.03815484 0.4549154 0.889717 -0.2093918 0.7708916 0.6015658 -0.2093806 0.7709027 0.6015554 -0.06499332 0.9820538 0.1770486 0.917746 -0.2794392 -0.2822342 -0.4955744 -0.7528408 0.4331709 0.07346022 -0.7056346 0.7047578 0.07354223 -0.705187 0.7051971 0.03367561 0.8886956 0.4572593 -0.4422644 0.7098121 0.5482419 -0.136862 0.9568008 0.2565172 0.01409262 0.9123291 0.4092152 -0.4474801 0.705416 0.5496816 -0.4473931 0.705788 0.5492749 -0.4458611 0.7056967 0.5506361 -0.4451493 0.7058267 0.5510452 -0.4451409 0.705733 0.551172 -0.06474214 0.8202086 0.5683893 -0.4453184 0.7056995 0.5510715 -0.4455047 0.7051568 0.5516155 -0.4460096 0.7056052 0.550633 0.2283597 0.8087968 0.5419407 -0.4452994 0.7055788 0.5512415 -0.4469469 0.7064239 0.5488204 -0.4442937 0.7064481 0.5509395 -0.4460718 0.7056078 0.5505795 -0.4458581 0.7057344 0.5505903 -0.4458541 0.7056884 0.5506523 0.2472875 0.6101467 0.7527084 0.6604227 -0.7469325 -0.07703107 0.4486383 -0.7051335 -0.5490997 0.4515724 -0.7010831 -0.5518741 0.4410569 -0.7204504 -0.5351824 0.440401 -0.7098516 -0.5496888 -0.4350922 0.7053927 0.5595678 -0.4346148 0.7119926 0.5515221 -0.4433475 0.710583 0.5463652 -0.448693 0.7014237 0.5537864 -0.444238 0.7015401 0.5572201 0.2643743 0.8219893 0.5044204 0.8466762 0.3989479 -0.3521078 -0.2381454 -0.6865836 0.6869423 -0.5108771 -0.6862983 -0.5176866 0.4216949 0.8576506 0.2942938 0.4580973 -0.7007822 -0.5468558 0.8566641 -0.4066993 -0.317368 -0.6083816 -0.01071161 -0.7935725 -0.3281075 0.8146442 0.4782265 0.6786956 -0.5940063 -0.4318898 0.7965306 -0.5928431 -0.1186434 0.4665895 -0.7873981 -0.4028629 0.3688573 -0.413711 -0.8323386 0.5256401 -0.5697701 -0.6317155 0.4421462 -0.837452 -0.3212178 0.4201827 -0.8238318 -0.3804574 0.708615 -0.7030319 0.06009119 0.5991486 -0.4794108 0.6412382 -0.236271 -0.9698972 -0.0589534 -0.4066387 0.4640197 0.7869758 0.1906138 -0.5892366 0.7851539 -0.5991806 0.584568 0.5470493 -0.2512975 0.8243245 0.5072858 -0.5534543 0.7251981 0.4096049 -0.1532829 0.6214302 0.7683286 0.4872268 0.421867 0.7646166 0.3112415 -0.7023659 0.6401649 -0.4683015 -0.691925 0.5494849 0.4432461 0.7886423 -0.4261177 -0.1770315 0.9776921 0.1130393 -0.4210391 0.836461 0.350798 -0.5884598 -0.3387517 -0.7341406 0.1244947 -0.9726528 -0.1960809 -0.5602266 -0.7660255 0.3152002 0.6732955 0.108846 0.7313179 0.2199007 -0.965164 -0.1417827 -0.1148543 0.9892678 -0.09031975 0.1546445 0.08966976 -0.9838925 -0.1167165 -0.9271205 0.3561247 0.3538638 0.9201247 0.1677828 -0.2008731 0.9552655 0.2170667 -0.1669276 0.7201088 -0.6734824 -0.2278164 -0.9734036 -0.02419114 0.1362396 0.8968144 0.420907 -0.3303833 -0.9145442 -0.2333582 -0.9478272 -0.2786077 -0.1549236 -0.545683 0.5766516 0.6080321 0.1803427 -0.8700951 0.4587057 0.3779602 0.7016827 0.6039766 -0.913208 -0.334384 0.232892 -0.4558689 0.8264474 -0.330406 0.3004823 -0.6399009 -0.7072746 0.4122806 -0.9091256 0.05929201 -0.4564062 -0.7027176 0.5457851 -0.963798 -0.2334292 0.1288582 0.3412087 -0.7069533 0.6195109 0.03176778 -0.9965568 -0.07658708 0.1434351 0.6581171 -0.7391267 0.947719 -0.02009207 -0.3184728 -0.2395223 -0.9708597 0.007791221 0.03496176 0.9952036 0.09136492 -0.3036274 0.9522333 -0.03259235 0.3070788 -0.9426717 0.1306633 -0.2187113 0.9757242 -0.01129734 0.03824537 -0.9964159 0.07544922 0.02724951 -0.9982234 -0.05298656 -0.09148591 0.994877 -0.04301232 0.2933673 -0.59823 0.745692 -0.6012909 -0.7958797 -0.07088553 0.5377764 0.7397016 0.4045221 -0.112209 -0.7978858 0.592273 0.6796683 -0.7095419 0.1860144 0.4807543 0.04490816 0.8757047 0.1601999 0.981803 -0.1019756 -0.593463 -0.7040693 0.3899848 -0.282132 -0.2217518 -0.9333958 -0.5627315 0.6873475 -0.4592243 0.170939 -0.9606436 -0.2189608 -0.8188059 -0.5402085 -0.1942467 0.7360407 0.6548232 0.1716122 -0.1808286 -0.7028834 0.687936 0.1443763 0.7254449 0.6729676 0.09016901 -0.9462139 -0.3107233 0.701579 0.6919795 0.1701508 -0.2390239 -0.7165678 0.6552849 0.7112784 0.4314234 -0.5549387 0.8763775 -0.3296179 0.3511618 -0.1590144 0.9870585 0.0207355 0.8261815 0.5584983 -0.07418793 0.8659504 0.1534498 0.4760074 -0.5523971 -0.8329083 0.03348338 0.8408727 0.5185222 0.1551386 0.07037091 -0.5961853 0.799757 0.610513 0.6821943 -0.4023491 0.6139561 0.7551758 0.2297117 -0.3840308 -0.916608 -0.1111323 0.3990858 -0.9127223 0.0875703 -0.6206573 -0.6579224 -0.4265241 0.5219003 -0.5843905 -0.6213758 0.633112 0.7593503 -0.1501885 -0.2241194 0.1479359 0.9632682 -0.8187065 0.4266351 -0.3843207 0.03923904 0.7046914 0.708428 0.5193822 0.8209872 0.237112 -0.4283079 -0.8892869 0.1603783 0.6476365 0.6305135 -0.4278081 -0.5012331 -0.656219 0.5640408 0.7311933 0.5680002 -0.3777993 0.03471326 0.5119771 -0.8582975 0.8027858 -0.2780715 0.5274574 0.3722152 0.1177926 0.9206416 -0.2558888 -0.3241488 -0.9107407 0.07108092 -0.9762064 -0.2048624 -0.0361945 -0.9901711 0.1350969 -0.2122976 -0.5718578 0.7924067 -0.5284361 -0.6644708 0.5284258 -0.6556475 0.7056828 0.2685858 -0.8695632 -0.4354036 -0.2329888 -0.7070986 0.005239307 -0.7070956 -0.8105973 -0.1816822 -0.5567079 -0.2044323 -0.6131679 -0.7630416 0.1883689 -0.6857575 -0.703032 0.5484456 -0.6312087 -0.548437 0.8523638 -0.4352021 -0.2899575 0.8262711 -0.5179405 -0.2213908 0.5607291 -0.8142567 0.1502302 0.3451153 -0.8728073 0.3451129 -0.59467 -0.5410529 0.5946674 -0.2178248 -0.9742415 -0.05835962 -0.1614444 -0.9735873 -0.1614425 -0.08147752 -0.9491465 -0.3041093 0.2863226 -0.4969714 -0.8191697 0.2210744 -0.5198623 -0.8251481 0.6840877 -0.2530969 -0.6840804 0.9487372 0.1877556 -0.2542554 0.4561727 -0.7640779 0.4561706 0.1219056 -0.8821021 0.4550109 0.5521054 0.54588 -0.6302339 -0.8203007 -0.5713256 -0.02634346 0.2871748 -0.4040986 -0.868467 -0.7030447 0.5592218 0.4393168 0.05480772 0.8288519 0.556777 -0.8161337 -0.5481327 0.1829658 -0.8560406 -0.5104252 -0.08161348 0.7069864 -0.6155575 -0.3482229 -0.1637699 0.6879407 -0.7070481 0.3239824 -0.9454007 0.03539758 -0.2082467 0.36464 0.9075633 -0.8714981 -0.325021 -0.3672227 -0.7004783 -0.6667594 -0.2544841 -0.2179325 0.8791581 -0.4237765 0.4746598 0.6708592 0.5697773 0.03359913 -0.9686175 -0.246275 0.2954213 -0.8754209 -0.3825762 0.6719533 0.6997148 0.242648 -0.5770873 0.6671979 -0.4709749 -0.7800736 0.5055361 -0.3686712 -0.6972881 0.6936861 -0.1805242 -0.1648917 0.8403873 -0.5162944 0.4094785 0.7961912 0.445429 0.3084648 -0.640439 0.7033402 0.1306329 0.9807697 0.1450029 -0.2039288 -0.1338102 0.9697979 -0.5886117 0.7817927 0.2057579 0.4822075 -0.02418911 0.8757231 -0.2340412 -0.07198888 0.9695578 0.2928829 0.7085849 -0.6419713 -0.08501255 0.6825013 -0.7259235 -0.009317398 0.882256 -0.4706777 0.2567855 0.7732692 0.579755 -0.7718437 0.6328533 -0.06127142 -0.9216559 0.1067957 -0.3730217 -0.5446761 0.6114173 -0.5740183 0.09787702 0.9920366 -0.07926976 0.5449914 -0.8366198 -0.0552442 -0.8493446 -0.5148611 0.116327 0.2772309 0.8457054 0.4559885 -0.2601293 0.7887407 -0.5569748 -0.5232149 0.3531516 -0.7755837 0.2973901 0.9311809 0.2108588 -0.2700299 -0.9478447 0.1693353 -0.07983553 0.99637 -0.02955311 0.08874332 -0.9956759 0.02745974 -0.6770412 -0.580425 -0.4524623 -0.06302797 0.4951907 0.866495 -0.3664259 -0.9175036 0.1546589 0.3773441 0.8660625 -0.327944 -0.08353531 0.8949192 0.4383395 -0.1489118 -0.9881839 0.03630155 0.2152472 -0.9685449 0.1248585 -0.7890205 0.5483003 0.2771525 0.1478713 0.9885395 -0.03039252 -0.2669805 0.5862533 -0.7648717 0.2237329 -0.1456595 -0.9637049 0.08706063 -0.7068209 0.7020149 -0.4041876 -0.4281709 0.808271 -0.05591118 -0.7925629 -0.6072217 -0.6508696 0.6489325 0.3940247 0.1637001 -0.9228372 0.3486742 0.02023041 -0.8723888 -0.4883939 -0.3999222 0.7997902 -0.4476584 -0.5346566 -0.8255995 0.1803549 0.3187885 0.8921914 0.3199509 -0.1227751 -0.6749526 0.727575 -0.5777258 -0.4784262 0.661318 -0.3643648 0.8067702 -0.4651453 0.529354 0.7429214 0.4096977 -0.5048319 -0.6858412 -0.5241822 -0.2344908 0.712332 0.6615114 0.1220982 0.7113626 0.6921383 -0.8558963 0.3596954 0.3715654 -0.9316825 0.004070341 0.3632511 -0.2130647 0.7346183 0.6441579 -0.4901098 0.7171481 0.4954707 -0.4628412 0.710408 0.5301873 0.4487086 0.7341399 -0.509607 -0.9268025 0.2986842 -0.2276512 -0.7375957 0.5843908 -0.33829 0.8258813 0.1336452 0.5477766 -0.6053 -0.7085085 0.3628051 -0.07870984 -0.7480375 0.6589725 0.7515597 0.06055146 -0.6568802 -0.4676319 0.7214354 -0.5107362 -0.8828224 0.4288688 -0.1915625 -0.3185942 -0.6399787 0.6992318 -0.1441239 0.5190249 0.842521 -0.6660168 -0.6917867 -0.2790214 0.4645284 0.8086136 -0.3610503 -0.333679 0.720211 0.6082388 0.6864703 0.6994296 0.198889 -0.4370103 0.7417702 -0.508723 -0.1097332 0.385478 -0.9161689 -0.790057 0.0140779 -0.6128718 0.6478794 0.7177832 -0.2550289 0.4216781 0.6308901 -0.6512797 -0.8370764 0.5251244 -0.1534518 -0.4718405 0.729689 0.4948946 -0.6568353 0.004092454 -0.754023 -0.2324083 0.7668268 0.5983002 0.61161 0.7542985 -0.2386778 -0.5410147 0.832433 -0.1198278 0.0302549 0.967993 -0.2491472 -0.3219946 0.9272351 -0.1911922 0.03377741 0.4633762 -0.8855177 0.4181064 0.1168583 -0.9008502 0.8262553 -0.07732951 -0.5579627 0.3146656 -0.06418395 -0.9470301 -0.3164132 -0.8118133 -0.4907565 -0.362066 -0.8536044 -0.3745237 -0.3897187 -0.899428 -0.1978604 -0.7175964 -0.6087394 0.3383664 -0.9314462 -0.2537078 0.2608454 -0.0757848 -0.2171093 0.973201 0.005455791 -0.448787 0.8936221 -0.4272422 -0.7388951 -0.5210548 -0.4240032 -0.6952714 -0.5803611 -0.4224243 -0.6630845 -0.6179618 -0.6752541 0.7365059 0.03988939 -0.2599838 0.6690656 -0.6962469 0.2125186 0.5084119 -0.8344778 0.1705644 -0.9815363 -0.08657032 0.9696177 0.161131 -0.1840607 0.9021459 -0.4300574 -0.03440582 0.2612299 -0.6662629 0.6984645 -0.6717383 -0.2965303 0.6788502 -0.9660779 -0.1929473 0.1716539 -0.6922655 0.6130843 -0.3806523 -0.1872189 0.9547573 -0.231058 -0.3685116 0.8605756 -0.3515806 0.2541977 0.6333517 -0.7309235 0.6957821 0.3979303 -0.5979455 0.9633634 0.2376934 -0.1242292 0.9634979 0.2178775 0.1555678 0.239077 -0.7432445 -0.6248438 0.0227316 -0.772133 -0.6350542 -0.04556143 -0.7770196 -0.6278254 0.1116029 -0.8919844 -0.4380741 -0.2933475 -0.9216892 -0.2538431 -0.4766157 -0.869578 -0.1291192 -0.5324588 -0.7229604 -0.4402453 -0.5304288 -0.4685915 -0.7064469 -0.4489861 -0.09113806 -0.8888787 -0.2059618 0.4714525 -0.8575035 0.3750937 -0.5264839 -0.7629676 0.6121707 -0.480974 -0.6276233 0.6754697 0.3586291 0.6443027 0.9666167 -0.2176909 -0.1351402 0.4044706 -0.7906666 -0.4596192 0.2601725 -0.8454235 -0.4664433 -0.4188533 -0.257326 0.8708302 -0.2304939 -0.3784514 0.8964638 -0.6100911 -0.7176365 0.3358374 -0.8213739 -0.5597198 -0.109812 -0.9221259 -0.07145255 -0.3802347 -0.4475297 -0.8839223 -0.1356411 0.2772895 -0.6384256 -0.7179996 0.367207 -0.5440872 -0.7544059 0.5020182 -0.3541197 -0.7890355 -0.2018436 0.2738949 -0.9403408 0.7472259 0.6400174 0.1789726 0.8980066 0.1222732 0.4226505 -0.3252106 0.7504873 0.5753321 0.181518 -0.4231423 0.8876948 0.009480416 0.2959443 0.9551581 -0.04064339 0.2779173 -0.9597448 -0.3453147 -0.8565061 -0.3836081 -0.9267433 -0.2413436 -0.2879242 -0.7085829 -0.2650807 -0.6539437 -0.3036439 -0.04196149 -0.9518612 0.01489764 0.3735991 -0.9274706 0.5128222 0.8428431 -0.1631844 0.8326889 0.5108738 0.2136287 0.337715 0.006073534 0.9412289 -0.2895118 -0.01171749 0.9571028 0.8840054 -0.2162367 0.4144589 0.4992458 -0.8540881 -0.1459013 0.342367 -0.9114339 -0.2281956 -0.9681764 -0.1775859 -0.1763461 -0.9511981 -0.2889208 -0.1083847 0.6130241 -0.7687341 -0.182344 0.6776257 -0.7153654 -0.1705161 0.7142892 -0.6796034 -0.1671236 0.7039 0.6604341 -0.2614415 0.7570089 0.6035038 0.2504416 0.1143517 0.2468034 0.9622951 -0.05390226 -0.310101 0.9491744 -0.3824276 -0.6115335 0.6926586 -0.7766097 -0.5707244 0.2667419 0.070427 -0.9973608 -0.01765304 0.2840088 -0.9210476 -0.2664777 -0.3687279 0.6806184 0.6330865 -0.06903082 0.3929635 -0.9169595 0.4946969 0.4931908 -0.7155682 0.7090221 0.3922626 -0.5860186 0.6745864 0.6916638 0.2579429 0.2128948 0.7608386 0.6130259 0.2069486 -0.4953153 0.8437032 0.4654915 -0.7895054 0.3999987 0.775458 0.5841634 -0.2396205 0.438692 0.8981199 0.03049576 -0.5887528 0.5538464 -0.5887481 -0.8958395 0.3739856 -0.2400138 -0.7047439 0.08175539 0.7047356 -0.2203933 0.5241723 0.8225997 0.2122005 0.5724264 0.7920222 0.6758303 0.2941388 0.6758224 0.8805465 -0.4110361 0.2359816 0.3663985 0.7154211 0.5949158 0.09304344 0.9953498 -0.02493482 0.07141482 0.994887 -0.07141393 0.0386393 0.9887908 -0.144222 -0.1664547 0.7656998 -0.6212864 -0.5037308 0.7017946 -0.5037257 -0.9711909 -0.1020395 0.2153514 -0.8632149 -0.448738 -0.2312882 -0.9612351 -0.09850949 0.2575324 -0.6781346 0.283321 0.6781318 -0.2243086 0.4987207 0.8372355 -0.1994102 0.5047841 0.8398981 0.08999937 0.9375919 0.3358891 0.1650312 0.9723834 0.1650312 0.2109203 0.9758685 0.05651021 0.2637286 0.9620051 -0.0706638 0.1794283 0.7206677 -0.6696594 0.2597954 -0.90741 0.3303232 0.1700844 0.9050611 -0.3897895 0.3653196 -0.8130239 -0.4533587 0.7142727 -0.5951815 -0.3682032 0.9314221 -0.2795289 -0.2330588 0.8826227 0.4553288 0.1168462 0.8137597 0.5264251 -0.2463166 0.7706651 0.5616851 0.300974 0.395368 0.6406919 0.6581779 -0.2260865 0.6904355 0.6871563 -0.5428536 0.6654069 0.5123901 -0.2360396 -0.08934879 0.9676271 0.1772614 -0.7176787 0.6734358 0.2498341 -0.8309444 0.497106 -0.2754936 0.6397867 0.7174791 -0.6321159 0.2236763 0.7418885 -0.9075459 -0.07676815 0.4128766 -0.9693492 -0.1709517 -0.1764588 -0.7274991 -0.04467296 -0.6846528 -0.1868929 -0.3905849 0.901396 0.2557992 -0.8754544 0.4100567 0.4144437 -0.9083954 -0.05526494 0.3079356 -0.8970648 0.3169391 0.6581835 -0.7437984 0.116441 0.9051638 0.08157122 -0.4171625 0.2026402 0.818668 -0.5373266 -0.09733045 0.8807735 -0.4634274 0.2945808 0.7953152 -0.5298075 0.06268697 0.9489618 0.3090985 -0.5800372 0.8124979 -0.0583449 -0.9652553 0.1568323 0.2090117 -0.3978062 -0.8854159 0.2403934 -0.1041002 -0.9861126 0.1294031 0.1197511 -0.9927722 0.007949829 0.1843951 -0.9342485 0.3052509 0.2389396 -0.7951143 0.5574057 0.2640318 -0.7178462 0.6441926 0.3857815 0.1556529 0.9093651 0.9602912 0.2567913 0.1090839 0.7077947 0.415106 0.5715888 0.2620331 0.6531317 0.7104631 -0.8962031 -0.4410088 -0.04828554 -0.04712682 0.9637537 0.2625984 -0.2467073 0.7305413 0.6367456 -0.7161331 0.4706147 0.5154371 -0.9563978 0.2772865 0.09173512 -0.3405447 -0.8633469 0.3723726 -0.4332699 -0.7971865 0.4204412 -0.2660816 -0.8584346 0.4385096 0.3116012 -0.9212625 0.2327669 0.7734651 0.321916 -0.5460053 0.9098381 -0.1617831 -0.3821266 0.9350432 0.004551112 0.3545044 0.6719487 0.3234719 0.6662215 0.281084 0.7320424 0.620569 0.1322854 0.8675873 0.4793673 -0.268665 0.6228774 0.7347401 -0.8087423 0.5752251 -0.1226871 -0.5313396 0.5054546 -0.6798484 -0.6262602 0.5113647 -0.5884763 -0.630342 -0.7275437 0.2708306 -0.4861184 -0.7992587 0.3533757 -0.3833999 -0.8402606 0.3833625 0.2863632 -0.8901168 0.3545256 0.5672921 -0.7721647 -0.2862544 0.230793 -0.8597854 0.4555257 0.02700191 -0.7049974 0.7086957 0.9438557 0.3158589 -0.09679824 0.3235923 0.6454022 0.6919133 0.5300206 -0.5950304 -0.6041663 -0.5218123 0.5767034 0.6285898 -0.6987077 0.6645072 -0.2650243 -0.185187 -0.934029 -0.3054433 0.2535293 0.5982254 -0.760164 -0.01132911 -0.3467605 -0.9378854 -0.1517249 -0.793457 -0.5894111 -0.4086413 -0.9070931 -0.1009682 -0.4652306 -0.8811011 0.08497822 -0.5001144 -0.7513498 0.4305335 -0.1837103 0.7800794 -0.5981025 -0.5852564 0.4111365 0.6988862 -0.8325058 0.5095509 0.2174669 0.06954526 -0.1279878 0.9893345 0 -1 0 0.5833398 0.8067587 -0.09410142 -0.4704032 -0.658561 -0.5873827 -0.5346388 0.735435 0.4162892 0.8828243 0.4650159 0.06619554 -0.1155347 0.2378722 0.9644007 -0.5117432 -0.6540979 0.5570234 -0.3416298 -0.7076233 -0.6185131 -0.7295044 -0.6250053 -0.2778342 -0.1364762 0.6573914 -0.7410876 0.1377293 0.8702943 0.4728834 0.8631292 0.4850255 0.1405648 0.006886303 -0.8006988 0.5990275 0.1272423 0.9675832 -0.2181567 0.6763218 0.7354978 0.04039835 0.01521742 -0.8792999 -0.4760252 0.8764024 -0.1033928 0.4703497 0.7549207 0.6090275 -0.2432701 0.6460641 -0.6221224 -0.4422273 -0.07087516 0.6570358 -0.7505202 -0.02189421 -0.9747314 0.2223051 -0.00916332 -0.8307009 0.5566436 0.5030561 -0.2442391 -0.8290247 0.7457156 -0.6465282 -0.1609647 0.6641235 0.744198 -0.07148009 -0.8683634 -0.4716539 -0.153257 -0.13076 -0.9857944 -0.1054105 -0.4417582 0.8574125 -0.2639955 0.01226061 -0.9962095 -0.08611917 0.1730328 -0.9562613 0.2358473 0.7409185 -0.5887145 0.3231952 0.9289985 -0.3274859 -0.17238 0.7223625 -0.3567552 -0.5923834 0.5501336 -0.4519455 -0.7022097 0.1665992 -0.7518278 -0.6379653 -0.05719703 0.7592678 0.64826 0.1199755 0.7950125 0.5946099 -0.6052134 0.2247946 0.763665 0.4705555 -0.746086 -0.471098 0.6882084 0.07368177 0.721762 -0.2377238 0.9128025 -0.3320826 0.07050746 -0.9903916 0.1189675 0.1656779 -0.8776956 0.4496679 0.6906868 -0.4567986 0.560613 0.9578318 -0.2801129 0.06399333 0.8357298 -0.4045119 -0.3713837 0.6915747 -0.53199 -0.4885808 0.3158801 -0.8434907 -0.434446 0.6927863 0.7106099 0.1228047 0.9538632 0.07660007 -0.2903062 0.4567155 -0.7315804 -0.5061632 -0.9659308 -0.002221584 0.258791 -0.004232466 0.715652 -0.6984443 -0.116651 0.8324754 0.5416432 0.6813961 -0.7043276 0.1990528 0.2965652 -0.9095717 0.2910818 0.3443191 -0.8042252 0.4844236 0.6046163 -0.4313903 0.6695832 0.946488 -0.04595482 0.3194507 0.9981831 -0.04610919 -0.03878843 0.727493 -0.5163842 -0.4517757 0.3857594 -0.9069461 -0.1692294 0.5821878 0.8129305 -0.01419246 -0.2108536 -0.7358874 -0.6434365 0.1076765 0.9925699 -0.05666488 0.288589 0.9422223 0.1700987 0.6393738 -0.6454108 -0.4179069 0.5195896 -0.8543757 -0.008305788 -0.818731 0.07063734 -0.5698159 0.8056522 0.5922135 0.01441389 -0.2002152 -0.6004245 -0.7742121 -0.7073233 0.05679571 -0.7046049 -0.2733624 0.7368454 0.6183298 0.5488525 -0.708943 0.4429004 -0.07608383 -0.86595 0.4943095 0.2690306 -0.5405385 0.7971453 0.6512576 -0.3631086 0.6663451 0.8718316 -0.3951122 0.2894757 0.722249 -0.6709333 -0.1679432 0.4461419 -0.8569508 -0.2580562 -0.07002961 -0.9834403 0.1671553 0.3333368 -0.7775108 0.5332576 -0.4839755 0.8426702 0.2359553 0.2284748 -0.9554087 -0.1870657 0.1920658 0.4705468 0.861218 -0.439354 0.6832469 0.5832169 -0.9635596 0.2541767 0.08335083 0.03340762 0.248088 -0.9681614 0.4165043 -0.1379941 0.8986 0.9279475 0.3723767 0.01578718 0.6124573 -0.7582596 0.2234694 -0.1751126 -0.8257359 -0.5361865 -0.04433041 -0.9358607 0.3495707 -0.390877 -0.5911956 0.7054807 -0.2597574 -0.6144784 0.7449446 -0.7454662 0.5508397 0.3753077 -0.242884 -0.4453039 0.8618073 0.4101672 0.6983945 0.5865219 0.7430662 -0.2255219 -0.6300735 -0.9027411 -0.4291304 0.03009533 0 1 2.57049e-6 0.2272233 -0.6585576 -0.717406 0.2857447 0.7330977 0.6171854 -0.788531 -0.4532203 -0.4157046 -0.07204425 0.7554404 0.6512446 0.1248006 -0.1786295 -0.9759695 0.05891281 0.7452104 -0.664222 0.809857 -0.5347999 -0.2410822 -0.1473089 -0.7828834 0.6044781 0.2032292 0.9202921 -0.3343057 -0.5209599 0.8379333 -0.1626916 0.7795062 0.4186806 -0.465915 0.07400566 -0.7055963 0.704739 0.6233197 0.04318964 0.7807736 0.6211911 -0.6506517 0.4367768 0.6513733 -0.2320696 -0.7223964 -0.08275747 -0.9741412 0.2102385 0.8225376 -0.3092269 0.4772953 -0.9518479 -0.2996376 -0.0648303 -0.965936 0.1717918 0.1935338 -0.1509918 0.06252562 0.9865557 -0.517008 -0.6420886 -0.566061 -0.5877055 0.5264601 0.6143631 -0.7490682 -0.5495782 -0.369947 0.6600667 -0.7360974 -0.1499085 0.6158088 0.6985653 0.3643983 0.4528262 -0.7267606 -0.5164955 0.1415619 0.9858843 0.08940011 -0.2014021 -0.7055653 0.6794224 -0.2055341 -0.7079449 0.6756995 0.07408994 0.05883502 0.9955146 0.7430733 -0.2941238 0.6011101 0.1237921 -0.894514 0.4295585 0.1983146 -0.8551462 -0.4789534 -0.5766217 -0.7972197 0.1787413 -0.9610351 0.2508265 0.1161805 -0.6802208 0.6317611 0.3717226 0.8759809 -0.446706 -0.1819654 -0.8754632 -0.1983701 -0.4406967 0.3594909 -0.4382891 0.8238137 -0.146274 -0.67483 0.7233316 -0.629102 0.7168146 0.3006784 -0.7851597 -0.5916796 0.1828652 0.9242814 -0.2115663 0.3177165 0.5031614 -0.1604278 0.8491712 0.599721 -0.763262 0.2403451 0.964978 0.251695 0.07393997 0.5873358 0.1180792 0.8006836 0.8881327 -0.140689 0.4375239 0.1940788 -0.9777922 0.0790956 -0.4624214 -0.8371126 -0.2922483 -0.8016054 -0.5366134 0.2635811 -0.3444414 0.9370359 0.05765402 -0.497461 -0.1735215 0.8499547 0.04107969 0.5854914 0.8096371 0.808498 -0.5858346 -0.05593627 -0.7185776 -0.1001397 -0.6881993 0.6111441 0.6432702 0.4612012 -0.4045741 0.5776444 -0.7089759 0.516161 0.8455926 0.1362019 0.787701 -0.2967385 -0.5398827 0.6228307 0.7508679 0.2197259 -0.8101619 -0.07660973 0.5811787 0.5499286 -0.2743456 -0.7888683 0.5256875 0.6154794 0.587229 -0.6302785 -0.1642789 0.7587894 0.6228749 -0.7082411 -0.3322973 0.5728837 -0.3947069 0.7183389 -0.02829563 -0.3606598 0.9322682 0.5262861 -0.6550821 0.5421167 0.4653294 0.7548853 -0.4621869 0.570859 -0.7803838 -0.2551887 -0.9048067 -0.1645789 0.3927324 0.2635005 -0.8041313 0.5328605 -0.8791738 0.03970754 0.4748442 0.5286964 0.7245399 -0.442179 0.8508485 -0.01128691 0.5252899 -0.1555148 -0.05487197 -0.9863085 -0.006975114 0.9999748 -0.001360714 -0.01628625 0.6839125 -0.7293823 -0.9552342 0.005453944 -0.2958003 -0.03962844 0.8565862 -0.5144801 0.5171034 0.8554776 -0.02760797 0.09659272 -0.6796407 -0.7271578 -0.6400499 0.6330308 -0.4354401 0.1540493 0.6495113 -0.7445831 0.3391314 -0.7981325 -0.4979704 -0.8170945 0.5625936 -0.1258777 0.6885201 -0.3729842 -0.6219508 -0.8484628 0.03912895 -0.5278067 0.7077144 -0.7027301 -0.07287448 0.05148726 -0.981929 -0.1821118 -0.9415858 -0.3312717 -0.06062436 -0.7514045 -0.6273112 0.2046268 -0.4141101 -0.8993942 0.1400107 -0.09960383 -0.9443259 -0.3135724 -0.09071224 -0.7824845 -0.6160271 -0.5336989 -0.3007652 -0.7903834 -0.7888517 -0.1973026 -0.5820523 -0.295584 -0.8525429 -0.4310461 0.1399034 0.9679031 -0.2087841 -0.2764562 -0.8529007 0.4428683 -0.939805 0.2351578 -0.2479261 0.5478681 -0.6987952 0.4599195 0.2566332 -0.6683367 -0.6981874 0.65613 -0.7222591 -0.2187129 -0.8271709 -0.5281394 0.1919823 -0.9585418 -0.02067279 -0.2842014 0.4948734 -0.8310818 0.2537783 0.003535211 -0.8136718 0.5813138 0.3429278 -0.8633174 0.3702483 0.3777029 0.8453865 -0.3777067 0.01370078 0.2306176 0.9729481 0.8746153 -0.1040129 0.4735288 0.7816937 0.4808375 -0.3971781 -0.2672364 0.9597025 0.08692449 -0.5522148 -0.7061896 -0.4431198 0.130836 -0.7781445 0.614307 -0.8723448 -0.4881808 -0.02634596 -0.245913 0.07870817 0.966091 -0.2337808 -0.9722497 0.00878483 0.7764465 -0.5679799 -0.2730013 0.7813048 -0.146377 -0.6067427 -0.3480449 -0.592876 -0.7261976 -0.3500462 -0.5967414 -0.7220578 -0.1777415 0.153316 -0.9720608 -0.2979026 0.760046 -0.5775674 -0.8740239 -0.04560375 -0.4837382 -0.8442088 0.4495402 0.2919336 0.563735 -0.7153595 0.4128723 0.3842735 0.2361364 -0.8925096 0.7521192 -0.4792978 -0.4523168 0.2311063 0.6951938 -0.6806582 -0.1374148 -0.5058946 0.8515796 -0.8215662 0.3741006 0.4302067 0.4909087 -0.8121693 -0.3152618 -0.7941219 -0.1137509 -0.5970185 0.9286957 0.3512337 0.1189931 0.9993788 -0.02981805 0.01879078 0.88564 0.1970981 0.4204689 -0.1981048 -0.9422139 -0.2701621 0.0241025 -0.9299967 -0.3667767 0.3116327 -0.5937123 -0.7418833 -0.06668907 -0.09312331 -0.9934187 -0.4143768 -0.05571246 -0.9083986 -0.7573463 -0.3912692 -0.5228146 0.2319145 0.8485723 0.4755429 -0.5878056 -0.7614948 -0.2731488 -0.09701991 -0.8381472 0.5367461 -0.3233204 0.9249244 -0.1999471 0.5651906 -0.5273559 -0.6343937 0.3695759 0.9290472 -0.01688224 0.3989439 -0.4845156 -0.7785168 -0.7021467 0.6867325 0.1881186 -0.04895025 0.2366288 0.9703664 -0.3193731 0.715898 -0.6208791 -0.1596822 0.6102602 -0.7759409 -0.5346993 -0.6991857 -0.4745905 0.2514557 -0.1390624 0.9578266 0.4007502 -0.8851991 -0.236267 0.4145556 -0.546557 -0.727612 0.2494465 -0.4239912 -0.8706365 -0.1771714 -0.3405376 -0.9233876 -0.5562465 -0.4869476 -0.6734032 -0.5234892 -0.8348216 -0.1703879 -0.2354068 -0.9718964 -0.001057326 0.1291801 -0.9912014 -0.02885192 -0.4531909 0.1208463 0.8831841 -0.7317576 0.6064397 0.3110654 -0.1129087 -0.6375377 0.7621007 0.627124 0.6712186 0.3951976 0.1674301 -0.7582938 0.6300457 0.6296238 -0.2508682 -0.7352817 0.233986 0.6229389 -0.7464569 -0.8274915 0.2889507 -0.48142 0.0363903 0.05315899 0.9979228 0.2964973 -0.9193822 -0.2585068 0.499757 -0.4087105 0.7636746 0.5715605 -0.6597282 -0.4879318 0.4961048 -0.3557317 -0.7920448 -0.358714 -0.8693182 -0.3400148 0.008071064 -0.1824097 -0.9831895 -0.3200435 -0.2575441 -0.9117255 0.1931989 -0.7948865 -0.5751779 -0.502593 -0.7326452 -0.458946 -0.2688519 -0.9212013 -0.2812593 -0.1402643 -0.8406797 0.5230525 0.222595 0.9479163 -0.2278293 -0.2070518 -0.7712488 0.6019176 -0.7758752 -0.5892814 -0.2253116 0.8543115 -0.1160059 -0.5066505 0.03645932 0.0826407 0.9959123 0.4416346 -0.7065162 -0.5529862 0.4478442 -0.7045437 -0.5505032 0.7741617 -0.5532855 0.3074883 0.9726658 0.1056167 -0.2068008 0.5022534 -0.2743206 -0.8200548 0.006496012 -0.7737867 0.6334129 -0.6090373 0.1496574 -0.7788942 -0.04356908 -0.7017638 -0.7110762 -0.5874081 -0.747909 0.3091664 -0.2563526 -0.6444789 0.7203682 0.5392857 0.6929765 -0.478492 -0.8873817 -0.371374 -0.2731946 0.2666432 0.7287254 -0.6307621 -0.1130632 0.986459 0.1188087 -0.3596566 0.9209868 0.1497678 0.115686 0.1870257 -0.9755194 -0.06910866 0.7956736 0.6017705 0.6086086 0.5874596 0.5333732 -0.319032 0.6454518 -0.6939817 -0.6517695 -0.7583379 -0.01097667 0.4046601 0.7315639 0.5486934 0.3395004 0.7535764 0.5629052 0.3515872 0.7377265 0.5763212 0.2784479 0.7310941 0.6228709 0.3022085 0.738999 0.6021218 0.3515644 0.7374832 0.5766463 0.3247739 0.7416879 0.586874 0.2881234 0.8220289 0.4911755 0.2905794 0.7492214 0.595173 0.3479337 0.7325335 0.5850958 0.3660408 0.7172669 0.5929101 0.3991852 0.6755715 0.6198826 -0.5865188 -0.1394147 -0.7978466 -0.3591852 -0.3127071 -0.8793181 -0.428579 -0.6935113 0.5791047 -0.9637355 -0.2324487 0.1310784 -0.4711555 0.8791124 -0.07192957 0.3379092 -0.7055404 0.6229206 0.3467222 -0.6970876 0.6275768 0.3410105 -0.7042706 0.6226676 0.343117 -0.7094106 0.6156358 0.3406168 -0.7054018 0.6216017 -0.02399098 -0.9882739 -0.1507949 0.09980607 -0.9880582 -0.1173874 0.1856496 -0.7030882 0.686441 0.04284518 -0.9940115 -0.100526 -0.03188484 -0.9944026 -0.1007323 -0.09981703 -0.9680283 0.2301257 -0.3496198 -0.9165114 -0.1943529 0.8432145 -0.21276 0.4936829 -0.04812771 -0.9881599 0.1456841 0.006029546 -0.9988808 -0.04691308 -0.3798118 -0.8803964 0.283981 -0.5342724 -0.7834402 0.3174499 0.1949923 -0.1951865 -0.961187 -0.2008693 -0.9783861 0.04911524 0.7605534 -0.6380947 -0.1199746 0.4668591 -0.8794682 -0.09261947 0.03540372 -0.9987344 0.03572553 0.1014177 -0.9948186 -0.007102549 0.03503829 -0.9990888 0.0243712 0.1435502 -0.9870285 -0.07189011 0.5031046 -0.7942666 0.3406268 0.01162475 -0.9984402 0.05461031 0.525398 -0.8281062 0.195441 -0.3983347 0.7035942 -0.5884596 0.9960025 -0.01902008 0.08727747 0.9177755 0.113821 -0.3804379 -0.6316382 -0.5865629 0.5069293 -0.2611178 -0.6251288 0.7355484 -0.05918526 0.8194198 -0.5701302 0.1410249 0.8505018 0.5067138 -0.6413455 -0.7623607 -0.08649939 0.5398397 0.8393833 0.06331646 0.3247789 0.9155412 0.2372825 -0.2373587 0.7283276 0.6428062 0.4051948 0.7439039 0.5314361 0.6581421 0.7525041 -0.02421951 0.6599059 -0.3589478 0.6600611 0.594085 -0.6463771 0.4788109 0.1423932 -0.9211732 0.3621661 -0.8114409 0.3748443 0.4483921 0.3985876 0.6280314 -0.6683595 0.669476 -0.7005672 0.2469969 0.4390649 -0.6833416 0.5833234 0.608326 -0.7089285 0.3568751 0.8157556 -9.01874e-4 0.578396 0.8385888 -0.1151303 0.5324601 0.7458879 0.6305981 0.21447 0.6248301 -0.0233581 0.7804114 -0.7724331 0.6207303 -0.1343169 0.8618274 0.4913004 0.1260066 0.03570652 0.9992094 0.01748633 0.2771818 0.9214785 0.2721172 0.5046769 0.8629615 -0.0244686 0.09984654 0.9797133 -0.17376 0.5082084 0.7021551 0.4987008 0.5006212 0.7332424 0.4601458 -0.3188855 0.8925974 -0.3187193 0.273801 0.9601342 -0.0563516 0.5327216 0.4670822 0.7057209 -0.02602052 -0.9063924 -0.4216347 0.4022102 -0.914564 -0.04242253 0.2238971 0.7947329 0.5641539 -0.07385277 0.9926725 -0.09564012 -0.05834889 0.9981377 0.01779162 -0.806921 0.5810051 0.1063573 -0.262879 0.9581027 -0.1137274 -0.02417552 0.9996441 0.01128679 0.02936786 0.9988327 0.03835284 -0.3299428 0.7717346 -0.5436576 0.08349704 0.9914523 0.1002526 -0.07986831 0.9961603 0.03585785 -0.1324653 0.9910846 0.0142914 0.1644685 0.9857856 -0.03430759 0.3093827 0.9509308 -0.003610193 -0.5883836 -0.01866328 -0.8083665 -0.873634 0.01265197 -0.4864192 0.1599369 -0.181909 0.9702213 -0.61102 -0.7293177 0.3078152 0.5568928 -0.5600168 -0.6133936 -0.4678057 -0.5786971 -0.6680327 0.4844229 -0.8541498 -0.1891095 0.3589595 -0.7298035 -0.5818377 -0.8519907 -0.2977571 -0.4306421 -0.6556139 -0.7375043 0.1620429 -0.9329233 -0.2118555 -0.2911555 -0.5605558 0.808113 -0.1809167 -0.7056868 0.708395 -0.01352214 -0.165531 -0.1277526 0.9778951 0.7293689 0.677182 0.09718847 0.3820673 0.8103477 -0.4442536 0.3805737 -0.6857749 0.6203842 -0.267902 -0.7833648 0.5608638 -0.1964326 -0.7062113 0.6802057 -0.2483591 -0.6706951 0.6989178 -0.09573358 -0.803523 -0.5875254 -0.5924065 -0.2650542 -0.7607897 -0.5546573 -0.2367408 -0.7976899 -0.6592528 0.1645441 -0.7336969 0.0800181 -0.8343022 -0.5454697 0.6693266 -0.2003472 0.715446 0.3068861 -0.8370439 -0.4529663 0.08019495 -0.9456186 -0.3152367 0.416476 0.6572995 0.6280965 0.2061113 -0.7368645 0.6438549 0.1547561 -0.7561784 0.6358024 0.1965448 -0.8109468 0.5511219 -0.6095279 0.7842642 -0.115783 0.6823676 0.692836 0.2331369 0.6852634 0.7259992 0.05778688 0.6913034 0.7203546 0.05646955 0.07065385 -0.9850032 -0.1574068 0.05584293 -0.9949207 -0.08375215 -0.613501 -0.7133325 -0.3387821 0.2703021 -0.9385937 0.2144263 -0.08838707 -0.9938435 0.06680572 -0.12621 -0.9810361 0.1471032 5.19042e-4 -0.9963364 -0.08552044 0.04611665 0.8000314 -0.5981833 0.1713011 -0.9605197 -0.2192209 0.2691032 -0.8870053 0.3752402 -0.3402727 0.8623039 0.375029 -0.1221573 0.7670009 0.6299106 -0.4380136 0.7991146 0.4117768 0.5959166 0.8013938 -0.05149197 -0.5906726 -0.7715381 -0.2362944 -0.1964135 -0.8313391 0.5199012 -0.4570525 -0.8751198 0.1589605 -0.3884356 -0.801284 0.4550405 0.07257157 -0.5737972 0.8157758 0.1291291 -0.8734075 0.4695585 -0.950505 0.2933888 0.1022902 -0.6757211 -0.7232373 -0.1425794 0.6735647 0.6942132 0.2537295 0.3932656 0.8874281 0.240445 0.4081673 0.6642621 0.6262232 -0.2502096 -0.7496477 -0.6127181 -0.1196899 -0.589182 0.7990864 -0.5308183 -0.6142222 -0.5839204 -0.6250011 -0.6150932 -0.48066 -0.8621354 -0.5054458 -0.03531777 -0.7528016 -0.6578592 0.02260822 -0.6312335 -0.7734635 0.05743318 0.9588257 0.07980996 -0.2725504 0.9274355 -0.3528573 -0.1239168 0.5983349 -0.6405646 0.4813237 -0.642526 -0.7658546 0.02504158 -0.7136414 -0.5737339 0.4019272 -0.3635803 0.1541782 0.9187157 -0.6999971 0.7130442 -0.0396493 0.2704747 -0.9617075 -0.04429841 0.2521892 -0.8382821 0.4834086 -0.6394453 -0.6381234 0.4288454 0.2932416 0.9535571 -0.06883418 -0.4811912 0.3584494 0.7999808 0.3928954 -0.5154932 0.7615118 0.2341725 -0.9435712 0.2341725 0.1620272 -0.9858309 0.04341334 0.1316828 -0.990664 -0.03527998 0.1052041 -0.9888701 -0.1052057 0.06019109 -0.9725781 -0.224653 -0.2100018 -0.5281999 -0.8227419 -0.2157197 -0.5525736 -0.8050637 -0.2876681 -0.9135073 -0.2876657 -0.2899819 -0.9538735 -0.07769173 -0.2873866 -0.9547145 0.07700169 -0.2787145 -0.9190418 0.2787123 -0.2759028 -0.9047764 0.324434 -0.4375017 0.2992786 -0.8479532 -0.2208288 -0.9499841 -0.2208281 -0.1223835 -0.9919407 -0.03279894 -0.09214317 -0.9954396 0.02469402 -0.06925874 -0.9951918 0.06925731 0.06248056 -0.9953389 -0.07346272 0.05730468 -0.9967109 -0.05730271 0.04325997 -0.9989966 -0.01159012 0.03719139 -0.9992586 0.009964227 0.031731 -0.9989927 0.03172951 0.0211023 -0.99667 0.07876414 -0.004682719 -0.980112 0.19839 -0.5522118 0.8263018 -0.1108492 -0.6559919 0.7256678 0.2075594 -0.6796449 -0.2491604 -0.689929 -0.914074 0.4023172 0.05108672 -0.1368894 -0.005388677 -0.9905717 -0.460666 0.01336312 -0.887473 -0.1326223 -0.9820851 -0.1338664 -0.9998211 0.0185334 0.003785431 -0.6520943 -0.4957809 0.5735628 -0.6408897 -0.7646641 -0.06744837 -0.01210594 0.6802139 -0.7329137 0.309816 0.8363068 -0.4523329 -0.6119452 0.7717912 -0.1728047 -0.3192202 0.7438242 -0.5872173 0.4832282 0.6469017 0.5899227 0.5474285 0.6834217 0.4829668 0.5970333 0.6924481 0.4050517 0.5732958 0.6915259 0.4394587 0.4187682 0.770242 0.4809996 0.4149378 0.7750905 0.4765095 0.5656979 0.6903789 0.4509578 0.5594052 0.688578 0.4614394 0.4490966 0.7237688 0.5238998 -0.1937426 0.4400966 0.8768004 -0.9867675 0.1278591 -0.09970939 0.2955388 -0.8752641 -0.3828442 0.5132707 -0.007658839 -0.8581927 0.1424522 0.03208154 -0.9892817 0.5364735 -0.7032762 -0.4664748 0.2341743 -0.7022938 -0.6722692 0.6589092 0.7436373 0.1133244 -0.1335619 0.7423818 -0.6565292 -0.4510437 0.7909678 -0.4134362 -0.2116901 0.9641946 -0.1597376 0.001348853 0.7216922 -0.6922128 -0.03853964 0.7316487 -0.6805917 -0.09043926 0.7472374 -0.6583746 -0.05557328 0.7532209 -0.6554158 -0.06152111 0.7381312 -0.6718463 0.01649492 0.768217 -0.639977 -0.7784127 0.2503631 -0.5756666 -0.4136571 0.8421434 -0.3459514 -0.7627443 0.3017013 -0.5720118 -0.6934949 0.6931802 -0.1963828 -0.7400879 0.6297003 0.2361089 0.2191346 0.8217351 0.5260527 0.03083288 0.7667194 0.6412416 -0.5701629 0.6018702 0.5591659 -0.4480163 0.6392318 -0.6250314 0.8251013 -0.5638921 0.03512501 -0.5529576 0.7577883 -0.3464026 -0.1364696 0.9797126 -0.146763 -0.1109222 0.988107 -0.1064935 -0.210096 0.5760255 0.7899711 -0.3593614 0.8908187 0.2780317 -0.1895804 0.9750247 -0.1156992 -0.7981323 0.595062 -0.09426641 0.3426071 -0.6111739 0.7135033 -0.3716285 0.7503786 -0.5466484 -0.3214766 0.8880716 -0.3286058 -0.1129789 0.8095418 -0.5760884 0.6102978 -0.748432 -0.2595882 0.6227617 -0.7056106 -0.3380557 -0.9614431 -0.2616527 0.08464652 -0.8633319 -0.3526385 0.3609768 0.6242014 -0.7058467 -0.3348927 0.6254331 -0.7044952 -0.33544 0.6227639 -0.7056133 -0.3380459 0.6228131 -0.7055916 -0.3380008 -0.9910054 -0.1291386 -0.03509479 0.2297796 0.7422648 0.6294794 0.2372276 0.6267921 0.7421959 -0.5660158 -0.3599846 0.741645 0.0953446 0.243485 0.965207 -0.5717425 0.8136147 0.1055536 -0.5563182 0.8029963 0.2137925 -0.01753228 0.9844183 0.1749668 0.003037452 -0.9882426 -0.152864 0.08400505 0.4846782 0.8706494 -0.07434129 0.5795661 0.8115273 -0.427999 0.8681743 0.2511782 0.1437746 0.7243234 -0.674303 0.04337865 -0.9541237 0.296254 -0.2330839 -0.9722918 0.01790225 0.1664326 -0.9599571 -0.2253501 0.02405071 -0.9950223 0.09670644 -0.1780325 -0.980776 0.07989454 -0.1090928 -0.9928347 -0.04876583 -0.3510903 -0.9363062 -0.008143544 0.08478528 -0.9878419 -0.1303077 0.1498 -0.9886085 0.01460522 0.106593 -0.9934174 0.04195195 0.1415418 -0.9873118 -0.0719828 -0.1152433 -0.991124 0.06627291 6.74103e-5 -0.9998975 -0.01431691 0.002492189 -0.9998883 -0.01474273 -0.1034236 -0.9909122 0.0860027 -0.01754951 -0.9960966 0.08650934 -0.2160122 -0.9741675 -0.06585216 0.1490848 -0.9887083 0.01515758 0.4970216 0.6182445 0.608887 -0.1591263 0.9414975 -0.2970883 -0.2506685 0.9217189 -0.2959722 -0.3157432 0.7213817 -0.6163722 -0.3979591 0.6358724 -0.6612828 -0.002437114 -0.9698756 -0.2435886 0.2928916 0.6726818 0.6794953 0.7588452 0.6263236 -0.1785292 0.5726494 0.6905735 0.441793 0.8466642 -0.3782688 -0.3742626 -0.9982632 0.002228915 0.05887001 0.6226748 -0.7223116 -0.3009022 0.4249687 -0.7440176 0.5155963 0.07756102 -0.6269885 0.7751579 -0.04226988 -0.7481386 0.6621948 -0.3686763 -0.9153582 0.1618558 0.3549911 -0.6392859 -0.6821253 0.2835205 -0.8122695 -0.5097397 -0.9369601 -0.2711334 -0.2204369 -0.3554598 0.8242056 -0.4408327 0.5264077 -0.7464848 -0.4070079 -0.9256734 -0.2237687 -0.3050518 -0.5448069 -0.005917012 0.8385407 -0.2733476 0.3296282 0.9036738 -0.6198105 0.1256674 0.7746242 0.04794675 0.7457672 -0.6644791 -0.5064277 -0.8484724 -0.1537066 0.6263201 0.1845418 0.7574084 0.3716386 0.6976117 0.6125542 0.4916882 -0.8008844 -0.3417995 -0.2082151 0.8606895 0.4646075 0.5626322 -0.718685 -0.4085791 -0.2338858 -0.07742094 -0.9691767 -0.2550124 -0.528067 -0.8100086 0.4415631 0.659088 0.6087898 -0.3975679 0.683198 -0.6125196 -0.5103232 -0.682147 0.5236847 -0.3194343 -0.7747297 0.54567 -0.3712045 -0.8796818 -0.2972663 0.223549 -0.1161314 0.9677497 0.7716184 -0.6340817 -0.05045419 0.5422431 -0.8295539 0.1334649 0.8008988 -0.2472276 -0.5453805 0.559595 -0.5847231 0.5873265 -0.1654682 -0.2298977 0.959045 -0.7829898 0.5377863 0.3125909 0.3066713 0.818189 -0.4863327 0.3955634 0.8423435 -0.3660424 0.001137018 0.9183494 -0.3957692 -0.2106844 0.5807241 -0.7863661 0.682576 -0.271025 0.6787014 -0.5042473 -0.8145008 -0.2869203 0.3406025 -0.8583739 0.383646 0.1658324 -0.9756553 -0.1435145 -0.4131925 -0.4642714 0.7834056 -0.2967103 -0.9549146 -0.0100556 -0.7184024 -0.6956073 -0.005347311 -0.6690207 -0.7347689 -0.1119196 0.5184184 0.8214374 0.2376616 0.6464253 0.758251 -0.08479297 0.4878315 0.8552698 -0.1747399 -0.190773 0.7874685 0.586088 0.3563697 -0.7343125 0.577742 -0.1879763 0.8910585 0.4131342 0.02853167 0.7310277 0.681751 -0.1629071 -0.8423071 0.51379 -0.2178709 -0.975968 0.004363298 0.04915809 -0.823148 -0.5656952 0.08562988 -0.7248076 0.6836092 -0.7847505 -0.01839262 0.6195389 -0.5394155 0.2108762 0.8152069 -0.6916058 0.6922835 -0.2059735 -0.6896228 0.6902921 -0.2188999 -0.6758255 0.721113 -0.1524993 -0.6657748 0.7243954 -0.1788724 -0.5719889 0.5415961 -0.6160377 -0.6066805 0.4356281 -0.6649564 -0.6583765 0.7274529 -0.1932688 -0.6453361 0.7337037 -0.2126506 -0.5050894 0.6671424 -0.5475453 -0.4082492 0.7917421 -0.4543976 0.5532996 -0.5686736 0.6086624 -0.2126264 -0.8418744 0.4960216 0.9483724 0.02591884 -0.3160982 0.8039825 0.02971273 -0.5939103 -0.6667435 -0.7229126 0.1812472 0.6815624 0.7310588 0.03202849 -0.3385593 0.7714225 -0.5387809 -0.172628 0.8943825 -0.4126494 -0.07453483 0.6583414 -0.7490201 0.3641911 0.910345 -0.196563 -0.3471486 0.4525044 -0.8214181 0.02690595 0.9994624 0.0187335 0.001457452 0.9999968 -0.002095401 0.03991353 0.9686893 0.2450472 0.2188711 -0.8180626 -0.5318544 -0.6341233 -0.6987867 -0.331036 -0.001462697 -0.9991921 -0.04016244 -0.2318623 -0.5838679 0.7780348 -0.1618403 -0.6958358 0.6997287 -0.5036594 0.8638806 0.006118655 0.6559168 -0.7190658 0.2296028 0.7922263 0.6085978 -0.04456621 0.5040055 0.749162 0.4298079 0.5535203 0.7385591 0.3848971 -0.3789526 -0.6210558 -0.6860646 0.1409279 0.7464988 0.6502913 0.1733718 0.8146634 0.553413 -0.6521982 0.6705743 0.3535076 0.1237199 0.8242192 0.5525906 -0.7187258 0.6150898 0.3241881 -0.4204303 0.8830143 0.2086246 0.09240323 0.7521592 0.6524708 0.0532068 0.7588312 0.6491104 -0.1198027 0.9905451 0.06684184 -0.02737456 0.7749788 0.6313943 0.1289774 0.7323938 0.6685538 0.2527653 0.8009033 0.5428294 0.1152866 0.6949247 0.7097808 0.9564049 0.2325536 0.1766593 -0.3338063 0.7040747 0.6267793 0.4574232 0.7394674 0.4939149 -0.2422545 0.7274603 0.6419612 -0.467763 0.7542586 0.4607513 -0.4640635 0.7603853 0.454378 -0.5027506 0.6959555 0.5127259 -0.5059024 0.6911226 0.5161516 -0.4327413 0.7131395 0.5515133 -0.4312151 0.7456866 0.5079421 -0.4128711 0.7398321 0.5312117 -0.4402261 0.7117669 0.5473472 -0.3903053 0.7358001 0.5534077 -0.3093289 0.7248249 0.6155847 -0.4441136 0.7112486 0.5448749 -0.4484646 0.7109222 0.5417279 0.4347665 0.3707422 0.8206877 -0.5686332 0.7426809 0.3536683 -0.1209579 0.9921678 -0.03118538 -0.4763 0.7733045 0.4184956 -0.2783949 0.9390777 0.2015677 -0.6685974 0.7092855 0.2233648 -0.6229891 0.728372 0.2852346 -0.5809104 0.7473387 0.3225338 -0.5908157 0.7553678 0.2834718 -0.6045108 0.7353683 0.3062683 -0.600728 0.7826178 -0.1632033 -0.5521684 0.8190667 -0.1556916 -0.4335906 0.8153564 0.3836578 -0.7454091 0.6386165 -0.1911391 -0.6596008 0.7402892 0.1299955 0.01540142 0.9993242 0.0333746 -0.2009766 0.7318466 0.6511597 -0.02543801 0.9723461 0.2321553 -0.6917654 0.7221133 -0.003624916 -0.6799215 0.7323212 0.03758335 -0.6610338 0.7449883 0.08959323 -0.6579441 0.7509526 0.05639129 -0.6710297 0.7388996 0.06121039 -0.6424971 0.7661753 -0.01315355 -0.541823 0.7954621 -0.2714185 -0.1354375 0.8292509 0.5422174 -0.6054046 0.7418885 -0.2882478 -0.2944011 0.7234168 -0.6244968 0.04512536 0.8874345 -0.4587197 0.5085816 0.8492308 -0.1419568 0.266927 0.7892237 0.5530606 0.1574216 -0.6325816 0.7583265 -0.0334593 -0.6655524 0.7456008 0.2292746 -0.3530623 -0.9070724 -0.6199587 -0.7748157 0.1237418 -0.6438546 -0.7446129 0.1760767 -0.78763 -0.57999 -0.2079679 0.5111877 0.5475432 -0.662483 0.1487126 0.9888554 -0.007053434 -0.4968504 0.7360429 -0.4597613 -0.5798643 0.7773047 -0.2440386 -0.5127909 0.7399286 -0.4353749 -0.220456 -0.6506943 0.7266335 0.2488074 -0.2752783 0.9286102 -0.00229448 -0.9999871 -0.004525899 0.6445913 0.6662246 0.3750291 0.491985 -0.8705663 -0.008067309 -0.233123 -0.9663199 -0.1089939 -0.5927772 -0.180966 -0.7847716 0.6845483 0.6980417 0.2100746 0.6855059 0.6989963 0.2036808 0.7129839 0.6958225 0.08651655 0.6884518 0.6997044 0.1909134 -0.9285207 0.3402151 0.1486716 -0.2491075 0.8352149 0.4902668 -0.1236773 0.9851121 -0.1194067 0.5535176 -0.2831948 0.7832106 0.2874777 0.7263215 -0.6243507 0.3872295 0.834128 -0.3927899 0.3201569 0.8206981 -0.4732381 0.38165 0.740157 -0.5536343 0.4077425 0.7448248 -0.5281878 -0.1778107 0.6013467 -0.7789515 0.2375258 0.8006155 -0.5500877 0.4288885 0.751392 -0.5014627 -0.08713924 0.3378187 -0.9371688 -0.2000288 0.6610794 -0.7231616 0.02589452 -0.07703793 -0.9966919 -0.3560473 0.7109108 0.606495 0.1353023 -0.8164822 0.5612933 0.6781215 -0.6857342 0.264424 0.9957922 0.03866505 0.08308517 0.6136563 0.706073 -0.3533936 0.493725 0.8529248 -0.1695734 0.382839 0.882892 -0.2719119 -0.8449298 0.5131112 -0.151032 -0.7260954 0.6544894 0.2107821 -0.4573775 0.7526255 0.4736673 -0.571544 0.7276331 0.379325 -0.6044256 0.7762017 0.1793899 -0.6150481 0.7868073 0.05148124 -0.7506369 0.6352301 0.1817338 -0.6835544 0.5902993 0.429302 -0.2011052 0.9546052 -0.2197401 0.02185398 -0.8820142 -0.4707158 0.7615579 0.1971089 0.6173959 -0.5578111 0.8051171 -0.2015773 -0.5081301 -0.689472 -0.5161708 -0.104532 -0.9781458 0.1797333 -0.06877738 -0.7005458 -0.7102854 -0.1025334 -0.9049591 0.4129601 -0.5382345 0.6326308 0.5568501 0.9257751 0.3394495 -0.1664775 -0.9649022 0.1422375 -0.2207538 0.6443339 -0.7129418 0.2766728 0.2590456 0.9656289 0.02135771 -0.4674991 -0.312907 -0.8267611 0.6175577 -0.7308824 0.2905747 -0.4029121 -0.837002 0.3702561 -0.738876 -0.6015236 0.3036967 0.2691128 0.6983122 -0.6632786 -0.1844516 -0.8446579 -0.5025243 -0.2050368 -0.3244141 0.923426 -0.4829525 0.06362819 0.8733317 0.2905969 0.7434828 -0.6023178 0.3568999 -0.5882236 -0.7256827 -0.597436 -0.5736441 -0.5603595 -0.6156682 -0.6825183 -0.3938546 -0.6827558 -0.595896 -0.4227916 -0.5747557 0.740363 0.3485952 -0.3155524 0.7239829 0.6134129 -0.2999894 0.503147 0.8104625 0.05502521 0.7226696 0.689 -0.2155242 0.8720722 0.4393628 -0.2123813 0.6982629 -0.6836104 -0.3845232 0.9121581 -0.1418078 -0.2226912 0.3680763 0.9027339 -0.6910855 -0.6989336 0.1841002 -0.1217294 -0.9882822 -0.09208941 -0.04454517 0.3525936 0.9347158 0.1082299 0.7746226 -0.623094 0.628278 -0.7547929 -0.1885589 0.7723039 -0.6351878 0.009128749 0.6210838 -0.7836433 0.01257759 -0.3189147 -0.8515321 -0.4161568 -0.2629781 -0.2096174 0.9417554 0.5947183 -0.8016862 -0.06007802 -0.2144362 -0.8082596 0.5483919 0.03333735 -0.7845011 0.6192309 0.3988133 -0.6619325 0.6346602 0.7389587 -0.6602008 -0.1344433 0.5040892 -0.863388 0.02134394 0.5371883 -0.8341082 0.1252689 -0.3356508 -0.7735808 -0.5375049 -0.5843781 -0.7015779 -0.4077877 -0.464867 -0.6506896 0.600418 0.9889819 0.1376674 0.05443 0.486411 -0.5980861 -0.6369438 0.38129 -0.6155509 -0.6897211 0.2355007 -0.7612065 -0.6042385 -0.27875 0.7318302 -0.6218706 0.0535385 0.9150002 0.3998852 0.7917898 0.59594 -0.1338827 0.6355412 -0.2244936 0.7387083 0.9461498 0.2012645 0.2535609 0.4407846 -0.7636761 0.4717073 0.1533278 0.9879109 -0.02286201 -0.7545597 -0.6419536 -0.1361449 -0.626182 -0.7634945 -0.1580262 0.02701044 -0.9087187 -0.4165342 -0.5231755 0.7322028 -0.4360808 -0.5482418 0.6790466 -0.4881871 -0.09178602 -0.9846025 0.1487725 -0.1391639 0.9709361 0.1947214 0.3165808 -0.7245025 -0.6122686 -8.04498e-4 -0.9899008 -0.1417602 0.1174179 -0.9928928 -0.01941537 0.1612813 0.8413293 -0.5159006 0.9872146 -0.1540581 0.04090684 0.2612413 0.7308414 -0.6305742 0.8755919 -0.1141914 0.4693605 0.0203104 0.5318858 -0.8465725 -0.439105 0.5447162 -0.7144727 -0.3710146 -0.2885532 -0.8826581 0.7365438 0.5958364 -0.3201286 -0.248964 -0.7760106 0.5795038 0.1313693 -0.9910756 -0.02261388 0.2685162 -0.5672262 -0.7785586 -0.2496138 -0.9617549 0.112785 -0.4589489 -0.8782284 0.1344648 0.1856421 -0.4770458 0.8590484 -0.3946394 -0.81678 -0.4208682 0.7488212 -0.5358521 -0.3900375 -0.4549106 0.7605808 -0.4632204 0.4982469 0.6548188 -0.5682979 0.4962548 -0.8663891 -0.0556882 -0.05214256 0.9338706 0.3537895 -0.198397 0.9446764 0.2611998 0.5317292 -0.7629092 -0.3677411 -0.6737613 -0.7024046 0.2295073 -0.01800268 0.7377871 -0.6747934 0.1155543 0.8320075 -0.5425963 0.1522167 0.7484411 -0.6454967 0.1805543 0.1296054 0.9749886 -0.5836684 -0.6762485 0.4494656 0.8774487 0.4772864 -0.04776537 -0.9653345 -0.2139809 -0.1494713 -0.3574701 -0.8266782 -0.4345324 -0.1328333 -0.9854977 -0.1055927 0.462783 0.8854809 0.04190009 -0.4458188 -0.6580462 -0.6068121 -0.4728324 -0.859851 0.1925767 -0.1957765 -0.2241626 -0.9546847 0.411482 -0.6679414 0.6201105 -0.5941344 -0.7745578 0.2169443 -0.2059223 0.4623653 -0.8624467 -0.3850166 -0.02698153 0.9225152 -0.7795754 0.05761313 0.6236529 0.3404492 0.9399841 -0.02290236 0.2762841 0.9595485 -0.05416476 0.0517776 0.9950248 -0.08511662 -0.2697967 0.8261097 -0.4947247 -0.2499859 0.8466902 -0.4697052 -0.009895443 0.9975141 -0.0697686 -0.1911274 0.9804758 -0.04623472 0.09432876 0.9933819 -0.06553345 0.07626754 0.9904052 -0.1152421 0.05188095 0.9986268 -0.007266223 -0.1134777 0.991484 0.06389272 -0.2190435 0.9695628 0.1093978 0.0717315 -0.9957482 -0.05779337 0.06360501 0.9979503 -0.00704962 -0.02348726 0.9995977 0.01590275 -0.8020638 -0.3043429 -0.5138767 -0.8636837 -0.02825289 -0.5032417 0.2610651 0.8878049 0.3790085 0.05002766 0.5480043 0.8349782 0.656393 0.7462673 0.1106047 -0.1909602 -0.9796048 0.06251966 0.2440411 -0.9535088 -0.176819 -0.005602419 -0.8171071 -0.5764588 -0.4866689 0.8096107 -0.3281523 -0.1660099 0.8242194 -0.54139 -0.1853812 0.9771813 -0.1036843 0.7241132 0.1352214 -0.6762952 -0.6848164 -0.7021307 -0.1950361 0.2431428 0.5900207 -0.7699072 0.5774532 0.2612626 -0.773492 -0.6791284 -0.7058341 -0.2014521 -0.6791484 -0.7057662 -0.201622 -0.6826806 -0.702753 -0.2002137 0.2855095 0.4222464 0.8603443 0.2236391 0.5069402 0.8324645 -0.6825976 -0.7021577 -0.2025715 0.4962295 0.239646 0.8344616 -0.685687 -0.6962947 -0.2121488 0.5561776 0.222693 -0.8006712 -0.5215055 0.8154947 0.2509989 -0.5102204 0.8246848 0.2440704 0.2221606 0.09092575 0.9707611 0.7905046 -0.3507279 0.5020881 0.2174886 -0.3086495 -0.9259775 0.03445869 -0.9746294 -0.2211568 0.5107722 -0.8102197 -0.2874991 0.2544031 -0.904705 0.3417427 0.4255753 -0.7039206 0.5686665 0.8505704 0.5206716 0.07369685 -0.5752 0.7027028 0.4187527 0.7363271 0.6693361 -0.09905397 0.9399186 0.2346296 -0.2479959 0.2011885 -0.7434039 0.6378667 -0.3243126 -0.3732217 0.8692106 0.4609054 0.4975741 -0.7348376 -0.1287934 0.1722483 -0.9765976 0.1304041 -0.9822992 -0.1344739 0.5198141 0.3589738 -0.7751975 0.2394295 0.8528341 0.4640557 0.3542016 0.8654968 0.3541985 -0.1062244 0.994309 0.008135616 0.2664005 0.9115543 -0.3132085 0.2937321 0.9096399 -0.2937294 0.4802873 0.8488795 0.2207442 0.5051224 0.852371 -0.1353332 0.8357092 0.501456 0.2239025 0.4037027 0.9084733 0.1081681 0.2705024 0.9599876 -0.07247275 0.334206 0.9105648 -0.2432655 0.06442177 0.9958413 0.06442087 0.0281639 0.9940605 0.1051211 0.1838348 0.9656137 -0.1838341 -0.2687486 0.810212 -0.5208942 -0.1675153 0.9715338 -0.1675131 -0.1257535 0.991489 -0.03370106 -0.1066119 0.9938902 0.02857124 -0.08884954 0.9920746 0.08884745 -0.05514407 0.9770338 0.2058258 -0.05655795 0.9779849 0.2008651 -0.3836205 0.8058167 0.451104 -0.3686541 0.8533394 0.3686541 -0.3008618 0.9502547 0.08061212 -0.2584185 0.9635488 -0.0692355 -0.2144832 0.9528877 -0.2144809 -0.1260243 0.8734382 -0.4703441 -0.1049819 0.8450623 -0.5242601 0.08295142 0.9472389 -0.3096089 -0.8114173 -0.2618527 0.5225277 -0.9076713 -0.2720018 -0.3196059 -0.8458129 -0.224604 -0.4838942 0.6796067 -0.7040679 0.2059689 0.6760876 -0.7068595 0.207979 0.6804567 -0.7046896 0.2009757 0.6809598 -0.703275 0.2042012 0.6794921 -0.7055503 0.2012196 0.679444 -0.7055969 0.2012185 0.6830299 -0.7002885 0.2075241 0.6793511 -0.7057143 0.2011205 0.6775843 -0.7058189 0.2066379 0.6808038 -0.7035686 0.2037091 0.6803532 -0.7045969 0.2016505 0.4608874 -0.7955279 0.3933426 0.5806834 -0.5056691 -0.6380484 -0.2331884 -0.9716618 -0.03868693 -0.4724453 -0.8808271 -0.03064429 -0.5434843 0.7486237 0.3797202 0.3039625 -0.2334227 -0.9236453 -0.1939938 -0.1351442 -0.9716494 0.739633 0.6697171 0.06649804 0.5952527 0.8032193 -0.02265208 0.445697 -0.2544033 -0.8582735 -0.420899 -0.8773362 -0.2304893 -0.1667155 -0.289633 -0.9425066 0.5839183 -0.7162511 -0.3821308 0.2690137 -0.9410854 -0.2049143 0.7047076 -0.6870996 0.1768656 0.5356978 0.5510022 0.6398629 0.2588959 0.3632501 0.8949985 0.7377244 0.624123 0.2573584 0.6298071 -0.7743971 0.06043511 -0.06864339 0.7138406 0.696936 -0.4011443 0.4027534 0.822723 0.1802598 0.8463939 0.5011228 0.3809375 0.8121513 0.4419244 -0.7624968 0.4210305 0.4912555 0.5584068 -0.7036795 0.4393372 0.4413962 0.7903232 -0.4249219 0.3931306 0.9192321 0.02146869 -0.6702783 0.4856269 0.5611539 0.127484 0.900157 0.4164916 0.3655604 0.6884699 -0.6263983 0.553796 -0.7048215 0.4433247 0.5515844 -0.7059473 0.4442893 0.5581989 -0.6959835 0.4516868 0.5559785 -0.7023425 0.4445255 0.5562314 -0.7000389 0.4478306 0.5507283 -0.7066408 0.4442492 0.448682 -0.6413645 0.6223634 -0.7151108 -0.5946056 -0.3675062 0.8565244 -0.3113508 -0.4116148 0.7096251 -0.7032522 -0.04322785 0.06406599 -0.9480853 0.3114964 0.4874301 -0.7130325 -0.5039808 -0.2001838 -0.1239983 -0.9718801 -0.7667862 0.6391646 -0.05922573 -0.1888667 0.8192031 0.5415122 -0.3508104 0.901657 0.2528769 -0.6354319 0.7346154 0.2378375 -0.3166288 0.9110707 0.264001 -0.5985268 0.7056453 -0.3792498 0.1944667 -0.6303552 -0.751555 0.3963585 -0.6439564 -0.6543852 0.06713938 0.7721642 0.6318662 -0.7159907 0.6745979 0.1796526 0.08437705 0.9313985 0.3540868 0.3386724 0.9373293 0.0819438 -0.3473019 0.7858193 0.511732 0.3380565 -0.705591 0.6227836 0.3381289 -0.7055772 0.6227597 -0.9707973 0.06913197 -0.2297245 -0.9428111 0.04917794 -0.3296801 -0.7434359 0.5300745 0.4078284 -0.7269176 -0.6752982 0.1247527 -0.7040342 -0.6898273 0.1687427 -0.873197 -0.474443 0.1114942 0.885001 -0.3213038 0.3369527 -0.4088267 -0.8803577 -0.2404813 -0.3986684 -0.5300291 0.7484202 -0.258182 -0.5069259 0.8224161 0 1 7.59461e-7 0.8840157 6.6948e-4 0.4674568 0.6520237 -0.01093512 0.7581198 0.1222616 -0.6592186 -0.7419455 0.3593915 0.6522707 -0.6673685 -0.110614 0.6944686 0.7109697 -0.4559794 -0.7356563 -0.5008918 0.5056201 -0.5957773 -0.6240174 0.7676858 -0.6225556 0.1519307 0.1039232 -0.8308498 -0.5467072 -0.1174407 0.8693736 0.4799973 0.2139636 0.6946632 -0.6867771 0.0129078 0.7884164 -0.6150066 0.005627214 0.7737224 -0.6334998 0.1528641 0.8205205 -0.5507984 0.3174532 0.7049739 -0.6342203 0.23721 0.7249383 -0.6466808 0.2055572 0.6936038 -0.6904058 0.1956171 0.6912401 -0.6956444 0.2116783 0.7312082 -0.6484805 0.1271147 0.6672053 -0.7339476 0.1303241 0.6628153 -0.7373545 0.07101559 0.8023213 -0.5926527 0.1024665 0.697747 -0.708978 0.4235783 -0.5686955 0.7051006 0.2756131 -0.01547688 0.961144 0.6118579 0.5661923 0.5523189 -0.4662335 0.5905376 0.6587046 0.9109395 -0.2338919 -0.3398295 -0.7874985 -0.0426439 -0.6148395 0.08754336 0.9367758 -0.3388028 0.8562393 -0.279511 0.4344283 -0.1376364 -0.4987767 0.8557325 -0.8426634 -0.4947669 0.2124243 0.8610346 -0.5057929 -0.05284762 -0.06422597 0.9380504 -0.3404945 0.06565517 -0.7044284 0.706732 0.07124692 -0.7038628 0.7067539 0.07124352 -0.7063067 0.704312 -0.07761597 -0.7007616 0.7091608 0.07289952 -0.7064429 0.7040058 0.0729984 -0.7030822 0.7073519 0.07628321 -0.699609 0.7104423 -0.4636682 -0.2483152 -0.8505007 -0.6641979 -0.16601 -0.7288908 0.07353407 -0.7067714 0.70361 0.0752719 -0.708971 0.7012093 -0.8841776 0.1082914 -0.4544259 -0.8871511 0.1215797 -0.4451756 0.07356017 -0.706384 0.7039962 0.07395321 -0.7056238 0.704717 0.4726641 -0.4270794 0.7708385 0.7897424 -0.2070952 0.5774243 -0.6732417 -0.06190973 -0.7368262 0.2611137 -0.636226 -0.7259725 -0.7246394 -0.5837106 -0.3663056 0.9822099 0.003418028 0.1877558 0.4940518 -0.6033087 0.6260443 0.9688846 -0.2334322 0.08229357 -0.7743424 -0.002828538 0.6327606 -0.9665564 0.006118297 0.256381 -0.9261276 -0.3591291 -0.1153867 0.04247778 -0.3550109 -0.9338967 0.2929649 -0.5024335 -0.8134692 0.7825741 -0.6022249 -0.1578066 0.559072 -0.8192391 -0.1276162 0.8527699 -0.5070901 0.1250729 0.1264352 -0.5614123 0.8178204 0.5297738 0.7992121 0.2839011 0.1370584 0.6469312 0.7501301 0.3520318 -0.8928709 -0.280812 -0.1992475 -0.7113573 0.6739965 -0.2023291 -0.7047604 0.6799822 -0.2018998 -0.7040213 0.6808749 0.626147 -0.3428959 -0.7002588 0.7193008 -0.3085715 -0.6224068 -0.2017759 -0.7035181 0.6814315 -0.201334 -0.705574 0.6794336 0.9505774 -0.02267932 -0.3096584 0.9469801 -0.0366187 -0.3191989 -0.201302 -0.7056373 0.6793774 -0.2030183 -0.7050669 0.6794587 -0.2232977 -0.7072498 0.6707727 -0.2095155 -0.7058911 0.6766247 -0.2026192 -0.7087568 0.6757288 -0.6569285 0.7121119 -0.2476723 0.2288204 -0.4552462 -0.8604605 0.9312784 -0.3152874 -0.1825227 0.7702738 0.4083225 0.489848 0.5732108 -0.6419957 0.5091864 -0.2286017 -0.9703797 0.07813233 0.01443415 -0.7446303 0.6673212 -0.2403474 -0.2304198 0.9429422 -0.6686485 0.7390186 0.08222436 0.5197498 -0.8457866 -0.1204378 -0.7744911 -0.6173406 0.1380367 -0.6501239 0.3722677 -0.6623864 0.6717151 -0.5219125 -0.5257434 0.9835126 -0.1685476 0.06553518 -0.690554 -0.6348176 -0.346615 0.2408545 0.1209002 -0.9630017 -0.0546782 0.2885819 -0.9558926 0.4813931 -0.198662 -0.8536944 0.09471189 -0.935315 0.3409039 0.9057434 0.2696852 -0.3269538 0.2664928 0.5683733 -0.7784172 0.5542775 -0.8030438 0.218854 0.31825 -0.7274678 -0.6078713 0.4198545 0.8428658 0.3366 0.4504876 0.8229647 0.3461072 0.8905845 -0.08850765 -0.446123 0.9653857 -0.01347941 -0.260478 0.7742232 0.5594799 0.2959068 -0.6663305 -0.1857481 -0.7221505 0.9026001 -0.4194898 0.09665215 0.5506868 -0.1682823 0.8175728 -0.4438049 -0.7121451 0.5439547 -0.4049147 0.5810407 -0.7059999 -0.438135 -0.710093 0.5511858 -0.4459084 -0.7056675 0.5506351 -0.4460062 -0.705617 0.5506207 -0.4417226 -0.7101734 0.5482107 -0.3522025 0.3814365 -0.8546694 -0.4460302 -0.7056056 0.550616 -0.2306259 0.2816461 -0.9313899 0.2982276 -0.8944897 -0.3330896 -0.1909723 0.7328988 0.6529847 -0.4915316 -0.8392319 0.2325655 0.6138879 0.3984788 -0.681437 0.6922563 0.7212874 -0.02292931 0.6415023 0.7650358 -0.05652743 0.6715752 0.7325173 0.1113789 0.6550937 0.7379878 0.1619456 0.7316148 0.681717 -0.00136435 0.7993478 0.5995782 0.0393601 0.6431718 0.7424111 0.1874989 0.7506414 0.6605586 0.0141437 -0.7124762 -0.6985085 0.06681019 0.6340278 -0.7439083 -0.2112092 0.3894671 0.7565124 0.5253611 0.4871733 -0.3527835 -0.798878 0.2323414 0.7485858 0.6209967 -0.5262245 -0.7218887 0.4494047 0.6232815 -0.7072566 -0.3336288 -0.7368843 -0.5541446 0.3872018 -0.7289351 -0.6812858 -0.06710708 -0.2857401 0.8419571 0.4576691 0.4300714 -0.8302794 -0.3545066 0.7269278 -0.6845109 0.05496346 0.8307427 -0.1614063 -0.5327425 0.1311091 -0.9906437 0.03788655 -0.4416153 0.2937013 0.847771 0.6257208 -0.68124 -0.3799811 0.5704703 -0.7799094 -0.2574975 -0.1219251 -0.06417316 0.9904626 0.1982303 0.6866632 0.6994273 -0.7482129 -0.03721135 -0.6624144 -0.1329472 0.6952936 -0.7063228 -0.3950774 -0.8703634 0.2939075 0.6432282 -0.7018391 0.3060708 0.4631122 0.7436596 -0.4821799 0.2452145 0.7840653 -0.5701856 0.4805327 0.7377781 -0.474101 0.6466401 -0.3205341 0.6921811 -0.04889911 -0.9971381 0.05766081 0.01901918 -0.9996165 0.02012747 0.3043089 -0.9453773 0.116867 -2.83536e-4 -0.9630259 -0.2694087 -0.2395435 0.6922029 0.6807892 0.1956486 -0.9804389 0.02148008 0.2277683 -0.9448573 0.2353006 0.003490865 -0.9999933 0.001168251 0.02735805 -0.9984344 -0.04878962 0.01817589 -0.9982216 -0.05677407 0.02655822 -0.9976876 -0.06256341 0.03010141 -0.9995469 5.56516e-5 -0.01373118 -0.9997838 -0.01561611 0.2961499 0.9506065 -0.09296494 0.08640587 -0.9961932 0.01154291 0.03819072 -0.9988657 0.02844125 -0.1670816 -0.9311112 0.3242157 -0.1477479 -0.9547339 -0.2581741 -0.6116659 -0.6941006 -0.3795909 0.2137665 -0.7246876 -0.6550815 0.5252045 -0.1264984 -0.8415215 0.6665068 -0.2992171 -0.6828162 -0.2580107 0.8113306 -0.5245696 0.6479933 -0.7194225 0.250072 0.9856461 -0.1688238 -5.58884e-4 0.9048228 -0.3687717 -0.2128453 0.1063905 0.9941509 0.01857823 -0.1476554 0.9868093 0.06637203 0.3190229 0.9194188 -0.2299864 0.2386378 0.9214335 -0.3066142 0.02504253 0.947605 -0.3184615 -0.04184073 0.9257957 0.3757016 0.01171106 0.9789304 0.2038584 -0.04756808 0.9909563 0.1254718 -0.1198256 0.9892933 -0.08331072 0.5470084 0.7417695 0.3880204 0.0117591 0.9947339 -0.1018143 0.05089461 0.983771 -0.1720597 -0.09536969 0.994114 0.05140078 -0.6260897 0.7265373 -0.2831172 -0.3792178 0.8429288 -0.3816607 -0.4709703 0.8233275 -0.3167318 -0.5536298 0.7410536 -0.3799128 -0.5274999 0.7459055 -0.4066561 -0.01587706 0.7688763 -0.6392004 -0.5504913 0.7984741 -0.2437181 -0.4999482 0.7527428 -0.4282873 0.004925012 0.7701812 -0.6378062 -0.08005464 0.3906751 -0.9170411 0.05877709 0.8664361 -0.4958162 -0.2721698 -0.6293585 -0.7278952 -0.08261162 -0.03145861 -0.9960852 0.2801879 -0.01567906 -0.9598171 -0.9564535 -0.2323881 -0.1766139 -0.9779066 -0.178705 -0.1084595 -0.519554 -0.599859 0.6084676 0.4439049 -0.8758165 -0.1894569 -0.4314672 -0.797037 -0.4225733 0.8166188 -0.4256042 -0.3898653 0.8141321 -0.3431524 -0.4684394 0.4510011 -0.5049016 -0.735984 0.837779 -0.004120826 -0.5459941 -0.7019834 -0.624044 0.3432033 -0.403548 0.6280308 -0.6653769 0.3122229 0.2105357 -0.9263863 0.5644216 0.6758742 -0.4739433 -0.3837399 0.2272659 -0.8950386 0.8627382 -0.5033422 0.04826474 -0.2323936 0.6962569 0.6791315 0.3441824 -0.8012281 -0.4894613 -0.3857875 0.7090194 0.5903047 -0.9845531 0.1744449 -0.01497334 -0.5178459 0.8126688 -0.2672172 0.6506038 -0.6445977 -0.4015079 -0.1292095 -0.8987335 0.4190266 -0.6838185 -0.2503553 0.6853572 -0.8944805 -0.3591733 0.266269 0.7074179 -0.7027769 -0.07526433 0.7147535 -0.6936166 -0.08957439 0.704696 -0.7056435 -0.07396435 0.7047653 -0.7055768 -0.0739414 -0.9519612 -0.2406725 -0.1893327 -0.8857631 -0.07520359 -0.4580045 0.7080811 -0.7021102 -0.07524907 -0.3941573 0.05664438 0.9172958 -0.1253914 0.4487972 0.8847928 -0.07623022 0.5652084 0.8214185 0.7085813 -0.7022507 -0.06896728 -0.057482 -0.8154163 -0.5760139 -0.6254587 -0.6488822 -0.4333051 -0.5297053 -0.4690661 -0.7066749 -0.4787537 0.855787 0.1960191 0.1362365 -0.5929841 -0.7936055 0.05822527 -0.9731408 0.2227258 0.152345 0.9693146 -0.1929258 0.05090445 0.9566899 -0.2866238 -0.7502186 -0.629898 0.2009994 -0.8277916 -0.511524 0.2304443 0.7508179 -0.571892 0.3304727 -0.3876294 -0.3829811 -0.8384922 0.7705683 -0.637191 -0.01456815 -0.3611747 -0.7811646 -0.5092492 0.06576848 -0.7407625 -0.6685399 0.1002893 -0.5745375 0.8123108 -0.8463267 -0.5152101 0.1352398 0.4068312 -0.8341081 -0.3724943 -0.02775967 0.9841238 0.1752992 -0.1356766 0.964658 0.2258917 -0.01762866 0.9996665 0.0188772 -0.07391464 0.9897988 0.1217989 0.06335264 0.9979361 -0.01049304 -0.04451006 0.9989591 0.009990215 0.1686442 0.9538279 -0.2485388 0.350441 0.8973495 0.2682445 0.349735 0.8846205 0.308435 -0.02458316 0.9994143 0.02380913 -0.9963768 0.01657861 0.08341813 -0.7129592 -0.2525322 0.6541535 0.3305065 -0.8395499 0.4311862 -0.01879209 -0.6249772 -0.7804167 -0.05335432 -0.7718275 -0.6335896 -0.07537096 -0.7663555 -0.6379801 -0.8740252 -0.02206063 0.4853796 -0.5373586 0.03133559 0.8427715 -0.6690657 -0.6962956 -0.2598531 0.451972 0.6049764 -0.6555342 -0.4496922 -0.808884 -0.3787923 -0.6858337 0.7263324 -0.04553407 -0.01338255 -0.9979072 0.0632627 0.7595525 0.6373342 -0.1299428 -0.5516 -0.7062603 -0.4437724 0.1278313 -0.7803548 0.612132 0.5122173 -0.6850041 -0.5180762 0.3084236 -0.9490134 0.06518155 -0.2095926 -0.6434674 -0.7362206 0.394253 0.6818143 -0.6161931 -0.1146735 -0.5585114 0.8215321 -0.6273779 0.6978754 -0.3454952 0.5193104 -0.816115 -0.2535212 0.2556986 0.06636321 0.9644762 -0.2825229 0.9553928 0.08605515 -0.5407648 0.838118 -0.07163745 9.01383e-4 0.99434 -0.1062413 -0.09064459 0.9867455 0.1345987 0.6086859 0.728013 -0.3154341 0.5129139 0.8559527 -0.06530237 0.5256931 0.7597951 0.3825678 0.8079335 0.5875661 -0.04483067 -0.5700604 -0.7986991 0.1926421 -0.6735339 -0.6928055 -0.2576289 -0.5701985 -0.3229876 0.7553495 -0.7006161 -0.6672822 -0.2527285 -0.1572824 -0.8593095 -0.4866719 0.8676436 0.02804702 0.4963951 -0.5038429 0.4950405 0.7078683 -0.2757907 0.2499395 0.928154 -0.3630528 0.9309353 0.03939694 -0.03158164 0.09236884 0.9952239 0.05918943 0.07659369 0.9953041 -0.01134896 0.9795665 -0.2008002 0.3961269 0.8795062 -0.2637282 -0.3380331 -0.7056472 -0.6227324 -0.3380139 -0.7056396 -0.6227517 0.7295469 0.6692613 -0.1408928 0.9453547 0.3151426 0.08360517 0.9008361 0.4189783 0.1138054 -0.3636274 0.8180193 0.4456675 -0.08048909 -0.8050746 0.5876875 -0.6637771 -0.01284241 0.7478203 0.3299728 0.9415319 0.0680871 0.2013422 -0.7056 -0.6794041 0.2013443 -0.7055995 -0.679404 0.3796002 0.9129117 0.1499871 -0.8835833 0.1565734 0.4413226 -0.8973172 0.4267274 0.1128084 0.07206386 0.9933049 -0.09029072 -0.6876634 0.7146955 -0.1277866 -0.08707201 -0.8346428 0.5438658 0.6043066 -0.4877929 -0.6299777 -0.1179366 0.497195 0.8595861 -0.3488051 0.7786798 0.5215293 -0.2691368 -0.4946972 -0.8263414 -0.2682448 -0.2666225 -0.9257198 -0.3279535 0.6894041 0.6458858 0.7801316 -0.01428467 -0.6254523 0.6106345 -0.02976882 -0.7913529 -0.4692839 -0.7373402 0.4859034 -0.388813 0.2655348 0.882222 -0.192109 -0.0321297 0.9808476 -0.09745198 0.7407027 -0.6647276 -0.3575994 0.7521827 -0.5534835 -0.1624321 0.6423559 -0.7489959 -0.3392277 0.7020707 -0.626116 -0.3673744 0.7028542 -0.6091241 -0.3447121 0.7025611 -0.6225604 -0.3182029 0.7579868 -0.5693883 -0.2691738 0.7673507 -0.5819953 -0.3413428 0.7023465 -0.6246556 -0.1473421 0.7883831 -0.5972791 -0.151273 0.7740375 -0.6148028 -0.3363078 0.70147 -0.6283605 -0.1603227 0.7067826 -0.6890248 -0.09352552 0.1110749 0.9894015 -0.5506544 -0.7056103 -0.4459752 -0.5200073 -0.7312646 -0.4414119 -0.5324972 -0.7163345 -0.4509009 -0.5506914 -0.7065691 -0.4444088 -0.5498553 -0.7070593 -0.4446643 -0.5506423 -0.7056106 -0.4459897 -0.5506651 -0.7055721 -0.4460224 -0.4699599 -0.7778436 -0.4172495 -0.5506272 -0.7056236 -0.4459879 -0.5506601 -0.7056025 -0.4459807 -0.5365934 -0.7089833 -0.4576136 -0.5506101 -0.7056173 -0.4460189 -0.5376443 -0.7041373 -0.4638204 -0.9827268 -0.0844751 -0.1646569 -0.1891909 -0.7789753 0.5978332 0.5933266 0.02980679 0.8044098 -0.1710105 -0.1522748 0.9734309 0.06650978 -0.6966627 0.7143092 0.9621252 -0.2726 -0.002103388 0.9079558 -0.2539438 -0.33336 0.7151898 0.638714 0.2838102 0.1437463 -0.9661169 -0.2143716 0.7741968 0.5634067 0.2884309 0.7693175 0.294067 0.5671641 0.7521951 0.5799368 0.3128512 0.8026115 0.4504451 0.3910423 -0.3483032 0.9368798 0.03067708 -0.5015339 0.8611164 0.08332133 -0.546127 0.005628585 0.8376835 -0.07381731 -0.705571 -0.704784 -0.7534562 0.2889243 0.5906155 -0.07399958 -0.705522 -0.7048141 -0.07407546 -0.7054621 -0.7048661 -0.9670012 -0.04200327 -0.2512855 0.6175363 0.6629595 0.4232418 0.7182789 0.6740452 -0.1724492 -0.1056512 -0.9595116 0.2611045 0.17267 -0.5417209 0.8226321 -0.858179 -0.2975046 0.4183537 -0.1363104 0.770641 -0.6225206 -0.2975839 0.8393427 -0.4549151 0.116176 0.9925841 0.03577977 -0.3228519 -0.04411679 0.9454208 0.3319893 0.2433598 0.9113503 0.1257789 -0.011819 0.9919879 0.4758831 -0.5462908 0.6892762 -0.3905363 -0.8356245 -0.3862811 0.2553485 -0.7943196 -0.5512291 -0.1781784 -0.819359 0.5448884 0.3994415 0.7820141 -0.4784355 -0.2497982 -0.801752 0.54295 -0.1453181 0.0405597 0.9885534 0.1098383 -0.7315657 0.672865 -0.3781539 0.6679238 0.6409974 0.6792065 0.7151289 -0.1651342 -0.1326831 -0.8585659 0.4952371 0.4354251 -0.5905691 -0.6794359 -0.2690425 0.8119095 -0.5180919 0.4428651 -0.7069503 -0.5514453 0.4408107 -0.7085735 -0.5510078 0.4467075 -0.704855 -0.5510281 0.446282 -0.7048032 -0.5514391 -0.7165146 0.5120776 -0.4736912 0.4460335 -0.7056074 -0.5506109 0.3800381 -0.6309707 -0.6763483 0.4452762 -0.703965 -0.5533195 0.4460393 -0.7056146 -0.5505971 0.4263244 -0.7262811 -0.5392248 0.4406738 -0.7040407 -0.5568962 -0.7606636 0.4613974 -0.4566219 -0.972423 0.1434758 -0.1838704 -0.999628 0.02721375 -0.001855373 -0.2505971 -0.6222925 -0.7415882 0.4768019 -0.8036303 -0.3561438 0.5887947 0.4662679 0.6602388 0.07142996 -0.7668951 0.6377851</float_array>
          <technique_common>
            <accessor source="#Test_010-mesh-normals-array" count="5959" stride="3">
              <param name="X" type="float"/>
              <param name="Y" type="float"/>
              <param name="Z" type="float"/>
            </accessor>
          </technique_common>
        </source>
        <vertices id="Test_010-mesh-vertices">
          <input semantic="POSITION" source="#Test_010-mesh-positions"/>
        </vertices>
        <triangles material="wheel_dark-material" count="3982">
          <input semantic="VERTEX" source="#Test_010-mesh-vertices" offset="0"/>
          <input semantic="NORMAL" source="#Test_010-mesh-normals" offset="1"/>
          <p>1385 0 1383 0 1382 0 1703 1 1700 1 1701 1 2055 2 2050 2 2052 2 2110 3 2107 3 2108 3 1068 4 1070 4 1071 4 1118 5 1126 5 1125 5 1332 6 1328 6 1330 6 817 7 843 7 837 7 1583 8 1586 8 1581 8 652 9 653 9 650 9 1495 10 1493 10 1491 10 1992 11 1996 11 1994 11 763 12 766 12 765 12 1468 13 1453 13 1452 13 1680 14 1683 14 1679 14 1695 15 1697 15 1691 15 1710 16 1704 16 1712 16 580 17 575 17 579 17 1437 18 1425 18 1411 18 2116 19 2112 19 2105 19 1686 20 1680 20 1679 20 1837 21 1800 21 1835 21 1388 22 1393 22 1392 22 978 23 979 23 973 23 780 24 778 24 772 24 1998 25 1993 25 1992 25 1133 26 1149 26 1148 26 934 27 936 27 935 27 1016 28 1036 28 1042 28 686 29 694 29 683 29 1288 30 1300 30 1310 30 2094 31 2095 31 2093 31 1329 32 1326 32 1328 32 778 33 776 33 772 33 973 34 972 34 977 34 1689 35 1690 35 1688 35 1896 36 1894 36 1895 36 1307 37 1336 37 1313 37 875 38 899 38 876 38 1710 39 1754 39 1742 39 1397 40 1435 40 1431 40 1333 41 1298 41 1326 41 917 42 914 42 916 42 878 43 875 43 876 43 1304 44 1308 44 1314 44 1311 45 1355 45 1306 45 1793 46 1794 46 1798 46 1182 47 1190 47 1189 47 1530 48 1515 48 1523 48 1937 49 1902 49 1940 49 672 50 674 50 673 50 1693 51 1688 51 1694 51 1446 52 1441 52 1445 52 605 53 585 53 599 53 1947 54 1937 54 1959 54 2074 55 2059 55 2072 55 1898 56 1890 56 1893 56 1327 57 1308 57 1334 57 1349 58 1350 58 1354 58 2103 59 2146 59 2145 59 1353 60 1356 60 1337 60 1088 61 1126 61 1123 61 1817 62 1830 62 1831 62 1900 63 1890 63 1898 63 1310 64 1300 64 1315 64 2152 65 2123 65 2128 65 1309 66 1355 66 1343 66 672 67 673 67 679 67 898 68 940 68 929 68 1424 69 1414 69 1412 69 1747 70 1710 70 1753 70 1534 71 1556 71 1543 71 1900 72 1891 72 1899 72 765 73 768 73 767 73 1037 74 1038 74 1036 74 2107 75 2155 75 2154 75 881 76 875 76 882 76 1081 77 1110 77 1082 77 2117 78 2162 78 2112 78 1642 79 1596 79 1643 79 1922 80 1931 80 1929 80 1126 81 1124 81 1125 81 1969 82 1970 82 1971 82 1792 83 1791 83 1796 83 2103 84 2161 84 2155 84 1834 85 1817 85 1832 85 1491 86 1492 86 1490 86 2101 87 2102 87 2098 87 2113 88 2143 88 2120 88 2115 89 2105 89 2111 89 1144 90 1143 90 1123 90 1441 91 1431 91 1454 91 1479 92 1483 92 1481 92 1149 93 1145 93 1148 93 1711 94 1754 94 1707 94 574 95 575 95 578 95 1692 96 1696 96 1693 96 780 97 772 97 775 97 1897 98 1900 98 1899 98 2144 99 2114 99 2133 99 1383 100 1384 100 1381 100 1700 101 1706 101 1710 101 1381 102 1384 102 1380 102 1926 103 1934 103 1918 103 1491 104 1511 104 1521 104 867 105 869 105 866 105 574 106 573 106 580 106 1684 107 1682 107 1681 107 1391 108 1390 108 1395 108 1591 109 1589 109 1588 109 830 110 827 110 831 110 1786 111 1784 111 1783 111 1789 112 1785 112 1790 112 576 113 577 113 575 113 575 114 574 114 576 114 577 115 576 115 573 115 577 116 573 116 578 116 1942 117 1933 117 1914 117 1026 118 1043 118 1040 118 1488 119 1496 119 1495 119 579 120 575 120 577 120 965 121 968 121 969 121 887 122 888 122 886 122 583 123 584 123 585 123 1516 124 1499 124 1507 124 1529 125 1501 125 1509 125 1414 126 1403 126 1400 126 1621 127 1598 127 1608 127 808 128 784 128 792 128 610 129 584 129 595 129 1412 130 1404 130 1400 130 1424 131 1411 131 1401 131 1523 132 1503 132 1502 132 608 133 584 133 593 133 1417 134 1400 134 1406 134 613 135 591 135 584 135 1617 136 1600 136 1605 136 609 137 595 137 584 137 1922 138 1909 138 1903 138 1530 139 1514 139 1501 139 1416 140 1428 140 1405 140 1520 141 1502 141 1505 141 715 142 686 142 695 142 614 143 597 143 596 143 610 144 609 144 611 144 605 145 599 145 607 145 607 146 599 146 614 146 607 147 614 147 609 147 609 148 614 148 596 148 609 149 596 149 611 149 611 150 596 150 602 150 611 151 602 151 613 151 613 152 602 152 585 152 613 153 585 153 605 153 582 154 615 154 616 154 616 155 615 155 617 155 616 156 617 156 618 156 616 157 618 157 619 157 1892 158 1894 158 1893 158 617 159 608 159 622 159 615 160 618 160 604 160 628 161 589 161 597 161 600 162 629 162 630 162 601 163 632 163 628 163 1514 164 1537 164 1540 164 721 165 709 165 693 165 1434 166 1423 166 1409 166 1545 167 1506 167 1518 167 1450 168 1403 168 1415 168 1411 169 1440 169 1434 169 688 170 733 170 727 170 625 171 581 171 626 171 625 172 626 172 627 172 627 173 626 173 628 173 628 174 626 174 629 174 628 175 629 175 625 175 625 176 629 176 581 176 1416 177 1398 177 1428 177 729 178 687 178 706 178 693 179 724 179 717 179 1536 180 1528 180 1508 180 1609 181 1635 181 1638 181 1416 182 1446 182 1449 182 699 183 735 183 728 183 1927 184 1950 184 1952 184 1438 185 1426 185 1410 185 828 186 790 186 799 186 728 187 691 187 701 187 662 188 635 188 625 188 625 189 635 189 636 189 636 190 653 190 637 190 636 191 637 191 662 191 662 192 637 192 635 192 648 193 645 193 647 193 639 194 653 194 635 194 615 195 625 195 640 195 640 196 625 196 636 196 640 197 636 197 639 197 639 198 636 198 638 198 639 199 638 199 637 199 637 200 638 200 625 200 637 201 625 201 615 201 1408 202 1397 202 1432 202 1470 203 1477 203 1475 203 651 204 646 204 648 204 651 205 648 205 650 205 649 206 653 206 652 206 649 207 652 207 645 207 645 208 652 208 647 208 647 209 653 209 649 209 1534 210 1557 210 1558 210 657 211 662 211 660 211 657 212 660 212 659 212 659 213 660 213 661 213 659 214 661 214 655 214 655 215 661 215 662 215 655 216 662 216 657 216 670 217 663 217 664 217 663 218 665 218 666 218 664 219 667 219 665 219 663 220 666 220 671 220 664 221 671 221 667 221 665 222 667 222 666 222 667 223 668 223 666 223 666 224 668 224 670 224 666 225 670 225 671 225 671 226 670 226 669 226 671 227 669 227 667 227 667 228 669 228 668 228 676 229 677 229 678 229 676 230 678 230 679 230 679 231 678 231 672 231 2119 232 2093 232 2094 232 1633 233 1597 233 1635 233 1960 234 1958 234 1957 234 777 235 772 235 776 235 782 236 783 236 781 236 2001 237 2002 237 2000 237 1546 238 1543 238 1548 238 1473 239 1475 239 1476 239 711 240 686 240 697 240 700 241 691 241 684 241 813 242 793 242 784 242 704 243 690 243 685 243 1631 244 1608 244 1598 244 804 245 783 245 786 245 708 246 693 246 684 246 707 247 684 247 694 247 598 248 583 248 588 248 1620 249 1598 249 1607 249 1821 250 1804 250 1803 250 1630 251 1605 251 1600 251 1611 252 1603 252 1598 252 1013 253 994 253 984 253 712 254 696 254 686 254 1616 255 1600 255 1602 255 716 256 694 256 686 256 1918 257 1910 257 1903 257 1613 258 1604 258 1598 258 1919 259 1903 259 1910 259 1730 260 1729 260 1728 260 701 261 700 261 702 261 709 262 708 262 710 262 2148 263 2179 263 2123 263 708 264 702 264 710 264 710 265 702 265 700 265 1831 266 1830 266 1819 266 714 267 698 267 689 267 714 268 689 268 716 268 716 269 689 269 704 269 717 270 718 270 719 270 717 271 719 271 720 271 720 272 719 272 737 272 720 273 737 273 683 273 720 274 683 274 694 274 696 275 723 275 717 275 1638 276 1625 276 1610 276 695 277 719 277 722 277 722 278 713 278 696 278 1032 279 990 279 1005 279 1637 280 1623 280 1606 280 1619 281 1645 281 1647 281 1606 282 1633 282 1639 282 694 283 725 283 720 283 2012 284 2046 284 2039 284 1020 285 1019 285 1018 285 1837 286 1838 286 1836 286 728 287 727 287 729 287 729 288 727 288 730 288 729 289 730 289 726 289 726 290 730 290 682 290 688 291 682 291 730 291 1598 292 1600 292 1601 292 731 293 692 293 699 293 706 294 727 294 731 294 794 295 824 295 818 295 705 296 734 296 729 296 1610 297 1634 297 1637 297 787 298 833 298 829 298 1919 299 1955 299 1949 299 827 300 788 300 803 300 1648 301 1605 301 1617 301 822 302 810 302 796 302 736 303 740 303 737 303 736 304 737 304 738 304 738 305 737 305 739 305 738 306 739 306 740 306 738 307 740 307 726 307 726 308 740 308 736 308 1721 309 1720 309 1734 309 737 310 726 310 742 310 737 311 742 311 739 311 739 312 742 312 741 312 1663 313 1665 313 1662 313 749 314 747 314 750 314 751 315 739 315 753 315 751 316 753 316 747 316 747 317 753 317 750 317 750 318 753 318 754 318 750 319 754 319 751 319 751 320 754 320 739 320 1674 321 1676 321 1671 321 757 322 760 322 761 322 761 323 760 323 758 323 761 324 758 324 756 324 758 325 736 325 762 325 758 326 762 326 755 326 755 327 762 327 759 327 759 328 736 328 758 328 756 329 762 329 736 329 770 330 764 330 763 330 771 331 764 331 770 331 765 332 764 332 771 332 764 333 765 333 766 333 763 334 764 334 769 334 769 335 764 335 768 335 1174 336 1177 336 1175 336 1858 337 1861 337 1855 337 763 338 765 338 770 338 765 339 767 339 770 339 770 340 767 340 769 340 770 341 769 341 768 341 770 342 768 342 771 342 977 343 972 343 976 343 772 344 773 344 774 344 772 345 774 345 775 345 775 346 774 346 776 346 776 347 774 347 777 347 1591 348 1592 348 1590 348 1283 349 1286 349 1282 349 1994 350 1996 350 1999 350 1697 351 1695 351 1690 351 2147 352 2150 352 2149 352 1750 353 1736 353 1752 353 1714 354 1709 354 1701 354 1397 355 1398 355 1396 355 783 356 784 356 785 356 1181 357 1173 357 1176 357 1847 358 1816 358 1851 358 1825 359 1803 359 1812 359 1827 360 1803 360 1813 360 999 361 986 361 983 361 807 362 783 362 794 362 1822 363 1801 363 1804 363 1832 364 1807 364 1801 364 1823 365 1802 365 1809 365 2029 366 2011 366 2003 366 806 367 794 367 783 367 1817 368 1806 368 1801 368 811 369 795 369 784 369 1814 370 1808 370 1801 370 1818 371 1803 371 1806 371 1007 372 993 372 983 372 812 373 784 373 795 373 1006 374 983 374 992 374 1115 375 1102 375 1090 375 1618 376 1601 376 1600 376 1924 377 1911 377 1906 377 1109 378 1092 378 1098 378 1767 379 1755 379 1771 379 806 380 802 380 800 380 806 381 800 381 816 381 816 382 800 382 809 382 809 383 800 383 815 383 809 384 815 384 797 384 809 385 797 385 811 385 811 386 797 386 814 386 811 387 814 387 813 387 813 388 814 388 802 388 813 389 802 389 806 389 686 390 682 390 685 390 818 391 819 391 820 391 818 392 820 392 821 392 821 393 820 393 817 393 821 394 817 394 782 394 824 395 807 395 817 395 2007 396 2048 396 2056 396 793 397 825 397 821 397 1845 398 1805 398 1820 398 795 399 820 399 822 399 1809 400 1835 400 1841 400 2043 401 2028 401 2012 401 831 402 786 402 804 402 2017 403 2049 403 2053 403 1806 404 1851 404 1846 404 1940 405 1932 405 1915 405 827 406 781 406 828 406 828 407 781 407 829 407 828 408 829 408 830 408 827 409 830 409 781 409 781 410 787 410 829 410 2042 411 2032 411 2014 411 1102 412 1131 412 1124 412 1943 413 1930 413 1917 413 1951 414 1907 414 1927 414 1822 415 1848 415 1850 415 1811 416 1844 416 1836 416 1111 417 1134 417 1138 417 1617 418 1651 418 1646 418 1816 419 1846 419 1851 419 1850 420 1808 420 1815 420 841 421 817 421 837 421 841 422 837 422 838 422 838 423 837 423 839 423 839 424 837 424 840 424 839 425 840 425 841 425 841 426 840 426 817 426 1838 427 1800 427 1841 427 838 428 839 428 842 428 837 429 843 429 842 429 837 430 842 430 844 430 844 431 842 431 839 431 844 432 839 432 827 432 844 433 827 433 840 433 840 434 827 434 817 434 832 435 831 435 804 435 855 436 851 436 856 436 856 437 851 437 850 437 856 438 850 438 857 438 857 439 850 439 837 439 857 440 837 440 855 440 861 441 860 441 858 441 1869 442 1868 442 1857 442 863 443 841 443 861 443 863 444 861 444 864 444 864 445 861 445 858 445 864 446 858 446 865 446 865 447 858 447 863 447 863 448 858 448 841 448 863 449 859 449 865 449 862 450 863 450 864 450 872 451 866 451 868 451 1043 452 1042 452 1040 452 874 453 871 453 873 453 867 454 870 454 874 454 867 455 874 455 868 455 868 456 874 456 873 456 868 457 873 457 872 457 872 458 873 458 870 458 872 459 870 459 867 459 877 460 878 460 879 460 877 461 879 461 880 461 880 462 879 462 881 462 880 463 881 463 882 463 1312 464 1305 464 1303 464 975 465 979 465 980 465 618 466 582 466 619 466 882 467 877 467 885 467 882 468 884 468 880 468 1304 469 1297 469 1303 469 1889 470 1881 470 1883 470 1393 471 1389 471 1395 471 1899 472 1892 472 1898 472 1498 473 1499 473 1497 473 2004 474 2000 474 2005 474 1705 475 1702 475 1703 475 1959 476 1962 476 1958 476 2044 477 2042 477 2013 477 2037 478 2028 478 2027 478 1311 479 1303 479 1306 479 2121 480 2110 480 2114 480 1800 481 1801 481 1799 481 2117 482 2109 482 2112 482 1979 483 1975 483 1980 483 1978 484 1982 484 1977 484 889 485 902 485 893 485 889 486 904 486 899 486 1705 487 1689 487 1712 487 893 488 901 488 889 488 889 489 901 489 904 489 2134 490 2108 490 2132 490 906 491 907 491 908 491 906 492 908 492 909 492 906 493 909 493 910 493 906 494 910 494 911 494 906 495 911 495 912 495 914 496 915 496 916 496 914 497 917 497 918 497 914 498 918 498 919 498 1339 499 1343 499 1342 499 914 500 920 500 921 500 1708 501 1732 501 1733 501 902 502 922 502 907 502 1297 503 1338 503 1337 503 927 504 925 504 928 504 928 505 925 505 929 505 930 506 925 506 931 506 886 507 925 507 924 507 933 508 934 508 935 508 925 509 927 509 926 509 936 510 934 510 937 510 937 511 934 511 938 511 890 512 931 512 925 512 2013 513 2001 513 2004 513 940 514 926 514 929 514 941 515 936 515 939 515 2117 516 2163 516 2159 516 935 517 907 517 928 517 928 518 907 518 942 518 928 519 942 519 932 519 932 520 942 520 935 520 935 521 942 521 920 521 935 522 920 522 907 522 919 523 921 523 920 523 909 524 942 524 907 524 905 525 924 525 907 525 907 526 924 526 926 526 907 527 926 527 909 527 909 528 926 528 928 528 909 529 928 529 911 529 911 530 928 530 930 530 911 531 930 531 913 531 913 532 930 532 932 532 913 533 932 533 916 533 916 534 932 534 935 534 916 535 935 535 918 535 918 536 935 536 937 536 918 537 937 537 920 537 920 538 937 538 939 538 920 539 939 539 905 539 905 540 939 540 924 540 2078 541 2077 541 2076 541 954 542 942 542 949 542 954 543 949 543 952 543 952 544 949 544 947 544 952 545 947 545 953 545 953 546 947 546 954 546 954 547 947 547 942 547 953 548 948 548 952 548 958 549 935 549 959 549 959 550 955 550 960 550 959 551 960 551 957 551 961 552 935 552 958 552 958 553 956 553 962 553 962 554 956 554 935 554 962 555 935 555 961 555 958 556 962 556 960 556 2083 557 2077 557 2079 557 966 558 963 558 964 558 967 559 965 559 963 559 963 560 965 560 969 560 965 561 964 561 970 561 964 562 965 562 971 562 677 563 680 563 679 563 966 564 967 564 963 564 965 565 967 565 971 565 964 566 971 566 966 566 970 567 964 567 963 567 1689 568 1714 568 1700 568 967 569 968 569 971 569 971 570 970 570 966 570 966 571 970 571 967 571 967 572 970 572 969 572 967 573 969 573 968 573 976 574 975 574 977 574 1588 575 1592 575 1593 575 1313 576 1326 576 1307 576 974 577 979 577 978 577 1523 578 1511 578 1530 578 1292 579 1294 579 1289 579 1348 580 1350 580 1349 580 983 581 984 581 985 581 784 582 781 582 785 582 2196 583 2190 583 2188 583 1005 584 983 584 990 584 1001 585 985 585 988 585 1208 586 1193 586 1200 586 605 587 592 587 583 587 1420 588 1399 588 1408 588 1427 589 1408 589 1400 589 1008 590 983 590 993 590 800 591 790 591 789 591 1010 592 984 592 996 592 1413 593 1400 593 1404 593 1009 594 996 594 983 594 1110 595 1098 595 1097 595 1110 596 1096 596 1092 596 799 597 783 597 790 597 1015 598 992 598 984 598 1923 599 1906 599 1909 599 1117 600 1104 600 1091 600 1526 601 1508 601 1500 601 1015 602 1002 602 1007 602 1007 603 1002 603 987 603 1007 604 987 604 1009 604 1009 605 987 605 1011 605 1011 606 987 606 999 606 1011 607 997 607 1013 607 1013 608 997 608 1004 608 1013 609 1004 609 1015 609 1015 610 1004 610 1002 610 982 611 1016 611 1017 611 1017 612 1016 612 1018 612 1017 613 1018 613 1019 613 1433 614 1432 614 1431 614 1019 615 1020 615 982 615 982 616 1020 616 1016 616 1022 617 982 617 1017 617 1344 618 1351 618 1349 618 1061 619 1066 619 1067 619 1018 620 1016 620 1025 620 1944 621 1935 621 1912 621 1021 622 1010 622 996 622 1033 623 986 623 1000 623 1813 624 1843 624 1838 624 597 625 633 625 627 625 1000 626 1027 626 1034 626 1005 627 1029 627 1031 627 1026 628 981 628 1027 628 1026 629 1027 629 1028 629 1026 630 1029 630 981 630 1026 631 1028 631 1034 631 1031 632 989 632 998 632 1242 633 1199 633 1210 633 1124 634 1114 634 1103 634 1026 635 991 635 1003 635 1104 636 1125 636 1130 636 620 637 610 637 595 637 1205 638 1235 638 1227 638 1001 639 1035 639 1026 639 1135 640 1093 640 1107 640 1036 641 1041 641 1037 641 1040 642 1039 642 1041 642 1040 643 1041 643 1036 643 1252 644 1250 644 1246 644 1041 645 1026 645 1016 645 1016 646 1026 646 1036 646 1175 647 1177 647 1173 647 1058 648 1039 648 1056 648 1056 649 1039 649 1055 649 1056 650 1055 650 1057 650 1057 651 1055 651 1052 651 1057 652 1052 652 1058 652 1058 653 1052 653 1039 653 988 654 1029 654 1035 654 1054 655 1057 655 1058 655 1056 656 1057 656 1053 656 1063 657 1062 657 1060 657 1066 658 1061 658 1059 658 1066 659 1059 659 1063 659 1066 660 1063 660 1065 660 1065 661 1063 661 1064 661 1062 662 1036 662 1060 662 1036 663 1062 663 1065 663 1189 664 1187 664 1188 664 1072 665 1069 665 1068 665 1069 666 1070 666 1073 666 1073 667 1070 667 1075 667 1068 668 1071 668 1072 668 674 669 704 669 675 669 1060 670 1067 670 1059 670 1069 671 1076 671 1075 671 1069 672 1075 672 1071 672 1071 673 1074 673 1072 673 1072 674 1074 674 1076 674 1072 675 1076 675 1069 675 1077 676 1079 676 1080 676 2058 677 2062 677 2061 677 1083 678 1084 678 1077 678 1077 679 1084 679 1078 679 1110 680 1119 680 1122 680 1081 681 1083 681 1080 681 1895 682 1936 682 1924 682 1077 683 1085 683 1086 683 1589 684 1590 684 1595 684 1086 685 1083 685 1077 685 1905 686 1903 686 1904 686 1089 687 1091 687 1092 687 1196 688 1191 688 1195 688 1087 689 1095 689 1097 689 1122 690 1111 690 1110 690 702 691 688 691 684 691 1119 692 1100 692 1091 692 1107 693 1094 693 1093 693 604 694 583 694 591 694 1933 695 1905 695 1914 695 1213 696 1197 696 1195 696 1113 697 1103 697 1090 697 1525 698 1510 698 1512 698 1214 699 1193 699 1197 699 1622 700 1606 700 1598 700 614 701 588 701 583 701 1212 702 1195 702 1202 702 1225 703 1207 703 1196 703 1121 704 1101 704 1091 704 1218 705 1194 705 1204 705 1524 706 1499 706 1503 706 1209 707 1199 707 1193 707 1625 708 1599 708 1610 708 597 709 583 709 589 709 1113 710 1094 710 1115 710 1115 711 1094 711 1106 711 1115 712 1106 712 1117 712 1117 713 1106 713 1122 713 1696 714 1695 714 1693 714 1491 715 1526 715 1490 715 1088 716 1123 716 1124 716 1188 717 1186 717 1182 717 1117 718 1116 718 1115 718 1131 719 1125 719 1123 719 1146 720 1149 720 1123 720 1130 721 1116 721 1102 721 1407 722 1439 722 1432 722 1101 723 1132 723 1127 723 616 724 608 724 593 724 1108 725 1137 725 1140 725 1127 726 1120 726 1100 726 1413 727 1443 727 1450 727 1138 728 1099 728 1105 728 1095 729 1139 729 1134 729 1133 730 1087 730 1134 730 1133 731 1134 731 1135 731 1135 732 1134 732 1136 732 1136 733 1134 733 1137 733 1136 734 1137 734 1133 734 1133 735 1137 735 1087 735 1168 736 1167 736 1148 736 1142 737 1137 737 1134 737 1206 738 1233 738 1227 738 1436 739 1421 739 1407 739 1230 740 1221 740 1207 740 1820 741 1854 741 1849 741 1203 742 1234 742 1230 742 1227 743 1218 743 1204 743 1140 744 1098 744 1109 744 1215 745 1227 745 1233 745 1636 746 1627 746 1609 746 1231 747 1216 747 1206 747 1148 748 1123 748 1143 748 1143 749 1144 749 1145 749 1145 750 1144 750 1146 750 1145 751 1146 751 1148 751 1148 752 1146 752 1123 752 1133 753 1148 753 1143 753 1091 754 1087 754 1092 754 1123 755 1133 755 1147 755 1123 756 1147 756 1144 756 1144 757 1147 757 1150 757 1150 758 1147 758 1145 758 1226 759 1249 759 1239 759 1159 760 1163 760 1160 760 1160 761 1164 761 1162 761 1162 762 1164 762 1163 762 1162 763 1163 763 1159 763 1144 764 1159 764 1164 764 1164 765 1159 765 1161 765 1161 766 1144 766 1163 766 1160 767 1144 767 1164 767 1170 768 1148 768 1167 768 1170 769 1167 769 1171 769 1171 770 1167 770 1166 770 1171 771 1166 771 1172 771 1172 772 1166 772 1148 772 1172 773 1148 773 1170 773 2195 774 2188 774 2189 774 1176 775 1173 775 1178 775 1176 776 1174 776 1181 776 1173 777 1179 777 1175 777 1174 778 1180 778 1181 778 1173 779 1181 779 1179 779 1175 780 1179 780 1174 780 1174 781 1179 781 1180 781 1181 782 1178 782 1179 782 1179 783 1178 783 1177 783 1179 784 1177 784 1176 784 1179 785 1176 785 1180 785 1180 786 1176 786 1178 786 1180 787 1178 787 1181 787 1182 788 1183 788 1184 788 1184 789 1183 789 1185 789 1184 790 1185 790 1186 790 1186 791 1187 791 1182 791 1182 792 1187 792 1183 792 1856 793 1859 793 1835 793 1186 794 1188 794 1184 794 1078 795 1084 795 1085 795 1343 796 1340 796 1341 796 1190 797 1188 797 1183 797 1498 798 1502 798 1501 798 1193 799 1194 799 1195 799 1195 800 1194 800 1196 800 599 801 590 801 583 801 1217 802 1204 802 1194 802 816 803 792 803 783 803 596 804 589 804 583 804 602 805 586 805 583 805 607 806 593 806 583 806 603 807 583 807 586 807 1219 808 1205 808 1194 808 1216 809 1194 809 1206 809 612 810 584 810 594 810 1816 811 1801 811 1807 811 1422 812 1409 812 1399 812 600 813 585 813 590 813 1220 814 1196 814 1205 814 1522 815 1502 815 1504 815 1222 816 1203 816 1196 816 1518 817 1499 817 1506 817 611 818 594 818 584 818 801 819 785 819 787 819 1279 820 1283 820 1278 820 1217 821 1223 821 1209 821 1217 822 1209 822 1219 822 1219 823 1209 823 1213 823 1219 824 1213 824 1225 824 1225 825 1213 825 1222 825 1222 826 1213 826 1201 826 1222 827 1201 827 1224 827 1224 828 1201 828 1193 828 1227 829 1226 829 1228 829 1227 830 1228 830 1229 830 1227 831 1229 831 1230 831 1230 832 1229 832 1226 832 1230 833 1226 833 1192 833 1282 834 1280 834 1278 834 1191 835 1198 835 1201 835 1226 836 1229 836 1234 836 1245 837 1240 837 1237 837 592 838 615 838 621 838 1214 839 1237 839 1243 839 1232 840 1220 840 1205 840 627 841 588 841 598 841 1208 842 1237 842 1242 842 1444 843 1402 843 1419 843 1211 844 1240 844 1241 844 590 845 625 845 634 845 591 846 623 846 619 846 1239 847 1191 847 1236 847 1236 848 1191 848 1237 848 1236 849 1237 849 1238 849 1238 850 1237 850 1239 850 1239 851 1237 851 1240 851 1239 852 1240 852 1191 852 1220 853 1229 853 1228 853 603 854 631 854 628 854 1245 855 1197 855 1214 855 604 856 621 856 615 856 1241 857 1202 857 1212 857 1522 858 1552 858 1546 858 593 859 624 859 616 859 1508 860 1535 860 1539 860 628 861 586 861 603 861 1644 862 1604 862 1614 862 595 863 622 863 616 863 1273 864 1226 864 1246 864 1246 865 1226 865 1247 865 1246 866 1247 866 1248 866 1246 867 1248 867 1249 867 1249 868 1248 868 1273 868 1273 869 1248 869 1226 869 1239 870 1273 870 1246 870 1252 871 1248 871 1247 871 1226 872 1250 872 1247 872 1042 873 1039 873 1016 873 1226 874 1239 874 1250 874 1262 875 1263 875 1261 875 1265 876 1264 876 1263 876 1265 877 1248 877 1264 877 1264 878 1248 878 1267 878 1264 879 1267 879 1261 879 1261 880 1267 880 1268 880 1261 881 1268 881 1265 881 1265 882 1268 882 1248 882 1266 883 1263 883 1248 883 1272 884 1275 884 1269 884 1269 885 1275 885 1270 885 1276 886 1269 886 1277 886 1277 887 1269 887 1271 887 1277 888 1271 888 1273 888 1273 889 1270 889 1275 889 1429 890 1407 890 1399 890 1790 891 1787 891 1786 891 1286 892 1278 892 1280 892 1278 893 1286 893 1281 893 2038 894 2039 894 2001 894 1280 895 1279 895 1285 895 1280 896 1285 896 1286 896 1284 897 1279 897 1280 897 1285 898 1284 898 1286 898 1286 899 1284 899 1282 899 1286 900 1283 900 1281 900 1281 901 1283 901 1285 901 1289 902 1290 902 1291 902 1289 903 1291 903 1292 903 1292 904 1291 904 1293 904 2094 905 2098 905 2099 905 1312 906 1287 906 1288 906 896 907 922 907 906 907 1443 908 1444 908 1441 908 1295 909 1290 909 1293 909 1488 910 1489 910 1487 910 936 911 941 911 933 911 1705 912 1698 912 1704 912 1295 913 1289 913 1294 913 1481 914 1483 914 1478 914 891 915 892 915 890 915 901 916 894 916 892 916 1711 917 1704 917 1707 917 1224 918 1206 918 1194 918 1315 919 1312 919 1303 919 1315 920 1303 920 1310 920 1702 921 1744 921 1738 921 1317 922 1318 922 1319 922 1317 923 1319 923 1320 923 1317 924 1320 924 1321 924 1317 925 1321 925 1322 925 1317 926 1322 926 1323 926 1317 927 1323 927 1324 927 1725 928 1703 928 1718 928 1326 929 1327 929 1328 929 681 930 673 930 676 930 1326 931 1329 931 1330 931 1326 932 1330 932 1331 932 1326 933 1332 933 1333 933 1301 934 1347 934 1346 934 1332 935 1331 935 1334 935 1302 936 1308 936 1317 936 2111 937 2162 937 2115 937 933 938 894 938 898 938 1338 939 1339 939 1340 939 1341 940 1339 940 1342 940 1343 941 1339 941 1344 941 1344 942 1339 942 1345 942 1347 943 1348 943 1349 943 1350 944 1348 944 1351 944 1351 945 1348 945 1352 945 1327 946 1302 946 1325 946 1335 947 1323 947 1322 947 900 948 941 948 939 948 1356 949 1321 949 1344 949 1344 950 1321 950 1328 950 1351 951 1328 951 1316 951 1351 952 1316 952 1356 952 581 953 590 953 585 953 1321 954 1316 954 1319 954 1316 955 1337 955 1319 955 1319 956 1337 956 1340 956 1319 957 1340 957 1321 957 1321 958 1340 958 1342 958 1321 959 1342 959 1323 959 1323 960 1342 960 1344 960 1323 961 1344 961 1325 961 1325 962 1344 962 1346 962 1325 963 1346 963 1328 963 1328 964 1346 964 1349 964 1328 965 1349 965 1330 965 1330 966 1349 966 1351 966 1330 967 1351 967 1332 967 1332 968 1351 968 1353 968 1332 969 1353 969 1316 969 1316 970 1353 970 1337 970 1085 971 1079 971 1086 971 2020 972 2027 972 2036 972 1365 973 1328 973 1364 973 1367 974 1365 974 1368 974 1368 975 1366 975 1369 975 1368 976 1369 976 1328 976 1328 977 1369 977 1364 977 1370 978 1328 978 1365 978 1370 979 1365 979 1371 979 1371 980 1365 980 1367 980 1370 981 1367 981 1328 981 1370 982 1366 982 1364 982 1366 983 1371 983 1367 983 1373 984 1374 984 1372 984 1377 985 1356 985 1378 985 1378 986 1356 986 1375 986 1378 987 1375 987 1379 987 1379 988 1375 988 1372 988 1379 989 1372 989 1377 989 1377 990 1372 990 1356 990 1376 991 1378 991 1379 991 1374 992 1373 992 1379 992 2125 993 2104 993 2123 993 1383 994 1381 994 1382 994 1382 995 1386 995 1380 995 1380 996 1386 996 1385 996 1380 997 1385 997 1381 997 1381 998 1385 998 1387 998 1381 999 1387 999 1386 999 1381 1000 1386 1000 1382 1000 1389 1001 1390 1001 1391 1001 1389 1002 1391 1002 1392 1002 1392 1003 1391 1003 1388 1003 855 1004 837 1004 851 1004 1391 1005 1394 1005 1388 1005 1961 1006 1967 1006 1972 1006 1696 1007 1692 1007 1697 1007 1785 1008 1786 1008 1783 1008 1246 1009 1251 1009 1252 1009 582 1010 583 1010 581 1010 1400 1011 1399 1011 1401 1011 887 1012 892 1012 893 1012 1396 1013 1398 1013 1405 1013 1396 1014 1405 1014 1400 1014 1411 1015 1400 1015 1401 1015 638 1016 636 1016 662 1016 1415 1017 1398 1017 1403 1017 1614 1018 1598 1018 1604 1018 1418 1019 1402 1019 1400 1019 1517 1020 1506 1020 1499 1020 1527 1021 1500 1021 1513 1021 1519 1022 1505 1022 1499 1022 1215 1023 1194 1023 1203 1023 1421 1024 1399 1024 1407 1024 1425 1025 1400 1025 1411 1025 1012 1026 984 1026 995 1026 701 1027 684 1027 691 1027 1426 1028 1400 1028 1410 1028 802 1029 788 1029 785 1029 705 1030 689 1030 690 1030 1004 1031 990 1031 985 1031 1515 1032 1507 1032 1499 1032 706 1033 685 1033 687 1033 1419 1034 1400 1034 1402 1034 1011 1035 995 1035 984 1035 1426 1036 1424 1036 1427 1036 1430 1037 1423 1037 1422 1037 615 1038 635 1038 637 1038 1429 1039 1428 1039 1398 1039 1429 1040 1398 1040 1422 1040 1422 1041 1398 1041 1430 1041 1430 1042 1398 1042 1414 1042 1424 1043 1412 1043 1418 1043 1424 1044 1418 1044 1427 1044 1427 1045 1418 1045 1428 1045 1427 1046 1428 1046 1429 1046 1397 1047 1431 1047 1432 1047 1434 1048 1433 1048 1435 1048 1405 1049 1448 1049 1442 1049 594 1050 618 1050 620 1050 1419 1051 1445 1051 1447 1051 1518 1052 1544 1052 1549 1052 1505 1053 1549 1053 1544 1053 1812 1054 1837 1054 1840 1054 1546 1055 1503 1055 1524 1055 1449 1056 1406 1056 1417 1056 1417 1057 1451 1057 1444 1057 717 1058 711 1058 697 1058 1441 1059 1396 1059 1442 1059 1441 1060 1442 1060 1443 1060 1416 1061 1449 1061 1445 1061 1441 1062 1444 1062 1447 1062 1451 1063 1446 1063 1445 1063 1442 1064 1396 1064 1405 1064 1415 1065 1442 1065 1448 1065 792 1066 819 1066 823 1066 1847 1067 1807 1067 1816 1067 1513 1068 1541 1068 1533 1068 1639 1069 1621 1069 1608 1069 1539 1070 1527 1070 1513 1070 1512 1071 1534 1071 1538 1071 1128 1072 1118 1072 1104 1072 1912 1073 1941 1073 1942 1073 707 1074 717 1074 724 1074 1471 1075 1452 1075 1441 1075 1441 1076 1452 1076 1453 1076 1453 1077 1468 1077 1431 1077 1453 1078 1431 1078 1471 1078 1471 1079 1431 1079 1452 1079 1431 1080 1441 1080 1455 1080 1431 1081 1455 1081 1452 1081 1452 1082 1455 1082 1456 1082 1456 1083 1455 1083 1453 1083 1456 1084 1453 1084 1454 1084 1456 1085 1454 1085 1431 1085 1458 1086 1459 1086 1457 1086 1457 1087 1459 1087 1458 1087 1461 1088 1460 1088 1464 1088 1462 1089 1464 1089 1463 1089 1464 1090 1468 1090 1466 1090 1464 1091 1466 1091 1463 1091 1463 1092 1466 1092 1460 1092 1460 1093 1466 1093 1467 1093 1460 1094 1467 1094 1464 1094 1464 1095 1467 1095 1468 1095 1466 1096 1468 1096 1465 1096 1461 1097 1465 1097 1467 1097 1472 1098 1471 1098 1470 1098 1477 1099 1471 1099 1472 1099 1477 1100 1472 1100 1475 1100 1475 1101 1472 1101 1469 1101 1475 1102 1469 1102 1476 1102 1476 1103 1469 1103 1477 1103 1477 1104 1469 1104 1471 1104 1482 1105 1480 1105 1479 1105 1480 1106 1478 1106 1483 1106 1479 1107 1480 1107 1485 1107 1069 1108 1074 1108 1068 1108 1480 1109 1482 1109 1478 1109 737 1110 717 1110 683 1110 1482 1111 1485 1111 1478 1111 1478 1112 1485 1112 1486 1112 1478 1113 1486 1113 1481 1113 1481 1114 1486 1114 1484 1114 1481 1115 1484 1115 1482 1115 1482 1116 1484 1116 1485 1116 1891 1117 1890 1117 1897 1117 890 1118 933 1118 932 1118 1492 1119 1495 1119 1489 1119 1797 1120 1798 1120 1791 1120 1079 1121 1081 1121 1080 1121 1492 1122 1487 1122 1495 1122 2124 1123 2141 1123 2143 1123 973 1124 980 1124 978 1124 1495 1125 1487 1125 1494 1125 1597 1126 1598 1126 1596 1126 2004 1127 2005 1127 2002 1127 983 1128 981 1128 982 1128 1503 1129 1499 1129 1502 1129 665 1130 669 1130 664 1130 1519 1131 1518 1131 1517 1131 1526 1132 1513 1132 1510 1132 698 1133 692 1133 685 1133 1930 1134 1904 1134 1917 1134 1521 1135 1504 1135 1502 1135 1628 1136 1607 1136 1599 1136 1528 1137 1501 1137 1508 1137 714 1138 695 1138 686 1138 1531 1139 1511 1139 1514 1139 2119 1140 2111 1140 2109 1140 1612 1141 1598 1141 1603 1141 703 1142 685 1142 688 1142 709 1143 684 1143 693 1143 1619 1144 1598 1144 1601 1144 1623 1145 1599 1145 1606 1145 713 1146 686 1146 696 1146 710 1147 697 1147 684 1147 2028 1148 2003 1148 2012 1148 1532 1149 1509 1149 1501 1149 1122 1150 1099 1150 1089 1150 797 1151 791 1151 783 1151 1526 1152 1519 1152 1532 1152 1532 1153 1519 1153 1517 1153 2131 1154 2108 1154 2124 1154 1498 1155 1534 1155 1533 1155 1533 1156 1534 1156 1535 1156 1536 1157 1537 1157 1534 1157 1536 1158 1534 1158 1498 1158 1508 1159 1533 1159 1536 1159 1647 1160 1603 1160 1612 1160 1538 1161 1531 1161 1514 1161 703 1162 730 1162 732 1162 1509 1163 1542 1163 1536 1163 1620 1164 1632 1164 1640 1164 796 1165 826 1165 818 1165 832 1166 791 1166 798 1166 1520 1167 1547 1167 1548 1167 1608 1168 1640 1168 1632 1168 1516 1169 1551 1169 1545 1169 1543 1170 1497 1170 1544 1170 1543 1171 1544 1171 1545 1171 1545 1172 1544 1172 1546 1172 1546 1173 1544 1173 1547 1173 1546 1174 1547 1174 1543 1174 1543 1175 1547 1175 1497 1175 1545 1176 1546 1176 1516 1176 1505 1177 1497 1177 1547 1177 801 1178 834 1178 827 1178 1546 1179 1507 1179 1516 1179 701 1180 727 1180 733 1180 1915 1181 1939 1181 1943 1181 1524 1182 1550 1182 1546 1182 821 1183 812 1183 795 1183 697 1184 718 1184 721 1184 1917 1185 1945 1185 1938 1185 1849 1186 1804 1186 1822 1186 720 1187 715 1187 695 1187 1543 1188 1553 1188 1554 1188 1554 1189 1553 1189 1555 1189 1554 1190 1555 1190 1556 1190 1556 1191 1555 1191 1557 1191 1556 1192 1557 1192 1543 1192 1543 1193 1557 1193 1553 1193 659 1194 655 1194 658 1194 1534 1195 1543 1195 1559 1195 1559 1196 1543 1196 1554 1196 1559 1197 1554 1197 1560 1197 1560 1198 1554 1198 1556 1198 1560 1199 1556 1199 1558 1199 1755 1200 1766 1200 1772 1200 1074 1201 1071 1201 1075 1201 900 1202 940 1202 895 1202 1562 1203 1563 1203 1561 1203 1561 1204 1563 1204 1562 1204 1567 1205 1568 1205 1569 1205 1564 1206 1567 1206 1566 1206 2018 1207 2037 1207 2020 1207 1568 1208 1555 1208 1565 1208 1565 1209 1555 1209 1564 1209 1564 1210 1555 1210 1570 1210 1564 1211 1570 1211 1571 1211 1564 1212 1571 1212 1568 1212 1568 1213 1571 1213 1555 1213 1567 1214 1571 1214 1570 1214 1579 1215 1543 1215 1577 1215 1577 1216 1543 1216 1574 1216 1577 1217 1574 1217 1578 1217 1578 1218 1574 1218 1572 1218 1578 1219 1572 1219 1579 1219 1579 1220 1572 1220 1543 1220 1581 1221 1585 1221 1582 1221 1586 1222 1582 1222 1580 1222 1583 1223 1582 1223 1584 1223 1583 1224 1580 1224 1582 1224 1584 1225 1582 1225 1585 1225 1586 1226 1580 1226 1581 1226 1582 1227 1587 1227 1581 1227 1581 1228 1587 1228 1583 1228 1586 1229 1583 1229 1584 1229 1586 1230 1584 1230 1587 1230 1586 1231 1587 1231 1582 1231 1994 1232 1997 1232 1992 1232 1592 1233 1594 1233 1590 1233 1590 1234 1594 1234 1588 1234 2000 1235 2052 1235 2051 1235 1594 1236 1593 1236 1591 1236 1595 1237 1588 1237 1593 1237 2106 1238 2107 1238 2105 1238 1598 1239 1599 1239 1600 1239 1088 1240 1089 1240 1087 1240 1615 1241 1602 1241 1598 1241 805 1242 783 1242 793 1242 1931 1243 1915 1243 1904 1243 1210 1244 1193 1244 1199 1244 814 1245 786 1245 785 1245 1928 1246 1904 1246 1913 1246 1624 1247 1610 1247 1599 1247 809 1248 796 1248 784 1248 2031 1249 2014 1249 2004 1249 1929 1250 1917 1250 1904 1250 798 1251 789 1251 791 1251 803 1252 785 1252 788 1252 810 1253 784 1253 796 1253 1926 1254 1907 1254 1906 1254 2017 1255 2002 1255 2006 1255 1627 1256 1599 1256 1609 1256 699 1257 684 1257 692 1257 800 1258 787 1258 783 1258 1830 1259 1811 1259 1802 1259 728 1260 729 1260 731 1260 1631 1261 1622 1261 1621 1261 1631 1262 1630 1262 1615 1262 1631 1263 1615 1263 1622 1263 1622 1264 1615 1264 1613 1264 1622 1265 1613 1265 1624 1265 1624 1266 1611 1266 1629 1266 1624 1267 1629 1267 1626 1267 1626 1268 1629 1268 1618 1268 1626 1269 1618 1269 1628 1269 1628 1270 1618 1270 1630 1270 1628 1271 1630 1271 1631 1271 1632 1272 1634 1272 1635 1272 1632 1273 1635 1273 1636 1273 1636 1274 1635 1274 1597 1274 1632 1275 1639 1275 1608 1275 736 1276 738 1276 742 1276 799 1277 829 1277 833 1277 823 1278 807 1278 794 1278 1024 1279 1012 1279 995 1279 1646 1280 1601 1280 1619 1280 1607 1281 1641 1281 1636 1281 805 1282 818 1282 824 1282 1409 1283 1433 1283 1436 1283 630 1284 587 1284 601 1284 1614 1285 1643 1285 1649 1285 1602 1286 1649 1286 1643 1286 1642 1287 1643 1287 1644 1287 1644 1288 1643 1288 1645 1288 1644 1289 1645 1289 1646 1289 1646 1290 1645 1290 1642 1290 1642 1291 1645 1291 1596 1291 1642 1292 1644 1292 1614 1292 818 1293 808 1293 792 1293 1612 1294 1650 1294 1644 1294 798 1295 835 1295 828 1295 803 1296 836 1296 831 1296 1109 1297 1142 1297 1136 1297 1823 1298 1836 1298 1844 1298 1616 1299 1645 1299 1648 1299 1841 1300 1829 1300 1810 1300 1838 1301 1825 1301 1812 1301 804 1302 830 1302 832 1302 1674 1303 1635 1303 1652 1303 1674 1304 1652 1304 1653 1304 1653 1305 1652 1305 1657 1305 1653 1306 1657 1306 1635 1306 1653 1307 1635 1307 1654 1307 1654 1308 1635 1308 1674 1308 1655 1309 1656 1309 1653 1309 752 1310 751 1310 747 1310 1635 1311 1642 1311 1652 1311 1652 1312 1642 1312 1656 1312 1652 1313 1656 1313 1655 1313 1652 1314 1655 1314 1657 1314 1657 1315 1655 1315 1654 1315 1657 1316 1654 1316 1642 1316 1657 1317 1642 1317 1635 1317 1667 1318 1657 1318 1666 1318 1664 1319 1657 1319 1668 1319 1664 1320 1668 1320 1663 1320 1663 1321 1668 1321 1665 1321 1665 1322 1668 1322 1669 1322 1665 1323 1669 1323 1664 1323 1664 1324 1669 1324 1657 1324 1574 1325 1576 1325 1572 1325 1670 1326 1674 1326 1671 1326 2177 1327 2179 1327 2176 1327 1675 1328 1671 1328 1673 1328 1676 1329 1670 1329 1677 1329 1677 1330 1670 1330 1672 1330 1672 1331 1675 1331 1678 1331 1678 1332 1675 1332 1676 1332 757 1333 759 1333 762 1333 1683 1334 1680 1334 1682 1334 1683 1335 1684 1335 1679 1335 1681 1336 1679 1336 1684 1336 1681 1337 1682 1337 1680 1337 1681 1338 1687 1338 1679 1338 1680 1339 1685 1339 1681 1339 1683 1340 1686 1340 1684 1340 1684 1341 1686 1341 1687 1341 1684 1342 1687 1342 1685 1342 1684 1343 1685 1343 1682 1343 1792 1344 1794 1344 1793 1344 1690 1345 1692 1345 1693 1345 1288 1346 1289 1346 1287 1346 1082 1347 1079 1347 1085 1347 997 1348 1011 1348 999 1348 680 1349 678 1349 681 1349 1091 1350 1089 1350 1090 1350 1388 1351 1389 1351 1393 1351 1695 1352 1691 1352 1693 1352 1599 1353 1596 1353 1600 1353 2106 1354 2103 1354 2104 1354 1194 1355 1191 1355 1192 1355 1300 1356 1301 1356 1299 1356 899 1357 894 1357 898 1357 2122 1358 2113 1358 2110 1358 899 1359 895 1359 888 1359 893 1360 896 1360 903 1360 1713 1361 1705 1361 1716 1361 1716 1362 1700 1362 1714 1362 1728 1363 1703 1363 1726 1363 1718 1364 1719 1364 1720 1364 1718 1365 1720 1365 1721 1365 1718 1366 1721 1366 1722 1366 1718 1367 1722 1367 1723 1367 1718 1368 1723 1368 1724 1368 1718 1369 1724 1369 1725 1369 912 1370 891 1370 906 1370 1727 1371 1728 1371 1755 1371 1727 1372 1755 1372 1729 1372 1727 1373 1729 1373 1730 1373 1727 1374 1730 1374 1731 1374 1727 1375 1731 1375 1732 1375 1324 1376 1302 1376 1317 1376 634 1377 626 1377 581 1377 902 1378 923 1378 897 1378 1702 1379 1746 1379 1745 1379 1737 1380 1738 1380 1739 1380 1739 1381 1738 1381 1740 1381 1740 1382 1738 1382 1741 1382 1741 1383 1738 1383 1742 1383 1742 1384 1738 1384 1743 1384 1743 1385 1738 1385 1744 1385 906 1386 887 1386 905 1386 1746 1387 1747 1387 1748 1387 1748 1388 1747 1388 1749 1388 1749 1389 1747 1389 1750 1389 1750 1390 1747 1390 1751 1390 1751 1391 1747 1391 1752 1391 1318 1392 1298 1392 1316 1392 1742 1393 1743 1393 1744 1393 1754 1394 1739 1394 1742 1394 1736 1395 1756 1395 1722 1395 1743 1396 1755 1396 1750 1396 1750 1397 1755 1397 1756 1397 1750 1398 1756 1398 1736 1398 870 1399 868 1399 866 1399 1756 1400 1732 1400 1717 1400 1717 1401 1736 1401 1720 1401 1720 1402 1736 1402 1739 1402 1720 1403 1739 1403 1722 1403 1722 1404 1739 1404 1741 1404 1722 1405 1741 1405 1724 1405 1724 1406 1741 1406 1743 1406 1724 1407 1743 1407 1726 1407 1726 1408 1743 1408 1745 1408 1726 1409 1745 1409 1755 1409 1755 1410 1745 1410 1748 1410 1755 1411 1748 1411 1730 1411 1730 1412 1748 1412 1750 1412 1730 1413 1750 1413 1732 1413 1732 1414 1750 1414 1752 1414 1732 1415 1752 1415 1717 1415 1717 1416 1752 1416 1736 1416 1766 1417 1768 1417 1769 1417 1920 1418 1919 1418 1918 1418 1773 1419 1770 1419 1771 1419 1766 1420 1755 1420 1774 1420 1766 1421 1774 1421 1768 1421 1768 1422 1774 1422 1772 1422 1778 1423 1780 1423 1779 1423 1775 1424 1777 1424 1781 1424 1781 1425 1777 1425 1779 1425 1776 1426 1736 1426 1778 1426 1778 1427 1736 1427 1782 1427 1778 1428 1782 1428 1780 1428 1780 1429 1782 1429 1776 1429 1782 1430 1736 1430 1779 1430 1488 1431 1490 1431 1489 1431 1755 1432 1736 1432 1722 1432 1311 1433 1354 1433 1353 1433 1785 1434 1784 1434 1788 1434 1786 1435 1785 1435 1788 1435 1784 1436 1785 1436 1789 1436 1789 1437 1787 1437 1783 1437 1790 1438 1786 1438 1789 1438 1789 1439 1786 1439 1788 1439 1791 1440 1792 1440 1793 1440 1593 1441 1592 1441 1591 1441 1794 1442 1795 1442 1796 1442 1794 1443 1796 1443 1791 1443 923 1444 903 1444 896 1444 1711 1445 1753 1445 1752 1445 1696 1446 1690 1446 1694 1446 1223 1447 1224 1447 1193 1447 885 1448 878 1448 881 1448 1588 1449 1589 1449 1592 1449 901 1450 875 1450 876 1450 2093 1451 2116 1451 2094 1451 1190 1452 1184 1452 1188 1452 727 1453 726 1453 682 1453 1905 1454 1901 1454 1906 1454 1801 1455 1802 1455 1803 1455 1902 1456 1903 1456 1901 1456 837 1457 844 1457 840 1457 812 1458 811 1458 813 1458 1806 1459 1799 1459 1801 1459 1815 1460 1801 1460 1808 1460 1820 1461 1803 1461 1805 1461 1221 1462 1196 1462 1207 1462 1626 1463 1609 1463 1599 1463 1424 1464 1410 1464 1400 1464 1829 1465 1803 1465 1810 1465 1213 1466 1200 1466 1193 1466 1934 1467 1912 1467 1905 1467 1824 1468 1802 1468 1811 1468 1830 1469 1809 1469 1803 1469 1834 1470 1812 1470 1802 1470 1920 1471 1908 1471 1903 1471 1932 1472 1916 1472 1915 1472 1826 1473 1813 1473 1803 1473 2120 1474 2106 1474 2113 1474 1828 1475 1810 1475 1803 1475 1936 1476 1913 1476 1905 1476 2021 1477 2005 1477 2007 1477 1819 1478 1805 1478 1803 1478 1921 1479 1903 1479 1908 1479 1827 1480 1826 1480 1833 1480 1826 1481 1832 1481 1814 1481 1826 1482 1814 1482 1833 1482 1833 1483 1814 1483 1821 1483 1833 1484 1821 1484 1828 1484 1828 1485 1821 1485 1819 1485 1828 1486 1819 1486 1830 1486 1838 1487 1839 1487 1835 1487 1838 1488 1835 1488 1800 1488 1840 1489 1811 1489 1836 1489 858 1490 860 1490 859 1490 1923 1491 1950 1491 1953 1491 1838 1492 1827 1492 1813 1492 1952 1493 1910 1493 1919 1493 1840 1494 1824 1494 1811 1494 1928 1495 1938 1495 1945 1495 1100 1496 1126 1496 1128 1496 2054 1497 2010 1497 2023 1497 1105 1498 1141 1498 1135 1498 2011 1499 2040 1499 2043 1499 2026 1500 2039 1500 2046 1500 1845 1501 1799 1501 1846 1501 1845 1502 1846 1502 1847 1502 1847 1503 1846 1503 1848 1503 1847 1504 1848 1504 1849 1504 1849 1505 1848 1505 1845 1505 1845 1506 1848 1506 1799 1506 837 1507 853 1507 851 1507 1853 1508 1799 1508 1848 1508 1949 1509 1908 1509 1921 1509 1914 1510 1946 1510 1940 1510 1818 1511 1853 1511 1845 1511 1921 1512 1948 1512 1954 1512 1913 1513 1937 1513 1944 1513 1107 1514 1134 1514 1139 1514 1410 1515 1435 1515 1437 1515 993 1516 1016 1516 1022 1516 1006 1517 1022 1517 1016 1517 1855 1518 1856 1518 1857 1518 1855 1519 1857 1519 1858 1519 1858 1520 1857 1520 1859 1520 1859 1521 1857 1521 1835 1521 1835 1522 1860 1522 1856 1522 1856 1523 1860 1523 1861 1523 1861 1524 1860 1524 1855 1524 1861 1525 1858 1525 1845 1525 1861 1526 1845 1526 1835 1526 1835 1527 1845 1527 1860 1527 1866 1528 1868 1528 1867 1528 1865 1529 1870 1529 1869 1529 1865 1530 1867 1530 1870 1530 1866 1531 1857 1531 1871 1531 1871 1532 1857 1532 1868 1532 1871 1533 1868 1533 1872 1533 1872 1534 1868 1534 1866 1534 1872 1535 1870 1535 1867 1535 1858 1536 1859 1536 1845 1536 798 1537 797 1537 815 1537 1276 1538 1273 1538 1269 1538 1875 1539 1859 1539 1879 1539 1875 1540 1879 1540 1873 1540 1873 1541 1879 1541 1880 1541 1873 1542 1880 1542 1877 1542 1877 1543 1880 1543 1859 1543 1877 1544 1859 1544 1875 1544 1880 1545 1879 1545 1874 1545 1884 1546 1883 1546 1881 1546 1886 1547 1881 1547 1882 1547 1882 1548 1881 1548 1887 1548 1888 1549 1882 1549 1887 1549 1693 1550 1694 1550 1690 1550 1882 1551 1884 1551 1885 1551 1881 1552 1886 1552 1884 1552 1885 1553 1888 1553 1887 1553 1885 1554 1887 1554 1886 1554 1886 1555 1887 1555 1889 1555 1886 1556 1889 1556 1884 1556 1884 1557 1888 1557 1885 1557 1890 1558 1892 1558 1893 1558 1084 1559 1081 1559 1082 1559 1893 1560 1896 1560 1897 1560 1897 1561 1896 1561 1891 1561 1493 1562 1487 1562 1492 1562 1705 1563 1709 1563 1715 1563 737 1564 741 1564 726 1564 1897 1565 1899 1565 1893 1565 1537 1566 1536 1566 1535 1566 674 1567 702 1567 708 1567 1301 1568 1345 1568 1339 1568 1300 1569 1297 1569 1298 1569 2085 1570 2089 1570 2084 1570 1122 1571 1119 1571 1117 1571 1733 1572 1715 1572 1709 1572 1890 1573 1900 1573 1897 1573 1700 1574 1705 1574 1712 1574 584 1575 581 1575 585 1575 889 1576 890 1576 888 1576 1903 1577 1906 1577 1907 1577 854 1578 856 1578 857 1578 2035 1579 2013 1579 2004 1579 1105 1580 1089 1580 1099 1580 1927 1581 1903 1581 1907 1581 1112 1582 1090 1582 1101 1582 2032 1583 2004 1583 2014 1583 1925 1584 1906 1584 1911 1584 2018 1585 2008 1585 2002 1585 1114 1586 1090 1586 1103 1586 2016 1587 2006 1587 2002 1587 2023 1588 2005 1588 2010 1588 2027 1589 2012 1589 2003 1589 1120 1590 1091 1590 1100 1590 2026 1591 2003 1591 2013 1591 2034 1592 2004 1592 2015 1592 1118 1593 1091 1593 1104 1593 1313 1594 1300 1594 1307 1594 1935 1595 1905 1595 1912 1595 1003 1596 985 1596 991 1596 2025 1597 2002 1597 2009 1597 1875 1598 1873 1598 1876 1598 827 1599 828 1599 801 1599 1081 1600 1094 1600 1113 1600 1936 1601 1926 1601 1924 1601 1902 1602 1937 1602 1938 1602 1938 1603 1937 1603 1939 1603 1938 1604 1939 1604 1940 1604 1940 1605 1939 1605 1941 1605 1940 1606 1941 1606 1937 1606 1939 1607 1937 1607 1945 1607 1915 1608 1938 1608 1940 1608 1776 1609 1781 1609 1736 1609 1919 1610 1951 1610 1952 1610 1953 1611 1911 1611 1925 1611 616 1612 606 1612 592 1612 1548 1613 1504 1613 1522 1613 732 1614 690 1614 705 1614 1909 1615 1954 1615 1948 1615 1925 1616 1956 1616 1951 1616 1810 1617 1842 1617 1838 1617 1447 1618 1404 1618 1413 1618 1815 1619 1852 1619 1847 1619 1023 1620 1014 1620 994 1620 1949 1621 1948 1621 1950 1621 1949 1622 1950 1622 1951 1622 1951 1623 1950 1623 1947 1623 1947 1624 1950 1624 1901 1624 1207 1625 1229 1625 1232 1625 2044 1626 2034 1626 2015 1626 1525 1627 1533 1627 1541 1627 1198 1628 1244 1628 1237 1628 2045 1629 2030 1629 2011 1629 1540 1630 1529 1630 1509 1630 598 1631 634 1631 625 1631 2021 1632 2051 1632 2054 1632 2013 1633 2038 1633 2044 1633 1420 1634 1432 1634 1439 1634 1947 1635 1957 1635 1958 1635 1959 1636 1960 1636 1961 1636 1959 1637 1961 1637 1957 1637 1959 1638 1957 1638 1947 1638 1950 1639 1948 1639 1955 1639 1937 1640 1958 1640 1963 1640 1963 1641 1958 1641 1962 1641 1963 1642 1962 1642 1960 1642 1937 1643 1947 1643 1958 1643 915 1644 891 1644 913 1644 922 1645 912 1645 911 1645 1967 1646 1970 1646 1969 1646 1967 1647 1961 1647 1973 1647 1967 1648 1973 1648 1970 1648 1970 1649 1973 1649 1974 1649 1970 1650 1974 1650 1972 1650 1972 1651 1974 1651 1961 1651 1979 1652 1947 1652 1981 1652 1979 1653 1981 1653 1975 1653 1975 1654 1981 1654 1982 1654 1976 1655 1982 1655 1947 1655 1976 1656 1947 1656 1979 1656 1981 1657 1947 1657 1980 1657 2163 1658 2115 1658 2156 1658 1986 1659 1987 1659 1984 1659 1985 1660 1986 1660 1990 1660 1990 1661 1986 1661 1989 1661 1983 1662 1985 1662 1990 1662 1984 1663 1988 1663 1986 1663 1984 1664 1987 1664 1983 1664 1987 1665 1989 1665 1988 1665 1983 1666 1988 1666 1991 1666 1983 1667 1991 1667 1985 1667 1985 1668 1991 1668 1989 1668 1985 1669 1989 1669 1987 1669 1993 1670 1999 1670 1995 1670 1993 1671 1995 1671 1996 1671 1996 1672 1995 1672 1997 1672 1997 1673 1995 1673 1992 1673 1686 1674 1682 1674 1685 1674 1894 1675 1922 1675 1929 1675 975 1676 974 1676 973 1676 1709 1677 1735 1677 1718 1677 1308 1678 1335 1678 1317 1678 1029 1679 1028 1679 1027 1679 1996 1680 1997 1680 1999 1680 1611 1681 1624 1681 1613 1681 1708 1682 1734 1682 1713 1682 1302 1683 1303 1683 1301 1683 683 1684 684 1684 682 1684 2020 1685 2007 1685 2002 1685 1111 1686 1089 1686 1096 1686 2019 1687 2002 1687 2008 1687 2022 1688 2010 1688 2005 1688 2024 1689 2009 1689 2005 1689 997 1690 989 1690 983 1690 2030 1691 2004 1691 2011 1691 1002 1692 991 1692 985 1692 1423 1693 1401 1693 1409 1693 2033 1694 2015 1694 2004 1694 998 1695 983 1695 989 1695 1014 1696 984 1696 994 1696 1116 1697 1091 1697 1102 1697 1211 1698 1201 1698 1198 1698 601 1699 583 1699 587 1699 1000 1700 987 1700 986 1700 1106 1701 1093 1701 1089 1701 2020 1702 2019 1702 2018 1702 2029 1703 2018 1703 2031 1703 2031 1704 2018 1704 2016 1704 2031 1705 2016 1705 2033 1705 2033 1706 2016 1706 2024 1706 2033 1707 2024 1707 2035 1707 2035 1708 2024 1708 2022 1708 2035 1709 2022 1709 2027 1709 2027 1710 2022 1710 2036 1710 2042 1711 2041 1711 2038 1711 2042 1712 2038 1712 2001 1712 930 1713 928 1713 932 1713 935 1714 928 1714 926 1714 2047 1715 2038 1715 2041 1715 925 1716 886 1716 940 1716 2014 1717 2041 1717 2045 1717 619 1718 612 1718 594 1718 995 1719 1018 1719 1021 1719 1243 1720 1200 1720 1208 1720 2025 1721 2057 1721 2050 1721 992 1722 1020 1722 1023 1722 1136 1723 1096 1723 1111 1723 2019 1724 2056 1724 2048 1724 2053 1725 2008 1725 2019 1725 2015 1726 2047 1726 2042 1726 2048 1727 2000 1727 2049 1727 2048 1728 2049 1728 2050 1728 2050 1729 2049 1729 2051 1729 2050 1730 2051 1730 2052 1730 2049 1731 2000 1731 2056 1731 947 1732 949 1732 948 1732 955 1733 956 1733 957 1733 1003 1734 1029 1734 1032 1734 1210 1735 1237 1735 1244 1735 994 1736 1018 1736 1024 1736 2050 1737 2006 1737 2017 1737 2055 1738 2009 1738 2025 1738 1017 1739 1008 1739 993 1739 1204 1740 1228 1740 1231 1740 996 1741 1025 1741 1017 1741 988 1742 1034 1742 1027 1742 2023 1743 2051 1743 2055 1743 675 1744 676 1744 674 1744 2048 1745 2058 1745 2059 1745 2048 1746 2059 1746 2060 1746 2060 1747 2059 1747 2061 1747 2060 1748 2061 1748 2062 1748 2038 1749 2061 1749 2063 1749 2038 1750 2048 1750 2064 1750 2064 1751 2048 1751 2060 1751 2064 1752 2060 1752 2063 1752 2063 1753 2060 1753 2062 1753 2063 1754 2062 1754 2038 1754 2038 1755 2062 1755 2048 1755 2058 1756 2038 1756 2064 1756 1920 1757 1916 1757 1931 1757 2070 1758 2071 1758 2069 1758 2072 1759 2068 1759 2071 1759 2075 1760 2059 1760 2073 1760 2074 1761 2072 1761 2075 1761 2075 1762 2072 1762 2070 1762 2075 1763 2070 1763 2059 1763 2075 1764 2073 1764 2068 1764 2053 1765 2050 1765 2017 1765 2076 1766 2062 1766 2082 1766 2076 1767 2082 1767 2078 1767 2078 1768 2082 1768 2083 1768 2078 1769 2083 1769 2080 1769 2080 1770 2083 1770 2062 1770 2080 1771 2062 1771 2076 1771 2074 1772 2075 1772 2071 1772 1284 1773 1285 1773 1283 1773 2084 1774 2087 1774 2088 1774 2091 1775 2086 1775 2090 1775 2089 1776 2086 1776 2091 1776 2086 1777 2085 1777 2088 1777 2090 1778 2086 1778 2087 1778 2088 1779 2092 1779 2084 1779 2084 1780 2092 1780 2085 1780 2085 1781 2092 1781 2091 1781 2085 1782 2091 1782 2088 1782 2088 1783 2091 1783 2090 1783 2088 1784 2090 1784 2092 1784 2095 1785 2096 1785 2097 1785 2095 1786 2097 1786 2098 1786 2098 1787 2097 1787 2099 1787 1288 1788 1292 1788 1293 1788 1937 1789 1962 1789 1959 1789 984 1790 981 1790 985 1790 2102 1791 2100 1791 2098 1791 1354 1792 1305 1792 1309 1792 2101 1793 2095 1793 2100 1793 2096 1794 2099 1794 2101 1794 2102 1795 2099 1795 2097 1795 1888 1796 1883 1796 1882 1796 2110 1797 2103 1797 2109 1797 1905 1798 1906 1798 1903 1798 1699 1799 1700 1799 1698 1799 1713 1800 1701 1800 1708 1800 902 1801 889 1801 897 1801 2109 1802 2118 1802 2119 1802 606 1803 583 1803 592 1803 1108 1804 1097 1804 1095 1804 900 1805 892 1805 895 1805 1310 1806 1306 1806 1299 1806 1309 1807 1299 1807 1305 1807 2122 1808 2118 1808 2116 1808 2122 1809 2116 1809 2106 1809 698 1810 710 1810 700 1810 2110 1811 2119 1811 2122 1811 2122 1812 2119 1812 2118 1812 2124 1813 2125 1813 2126 1813 2124 1814 2126 1814 2127 1814 2124 1815 2127 1815 2128 1815 2124 1816 2128 1816 2129 1816 2124 1817 2129 1817 2130 1817 2124 1818 2130 1818 2131 1818 2140 1819 2104 1819 2133 1819 1719 1820 1699 1820 1717 1820 2133 1821 2134 1821 2135 1821 2133 1822 2135 1822 2136 1822 2133 1823 2136 1823 2137 1823 2133 1824 2137 1824 2138 1824 2133 1825 2138 1825 2139 1825 2133 1826 2139 1826 2140 1826 1698 1827 1737 1827 1736 1827 2144 1828 2133 1828 2142 1828 2146 1829 2147 1829 2148 1829 2148 1830 2147 1830 2149 1830 2150 1831 2147 1831 2151 1831 2151 1832 2147 1832 2152 1832 2152 1833 2147 1833 2153 1833 2153 1834 2147 1834 2154 1834 2154 1835 2147 1835 2107 1835 921 1836 887 1836 914 1836 2156 1837 2155 1837 2157 1837 2158 1838 2155 1838 2159 1838 2159 1839 2155 1839 2160 1839 2160 1840 2155 1840 2161 1840 868 1841 869 1841 867 1841 2140 1842 2139 1842 2142 1842 681 1843 678 1843 677 1843 2152 1844 2128 1844 2154 1844 2154 1845 2128 1845 2179 1845 2154 1846 2179 1846 2158 1846 2179 1847 2128 1847 2132 1847 2123 1848 2145 1848 2126 1848 2126 1849 2145 1849 2148 1849 2126 1850 2148 1850 2128 1850 2128 1851 2148 1851 2150 1851 2128 1852 2150 1852 2130 1852 2130 1853 2150 1853 2152 1853 2130 1854 2152 1854 2132 1854 2132 1855 2152 1855 2154 1855 2132 1856 2154 1856 2135 1856 2135 1857 2154 1857 2156 1857 2135 1858 2156 1858 2137 1858 2137 1859 2156 1859 2158 1859 2137 1860 2158 1860 2139 1860 2139 1861 2158 1861 2160 1861 2139 1862 2160 1862 2123 1862 2123 1863 2160 1863 2145 1863 2113 1864 2142 1864 2133 1864 883 1865 880 1865 884 1865 1223 1866 1210 1866 1209 1866 2124 1867 2108 1867 2141 1867 2173 1868 2175 1868 2172 1868 2178 1869 2173 1869 2174 1869 2178 1870 2174 1870 2176 1870 2175 1871 2179 1871 2178 1871 2175 1872 2178 1872 2172 1872 2174 1873 2172 1873 2179 1873 2174 1874 2179 1874 2175 1874 2181 1875 2183 1875 2180 1875 2182 1876 2185 1876 2183 1876 2184 1877 2181 1877 2187 1877 2187 1878 2181 1878 2182 1878 2187 1879 2182 1879 2186 1879 2183 1880 2148 1880 2180 1880 2185 1881 2148 1881 2183 1881 656 1882 655 1882 657 1882 2189 1883 2192 1883 2190 1883 2188 1884 2190 1884 2193 1884 2196 1885 2188 1885 2195 1885 2189 1886 2188 1886 2191 1886 2190 1887 2192 1887 2193 1887 2189 1888 2191 1888 2192 1888 2190 1889 2195 1889 2189 1889 2191 1890 2188 1890 2193 1890 2192 1891 2194 1891 2193 1891 2193 1892 2194 1892 2196 1892 2193 1893 2196 1893 2191 1893 2191 1894 2196 1894 2195 1894 2191 1895 2195 1895 2192 1895 2192 1896 2195 1896 2194 1896 1385 1897 1386 1897 1383 1897 1703 1898 1702 1898 1700 1898 1892 1899 1891 1899 1900 1899 1772 1900 1771 1900 1770 1900 2053 1901 2019 1901 2048 1901 2021 1902 2054 1902 2052 1902 2048 1903 2021 1903 2052 1903 2054 1904 2023 1904 2052 1904 2023 1905 2055 1905 2052 1905 2055 1906 2025 1906 2050 1906 2110 1907 2109 1907 2107 1907 955 1908 957 1908 962 1908 962 1909 961 1909 955 1909 1068 1910 1075 1910 1070 1910 1535 1911 1536 1911 1533 1911 1332 1912 1316 1912 1328 1912 817 1913 827 1913 843 1913 650 1914 646 1914 652 1914 646 1915 651 1915 647 1915 652 1916 646 1916 647 1916 653 1917 651 1917 650 1917 1491 1918 1488 1918 1495 1918 1992 1919 1993 1919 1996 1919 763 1920 767 1920 766 1920 1985 1921 1987 1921 1986 1921 1710 1922 1706 1922 1704 1922 1883 1923 1884 1923 1882 1923 574 1924 580 1924 579 1924 1983 1925 1990 1925 1984 1925 1437 1926 1435 1926 1425 1926 2116 1927 2117 1927 2112 1927 1297 1928 1337 1928 1348 1928 1667 1929 1666 1929 1664 1929 1709 1930 1718 1930 1703 1930 1718 1931 1708 1931 1699 1931 1837 1932 1836 1932 1800 1932 1496 1933 1488 1933 1494 1933 1036 1934 1067 1934 1060 1934 1190 1935 1182 1935 1184 1935 2104 1936 2113 1936 2133 1936 2133 1937 2114 1937 2108 1937 1998 1938 1997 1938 1993 1938 1133 1939 1123 1939 1149 1939 2003 1940 2004 1940 2002 1940 1226 1941 1227 1941 1192 1941 1288 1942 1287 1942 1300 1942 919 1943 920 1943 914 1943 886 1944 924 1944 934 1944 2094 1945 2096 1945 2095 1945 1293 1946 1290 1946 1288 1946 1718 1947 1735 1947 1734 1947 866 1948 872 1948 867 1948 883 1949 879 1949 885 1949 885 1950 877 1950 883 1950 877 1951 880 1951 883 1951 1633 1952 1634 1952 1632 1952 680 1953 672 1953 678 1953 1832 1954 1826 1954 1834 1954 2057 1955 2009 1955 2051 1955 2051 1956 2007 1956 2000 1956 2051 1957 2049 1957 2057 1957 1689 1958 1691 1958 1690 1958 1896 1959 1893 1959 1894 1959 1279 1960 1278 1960 1281 1960 1307 1961 1317 1961 1336 1961 1374 1962 1376 1962 1356 1962 1356 1963 1376 1963 1375 1963 1376 1964 1373 1964 1375 1964 1372 1965 1374 1965 1356 1965 875 1966 889 1966 899 1966 1710 1967 1706 1967 1754 1967 1397 1968 1434 1968 1435 1968 1333 1969 1316 1969 1298 1969 2096 1970 2101 1970 2100 1970 878 1971 877 1971 875 1971 817 1972 819 1972 818 1972 1795 1973 1793 1973 1798 1973 1982 1974 1976 1974 1975 1974 1530 1975 1532 1975 1515 1975 672 1976 675 1976 674 1976 1693 1977 1689 1977 1688 1977 1997 1978 1998 1978 1999 1978 1998 1979 1995 1979 1999 1979 1446 1980 1396 1980 1441 1980 2074 1981 2073 1981 2059 1981 2041 1982 2042 1982 2039 1982 1327 1983 1314 1983 1308 1983 1354 1984 1309 1984 1347 1984 1309 1985 1343 1985 1345 1985 1347 1986 1309 1986 1346 1986 1343 1987 1341 1987 1342 1987 1311 1988 1353 1988 1348 1988 1353 1989 1354 1989 1352 1989 1340 1990 1355 1990 1338 1990 1355 1991 1311 1991 1338 1991 1337 1992 1338 1992 1311 1992 1348 1993 1337 1993 1311 1993 1343 1994 1344 1994 1345 1994 1345 1995 1346 1995 1309 1995 1354 1996 1347 1996 1349 1996 1351 1997 1352 1997 1354 1997 1350 1998 1351 1998 1354 1998 2103 1999 2147 1999 2146 1999 1353 2000 1351 2000 1356 2000 2100 2001 2097 2001 2096 2001 1088 2002 1127 2002 1126 2002 1817 2003 1834 2003 1830 2003 1898 2004 1892 2004 1900 2004 2152 2005 2148 2005 2123 2005 1732 2006 1728 2006 1733 2006 2095 2007 2098 2007 2100 2007 1309 2008 1305 2008 1355 2008 1962 2009 1961 2009 1960 2009 898 2010 894 2010 940 2010 1424 2011 1430 2011 1414 2011 980 2012 977 2012 975 2012 1593 2013 1594 2013 1595 2013 1594 2014 1592 2014 1595 2014 697 2015 721 2015 717 2015 721 2016 693 2016 717 2016 717 2017 694 2017 683 2017 722 2018 696 2018 717 2018 720 2019 695 2019 722 2019 717 2020 720 2020 722 2020 1747 2021 1706 2021 1710 2021 1573 2022 1575 2022 1572 2022 1572 2023 1575 2023 1543 2023 1576 2024 1574 2024 1575 2024 1574 2025 1543 2025 1575 2025 1576 2026 1573 2026 1572 2026 1603 2027 1645 2027 1650 2027 1645 2028 1643 2028 1650 2028 1643 2029 1596 2029 1602 2029 1650 2030 1643 2030 1604 2030 1534 2031 1558 2031 1556 2031 1293 2032 1291 2032 1295 2032 765 2033 771 2033 768 2033 1037 2034 1039 2034 1038 2034 1688 2035 1715 2035 1714 2035 881 2036 876 2036 875 2036 1081 2037 1121 2037 1110 2037 2117 2038 2149 2038 2162 2038 1691 2039 1697 2039 1692 2039 1689 2040 1693 2040 1691 2040 1313 2041 1307 2041 1304 2041 1397 2042 1396 2042 1400 2042 1922 2043 1920 2043 1931 2043 1126 2044 1127 2044 1124 2044 680 2045 676 2045 679 2045 2103 2046 2145 2046 2161 2046 1491 2047 1493 2047 1492 2047 2099 2048 2102 2048 2101 2048 2113 2049 2124 2049 2143 2049 2115 2050 2116 2050 2105 2050 1949 2051 1947 2051 1948 2051 1896 2052 1892 2052 1899 2052 881 2053 879 2053 884 2053 1479 2054 1484 2054 1483 2054 1149 2055 1150 2055 1145 2055 1711 2056 1739 2056 1754 2056 934 2057 939 2057 938 2057 1798 2058 1796 2058 1795 2058 1789 2059 1783 2059 1784 2059 2144 2060 2121 2060 2114 2060 1383 2061 1386 2061 1384 2061 1918 2062 1934 2062 1916 2062 1926 2063 1936 2063 1934 2063 1078 2064 1083 2064 1086 2064 1491 2065 1490 2065 1511 2065 1494 2066 1487 2066 1496 2066 1191 2067 1198 2067 1237 2067 1794 2068 1791 2068 1798 2068 1591 2069 1590 2069 1589 2069 1351 2070 1344 2070 1328 2070 893 2071 902 2071 897 2071 979 2072 974 2072 976 2072 978 2073 972 2073 974 2073 1786 2074 1787 2074 1784 2074 578 2075 575 2075 580 2075 1942 2076 1941 2076 1933 2076 1026 2077 1041 2077 1043 2077 1292 2078 1287 2078 1295 2078 1295 2079 1287 2079 1289 2079 1331 2080 1332 2080 1326 2080 1489 2081 1495 2081 1496 2081 576 2082 578 2082 580 2082 887 2083 889 2083 888 2083 590 2084 581 2084 583 2084 582 2085 591 2085 583 2085 583 2086 593 2086 584 2086 1516 2087 1517 2087 1499 2087 1529 2088 1530 2088 1501 2088 1414 2089 1415 2089 1403 2089 1621 2090 1622 2090 1598 2090 808 2091 809 2091 784 2091 610 2092 611 2092 584 2092 1412 2093 1413 2093 1404 2093 1424 2094 1425 2094 1411 2094 1523 2095 1524 2095 1503 2095 608 2096 609 2096 584 2096 1417 2097 1418 2097 1400 2097 613 2098 604 2098 591 2098 1617 2099 1618 2099 1600 2099 609 2100 610 2100 595 2100 1922 2101 1923 2101 1909 2101 1530 2102 1531 2102 1514 2102 1520 2103 1521 2103 1502 2103 689 2104 706 2104 687 2104 715 2105 716 2105 686 2105 1733 2106 1709 2106 1703 2106 1727 2107 1733 2107 1703 2107 1727 2108 1699 2108 1733 2108 1699 2109 1708 2109 1733 2109 1088 2110 1101 2110 1127 2110 601 2111 585 2111 602 2111 614 2112 599 2112 598 2112 603 2113 602 2113 596 2113 613 2114 612 2114 611 2114 1892 2115 1895 2115 1894 2115 592 2116 621 2116 616 2116 621 2117 591 2117 616 2117 591 2118 582 2118 616 2118 622 2119 610 2119 617 2119 610 2120 618 2120 617 2120 617 2121 624 2121 608 2121 612 2122 623 2122 618 2122 623 2123 604 2123 618 2123 606 2124 624 2124 617 2124 615 2125 606 2125 617 2125 1387 2126 1384 2126 1386 2126 1387 2127 1385 2127 1384 2127 628 2128 631 2128 589 2128 600 2129 590 2129 629 2129 601 2130 587 2130 632 2130 1514 2131 1531 2131 1537 2131 721 2132 718 2132 709 2132 1434 2133 1440 2133 1423 2133 1545 2134 1551 2134 1506 2134 1450 2135 1443 2135 1403 2135 1411 2136 1425 2136 1440 2136 688 2137 703 2137 733 2137 1514 2138 1511 2138 1501 2138 1511 2139 1512 2139 1498 2139 1501 2140 1511 2140 1498 2140 1428 2141 1418 2141 1417 2141 729 2142 734 2142 687 2142 693 2143 709 2143 724 2143 1536 2144 1542 2144 1528 2144 1609 2145 1627 2145 1635 2145 1416 2146 1405 2146 1446 2146 699 2147 692 2147 735 2147 1927 2148 1907 2148 1950 2148 828 2149 835 2149 790 2149 728 2150 735 2150 691 2150 625 2151 638 2151 662 2151 588 2152 633 2152 626 2152 633 2153 589 2153 626 2153 589 2154 631 2154 629 2154 631 2155 586 2155 629 2155 586 2156 632 2156 629 2156 632 2157 587 2157 629 2157 629 2158 590 2158 581 2158 629 2159 626 2159 589 2159 647 2160 649 2160 650 2160 650 2161 648 2161 647 2161 648 2162 646 2162 645 2162 639 2163 637 2163 653 2163 635 2164 640 2164 639 2164 1077 2165 1080 2165 1085 2165 903 2166 896 2166 889 2166 646 2167 650 2167 645 2167 645 2168 650 2168 649 2168 1474 2169 1470 2169 1475 2169 1470 2170 1473 2170 1476 2170 1473 2171 1474 2171 1475 2171 1470 2172 1476 2172 1477 2172 651 2173 653 2173 647 2173 1480 2174 1483 2174 1485 2174 654 2175 658 2175 661 2175 660 2176 662 2176 656 2176 660 2177 656 2177 654 2177 654 2178 661 2178 660 2178 663 2179 668 2179 665 2179 1389 2180 1392 2180 1395 2180 670 2181 668 2181 663 2181 2119 2182 2110 2182 2093 2182 1787 2183 1788 2183 1784 2183 1633 2184 1632 2184 1597 2184 1988 2185 1983 2185 1987 2185 681 2186 676 2186 680 2186 1960 2187 1959 2187 1958 2187 830 2188 831 2188 828 2188 777 2189 773 2189 772 2189 2001 2190 2003 2190 2002 2190 685 2191 690 2191 689 2191 689 2192 687 2192 685 2192 692 2193 684 2193 685 2193 688 2194 682 2194 684 2194 1497 2195 1499 2195 1505 2195 664 2196 669 2196 670 2196 1548 2197 1522 2197 1546 2197 1549 2198 1520 2198 1543 2198 1520 2199 1548 2199 1543 2199 683 2200 694 2200 684 2200 684 2201 697 2201 686 2201 711 2202 712 2202 686 2202 700 2203 701 2203 691 2203 813 2204 805 2204 793 2204 704 2205 705 2205 690 2205 1631 2206 1621 2206 1608 2206 804 2207 797 2207 783 2207 708 2208 709 2208 693 2208 707 2209 708 2209 684 2209 598 2210 599 2210 583 2210 1620 2211 1631 2211 1598 2211 1821 2212 1822 2212 1804 2212 1630 2213 1617 2213 1605 2213 1611 2214 1612 2214 1603 2214 1013 2215 1014 2215 994 2215 712 2216 713 2216 696 2216 1616 2217 1630 2217 1600 2217 716 2218 707 2218 694 2218 1918 2219 1919 2219 1910 2219 1613 2220 1614 2220 1604 2220 1919 2221 1920 2221 1903 2221 1729 2222 1755 2222 1728 2222 1728 2223 1732 2223 1731 2223 1730 2224 1728 2224 1731 2224 675 2225 704 2225 703 2225 704 2226 689 2226 705 2226 702 2227 675 2227 703 2227 706 2228 689 2228 698 2228 699 2229 698 2229 700 2229 707 2230 716 2230 674 2230 707 2231 674 2231 708 2231 1585 2232 1587 2232 1584 2232 1555 2233 1571 2233 1569 2233 1569 2234 1566 2234 1555 2234 1566 2235 1567 2235 1570 2235 1566 2236 1570 2236 1555 2236 2148 2237 2158 2237 2179 2237 1173 2238 1177 2238 1178 2238 723 2239 713 2239 719 2239 715 2240 725 2240 737 2240 719 2241 715 2241 737 2241 725 2242 707 2242 737 2242 707 2243 724 2243 737 2243 724 2244 718 2244 737 2244 711 2245 723 2245 719 2245 718 2246 711 2246 719 2246 718 2247 724 2247 709 2247 696 2248 713 2248 723 2248 1638 2249 1635 2249 1625 2249 695 2250 715 2250 719 2250 722 2251 719 2251 713 2251 1032 2252 1029 2252 990 2252 1637 2253 1634 2253 1623 2253 1619 2254 1601 2254 1645 2254 1606 2255 1623 2255 1633 2255 694 2256 707 2256 725 2256 2012 2257 2028 2257 2046 2257 1837 2258 1839 2258 1838 2258 1602 2259 1596 2259 1598 2259 691 2260 735 2260 727 2260 735 2261 692 2261 727 2261 687 2262 734 2262 727 2262 734 2263 690 2263 730 2263 734 2264 730 2264 727 2264 727 2265 682 2265 688 2265 731 2266 727 2266 692 2266 706 2267 687 2267 727 2267 794 2268 807 2268 824 2268 705 2269 690 2269 734 2269 1610 2270 1625 2270 1634 2270 787 2271 801 2271 833 2271 1919 2272 1910 2272 1955 2272 827 2273 834 2273 788 2273 1648 2274 1645 2274 1605 2274 822 2275 820 2275 810 2275 1634 2276 1625 2276 1635 2276 1614 2277 1613 2277 1615 2277 738 2278 726 2278 741 2278 742 2279 738 2279 741 2279 1735 2280 1715 2280 1726 2280 1726 2281 1715 2281 1728 2281 1734 2282 1735 2282 1722 2282 1721 2283 1734 2283 1722 2283 1732 2284 1713 2284 1727 2284 1713 2285 1734 2285 1719 2285 1727 2286 1713 2286 1717 2286 1735 2287 1726 2287 1725 2287 1735 2288 1725 2288 1724 2288 1717 2289 1713 2289 1719 2289 1735 2290 1724 2290 1723 2290 1720 2291 1719 2291 1734 2291 1735 2292 1723 2292 1722 2292 1585 2293 1580 2293 1587 2293 1583 2294 1587 2294 1580 2294 1619 2295 1644 2295 1646 2295 1662 2296 1667 2296 1663 2296 1667 2297 1664 2297 1663 2297 1666 2298 1662 2298 1665 2298 1665 2299 1664 2299 1666 2299 749 2300 748 2300 747 2300 753 2301 752 2301 748 2301 748 2302 749 2302 753 2302 749 2303 754 2303 753 2303 1676 2304 1677 2304 1671 2304 756 2305 758 2305 755 2305 757 2306 756 2306 755 2306 759 2307 760 2307 755 2307 760 2308 757 2308 755 2308 758 2309 760 2309 759 2309 761 2310 756 2310 736 2310 756 2311 757 2311 762 2311 736 2312 759 2312 761 2312 2156 2313 2159 2313 2163 2313 1174 2314 1176 2314 1177 2314 1188 2315 1187 2315 1185 2315 1185 2316 1183 2316 1188 2316 768 2317 766 2317 767 2317 780 2318 773 2318 778 2318 1736 2319 1741 2319 1739 2319 1748 2320 1745 2320 1743 2320 1750 2321 1748 2321 1743 2321 2040 2322 2041 2322 2039 2322 671 2323 664 2323 663 2323 2101 2324 2098 2324 2093 2324 2095 2325 2101 2325 2093 2325 780 2326 774 2326 773 2326 1185 2327 1187 2327 1186 2327 975 2328 973 2328 979 2328 1714 2329 1715 2329 1709 2329 1397 2330 1399 2330 1398 2330 785 2331 786 2331 783 2331 791 2332 789 2332 783 2332 789 2333 790 2333 783 2333 781 2334 787 2334 785 2334 1851 2335 1818 2335 1845 2335 1845 2336 1820 2336 1849 2336 1845 2337 1847 2337 1851 2337 781 2338 783 2338 787 2338 793 2339 783 2339 782 2339 1825 2340 1826 2340 1803 2340 1827 2341 1828 2341 1803 2341 999 2342 1000 2342 986 2342 807 2343 816 2343 783 2343 1822 2344 1814 2344 1801 2344 1832 2345 1816 2345 1807 2345 1823 2346 1830 2346 1802 2346 2029 2347 2030 2347 2011 2347 806 2348 807 2348 794 2348 1817 2349 1818 2349 1806 2349 811 2350 812 2350 795 2350 1814 2351 1815 2351 1808 2351 1818 2352 1819 2352 1803 2352 1007 2353 1008 2353 993 2353 812 2354 813 2354 784 2354 1006 2355 1007 2355 983 2355 1115 2356 1116 2356 1102 2356 1618 2357 1619 2357 1601 2357 1924 2358 1925 2358 1911 2358 1109 2359 1110 2359 1092 2359 805 2360 813 2360 806 2360 809 2361 808 2361 816 2361 806 2362 816 2362 807 2362 686 2363 683 2363 682 2363 2026 2364 2046 2364 2038 2364 2046 2365 2028 2365 2040 2365 2038 2366 2046 2366 2040 2366 2041 2367 2040 2367 2030 2367 2047 2368 2034 2368 2038 2368 795 2369 822 2369 818 2369 821 2370 795 2370 818 2370 822 2371 796 2371 818 2371 792 2372 823 2372 818 2372 793 2373 821 2373 782 2373 805 2374 824 2374 817 2374 812 2375 825 2375 820 2375 825 2376 805 2376 817 2376 820 2377 825 2377 817 2377 808 2378 826 2378 819 2378 826 2379 810 2379 820 2379 819 2380 826 2380 820 2380 819 2381 817 2381 807 2381 2007 2382 2021 2382 2048 2382 793 2383 805 2383 825 2383 1845 2384 1853 2384 1805 2384 795 2385 812 2385 820 2385 1809 2386 1823 2386 1835 2386 2043 2387 2040 2387 2028 2387 831 2388 836 2388 786 2388 2017 2389 2006 2389 2049 2389 1806 2390 1818 2390 1851 2390 1940 2391 1946 2391 1932 2391 2099 2392 2096 2392 2094 2392 1434 2393 1397 2393 1408 2393 1408 2394 1438 2394 1434 2394 1438 2395 1410 2395 1434 2395 1410 2396 1437 2396 1434 2396 1437 2397 1411 2397 1434 2397 1409 2398 1436 2398 1434 2398 1436 2399 1407 2399 1432 2399 1434 2400 1436 2400 1432 2400 1800 2401 1809 2401 1802 2401 835 2402 791 2402 830 2402 786 2403 836 2403 830 2403 836 2404 788 2404 830 2404 788 2405 834 2405 830 2405 834 2406 787 2406 781 2406 834 2407 781 2407 830 2407 790 2408 835 2408 830 2408 829 2409 790 2409 830 2409 2042 2410 2047 2410 2032 2410 1102 2411 1116 2411 1131 2411 1943 2412 1939 2412 1930 2412 1951 2413 1956 2413 1907 2413 1822 2414 1804 2414 1848 2414 1811 2415 1824 2415 1844 2415 1111 2416 1096 2416 1134 2416 1617 2417 1605 2417 1651 2417 1816 2418 1807 2418 1846 2418 1850 2419 1848 2419 1808 2419 1841 2420 1810 2420 1838 2420 1809 2421 1841 2421 1800 2421 842 2422 843 2422 838 2422 843 2423 841 2423 838 2423 2155 2424 2158 2424 2157 2424 574 2425 579 2425 576 2425 1069 2426 1071 2426 1070 2426 832 2427 828 2427 831 2427 1870 2428 1872 2428 1866 2428 850 2429 851 2429 852 2429 851 2430 853 2430 852 2430 852 2431 854 2431 850 2431 854 2432 837 2432 850 2432 862 2433 860 2433 861 2433 859 2434 860 2434 865 2434 860 2435 862 2435 864 2435 862 2436 859 2436 863 2436 864 2437 865 2437 860 2437 856 2438 852 2438 855 2438 852 2439 853 2439 855 2439 853 2440 854 2440 855 2440 1043 2441 1039 2441 1042 2441 874 2442 870 2442 869 2442 869 2443 871 2443 874 2443 871 2444 870 2444 873 2444 877 2445 882 2445 875 2445 1312 2446 1309 2446 1305 2446 775 2447 776 2447 779 2447 618 2448 615 2448 582 2448 1304 2449 1298 2449 1297 2449 1390 2450 1393 2450 1395 2450 1893 2451 1899 2451 1898 2451 1891 2452 1892 2452 1890 2452 1498 2453 1500 2453 1499 2453 1500 2454 1501 2454 1499 2454 2004 2455 2001 2455 2000 2455 1803 2456 1800 2456 1799 2456 1705 2457 1704 2457 1702 2457 2042 2458 2001 2458 2013 2458 895 2459 892 2459 886 2459 892 2460 894 2460 890 2460 890 2461 894 2461 888 2461 895 2462 886 2462 888 2462 887 2463 897 2463 889 2463 889 2464 896 2464 891 2464 1713 2465 1708 2465 1705 2465 1800 2466 1802 2466 1801 2466 2117 2467 2118 2467 2109 2467 900 2468 904 2468 901 2468 901 2469 876 2469 898 2469 876 2470 899 2470 898 2470 904 2471 900 2471 899 2471 1977 2472 1980 2472 1975 2472 1980 2473 1978 2473 1976 2473 1980 2474 1976 2474 1979 2474 889 2475 875 2475 903 2475 903 2476 875 2476 893 2476 1705 2477 1688 2477 1689 2477 2134 2478 2133 2478 2108 2478 891 2479 896 2479 906 2479 922 2480 897 2480 887 2480 922 2481 887 2481 906 2481 887 2482 897 2482 923 2482 923 2483 896 2483 891 2483 914 2484 923 2484 891 2484 914 2485 887 2485 923 2485 2029 2486 2028 2486 2037 2486 2027 2487 2026 2487 2035 2487 2030 2488 2029 2488 2031 2488 2035 2489 2034 2489 2033 2489 2032 2490 2031 2490 2033 2490 1708 2491 1713 2491 1732 2491 902 2492 897 2492 922 2492 2114 2493 2121 2493 2141 2493 1297 2494 1339 2494 1338 2494 925 2495 930 2495 929 2495 890 2496 932 2496 931 2496 823 2497 794 2497 818 2497 818 2498 793 2498 782 2498 2092 2499 2089 2499 2091 2499 2090 2500 2087 2500 2092 2500 2117 2501 2112 2501 2163 2501 917 2502 916 2502 923 2502 923 2503 919 2503 918 2503 919 2504 902 2504 905 2504 902 2505 907 2505 906 2505 905 2506 902 2506 906 2506 918 2507 917 2507 923 2507 919 2508 905 2508 921 2508 942 2509 909 2509 911 2509 911 2510 913 2510 942 2510 913 2511 916 2511 942 2511 916 2512 918 2512 942 2512 942 2513 918 2513 920 2513 920 2514 905 2514 907 2514 580 2515 573 2515 576 2515 2078 2516 2080 2516 2079 2516 2080 2517 2081 2517 2079 2517 2079 2518 2077 2518 2078 2518 950 2519 951 2519 954 2519 952 2520 950 2520 954 2520 951 2521 948 2521 953 2521 954 2522 951 2522 953 2522 952 2523 948 2523 950 2523 951 2524 950 2524 942 2524 942 2525 950 2525 949 2525 942 2526 947 2526 951 2526 947 2527 948 2527 951 2527 959 2528 957 2528 956 2528 958 2529 959 2529 956 2529 955 2530 959 2530 935 2530 962 2531 957 2531 960 2531 960 2532 955 2532 958 2532 955 2533 961 2533 958 2533 2079 2534 2081 2534 2062 2534 2083 2535 2079 2535 2062 2535 2081 2536 2077 2536 2082 2536 2062 2537 2081 2537 2082 2537 2083 2538 2082 2538 2077 2538 969 2539 970 2539 963 2539 677 2540 672 2540 680 2540 1689 2541 1688 2541 1714 2541 1313 2542 1334 2542 1326 2542 980 2543 973 2543 977 2543 773 2544 777 2544 778 2544 1523 2545 1521 2545 1511 2545 978 2546 980 2546 972 2546 784 2547 782 2547 781 2547 988 2548 985 2548 981 2548 986 2549 987 2549 983 2549 987 2550 988 2550 981 2550 983 2551 987 2551 981 2551 983 2552 985 2552 990 2552 992 2553 982 2553 984 2553 2177 2554 2176 2554 2174 2554 2174 2555 2175 2555 2177 2555 2196 2556 2194 2556 2190 2556 1201 2557 1212 2557 1202 2557 1005 2558 997 2558 983 2558 1001 2559 1002 2559 985 2559 1208 2560 1209 2560 1193 2560 605 2561 606 2561 592 2561 1420 2562 1429 2562 1399 2562 1427 2563 1420 2563 1408 2563 1008 2564 1009 2564 983 2564 800 2565 799 2565 790 2565 1010 2566 1011 2566 984 2566 1413 2567 1414 2567 1400 2567 1009 2568 1010 2568 996 2568 1110 2569 1109 2569 1098 2569 1110 2570 1111 2570 1096 2570 799 2571 800 2571 783 2571 1015 2572 1006 2572 992 2572 1923 2573 1924 2573 1906 2573 1117 2574 1118 2574 1104 2574 1526 2575 1528 2575 1508 2575 1005 2576 1004 2576 997 2576 997 2577 999 2577 998 2577 987 2578 1000 2578 999 2578 1014 2579 1013 2579 1015 2579 1011 2580 1013 2580 1012 2580 1006 2581 1015 2581 1007 2581 1008 2582 1007 2582 1009 2582 1011 2583 1010 2583 1009 2583 1433 2584 1434 2584 1432 2584 1024 2585 995 2585 1019 2585 995 2586 1021 2586 1019 2586 1021 2587 996 2587 1019 2587 993 2588 1022 2588 1017 2588 994 2589 1024 2589 1019 2589 992 2590 1023 2590 1019 2590 1023 2591 994 2591 1019 2591 1019 2592 982 2592 992 2592 996 2593 1017 2593 1019 2593 1022 2594 992 2594 982 2594 1349 2595 1346 2595 1344 2595 1342 2596 1340 2596 1356 2596 1340 2597 1337 2597 1356 2597 1342 2598 1356 2598 1344 2598 1066 2599 1065 2599 1062 2599 1067 2600 1066 2600 1062 2600 1067 2601 1064 2601 1061 2601 1008 2602 1025 2602 1016 2602 1025 2603 1010 2603 1018 2603 1014 2604 1020 2604 1018 2604 1016 2605 1020 2605 1006 2605 1103 2606 1114 2606 1129 2606 1944 2607 1937 2607 1935 2607 1021 2608 1018 2608 1010 2608 1112 2609 1101 2609 1129 2609 1813 2610 1827 2610 1843 2610 597 2611 589 2611 633 2611 1000 2612 986 2612 1027 2612 1005 2613 990 2613 1029 2613 998 2614 989 2614 1033 2614 1030 2615 1003 2615 1032 2615 1032 2616 1005 2616 1030 2616 1005 2617 1031 2617 1030 2617 1031 2618 998 2618 1028 2618 1030 2619 1031 2619 1028 2619 1028 2620 998 2620 1033 2620 1000 2621 1028 2621 1033 2621 1000 2622 1034 2622 1028 2622 1034 2623 1001 2623 1026 2623 1026 2624 1003 2624 1030 2624 1033 2625 989 2625 1027 2625 991 2626 1035 2626 1029 2626 986 2627 1033 2627 1027 2627 989 2628 1029 2628 1027 2628 1027 2629 981 2629 988 2629 1031 2630 1029 2630 989 2630 1242 2631 1237 2631 1199 2631 1124 2632 1131 2632 1114 2632 1026 2633 1035 2633 991 2633 1104 2634 1118 2634 1125 2634 1408 2635 1420 2635 1438 2635 620 2636 618 2636 610 2636 1205 2637 1220 2637 1235 2637 1001 2638 988 2638 1035 2638 1135 2639 1141 2639 1093 2639 1042 2640 1036 2640 1038 2640 1038 2641 1040 2641 1042 2641 1037 2642 1041 2642 1016 2642 1026 2643 1040 2643 1036 2643 1043 2644 1041 2644 1039 2644 1039 2645 1037 2645 1016 2645 1252 2646 1247 2646 1250 2646 1039 2647 1051 2647 1055 2647 1051 2648 1053 2648 1055 2648 1053 2649 1054 2649 1052 2649 1055 2650 1053 2650 1052 2650 1054 2651 1051 2651 1052 2651 1052 2652 1051 2652 1039 2652 988 2653 981 2653 1029 2653 1051 2654 1054 2654 1058 2654 1054 2655 1053 2655 1057 2655 1053 2656 1051 2656 1056 2656 1051 2657 1058 2657 1056 2657 1060 2658 1064 2658 1063 2658 1065 2659 1064 2659 1036 2659 1064 2660 1067 2660 1036 2660 1188 2661 1182 2661 1189 2661 1348 2662 1353 2662 1352 2662 674 2663 716 2663 704 2663 1059 2664 1061 2664 1060 2664 1061 2665 1064 2665 1060 2665 1062 2666 1063 2666 1067 2666 1063 2667 1059 2667 1067 2667 1073 2668 1075 2668 1076 2668 1076 2669 1074 2669 1073 2669 1068 2670 1074 2670 1075 2670 2058 2671 2048 2671 2062 2671 1110 2672 1121 2672 1119 2672 1291 2673 1296 2673 1295 2673 1296 2674 1292 2674 1295 2674 1895 2675 1894 2675 1936 2675 777 2676 779 2676 778 2676 779 2677 776 2677 778 2677 2086 2678 2089 2678 2085 2678 1394 2679 1392 2679 1393 2679 1392 2680 1394 2680 1395 2680 1394 2681 1391 2681 1395 2681 1196 2682 1192 2682 1191 2682 1168 2683 1165 2683 1172 2683 1168 2684 1172 2684 1170 2684 1169 2685 1168 2685 1170 2685 1171 2686 1165 2686 1169 2686 1170 2687 1171 2687 1169 2687 1097 2688 1098 2688 1092 2688 1092 2689 1087 2689 1097 2689 1094 2690 1107 2690 1106 2690 1094 2691 1082 2691 1108 2691 1082 2692 1110 2692 1108 2692 1106 2693 1105 2693 1122 2693 702 2694 703 2694 688 2694 1119 2695 1120 2695 1100 2695 604 2696 605 2696 583 2696 1933 2697 1934 2697 1905 2697 1213 2698 1214 2698 1197 2698 1113 2699 1114 2699 1103 2699 1525 2700 1526 2700 1510 2700 1214 2701 1213 2701 1193 2701 1622 2702 1623 2702 1606 2702 614 2703 598 2703 588 2703 1212 2704 1213 2704 1195 2704 1225 2705 1221 2705 1207 2705 1121 2706 1112 2706 1101 2706 1218 2707 1219 2707 1194 2707 1524 2708 1515 2708 1499 2708 1398 2709 1416 2709 1405 2709 1209 2710 1210 2710 1199 2710 1625 2711 1626 2711 1599 2711 597 2712 614 2712 583 2712 1115 2713 1114 2713 1113 2713 1081 2714 1113 2714 1112 2714 1118 2715 1117 2715 1119 2715 1081 2716 1112 2716 1121 2716 1120 2717 1119 2717 1121 2717 1696 2718 1694 2718 1695 2718 1491 2719 1519 2719 1526 2719 1129 2720 1114 2720 1123 2720 1114 2721 1131 2721 1123 2721 1131 2722 1116 2722 1125 2722 1112 2723 1129 2723 1123 2723 1120 2724 1132 2724 1126 2724 1132 2725 1112 2725 1123 2725 1126 2726 1132 2726 1123 2726 1100 2727 1128 2727 1127 2727 1128 2728 1104 2728 1127 2728 1104 2729 1130 2729 1124 2729 1130 2730 1102 2730 1124 2730 1103 2731 1129 2731 1124 2731 1129 2732 1101 2732 1124 2732 1101 2733 1088 2733 1124 2733 1124 2734 1127 2734 1104 2734 1088 2735 1101 2735 1090 2735 1102 2736 1091 2736 1090 2736 1146 2737 1150 2737 1149 2737 1130 2738 1125 2738 1116 2738 1407 2739 1421 2739 1439 2739 1101 2740 1112 2740 1132 2740 616 2741 622 2741 608 2741 1108 2742 1095 2742 1137 2742 1127 2743 1132 2743 1120 2743 1413 2744 1404 2744 1443 2744 1212 2745 1202 2745 1245 2745 1138 2746 1134 2746 1099 2746 1095 2747 1108 2747 1139 2747 1138 2748 1135 2748 1111 2748 1135 2749 1136 2749 1111 2749 1136 2750 1140 2750 1109 2750 1135 2751 1107 2751 1133 2751 1107 2752 1139 2752 1133 2752 1139 2753 1108 2753 1133 2753 1108 2754 1140 2754 1136 2754 1133 2755 1108 2755 1136 2755 1135 2756 1138 2756 1105 2756 1168 2757 1169 2757 1167 2757 1166 2758 1165 2758 1148 2758 1165 2759 1168 2759 1148 2759 1087 2760 1095 2760 1134 2760 1093 2761 1141 2761 1134 2761 1150 2762 1146 2762 1144 2762 1096 2763 1142 2763 1134 2763 1142 2764 1098 2764 1137 2764 1095 2765 1087 2765 1137 2765 1141 2766 1099 2766 1134 2766 1206 2767 1216 2767 1233 2767 1436 2768 1433 2768 1421 2768 1230 2769 1234 2769 1221 2769 1820 2770 1805 2770 1854 2770 1203 2771 1215 2771 1234 2771 1227 2772 1235 2772 1218 2772 1140 2773 1137 2773 1098 2773 1215 2774 1203 2774 1227 2774 1636 2775 1641 2775 1627 2775 1231 2776 1228 2776 1216 2776 1147 2777 1133 2777 1143 2777 1147 2778 1143 2778 1145 2778 1091 2779 1088 2779 1087 2779 1226 2780 1251 2780 1249 2780 1163 2781 1164 2781 1161 2781 1160 2782 1163 2782 1144 2782 2104 2783 2113 2783 2106 2783 2106 2784 2114 2784 2108 2784 1171 2785 1172 2785 1165 2785 1159 2786 1144 2786 1162 2786 1144 2787 1161 2787 1162 2787 1161 2788 1159 2788 1160 2788 1160 2789 1162 2789 1161 2789 1078 2790 1086 2790 1079 2790 1312 2791 1315 2791 1304 2791 1856 2792 1855 2792 1859 2792 1078 2793 1085 2793 1083 2793 2106 2794 2121 2794 2114 2794 1343 2795 1355 2795 1340 2795 1595 2796 1592 2796 1589 2796 1498 2797 1497 2797 1502 2797 1193 2798 1198 2798 1191 2798 1197 2799 1193 2799 1195 2799 1169 2800 1165 2800 1166 2800 1166 2801 1167 2801 1169 2801 1203 2802 1192 2802 1196 2802 599 2803 600 2803 590 2803 1217 2804 1218 2804 1204 2804 816 2805 808 2805 792 2805 596 2806 597 2806 589 2806 602 2807 603 2807 586 2807 607 2808 608 2808 593 2808 603 2809 596 2809 583 2809 1219 2810 1220 2810 1205 2810 1216 2811 1217 2811 1194 2811 612 2812 613 2812 584 2812 1816 2813 1817 2813 1801 2813 1422 2814 1423 2814 1409 2814 1220 2815 1225 2815 1196 2815 1522 2816 1523 2816 1502 2816 1222 2817 1215 2817 1203 2817 1518 2818 1519 2818 1499 2818 611 2819 612 2819 594 2819 801 2820 802 2820 785 2820 1196 2821 1194 2821 1205 2821 1192 2822 1203 2822 1194 2822 1209 2823 1208 2823 1213 2823 1211 2824 1193 2824 1201 2824 1201 2825 1213 2825 1212 2825 1220 2826 1219 2826 1225 2826 1224 2827 1217 2827 1216 2827 1225 2828 1222 2828 1221 2828 1224 2829 1215 2829 1222 2829 1282 2830 1284 2830 1280 2830 1201 2831 1202 2831 1195 2831 1195 2832 1191 2832 1201 2832 1234 2833 1215 2833 1226 2833 1215 2834 1233 2834 1226 2834 1233 2835 1216 2835 1226 2835 1226 2836 1216 2836 1228 2836 1221 2837 1234 2837 1229 2837 1203 2838 1230 2838 1192 2838 1207 2839 1232 2839 1230 2839 1232 2840 1205 2840 1230 2840 1205 2841 1227 2841 1230 2841 1217 2842 1219 2842 1218 2842 1245 2843 1202 2843 1240 2843 1198 2844 1191 2844 1240 2844 1197 2845 1245 2845 1237 2845 592 2846 606 2846 615 2846 1214 2847 1197 2847 1237 2847 1232 2848 1229 2848 1220 2848 627 2849 633 2849 588 2849 1208 2850 1200 2850 1237 2850 1444 2851 1451 2851 1402 2851 1211 2852 1198 2852 1240 2852 590 2853 600 2853 625 2853 591 2854 604 2854 623 2854 1236 2855 1238 2855 1242 2855 1242 2856 1210 2856 1236 2856 1210 2857 1244 2857 1236 2857 1218 2858 1235 2858 1228 2858 1235 2859 1220 2859 1228 2859 1214 2860 1243 2860 1238 2860 1243 2861 1208 2861 1238 2861 1208 2862 1242 2862 1238 2862 1245 2863 1214 2863 1239 2863 1241 2864 1212 2864 1239 2864 1212 2865 1245 2865 1239 2865 1244 2866 1211 2866 1236 2866 1211 2867 1241 2867 1239 2867 1239 2868 1236 2868 1211 2868 1214 2869 1238 2869 1239 2869 603 2870 586 2870 631 2870 604 2871 591 2871 621 2871 1241 2872 1240 2872 1202 2872 1522 2873 1504 2873 1552 2873 593 2874 608 2874 624 2874 1508 2875 1528 2875 1535 2875 628 2876 632 2876 586 2876 1644 2877 1650 2877 1604 2877 595 2878 610 2878 622 2878 1250 2879 1239 2879 1246 2879 1270 2880 1276 2880 1277 2880 1251 2881 1226 2881 1248 2881 1252 2882 1251 2882 1248 2882 1249 2883 1273 2883 1239 2883 576 2884 579 2884 578 2884 579 2885 577 2885 578 2885 1317 2886 1335 2886 1336 2886 879 2887 878 2887 885 2887 1266 2888 1262 2888 1261 2888 1266 2889 1261 2889 1265 2889 1263 2890 1266 2890 1265 2890 1264 2891 1261 2891 1263 2891 1267 2892 1248 2892 1263 2892 1248 2893 1268 2893 1266 2893 1262 2894 1266 2894 1268 2894 1263 2895 1262 2895 1267 2895 1267 2896 1262 2896 1268 2896 1274 2897 1272 2897 1273 2897 1271 2898 1274 2898 1273 2898 1270 2899 1274 2899 1271 2899 1270 2900 1271 2900 1269 2900 1272 2901 1269 2901 1273 2901 1272 2902 1274 2902 1277 2902 1274 2903 1270 2903 1277 2903 1273 2904 1276 2904 1270 2904 1272 2905 1277 2905 1275 2905 1277 2906 1273 2906 1275 2906 1429 2907 1421 2907 1407 2907 1790 2908 1783 2908 1787 2908 1278 2909 1283 2909 1282 2909 2038 2910 2040 2910 2039 2910 1281 2911 1285 2911 1279 2911 1284 2912 1283 2912 1279 2912 2094 2913 2093 2913 2098 2913 1312 2914 1304 2914 1287 2914 896 2915 903 2915 922 2915 1443 2916 1445 2916 1444 2916 1292 2917 1296 2917 1294 2917 1294 2918 1296 2918 1291 2918 1705 2919 1699 2919 1698 2919 1291 2920 1290 2920 1294 2920 1290 2921 1295 2921 1294 2921 1889 2922 1888 2922 1884 2922 891 2923 893 2923 892 2923 1303 2924 1305 2924 1301 2924 1297 2925 1306 2925 1303 2925 1301 2926 1305 2926 1299 2926 1299 2927 1306 2927 1297 2927 1231 2928 1206 2928 1227 2928 1203 2929 1192 2929 1227 2929 1204 2930 1231 2930 1227 2930 1308 2931 1302 2931 1300 2931 1300 2932 1298 2932 1307 2932 1304 2933 1307 2933 1298 2933 1302 2934 1308 2934 1304 2934 901 2935 898 2935 894 2935 1711 2936 1700 2936 1704 2936 1224 2937 1216 2937 1206 2937 585 2938 601 2938 587 2938 1314 2939 1308 2939 1300 2939 1312 2940 1288 2940 1309 2940 1288 2941 1310 2941 1309 2941 1303 2942 1311 2942 1310 2942 1300 2943 1287 2943 1314 2943 1314 2944 1287 2944 1304 2944 1315 2945 1313 2945 1304 2945 1702 2946 1745 2946 1744 2946 1725 2947 1726 2947 1703 2947 681 2948 677 2948 673 2948 1301 2949 1348 2949 1347 2949 1334 2950 1308 2950 1302 2950 1326 2951 1334 2951 1302 2951 1298 2952 1307 2952 1326 2952 1324 2953 1323 2953 1335 2953 1335 2954 1314 2954 1325 2954 1335 2955 1325 2955 1324 2955 1327 2956 1334 2956 1330 2956 1328 2957 1327 2957 1329 2957 1334 2958 1313 2958 1333 2958 1313 2959 1336 2959 1318 2959 1336 2960 1335 2960 1321 2960 1335 2961 1322 2961 1321 2961 1325 2962 1314 2962 1327 2962 1336 2963 1321 2963 1320 2963 1336 2964 1320 2964 1319 2964 1336 2965 1319 2965 1318 2965 1329 2966 1327 2966 1330 2966 1313 2967 1318 2967 1316 2967 1313 2968 1316 2968 1333 2968 1331 2969 1330 2969 1334 2969 1334 2970 1333 2970 1332 2970 1317 2971 1307 2971 1298 2971 933 2972 941 2972 894 2972 1327 2973 1326 2973 1302 2973 1348 2974 1301 2974 1305 2974 1354 2975 1306 2975 1297 2975 1354 2976 1297 2976 1348 2976 1339 2977 1297 2977 1355 2977 1297 2978 1306 2978 1355 2978 1355 2979 1305 2979 1301 2979 1355 2980 1301 2980 1339 2980 900 2981 895 2981 941 2981 585 2982 587 2982 583 2982 1323 2983 1325 2983 1321 2983 1325 2984 1328 2984 1321 2984 876 2985 881 2985 878 2985 2020 2986 2037 2986 2027 2986 1364 2987 1366 2987 1365 2987 1366 2988 1368 2988 1365 2988 1368 2989 1328 2989 1367 2989 1370 2990 1364 2990 1369 2990 1369 2991 1366 2991 1367 2991 1366 2992 1370 2992 1371 2992 1367 2993 1370 2993 1369 2993 600 2994 599 2994 585 2994 1375 2995 1373 2995 1372 2995 591 2996 582 2996 584 2996 1376 2997 1379 2997 1373 2997 1377 2998 1378 2998 1376 2998 1377 2999 1376 2999 1374 2999 1379 3000 1377 3000 1374 3000 2125 3001 2124 3001 2104 3001 1380 3002 1384 3002 1382 3002 1384 3003 1385 3003 1382 3003 1394 3004 1393 3004 1390 3004 1895 3005 1892 3005 1896 3005 1899 3006 1891 3006 1896 3006 980 3007 976 3007 972 3007 775 3008 779 3008 780 3008 779 3009 774 3009 780 3009 1496 3010 1487 3010 1489 3010 1790 3011 1785 3011 1783 3011 1690 3012 1696 3012 1697 3012 1901 3013 1948 3013 1947 3013 1246 3014 1249 3014 1251 3014 1339 3015 1341 3015 1340 3015 763 3016 769 3016 767 3016 1501 3017 1502 3017 1499 3017 887 3018 886 3018 892 3018 1397 3019 1408 3019 1399 3019 1399 3020 1409 3020 1401 3020 1400 3021 1408 3021 1397 3021 1614 3022 1615 3022 1598 3022 1418 3023 1419 3023 1402 3023 1517 3024 1518 3024 1506 3024 1527 3025 1526 3025 1500 3025 1519 3026 1520 3026 1505 3026 1215 3027 1224 3027 1194 3027 1421 3028 1422 3028 1399 3028 1425 3029 1424 3029 1400 3029 1012 3030 1013 3030 984 3030 701 3031 702 3031 684 3031 1426 3032 1427 3032 1400 3032 802 3033 803 3033 788 3033 1004 3034 1005 3034 990 3034 1515 3035 1516 3035 1507 3035 706 3036 698 3036 685 3036 1419 3037 1412 3037 1400 3037 1011 3038 1012 3038 995 3038 1511 3039 1525 3039 1512 3039 1412 3040 1414 3040 1413 3040 1398 3041 1415 3041 1414 3041 1419 3042 1418 3042 1412 3042 1429 3043 1420 3043 1427 3043 1421 3044 1429 3044 1422 3044 1430 3045 1424 3045 1423 3045 615 3046 640 3046 635 3046 1479 3047 1481 3047 1482 3047 1400 3048 1405 3048 1428 3048 1428 3049 1406 3049 1400 3049 1400 3050 1403 3050 1398 3050 1423 3051 1440 3051 1433 3051 1440 3052 1425 3052 1433 3052 1433 3053 1425 3053 1435 3053 1426 3054 1438 3054 1435 3054 1438 3055 1420 3055 1435 3055 1420 3056 1439 3056 1431 3056 1431 3057 1435 3057 1420 3057 1421 3058 1433 3058 1431 3058 1439 3059 1421 3059 1431 3059 1405 3060 1416 3060 1448 3060 594 3061 612 3061 618 3061 1419 3062 1402 3062 1445 3062 1518 3063 1506 3063 1544 3063 1505 3064 1520 3064 1549 3064 1812 3065 1825 3065 1837 3065 1546 3066 1552 3066 1503 3066 1449 3067 1446 3067 1406 3067 1417 3068 1406 3068 1451 3068 717 3069 723 3069 711 3069 1449 3070 1417 3070 1445 3070 1417 3071 1444 3071 1445 3071 1445 3072 1441 3072 1416 3072 1441 3073 1448 3073 1416 3073 1450 3074 1415 3074 1441 3074 1415 3075 1448 3075 1441 3075 1447 3076 1413 3076 1441 3076 1413 3077 1450 3077 1441 3077 1419 3078 1447 3078 1444 3078 1405 3079 1396 3079 1446 3079 1451 3080 1406 3080 1446 3080 1402 3081 1451 3081 1445 3081 1404 3082 1445 3082 1443 3082 1442 3083 1403 3083 1443 3083 1441 3084 1454 3084 1471 3084 1415 3085 1403 3085 1442 3085 792 3086 808 3086 819 3086 1847 3087 1852 3087 1807 3087 1513 3088 1527 3088 1541 3088 1639 3089 1633 3089 1621 3089 1539 3090 1535 3090 1527 3090 1512 3091 1525 3091 1534 3091 1128 3092 1126 3092 1118 3092 1912 3093 1935 3093 1941 3093 707 3094 694 3094 717 3094 1456 3095 1468 3095 1452 3095 1431 3096 1468 3096 1456 3096 1455 3097 1441 3097 1453 3097 1471 3098 1454 3098 1453 3098 605 3099 607 3099 606 3099 604 3100 613 3100 605 3100 609 3101 608 3101 607 3101 1462 3102 1465 3102 1464 3102 1465 3103 1461 3103 1464 3103 1461 3104 1462 3104 1463 3104 1463 3105 1460 3105 1461 3105 1462 3106 1461 3106 1466 3106 1466 3107 1461 3107 1467 3107 1465 3108 1462 3108 1466 3108 1467 3109 1465 3109 1468 3109 1471 3110 1469 3110 1470 3110 1469 3111 1473 3111 1470 3111 1470 3112 1474 3112 1472 3112 1474 3113 1473 3113 1472 3113 1473 3114 1469 3114 1472 3114 1039 3115 1040 3115 1038 3115 1069 3116 1073 3116 1074 3116 1485 3117 1483 3117 1486 3117 1483 3118 1484 3118 1486 3118 737 3119 718 3119 717 3119 890 3120 934 3120 933 3120 740 3121 739 3121 741 3121 1079 3122 1082 3122 1081 3122 1479 3123 1485 3123 1484 3123 1495 3124 1494 3124 1493 3124 679 3125 673 3125 677 3125 1183 3126 1187 3126 1189 3126 1497 3127 1505 3127 1502 3127 600 3128 630 3128 625 3128 630 3129 601 3129 628 3129 625 3130 630 3130 628 3130 598 3131 625 3131 627 3131 597 3132 627 3132 628 3132 658 3133 656 3133 661 3133 661 3134 656 3134 662 3134 1526 3135 1527 3135 1513 3135 698 3136 699 3136 692 3136 1930 3137 1931 3137 1904 3137 1521 3138 1522 3138 1504 3138 1628 3139 1620 3139 1607 3139 1528 3140 1532 3140 1501 3140 714 3141 715 3141 695 3141 2119 3142 2115 3142 2111 3142 1612 3143 1613 3143 1598 3143 703 3144 704 3144 685 3144 709 3145 710 3145 684 3145 1619 3146 1611 3146 1598 3146 1623 3147 1624 3147 1599 3147 713 3148 714 3148 686 3148 710 3149 711 3149 697 3149 2028 3150 2029 3150 2003 3150 1532 3151 1529 3151 1509 3151 1122 3152 1105 3152 1099 3152 797 3153 798 3153 791 3153 1517 3154 1516 3154 1515 3154 1491 3155 1521 3155 1520 3155 1523 3156 1515 3156 1524 3156 1520 3157 1519 3157 1491 3157 1523 3158 1522 3158 1521 3158 1528 3159 1526 3159 1532 3159 1511 3160 1490 3160 1525 3160 1490 3161 1526 3161 1525 3161 1532 3162 1530 3162 1529 3162 1531 3163 1530 3163 1511 3163 1533 3164 1512 3164 1498 3164 1517 3165 1515 3165 1532 3165 2131 3166 2132 3166 2108 3166 1500 3167 1508 3167 1501 3167 1512 3168 1510 3168 1498 3168 1510 3169 1513 3169 1500 3169 1500 3170 1498 3170 1510 3170 1498 3171 1512 3171 1538 3171 1538 3172 1514 3172 1536 3172 1514 3173 1540 3173 1536 3173 1540 3174 1509 3174 1536 3174 1508 3175 1539 3175 1533 3175 1539 3176 1513 3176 1533 3176 1536 3177 1498 3177 1538 3177 1535 3178 1534 3178 1527 3178 1534 3179 1541 3179 1527 3179 1528 3180 1542 3180 1535 3180 1542 3181 1529 3181 1537 3181 1542 3182 1537 3182 1535 3182 1537 3183 1531 3183 1534 3183 1525 3184 1541 3184 1534 3184 1507 3185 1550 3185 1544 3185 1550 3186 1503 3186 1544 3186 1503 3187 1552 3187 1544 3187 1552 3188 1504 3188 1547 3188 1544 3189 1552 3189 1547 3189 1551 3190 1507 3190 1544 3190 1506 3191 1551 3191 1544 3191 1497 3192 1505 3192 1544 3192 1647 3193 1645 3193 1603 3193 1538 3194 1534 3194 1531 3194 703 3195 688 3195 730 3195 1509 3196 1529 3196 1542 3196 1620 3197 1607 3197 1632 3197 796 3198 810 3198 826 3198 832 3199 830 3199 791 3199 1520 3200 1505 3200 1547 3200 1608 3201 1621 3201 1640 3201 1516 3202 1507 3202 1551 3202 1518 3203 1549 3203 1545 3203 1549 3204 1543 3204 1545 3204 801 3205 787 3205 834 3205 1546 3206 1550 3206 1507 3206 701 3207 691 3207 727 3207 1915 3208 1932 3208 1939 3208 1524 3209 1503 3209 1550 3209 821 3210 825 3210 812 3210 697 3211 711 3211 718 3211 1917 3212 1930 3212 1945 3212 1849 3213 1854 3213 1804 3213 720 3214 725 3214 715 3214 682 3215 688 3215 685 3215 668 3216 669 3216 665 3216 656 3217 658 3217 655 3217 658 3218 654 3218 659 3218 654 3219 657 3219 659 3219 1558 3220 1557 3220 1555 3220 1560 3221 1558 3221 1555 3221 1553 3222 1557 3222 1534 3222 1560 3223 1555 3223 1553 3223 1553 3224 1534 3224 1559 3224 1559 3225 1560 3225 1553 3225 1030 3226 1028 3226 1029 3226 900 3227 926 3227 940 3227 1567 3228 1564 3228 1568 3228 1568 3229 1565 3229 1569 3229 1566 3230 1569 3230 1565 3230 1566 3231 1565 3231 1564 3231 2018 3232 2029 3232 2037 3232 1576 3233 1575 3233 1577 3233 1577 3234 1575 3234 1579 3234 1575 3235 1573 3235 1579 3235 1573 3236 1578 3236 1579 3236 754 3237 749 3237 739 3237 749 3238 752 3238 739 3238 752 3239 753 3239 739 3239 1567 3240 1569 3240 1571 3240 1573 3241 1576 3241 1578 3241 1578 3242 1576 3242 1577 3242 1581 3243 1580 3243 1585 3243 968 3244 970 3244 971 3244 726 3245 703 3245 732 3245 973 3246 974 3246 972 3246 711 3247 710 3247 712 3247 713 3248 712 3248 714 3248 716 3249 715 3249 714 3249 1602 3250 1600 3250 1596 3250 1691 3251 1692 3251 1690 3251 1994 3252 1993 3252 1997 3252 1390 3253 1388 3253 1394 3253 1494 3254 1488 3254 1493 3254 676 3255 673 3255 674 3255 2087 3256 2086 3256 2088 3256 1588 3257 1595 3257 1590 3257 2000 3258 2048 3258 2052 3258 1588 3259 1594 3259 1591 3259 2106 3260 2108 3260 2107 3260 1088 3261 1090 3261 1089 3261 1598 3262 1606 3262 1599 3262 1607 3263 1597 3263 1599 3263 2126 3264 2128 3264 2123 3264 1674 3265 1656 3265 1642 3265 1654 3266 1655 3266 1653 3266 1654 3267 1674 3267 1642 3267 1615 3268 1616 3268 1602 3268 805 3269 806 3269 783 3269 1931 3270 1932 3270 1915 3270 814 3271 804 3271 786 3271 1928 3272 1929 3272 1904 3272 1624 3273 1625 3273 1610 3273 809 3274 810 3274 796 3274 2031 3275 2032 3275 2014 3275 1929 3276 1930 3276 1917 3276 798 3277 800 3277 789 3277 803 3278 814 3278 785 3278 810 3279 811 3279 784 3279 1926 3280 1927 3280 1907 3280 2017 3281 2018 3281 2002 3281 1627 3282 1628 3282 1599 3282 699 3283 700 3283 684 3283 1428 3284 1417 3284 1406 3284 800 3285 801 3285 787 3285 1830 3286 1824 3286 1811 3286 729 3287 726 3287 705 3287 726 3288 732 3288 705 3288 706 3289 731 3289 729 3289 731 3290 699 3290 728 3290 701 3291 733 3291 728 3291 733 3292 703 3292 726 3292 733 3293 726 3293 728 3293 1597 3294 1607 3294 1598 3294 1628 3295 1627 3295 1626 3295 1625 3296 1624 3296 1626 3296 1620 3297 1628 3297 1631 3297 1624 3298 1623 3298 1622 3298 1606 3299 1639 3299 1632 3299 1610 3300 1637 3300 1632 3300 1637 3301 1606 3301 1632 3301 1609 3302 1638 3302 1636 3302 1638 3303 1610 3303 1632 3303 1636 3304 1638 3304 1632 3304 1636 3305 1597 3305 1607 3305 1607 3306 1597 3306 1632 3306 742 3307 726 3307 736 3307 1620 3308 1640 3308 1633 3308 1640 3309 1621 3309 1633 3309 1633 3310 1623 3310 1634 3310 1641 3311 1620 3311 1635 3311 1635 3312 1620 3312 1633 3312 1627 3313 1641 3313 1635 3313 799 3314 790 3314 829 3314 823 3315 819 3315 807 3315 1024 3316 1018 3316 1012 3316 1646 3317 1651 3317 1601 3317 1607 3318 1620 3318 1641 3318 805 3319 793 3319 818 3319 1409 3320 1423 3320 1433 3320 630 3321 629 3321 587 3321 1614 3322 1604 3322 1643 3322 1602 3323 1616 3323 1649 3323 1644 3324 1619 3324 1647 3324 1647 3325 1612 3325 1644 3325 1614 3326 1649 3326 1642 3326 1649 3327 1616 3327 1642 3327 1616 3328 1648 3328 1642 3328 1648 3329 1617 3329 1642 3329 1642 3330 1617 3330 1646 3330 1602 3331 1596 3331 1645 3331 1651 3332 1605 3332 1645 3332 1601 3333 1651 3333 1645 3333 818 3334 826 3334 808 3334 1612 3335 1603 3335 1650 3335 798 3336 791 3336 835 3336 803 3337 788 3337 836 3337 1109 3338 1098 3338 1142 3338 1823 3339 1809 3339 1836 3339 1616 3340 1602 3340 1645 3340 1841 3341 1835 3341 1829 3341 1838 3342 1843 3342 1825 3342 804 3343 786 3343 830 3343 1656 3344 1674 3344 1653 3344 748 3345 752 3345 747 3345 752 3346 749 3346 751 3346 749 3347 750 3347 751 3347 1680 3348 1686 3348 1685 3348 1667 3349 1668 3349 1657 3349 1666 3350 1657 3350 1669 3350 1662 3351 1666 3351 1669 3351 1668 3352 1662 3352 1669 3352 1667 3353 1662 3353 1668 3353 1671 3354 1675 3354 1672 3354 1672 3355 1670 3355 1671 3355 1670 3356 1676 3356 1673 3356 1674 3357 1670 3357 1673 3357 1676 3358 1675 3358 1673 3358 2177 3359 2178 3359 2179 3359 1678 3360 1676 3360 1674 3360 1673 3361 1678 3361 1674 3361 1677 3362 1672 3362 1673 3362 1672 3363 1678 3363 1673 3363 1673 3364 1671 3364 1677 3364 757 3365 761 3365 759 3365 1793 3366 1797 3366 1791 3366 1681 3367 1685 3367 1687 3367 1679 3368 1687 3368 1686 3368 1792 3369 1795 3369 1794 3369 1288 3370 1290 3370 1289 3370 1797 3371 1796 3371 1798 3371 1085 3372 1084 3372 1082 3372 1083 3373 1085 3373 1080 3373 1388 3374 1390 3374 1389 3374 1599 3375 1597 3375 1596 3375 2106 3376 2105 3376 2103 3376 1194 3377 1193 3377 1191 3377 1300 3378 1302 3378 1301 3378 1703 3379 1709 3379 1705 3379 1705 3380 1708 3380 1699 3380 1698 3381 1707 3381 1704 3381 1704 3382 1706 3382 1702 3382 1702 3383 1706 3383 1700 3383 1700 3384 1707 3384 1698 3384 1699 3385 1708 3385 1701 3385 1701 3386 1709 3386 1703 3386 899 3387 888 3387 894 3387 764 3388 766 3388 768 3388 2122 3389 2120 3389 2113 3389 1711 3390 1707 3390 1700 3390 899 3391 900 3391 895 3391 1705 3392 1715 3392 1688 3392 1713 3393 1716 3393 1714 3393 1712 3394 1689 3394 1710 3394 1689 3395 1700 3395 1710 3395 1728 3396 1727 3396 1703 3396 912 3397 913 3397 891 3397 1324 3398 1325 3398 1302 3398 581 3399 590 3399 634 3399 634 3400 588 3400 626 3400 902 3401 919 3401 923 3401 1702 3402 1747 3402 1746 3402 1727 3403 1717 3403 1699 3403 1318 3404 1317 3404 1298 3404 1753 3405 1710 3405 1746 3405 1710 3406 1742 3406 1744 3406 1746 3407 1710 3407 1745 3407 1742 3408 1739 3408 1740 3408 1741 3409 1742 3409 1740 3409 1739 3410 1711 3410 1737 3410 1711 3411 1736 3411 1737 3411 1751 3412 1752 3412 1753 3412 1750 3413 1751 3413 1753 3413 1749 3414 1750 3414 1753 3414 1748 3415 1749 3415 1753 3415 1746 3416 1748 3416 1753 3416 1745 3417 1710 3417 1744 3417 1736 3418 1711 3418 1747 3418 1711 3419 1752 3419 1747 3419 1702 3420 1706 3420 1747 3420 1753 3421 1707 3421 1698 3421 1747 3422 1753 3422 1698 3422 1754 3423 1706 3423 1702 3423 1738 3424 1754 3424 1702 3424 1738 3425 1698 3425 1754 3425 1698 3426 1707 3426 1754 3426 1616 3427 1615 3427 1630 3427 1611 3428 1613 3428 1612 3428 1630 3429 1618 3429 1617 3429 1629 3430 1611 3430 1619 3430 1629 3431 1619 3431 1618 3431 870 3432 871 3432 868 3432 1724 3433 1726 3433 1755 3433 1722 3434 1724 3434 1755 3434 1756 3435 1755 3435 1730 3435 1756 3436 1730 3436 1732 3436 1722 3437 1756 3437 1720 3437 1720 3438 1756 3438 1717 3438 1772 3439 1770 3439 1768 3439 1770 3440 1769 3440 1768 3440 1769 3441 1767 3441 1766 3441 1767 3442 1771 3442 1772 3442 1767 3443 1772 3443 1766 3443 1770 3444 1773 3444 1774 3444 1774 3445 1773 3445 1772 3445 1773 3446 1771 3446 1755 3446 1773 3447 1755 3447 1772 3447 1769 3448 1770 3448 1774 3448 1767 3449 1769 3449 1774 3449 1774 3450 1755 3450 1767 3450 1779 3451 1777 3451 1776 3451 1777 3452 1775 3452 1780 3452 1776 3453 1777 3453 1780 3453 1775 3454 1779 3454 1780 3454 1779 3455 1776 3455 1778 3455 620 3456 595 3456 616 3456 594 3457 620 3457 619 3457 582 3458 591 3458 619 3458 620 3459 616 3459 619 3459 1779 3460 1775 3460 1782 3460 1488 3461 1491 3461 1490 3461 1755 3462 1743 3462 1736 3462 1311 3463 1306 3463 1354 3463 1994 3464 1999 3464 1993 3464 1711 3465 1707 3465 1753 3465 1223 3466 1217 3466 1224 3466 881 3467 884 3467 885 3467 884 3468 882 3468 885 3468 1995 3469 1998 3469 1992 3469 1788 3470 1787 3470 1789 3470 901 3471 893 3471 875 3471 2093 3472 2106 3472 2116 3472 727 3473 728 3473 726 3473 1905 3474 1902 3474 1901 3474 1399 3475 1400 3475 1398 3475 1902 3476 1904 3476 1903 3476 1803 3477 1804 3477 1801 3477 1806 3478 1803 3478 1799 3478 810 3479 809 3479 811 3479 793 3480 782 3480 784 3480 784 3481 783 3481 792 3481 1809 3482 1800 3482 1803 3482 1802 3483 1812 3483 1803 3483 1815 3484 1832 3484 1801 3484 1820 3485 1821 3485 1803 3485 1221 3486 1222 3486 1196 3486 1626 3487 1627 3487 1609 3487 1424 3488 1426 3488 1410 3488 1829 3489 1830 3489 1803 3489 1213 3490 1208 3490 1200 3490 1934 3491 1935 3491 1912 3491 1824 3492 1834 3492 1802 3492 1830 3493 1823 3493 1809 3493 1834 3494 1825 3494 1812 3494 1920 3495 1921 3495 1908 3495 1826 3496 1827 3496 1813 3496 2120 3497 2122 3497 2106 3497 1828 3498 1829 3498 1810 3498 1936 3499 1928 3499 1913 3499 2021 3500 2022 3500 2005 3500 1819 3501 1820 3501 1805 3501 1921 3502 1922 3502 1903 3502 1815 3503 1814 3503 1832 3503 1819 3504 1821 3504 1820 3504 1831 3505 1819 3505 1818 3505 1816 3506 1832 3506 1817 3506 1831 3507 1818 3507 1817 3507 1834 3508 1824 3508 1830 3508 1822 3509 1821 3509 1814 3509 1825 3510 1834 3510 1826 3510 1828 3511 1830 3511 1829 3511 1828 3512 1827 3512 1833 3512 827 3513 839 3513 841 3513 841 3514 843 3514 827 3514 1809 3515 1800 3515 1836 3515 1836 3516 1838 3516 1840 3516 1838 3517 1812 3517 1840 3517 1823 3518 1844 3518 1837 3518 1844 3519 1824 3519 1837 3519 1837 3520 1835 3520 1823 3520 858 3521 859 3521 841 3521 859 3522 862 3522 841 3522 841 3523 862 3523 861 3523 1923 3524 1909 3524 1950 3524 1838 3525 1842 3525 1827 3525 1952 3526 1950 3526 1910 3526 1840 3527 1837 3527 1824 3527 1928 3528 1913 3528 1938 3528 1100 3529 1120 3529 1126 3529 2054 3530 2051 3530 2010 3530 1105 3531 1099 3531 1141 3531 2011 3532 2030 3532 2040 3532 2026 3533 2013 3533 2039 3533 1822 3534 1850 3534 1849 3534 1850 3535 1815 3535 1847 3535 1847 3536 1849 3536 1850 3536 854 3537 853 3537 837 3537 1853 3538 1806 3538 1799 3538 1837 3539 1825 3539 1839 3539 1825 3540 1843 3540 1839 3540 1843 3541 1827 3541 1839 3541 1827 3542 1842 3542 1839 3542 1842 3543 1829 3543 1835 3543 1842 3544 1835 3544 1839 3544 866 3545 869 3545 870 3545 1949 3546 1955 3546 1908 3546 1914 3547 1933 3547 1946 3547 1818 3548 1806 3548 1853 3548 1921 3549 1908 3549 1948 3549 1913 3550 1928 3550 1937 3550 1107 3551 1093 3551 1134 3551 1410 3552 1426 3552 1435 3552 993 3553 1008 3553 1016 3553 1006 3554 992 3554 1022 3554 1860 3555 1845 3555 1855 3555 1845 3556 1859 3556 1855 3556 1854 3557 1805 3557 1848 3557 1805 3558 1853 3558 1848 3558 1804 3559 1854 3559 1848 3559 1852 3560 1808 3560 1848 3560 1807 3561 1852 3561 1848 3561 1846 3562 1807 3562 1848 3562 1799 3563 1806 3563 1846 3563 1861 3564 1835 3564 1857 3564 1857 3565 1856 3565 1861 3565 2084 3566 2089 3566 2087 3566 1865 3567 1869 3567 1857 3567 1867 3568 1865 3568 1866 3568 1868 3569 1869 3569 1867 3569 1865 3570 1857 3570 1866 3570 1867 3571 1869 3571 1872 3571 1872 3572 1869 3572 1871 3572 1869 3573 1870 3573 1871 3573 1870 3574 1866 3574 1871 3574 802 3575 801 3575 800 3575 803 3576 802 3576 814 3576 804 3577 814 3577 797 3577 815 3578 800 3578 798 3578 1874 3579 1878 3579 1880 3579 1878 3580 1876 3580 1859 3580 1876 3581 1874 3581 1879 3581 1878 3582 1859 3582 1880 3582 1859 3583 1876 3583 1879 3583 1885 3584 1886 3584 1882 3584 1909 3585 1901 3585 1903 3585 1084 3586 1083 3586 1081 3586 1493 3587 1488 3587 1487 3587 1889 3588 1887 3588 1881 3588 737 3589 740 3589 741 3589 674 3590 675 3590 702 3590 1301 3591 1346 3591 1345 3591 1300 3592 1299 3592 1297 3592 1078 3593 1079 3593 1077 3593 1733 3594 1728 3594 1715 3594 1700 3595 1716 3595 1705 3595 1316 3596 1321 3596 1356 3596 584 3597 582 3597 581 3597 889 3598 891 3598 890 3598 1741 3599 1736 3599 1743 3599 1901 3600 1909 3600 1906 3600 1915 3601 1916 3601 1904 3601 1916 3602 1914 3602 1905 3602 1913 3603 1902 3603 1905 3603 1905 3604 1904 3604 1916 3604 854 3605 852 3605 856 3605 857 3606 855 3606 854 3606 2035 3607 2026 3607 2013 3607 1105 3608 1106 3608 1089 3608 1916 3609 1933 3609 1914 3609 1927 3610 1918 3610 1903 3610 1112 3611 1113 3611 1090 3611 2032 3612 2033 3612 2004 3612 1925 3613 1926 3613 1906 3613 2018 3614 2019 3614 2008 3614 1114 3615 1115 3615 1090 3615 2016 3616 2017 3616 2006 3616 2023 3617 2024 3617 2005 3617 2027 3618 2028 3618 2012 3618 1120 3619 1121 3619 1091 3619 2026 3620 2027 3620 2003 3620 2034 3621 2035 3621 2004 3621 1118 3622 1119 3622 1091 3622 1313 3623 1315 3623 1300 3623 1935 3624 1936 3624 1905 3624 1003 3625 1004 3625 985 3625 2025 3626 2016 3626 2002 3626 1873 3627 1878 3627 1874 3627 1874 3628 1876 3628 1873 3628 1876 3629 1878 3629 1875 3629 1875 3630 1878 3630 1877 3630 1878 3631 1873 3631 1877 3631 832 3632 798 3632 828 3632 799 3633 833 3633 828 3633 833 3634 801 3634 828 3634 803 3635 831 3635 827 3635 1921 3636 1920 3636 1922 3636 1922 3637 1895 3637 1923 3637 1918 3638 1927 3638 1926 3638 1923 3639 1895 3639 1924 3639 1926 3640 1925 3640 1924 3640 1902 3641 1913 3641 1904 3641 1936 3642 1894 3642 1928 3642 1894 3643 1929 3643 1928 3643 1935 3644 1934 3644 1936 3644 1934 3645 1933 3645 1916 3645 1931 3646 1930 3646 1929 3646 1916 3647 1932 3647 1931 3647 1081 3648 1082 3648 1094 3648 698 3649 714 3649 712 3649 1932 3650 1946 3650 1939 3650 1946 3651 1933 3651 1941 3651 1939 3652 1946 3652 1941 3652 1945 3653 1930 3653 1939 3653 1928 3654 1945 3654 1937 3654 1941 3655 1935 3655 1937 3655 1902 3656 1913 3656 1944 3656 1944 3657 1912 3657 1940 3657 1912 3658 1942 3658 1940 3658 1942 3659 1914 3659 1940 3659 1915 3660 1943 3660 1938 3660 1943 3661 1917 3661 1938 3661 1940 3662 1902 3662 1944 3662 1775 3663 1781 3663 1776 3663 1782 3664 1775 3664 1776 3664 1781 3665 1779 3665 1736 3665 1913 3666 1902 3666 1938 3666 1919 3667 1949 3667 1951 3667 1953 3668 1950 3668 1911 3668 616 3669 624 3669 606 3669 1548 3670 1547 3670 1504 3670 732 3671 730 3671 690 3671 1909 3672 1923 3672 1954 3672 1925 3673 1911 3673 1956 3673 1810 3674 1829 3674 1842 3674 1447 3675 1445 3675 1404 3675 1815 3676 1808 3676 1852 3676 1023 3677 1020 3677 1014 3677 1953 3678 1925 3678 1951 3678 1927 3679 1952 3679 1951 3679 1923 3680 1953 3680 1947 3680 1947 3681 1953 3681 1951 3681 1921 3682 1954 3682 1947 3682 1954 3683 1923 3683 1947 3683 1949 3684 1921 3684 1947 3684 1207 3685 1221 3685 1229 3685 2044 3686 2038 3686 2034 3686 1525 3687 1512 3687 1533 3687 1198 3688 1211 3688 1244 3688 2045 3689 2041 3689 2030 3689 1540 3690 1537 3690 1529 3690 598 3691 588 3691 634 3691 2021 3692 2007 3692 2051 3692 2013 3693 2026 3693 2038 3693 1420 3694 1408 3694 1432 3694 893 3695 897 3695 887 3695 891 3696 896 3696 893 3696 1963 3697 1960 3697 1957 3697 1957 3698 1961 3698 1937 3698 1937 3699 1963 3699 1957 3699 1908 3700 1955 3700 1948 3700 1955 3701 1910 3701 1950 3701 1907 3702 1956 3702 1950 3702 1956 3703 1911 3703 1950 3703 1948 3704 1901 3704 1909 3704 915 3705 914 3705 891 3705 1792 3706 1796 3706 1797 3706 2141 3707 2132 3707 2131 3707 907 3708 922 3708 908 3708 909 3709 922 3709 910 3709 922 3710 903 3710 912 3710 903 3711 923 3711 915 3711 923 3712 916 3712 915 3712 909 3713 908 3713 922 3713 903 3714 915 3714 913 3714 903 3715 913 3715 912 3715 911 3716 910 3716 922 3716 1969 3717 1968 3717 1967 3717 1967 3718 1968 3718 1972 3718 1968 3719 1971 3719 1972 3719 1972 3720 1971 3720 1970 3720 1950 3721 1909 3721 1901 3721 1961 3722 1971 3722 1968 3722 1968 3723 1969 3723 1973 3723 1961 3724 1968 3724 1973 3724 1969 3725 1971 3725 1973 3725 1973 3726 1971 3726 1974 3726 1971 3727 1961 3727 1974 3727 1976 3728 1978 3728 1975 3728 1978 3729 1977 3729 1975 3729 1980 3730 1977 3730 1981 3730 1977 3731 1982 3731 1981 3731 1978 3732 1980 3732 1947 3732 1947 3733 1982 3733 1978 3733 2163 3734 2111 3734 2115 3734 1986 3735 1988 3735 1989 3735 1990 3736 1989 3736 1991 3736 573 3737 574 3737 578 3737 1686 3738 1683 3738 1682 3738 1894 3739 1895 3739 1922 3739 1190 3740 1183 3740 1189 3740 975 3741 976 3741 974 3741 1709 3742 1715 3742 1735 3742 1308 3743 1314 3743 1335 3743 970 3744 968 3744 965 3744 635 3745 653 3745 636 3745 1708 3746 1718 3746 1734 3746 1695 3747 1694 3747 1688 3747 1695 3748 1688 3748 1690 3748 1302 3749 1304 3749 1303 3749 2002 3750 2007 3750 2000 3750 1990 3751 1991 3751 1984 3751 1991 3752 1988 3752 1984 3752 929 3753 926 3753 927 3753 926 3754 900 3754 925 3754 900 3755 934 3755 924 3755 900 3756 924 3756 925 3756 927 3757 928 3757 929 3757 2000 3758 2007 3758 2005 3758 2005 3759 2009 3759 2002 3759 934 3760 900 3760 939 3760 939 3761 936 3761 938 3761 936 3762 933 3762 935 3762 933 3763 898 3763 932 3763 898 3764 929 3764 931 3764 931 3765 929 3765 930 3765 898 3766 931 3766 932 3766 937 3767 938 3767 936 3767 2001 3768 2013 3768 2003 3768 2003 3769 2011 3769 2004 3769 2020 3770 2021 3770 2007 3770 1111 3771 1122 3771 1089 3771 2019 3772 2020 3772 2002 3772 2022 3773 2023 3773 2010 3773 2024 3774 2025 3774 2009 3774 997 3775 998 3775 989 3775 2030 3776 2031 3776 2004 3776 1002 3777 1003 3777 991 3777 1193 3778 1211 3778 1198 3778 1423 3779 1424 3779 1401 3779 2033 3780 2034 3780 2015 3780 998 3781 999 3781 983 3781 1094 3782 1108 3782 1095 3782 1014 3783 1015 3783 984 3783 1116 3784 1117 3784 1091 3784 601 3785 602 3785 583 3785 1106 3786 1107 3786 1093 3786 987 3787 1001 3787 988 3787 2023 3788 2022 3788 2024 3788 2021 3789 2020 3789 2036 3789 2021 3790 2036 3790 2022 3790 2018 3791 2017 3791 2016 3791 2016 3792 2025 3792 2024 3792 2014 3793 2045 3793 2039 3793 2042 3794 2014 3794 2039 3794 2045 3795 2011 3795 2039 3795 2011 3796 2043 3796 2039 3796 2043 3797 2012 3797 2039 3797 2039 3798 2013 3798 2001 3798 2042 3799 2044 3799 2015 3799 1792 3800 1797 3800 1795 3800 1797 3801 1793 3801 1795 3801 1123 3802 1125 3802 1124 3802 926 3803 924 3803 935 3803 924 3804 939 3804 935 3804 939 3805 937 3805 935 3805 2032 3806 2047 3806 2041 3806 940 3807 894 3807 925 3807 894 3808 890 3808 925 3808 895 3809 940 3809 886 3809 2014 3810 2032 3810 2041 3810 619 3811 623 3811 612 3811 995 3812 1012 3812 1018 3812 1243 3813 1237 3813 1200 3813 2025 3814 2009 3814 2057 3814 992 3815 1006 3815 1020 3815 1136 3816 1142 3816 1096 3816 2019 3817 2008 3817 2056 3817 2053 3818 2049 3818 2008 3818 2015 3819 2034 3819 2047 3819 2000 3820 2007 3820 2056 3820 2056 3821 2008 3821 2049 3821 2006 3822 2057 3822 2049 3822 950 3823 948 3823 949 3823 955 3824 935 3824 956 3824 1003 3825 991 3825 1029 3825 1210 3826 1199 3826 1237 3826 994 3827 1014 3827 1018 3827 2050 3828 2057 3828 2006 3828 2055 3829 2051 3829 2009 3829 1017 3830 1025 3830 1008 3830 1204 3831 1218 3831 1228 3831 996 3832 1010 3832 1025 3832 988 3833 1001 3833 1034 3833 2023 3834 2010 3834 2051 3834 675 3835 677 3835 676 3835 2038 3836 2058 3836 2061 3836 2059 3837 2064 3837 2063 3837 2061 3838 2059 3838 2063 3838 2092 3839 2087 3839 2089 3839 2064 3840 2059 3840 2058 3840 1920 3841 1918 3841 1916 3841 2070 3842 2072 3842 2071 3842 2069 3843 2068 3843 2070 3843 2070 3844 2068 3844 2059 3844 2072 3845 2059 3845 2068 3845 2068 3846 2069 3846 2075 3846 2077 3847 2081 3847 2076 3847 2081 3848 2080 3848 2076 3848 2053 3849 2048 3849 2050 3849 2071 3850 2068 3850 2074 3850 2068 3851 2073 3851 2074 3851 2069 3852 2071 3852 2075 3852 1101 3853 1088 3853 1091 3853 890 3854 894 3854 934 3854 894 3855 941 3855 934 3855 941 3856 895 3856 886 3856 934 3857 941 3857 886 3857 1029 3858 1026 3858 1030 3858 1288 3859 1287 3859 1292 3859 1937 3860 1961 3860 1962 3860 1492 3861 1489 3861 1490 3861 984 3862 982 3862 981 3862 2102 3863 2097 3863 2100 3863 1354 3864 1348 3864 1305 3864 779 3865 777 3865 774 3865 1888 3866 1889 3866 1883 3866 686 3867 685 3867 684 3867 2110 3868 2104 3868 2103 3868 817 3869 818 3869 782 3869 1699 3870 1701 3870 1700 3870 2111 3871 2107 3871 2109 3871 2112 3872 2109 3872 2103 3872 2112 3873 2103 3873 2105 3873 2111 3874 2105 3874 2107 3874 2110 3875 2113 3875 2104 3875 2108 3876 2114 3876 2110 3876 1713 3877 1714 3877 1701 3877 606 3878 607 3878 583 3878 1108 3879 1110 3879 1097 3879 900 3880 901 3880 892 3880 1310 3881 1311 3881 1306 3881 1700 3882 1712 3882 1704 3882 1309 3883 1310 3883 1299 3883 2119 3884 2094 3884 2115 3884 2094 3885 2116 3885 2115 3885 2118 3886 2117 3886 2116 3886 2093 3887 2110 3887 2121 3887 2093 3888 2121 3888 2106 3888 698 3889 712 3889 710 3889 2140 3890 2123 3890 2104 3890 1719 3891 1718 3891 1699 3891 1698 3892 1738 3892 1737 3892 2157 3893 2158 3893 2159 3893 2159 3894 2156 3894 2157 3894 2156 3895 2115 3895 2155 3895 2115 3896 2153 3896 2154 3896 2115 3897 2154 3897 2155 3897 921 3898 905 3898 887 3898 868 3899 871 3899 869 3899 2117 3900 2159 3900 2161 3900 2149 3901 2117 3901 2146 3901 2162 3902 2149 3902 2150 3902 2152 3903 2162 3903 2151 3903 2153 3904 2115 3904 2162 3904 2152 3905 2153 3905 2162 3905 2159 3906 2160 3906 2161 3906 2151 3907 2162 3907 2150 3907 2117 3908 2161 3908 2145 3908 2117 3909 2145 3909 2146 3909 2149 3910 2146 3910 2148 3910 2107 3911 2111 3911 2163 3911 2163 3912 2112 3912 2155 3912 2112 3913 2103 3913 2155 3913 2155 3914 2107 3914 2163 3914 2147 3915 2103 3915 2162 3915 2103 3916 2112 3916 2162 3916 2162 3917 2111 3917 2107 3917 2162 3918 2107 3918 2147 3918 1093 3919 1094 3919 1089 3919 1094 3920 1095 3920 1089 3920 1095 3921 1087 3921 1089 3921 1089 3922 1092 3922 1096 3922 2143 3923 2141 3923 2128 3923 2127 3924 2143 3924 2128 3924 2141 3925 2131 3925 2130 3925 2141 3926 2130 3926 2129 3926 2120 3927 2143 3927 2125 3927 2143 3928 2127 3928 2126 3928 2142 3929 2120 3929 2123 3929 2144 3930 2142 3930 2138 3930 2136 3931 2144 3931 2137 3931 2141 3932 2121 3932 2132 3932 2121 3933 2144 3933 2134 3933 2134 3934 2144 3934 2135 3934 2134 3935 2132 3935 2121 3935 2141 3936 2129 3936 2128 3936 2136 3937 2135 3937 2144 3937 2143 3938 2126 3938 2125 3938 2137 3939 2144 3939 2138 3939 2120 3940 2125 3940 2123 3940 2139 3941 2138 3941 2142 3941 2142 3942 2123 3942 2140 3942 976 3943 980 3943 979 3943 675 3944 672 3944 677 3944 2154 3945 2158 3945 2156 3945 2150 3946 2148 3946 2152 3946 2145 3947 2160 3947 2148 3947 2148 3948 2160 3948 2158 3948 2135 3949 2137 3949 2179 3949 2137 3950 2139 3950 2179 3950 2139 3951 2123 3951 2179 3951 2130 3952 2132 3952 2128 3952 2132 3953 2135 3953 2179 3953 983 3954 996 3954 984 3954 992 3955 983 3955 982 3955 2113 3956 2120 3956 2142 3956 879 3957 883 3957 884 3957 1193 3958 1210 3958 1223 3958 2124 3959 2113 3959 2104 3959 2114 3960 2141 3960 2108 3960 2174 3961 2173 3961 2172 3961 2173 3962 2177 3962 2175 3962 2181 3963 2184 3963 2183 3963 2184 3964 2186 3964 2183 3964 2185 3965 2181 3965 2180 3965 2178 3966 2176 3966 2172 3966 2177 3967 2173 3967 2178 3967 2176 3968 2179 3968 2172 3968 2186 3969 2182 3969 2183 3969 2182 3970 2181 3970 2185 3970 1698 3971 1736 3971 1747 3971 654 3972 656 3972 657 3972 2184 3973 2187 3973 2185 3973 2180 3974 2184 3974 2185 3974 2148 3975 2185 3975 2186 3975 2185 3976 2187 3976 2186 3976 2180 3977 2148 3977 2184 3977 2186 3978 2184 3978 2148 3978 1001 3979 987 3979 1002 3979 1002 3980 1004 3980 1003 3980 2190 3981 2194 3981 2195 3981</p>
        </triangles>
        <triangles material="metallic-material" count="1980">
          <input semantic="VERTEX" source="#Test_010-mesh-vertices" offset="0"/>
          <input semantic="NORMAL" source="#Test_010-mesh-normals" offset="1"/>
          <p>142 3982 219 3982 220 3982 6 3983 19 3983 9 3983 23 3984 5 3984 3 3984 23 3985 3 3985 26 3985 18 3986 31 3986 6 3986 25 3987 20 3987 19 3987 25 3988 19 3988 26 3988 26 3989 19 3989 6 3989 26 3990 6 3990 20 3990 12 3991 29 3991 1 3991 28 3992 12 3992 14 3992 11 3993 27 3993 2 3993 16 3994 6 3994 31 3994 30 3995 21 3995 31 3995 31 3996 21 3996 4 3996 4 3997 22 3997 31 3997 32 3998 7 3998 6 3998 32 3999 6 3999 33 3999 33 4000 6 4000 34 4000 34 4001 6 4001 35 4001 322 4002 317 4002 271 4002 13 4003 1 4003 0 4003 24 4004 0 4004 9 4004 25 4005 2 4005 36 4005 36 4006 17 4006 31 4006 466 4007 1259 4007 1260 4007 845 4008 404 4008 848 4008 441 4009 440 4009 1045 4009 57 4010 52 4010 53 4010 324 4011 313 4011 325 4011 222 4012 227 4012 159 4012 58 4013 57 4013 46 4013 58 4014 37 4014 57 4014 80 4015 56 4015 55 4015 80 4016 55 4016 59 4016 59 4017 55 4017 40 4017 59 4018 40 4018 56 4018 57 4019 60 4019 59 4019 57 4020 59 4020 42 4020 154 4021 155 4021 69 4021 293 4022 280 4022 556 4022 266 4023 284 4023 282 4023 164 4024 169 4024 167 4024 78 4025 126 4025 127 4025 343 4026 342 4026 266 4026 46 4027 50 4027 47 4027 486 4028 1362 4028 1363 4028 235 4029 86 4029 234 4029 495 4030 496 4030 554 4030 56 4031 39 4031 55 4031 522 4032 336 4032 524 4032 376 4033 385 4033 384 4033 161 4034 160 4034 159 4034 92 4035 104 4035 73 4035 94 4036 91 4036 71 4036 177 4037 232 4037 178 4037 568 4038 370 4038 369 4038 114 4039 110 4039 113 4039 125 4040 77 4040 128 4040 1153 4041 1151 4041 1152 4041 272 4042 282 4042 367 4042 98 4043 100 4043 72 4043 73 4044 104 4044 103 4044 283 4045 569 4045 385 4045 149 4046 147 4046 83 4046 69 4047 55 4047 153 4047 118 4048 115 4048 237 4048 171 4049 170 4049 172 4049 175 4050 171 4050 55 4050 176 4051 177 4051 62 4051 231 4052 174 4052 225 4052 87 4053 182 4053 86 4053 86 4054 182 4054 85 4054 86 4055 183 4055 88 4055 86 4056 89 4056 183 4056 90 4057 184 4057 91 4057 91 4058 184 4058 92 4058 95 4059 185 4059 63 4059 95 4060 97 4060 185 4060 73 4061 186 4061 102 4061 107 4062 187 4062 108 4062 107 4063 106 4063 187 4063 123 4064 191 4064 77 4064 77 4065 191 4065 124 4065 127 4066 192 4066 217 4066 212 4067 211 4067 526 4067 193 4068 49 4068 194 4068 194 4069 49 4069 195 4069 181 4070 232 4070 235 4070 196 4071 49 4071 197 4071 197 4072 49 4072 198 4072 198 4073 49 4073 77 4073 198 4074 77 4074 199 4074 199 4075 77 4075 200 4075 200 4076 77 4076 201 4076 201 4077 77 4077 46 4077 201 4078 46 4078 202 4078 202 4079 46 4079 203 4079 203 4080 46 4080 204 4080 206 4081 64 4081 207 4081 208 4082 55 4082 209 4082 209 4083 55 4083 210 4083 210 4084 55 4084 211 4084 211 4085 55 4085 39 4085 211 4086 39 4086 212 4086 212 4087 39 4087 213 4087 213 4088 39 4088 214 4088 215 4089 64 4089 216 4089 216 4090 64 4090 205 4090 136 4091 77 4091 218 4091 136 4092 218 4092 137 4092 138 4093 140 4093 219 4093 138 4094 219 4094 141 4094 166 4095 222 4095 165 4095 165 4096 222 4096 223 4096 165 4097 223 4097 164 4097 164 4098 223 4098 166 4098 227 4099 161 4099 162 4099 175 4100 225 4100 171 4100 171 4101 225 4101 174 4101 188 4102 236 4102 74 4102 288 4103 415 4103 571 4103 151 4104 155 4104 158 4104 296 4105 295 4105 268 4105 13 4106 22 4106 30 4106 38 4107 77 4107 75 4107 85 4108 182 4108 235 4108 450 4109 451 4109 289 4109 66 4110 89 4110 234 4110 402 4111 409 4111 286 4111 103 4112 99 4112 186 4112 111 4113 108 4113 187 4113 457 4114 1156 4114 1157 4114 217 4115 128 4115 239 4115 641 4116 382 4116 381 4116 132 4117 218 4117 217 4117 497 4118 562 4118 554 4118 219 4119 217 4119 141 4119 147 4120 229 4120 148 4120 148 4121 229 4121 221 4121 163 4122 166 4122 153 4122 175 4123 172 4123 231 4123 502 4124 563 4124 501 4124 152 4125 84 4125 150 4125 293 4126 294 4126 269 4126 112 4127 46 4127 43 4127 540 4128 546 4128 289 4128 543 4129 559 4129 444 4129 96 4130 93 4130 98 4130 516 4131 307 4131 309 4131 134 4132 219 4132 140 4132 92 4133 43 4133 44 4133 244 4134 179 4134 55 4134 257 4135 245 4135 263 4135 263 4136 245 4136 258 4136 264 4137 250 4137 251 4137 264 4138 251 4138 252 4138 553 4139 261 4139 259 4139 553 4140 260 4140 261 4140 34 4141 265 4141 263 4141 34 4142 263 4142 32 4142 28 4143 265 4143 34 4143 78 4144 128 4144 192 4144 271 4145 268 4145 280 4145 245 4146 211 4146 266 4146 122 4147 123 4147 78 4147 498 4148 500 4148 572 4148 538 4149 571 4149 415 4149 39 4150 45 4150 64 4150 221 4151 228 4151 150 4151 63 4152 71 4152 38 4152 28 4153 553 4153 264 4153 405 4154 404 4154 285 4154 550 4155 289 4155 459 4155 217 4156 143 4156 153 4156 551 4157 553 4157 560 4157 268 4158 293 4158 269 4158 126 4159 125 4159 217 4159 304 4160 294 4160 301 4160 270 4161 305 4161 306 4161 291 4162 561 4162 477 4162 249 4163 338 4163 326 4163 324 4164 331 4164 332 4164 331 4165 333 4165 332 4165 345 4166 348 4166 349 4166 282 4167 360 4167 355 4167 362 4168 363 4168 272 4168 290 4169 245 4169 257 4169 282 4170 373 4170 372 4170 284 4171 386 4171 387 4171 186 4172 100 4172 185 4172 493 4173 492 4173 561 4173 107 4174 109 4174 74 4174 287 4175 526 4175 252 4175 425 4176 424 4176 426 4176 154 4177 228 4177 157 4177 49 4178 204 4178 46 4178 217 4179 77 4179 137 4179 238 4180 191 4180 123 4180 493 4181 490 4181 492 4181 290 4182 461 4182 289 4182 269 4183 504 4183 505 4183 441 4184 431 4184 440 4184 279 4185 486 4185 480 4185 524 4186 281 4186 526 4186 494 4187 492 4187 278 4187 175 4188 174 4188 244 4188 495 4189 279 4189 497 4189 88 4190 183 4190 87 4190 496 4191 497 4191 292 4191 223 4192 230 4192 168 4192 17 4193 36 4193 2 4193 302 4194 516 4194 301 4194 301 4195 516 4195 304 4195 304 4196 516 4196 517 4196 304 4197 517 4197 305 4197 305 4198 517 4198 306 4198 306 4199 517 4199 297 4199 297 4200 517 4200 518 4200 297 4201 518 4201 298 4201 298 4202 518 4202 299 4202 299 4203 518 4203 300 4203 296 4204 516 4204 295 4204 295 4205 516 4205 303 4205 320 4206 519 4206 321 4206 321 4207 519 4207 516 4207 321 4208 516 4208 322 4208 322 4209 516 4209 317 4209 317 4210 516 4210 316 4210 545 4211 454 4211 547 4211 310 4212 520 4212 311 4212 311 4213 520 4213 315 4213 539 4214 429 4214 428 4214 314 4215 519 4215 312 4215 312 4216 519 4216 318 4216 319 4217 519 4217 320 4217 337 4218 522 4218 338 4218 338 4219 522 4219 326 4219 327 4220 522 4220 328 4220 328 4221 522 4221 329 4221 329 4222 522 4222 523 4222 329 4223 523 4223 330 4223 330 4224 523 4224 331 4224 331 4225 523 4225 333 4225 333 4226 523 4226 524 4226 333 4227 524 4227 334 4227 334 4228 524 4228 335 4228 335 4229 524 4229 336 4229 349 4230 525 4230 350 4230 350 4231 525 4231 351 4231 351 4232 525 4232 526 4232 351 4233 526 4233 352 4233 352 4234 526 4234 343 4234 343 4235 526 4235 342 4235 342 4236 526 4236 340 4236 341 4237 527 4237 347 4237 347 4238 527 4238 346 4238 346 4239 527 4239 344 4239 344 4240 527 4240 525 4240 344 4241 525 4241 348 4241 348 4242 525 4242 349 4242 364 4243 528 4243 365 4243 365 4244 528 4244 529 4244 365 4245 529 4245 366 4245 366 4246 529 4246 359 4246 359 4247 529 4247 360 4247 360 4248 529 4248 526 4248 360 4249 526 4249 355 4249 355 4250 526 4250 356 4250 356 4251 526 4251 357 4251 520 4252 316 4252 516 4252 358 4253 528 4253 361 4253 361 4254 528 4254 362 4254 158 4255 157 4255 159 4255 363 4256 528 4256 364 4256 370 4257 283 4257 367 4257 367 4258 283 4258 369 4258 374 4259 532 4259 373 4259 373 4260 532 4260 530 4260 373 4261 530 4261 372 4261 372 4262 530 4262 381 4262 381 4263 530 4263 382 4263 383 4264 531 4264 371 4264 371 4265 531 4265 378 4265 379 4266 531 4266 380 4266 380 4267 531 4267 377 4267 377 4268 531 4268 532 4268 377 4269 532 4269 375 4269 375 4270 532 4270 374 4270 398 4271 535 4271 397 4271 397 4272 535 4272 533 4272 397 4273 533 4273 386 4273 386 4274 533 4274 387 4274 387 4275 533 4275 388 4275 389 4276 534 4276 390 4276 390 4277 534 4277 391 4277 392 4278 535 4278 393 4278 393 4279 535 4279 395 4279 395 4280 535 4280 396 4280 396 4281 535 4281 398 4281 410 4282 288 4282 411 4282 411 4283 288 4283 412 4283 537 4284 408 4284 407 4284 413 4285 537 4285 405 4285 405 4286 537 4286 404 4286 520 4287 314 4287 315 4287 403 4288 537 4288 406 4288 406 4289 537 4289 407 4289 408 4290 538 4290 402 4290 402 4291 538 4291 409 4291 537 4292 403 4292 404 4292 528 4293 357 4293 526 4293 210 4294 245 4294 209 4294 209 4295 245 4295 208 4295 207 4296 273 4296 206 4296 206 4297 273 4297 205 4297 205 4298 273 4298 216 4298 216 4299 273 4299 215 4299 215 4300 273 4300 214 4300 214 4301 273 4301 266 4301 214 4302 266 4302 213 4302 213 4303 266 4303 212 4303 212 4304 266 4304 211 4304 199 4305 280 4305 198 4305 198 4306 280 4306 197 4306 197 4307 280 4307 287 4307 197 4308 287 4308 196 4308 196 4309 287 4309 195 4309 195 4310 287 4310 194 4310 194 4311 287 4311 193 4311 193 4312 287 4312 249 4312 193 4313 249 4313 204 4313 204 4314 249 4314 203 4314 203 4315 249 4315 202 4315 202 4316 249 4316 201 4316 200 4317 280 4317 199 4317 427 4318 539 4318 428 4318 526 4319 341 4319 340 4319 429 4320 540 4320 417 4320 417 4321 540 4321 418 4321 418 4322 540 4322 419 4322 419 4323 540 4323 541 4323 419 4324 541 4324 420 4324 420 4325 541 4325 421 4325 421 4326 541 4326 422 4326 422 4327 541 4327 423 4327 423 4328 541 4328 539 4328 423 4329 539 4329 424 4329 424 4330 539 4330 426 4330 426 4331 539 4331 427 4331 439 4332 542 4332 440 4332 440 4333 542 4333 441 4333 441 4334 542 4334 442 4334 442 4335 542 4335 443 4335 443 4336 542 4336 435 4336 435 4337 542 4337 543 4337 435 4338 543 4338 434 4338 434 4339 543 4339 433 4339 433 4340 543 4340 544 4340 433 4341 544 4341 432 4341 432 4342 544 4342 436 4342 436 4343 544 4343 437 4343 437 4344 544 4344 438 4344 438 4345 544 4345 542 4345 438 4346 542 4346 439 4346 455 4347 545 4347 456 4347 456 4348 545 4348 457 4348 458 4349 545 4349 447 4349 447 4350 545 4350 448 4350 448 4351 545 4351 546 4351 448 4352 546 4352 449 4352 449 4353 546 4353 450 4353 450 4354 546 4354 451 4354 451 4355 546 4355 547 4355 451 4356 547 4356 452 4356 452 4357 547 4357 453 4357 453 4358 547 4358 454 4358 460 4359 545 4359 461 4359 461 4360 545 4360 289 4360 474 4361 548 4361 462 4361 462 4362 548 4362 463 4362 463 4363 548 4363 464 4363 516 4364 300 4364 518 4364 471 4365 549 4365 470 4365 470 4366 549 4366 469 4366 468 4367 549 4367 467 4367 467 4368 549 4368 466 4368 466 4369 549 4369 550 4369 466 4370 550 4370 472 4370 472 4371 550 4371 473 4371 473 4372 550 4372 474 4372 474 4373 550 4373 548 4373 481 4374 551 4374 487 4374 488 4375 551 4375 489 4375 489 4376 551 4376 482 4376 482 4377 551 4377 552 4377 482 4378 552 4378 483 4378 483 4379 552 4379 478 4379 478 4380 552 4380 479 4380 479 4381 552 4381 553 4381 479 4382 553 4382 484 4382 484 4383 553 4383 485 4383 485 4384 553 4384 486 4384 534 4385 388 4385 533 4385 480 4386 551 4386 481 4386 495 4387 498 4387 292 4387 292 4388 498 4388 496 4388 509 4389 556 4389 510 4389 557 4390 505 4390 504 4390 511 4391 557 4391 512 4391 512 4392 557 4392 513 4392 513 4393 557 4393 504 4393 505 4394 293 4394 515 4394 515 4395 293 4395 514 4395 514 4396 293 4396 506 4396 556 4397 511 4397 510 4397 507 4398 556 4398 508 4398 508 4399 556 4399 509 4399 5 4400 35 4400 6 4400 242 4401 205 4401 243 4401 131 4402 128 4402 130 4402 119 4403 117 4403 76 4403 379 4404 368 4404 378 4404 460 4405 461 4405 459 4405 293 4406 507 4406 506 4406 142 4407 143 4407 68 4407 519 4408 521 4408 516 4408 519 4409 520 4409 565 4409 190 4410 238 4410 121 4410 131 4411 217 4411 129 4411 64 4412 214 4412 39 4412 544 4413 275 4413 558 4413 6 4414 17 4414 10 4414 544 4415 289 4415 559 4415 289 4416 545 4416 459 4416 369 4417 368 4417 367 4417 267 4418 499 4418 500 4418 83 4419 146 4419 68 4419 353 4420 345 4420 282 4420 572 4421 240 4421 241 4421 8 4422 26 4422 3 4422 231 4423 171 4423 62 4423 73 4424 38 4424 67 4424 139 4425 220 4425 219 4425 90 4426 66 4426 71 4426 77 4427 55 4427 82 4427 641 4428 642 4428 643 4428 371 4429 644 4429 383 4429 383 4430 644 4430 382 4430 381 4431 644 4431 372 4431 373 4432 644 4432 374 4432 375 4433 644 4433 377 4433 377 4434 644 4434 380 4434 379 4435 644 4435 378 4435 273 4436 286 4436 285 4436 284 4437 273 4437 285 4437 445 4438 276 4438 444 4438 252 4439 250 4439 287 4439 1658 4440 511 4440 1660 4440 744 4441 743 4441 745 4441 390 4442 746 4442 389 4442 389 4443 746 4443 388 4443 387 4444 746 4444 386 4444 397 4445 746 4445 398 4445 396 4446 746 4446 395 4446 395 4447 746 4447 393 4447 392 4448 746 4448 391 4448 5 4449 28 4449 35 4449 149 4450 153 4450 147 4450 288 4451 413 4451 412 4451 245 4452 207 4452 208 4452 846 4453 845 4453 847 4453 847 4454 845 4454 848 4454 409 4455 402 4455 847 4455 403 4456 849 4456 404 4456 404 4457 849 4457 405 4457 413 4458 849 4458 412 4458 411 4459 849 4459 410 4459 410 4460 849 4460 409 4460 402 4461 849 4461 408 4461 407 4462 849 4462 406 4462 498 4463 499 4463 497 4463 118 4464 119 4464 114 4464 112 4465 48 4465 46 4465 2166 4466 2164 4466 2165 4466 65 4467 66 4467 88 4467 289 4468 553 4468 540 4468 528 4469 567 4469 272 4469 119 4470 237 4470 190 4470 516 4471 287 4471 553 4471 943 4472 945 4472 944 4472 943 4473 417 4473 429 4473 422 4474 421 4474 945 4474 420 4475 946 4475 419 4475 418 4476 946 4476 417 4476 429 4477 946 4477 428 4477 427 4478 946 4478 426 4478 424 4479 946 4479 423 4479 423 4480 946 4480 422 4480 421 4481 946 4481 420 4481 285 4482 570 4482 537 4482 83 4483 145 4483 153 4483 99 4484 98 4484 63 4484 535 4485 391 4485 534 4485 146 4486 229 4486 145 4486 1044 4487 436 4487 432 4487 1044 4488 1045 4488 1046 4488 434 4489 1048 4489 435 4489 443 4490 1049 4490 442 4490 441 4491 1050 4491 440 4491 439 4492 1050 4492 438 4492 438 4493 1050 4493 437 4493 1363 4494 483 4494 478 4494 436 4495 1048 4495 432 4495 432 4496 1048 4496 433 4496 1258 4497 468 4497 1260 4497 1048 4498 1047 4498 1049 4498 1049 4499 1047 4499 1050 4499 1050 4500 1047 4500 1048 4500 240 4501 199 4501 200 4501 531 4502 568 4502 532 4502 307 4503 312 4503 313 4503 239 4504 131 4504 130 4504 277 4505 476 4505 465 4505 133 4506 134 4506 79 4506 290 4507 467 4507 466 4507 84 4508 228 4508 221 4508 217 4509 142 4509 139 4509 531 4510 382 4510 530 4510 279 4511 277 4511 290 4511 1154 4512 1151 4512 1153 4512 1152 4513 450 4513 449 4513 447 4514 1156 4514 458 4514 457 4515 1157 4515 456 4515 456 4516 1157 4516 455 4516 454 4517 1157 4517 453 4517 31 4518 17 4518 15 4518 452 4519 1158 4519 451 4519 451 4520 1158 4520 450 4520 449 4521 1156 4521 448 4521 1157 4522 1155 4522 1158 4522 1158 4523 1155 4523 1156 4523 1765 4524 297 4524 298 4524 141 4525 140 4525 82 4525 425 4526 274 4526 430 4526 495 4527 562 4527 498 4527 1256 4528 1253 4528 1254 4528 464 4529 1256 4529 471 4529 1255 4530 473 4530 472 4530 469 4531 1258 4531 470 4531 471 4532 1258 4532 464 4532 463 4533 1259 4533 462 4533 462 4534 1259 4534 474 4534 473 4535 1259 4535 472 4535 466 4536 1260 4536 467 4536 467 4537 1260 4537 468 4537 1258 4538 1257 4538 1259 4538 1259 4539 1257 4539 1260 4539 2171 4540 2168 4540 2169 4540 74 4541 67 4541 106 4541 393 4542 384 4542 392 4542 516 4543 564 4543 517 4543 525 4544 567 4544 353 4544 81 4545 219 4545 134 4545 73 4546 63 4546 38 4546 482 4547 489 4547 1357 4547 483 4548 1361 4548 482 4548 482 4549 1361 4549 489 4549 488 4550 1362 4550 487 4550 481 4551 1362 4551 480 4551 486 4552 1363 4552 485 4552 484 4553 1363 4553 479 4553 479 4554 1363 4554 478 4554 1363 4555 1360 4555 1361 4555 1361 4556 1360 4556 1362 4556 1362 4557 1360 4557 1363 4557 526 4558 332 4558 339 4558 486 4559 485 4559 1357 4559 279 4560 290 4560 261 4560 84 4561 55 4561 151 4561 508 4562 509 4562 503 4562 224 4563 231 4563 170 4563 171 4564 231 4564 224 4564 105 4565 236 4565 188 4565 539 4566 558 4566 430 4566 380 4567 643 4567 377 4567 102 4568 104 4568 72 4568 399 4569 570 4569 400 4569 76 4570 120 4570 121 4570 526 4571 354 4571 353 4571 530 4572 283 4572 568 4572 186 4573 73 4573 103 4573 526 4574 245 4574 262 4574 289 4575 550 4575 549 4575 482 4576 483 4576 477 4576 560 4577 476 4577 552 4577 570 4578 394 4578 401 4578 5 4579 6 4579 3 4579 288 4580 418 4580 419 4580 345 4581 354 4581 567 4581 1658 4582 514 4582 515 4582 266 4583 281 4583 249 4583 145 4584 144 4584 146 4584 308 4585 309 4585 270 4585 103 4586 102 4586 236 4586 96 4587 95 4587 93 4587 96 4588 97 4588 92 4588 518 4589 565 4589 309 4589 392 4590 391 4590 743 4590 397 4591 398 4591 745 4591 285 4592 526 4592 533 4592 505 4593 1661 4593 504 4593 513 4594 1661 4594 512 4594 511 4595 1661 4595 510 4595 509 4596 1661 4596 508 4596 508 4597 1661 4597 507 4597 506 4598 1661 4598 514 4598 514 4599 1661 4599 515 4599 109 4600 67 4600 111 4600 260 4601 259 4601 290 4601 256 4602 540 4602 257 4602 549 4603 464 4603 548 4603 441 4604 1049 4604 1050 4604 540 4605 242 4605 285 4605 544 4606 276 4606 289 4606 272 4607 568 4607 369 4607 104 4608 236 4608 186 4608 538 4609 410 4609 409 4609 155 4610 156 4610 152 4610 64 4611 38 4611 71 4611 249 4612 200 4612 201 4612 1757 4613 1758 4613 1759 4613 1757 4614 1759 4614 1760 4614 1757 4615 1760 4615 1761 4615 1757 4616 1761 4616 1758 4616 296 4617 1761 4617 295 4617 436 4618 1050 4618 1048 4618 297 4619 1763 4619 306 4619 306 4620 1763 4620 305 4620 304 4621 1763 4621 301 4621 302 4622 1764 4622 303 4622 303 4623 1764 4623 295 4623 295 4624 1764 4624 1765 4624 295 4625 1765 4625 296 4625 296 4626 1765 4626 300 4626 300 4627 1765 4627 299 4627 299 4628 1765 4628 298 4628 1765 4629 1762 4629 1763 4629 1763 4630 1762 4630 1764 4630 1764 4631 1762 4631 1765 4631 74 4632 104 4632 105 4632 464 4633 459 4633 463 4633 1156 4634 450 4634 1158 4634 167 4635 230 4635 224 4635 356 4636 2169 4636 355 4636 9 4637 0 4637 8 4637 176 4638 178 4638 244 4638 152 4639 157 4639 228 4639 1862 4640 316 4640 317 4640 311 4641 1864 4641 310 4641 310 4642 1864 4642 316 4642 317 4643 1864 4643 322 4643 321 4644 1864 4644 320 4644 320 4645 1864 4645 319 4645 318 4646 1864 4646 312 4646 1156 4647 447 4647 448 4647 314 4648 1864 4648 315 4648 452 4649 1157 4649 1158 4649 2065 4650 349 4650 348 4650 365 4651 2169 4651 2170 4651 491 4652 278 4652 490 4652 187 4653 112 4653 110 4653 64 4654 208 4654 207 4654 557 4655 503 4655 269 4655 457 4656 445 4656 456 4656 275 4657 433 4657 432 4657 1758 4658 306 4658 305 4658 329 4659 328 4659 1964 4659 328 4660 1966 4660 327 4660 326 4661 1966 4661 338 4661 338 4662 1966 4662 337 4662 336 4663 1966 4663 335 4663 334 4664 1966 4664 333 4664 331 4665 1966 4665 330 4665 330 4666 1966 4666 329 4666 329 4667 1966 4667 328 4667 551 4668 486 4668 553 4668 334 4669 333 4669 1964 4669 148 4670 149 4670 84 4670 399 4671 400 4671 394 4671 116 4672 110 4672 75 4672 176 4673 179 4673 178 4673 189 4674 237 4674 113 4674 15 4675 17 4675 18 4675 2065 4676 340 4676 342 4676 340 4677 2067 4677 342 4677 443 4678 1048 4678 1049 4678 343 4679 2067 4679 352 4679 351 4680 2067 4680 350 4680 302 4681 1763 4681 1764 4681 349 4682 2067 4682 348 4682 348 4683 2067 4683 344 4683 358 4684 2170 4684 2171 4684 346 4685 2067 4685 347 4685 347 4686 2067 4686 341 4686 1362 4687 489 4687 1361 4687 168 4688 175 4688 153 4688 572 4689 293 4689 268 4689 189 4690 109 4690 110 4690 8 4691 23 4691 24 4691 2164 4692 2167 4692 2165 4692 2165 4693 360 4693 359 4693 361 4694 358 4694 2167 4694 355 4695 2169 4695 360 4695 359 4696 2169 4696 366 4696 365 4697 2170 4697 364 4697 463 4698 1258 4698 1259 4698 363 4699 2170 4699 362 4699 362 4700 2170 4700 361 4700 358 4701 2171 4701 357 4701 357 4702 2171 4702 356 4702 2169 4703 2168 4703 2170 4703 2170 4704 2168 4704 2171 4704 143 4705 142 4705 220 4705 20 4706 11 4706 2 4706 2 4707 10 4707 17 4707 9 4708 19 4708 2 4708 19 4709 20 4709 2 4709 14 4710 1 4710 29 4710 12 4711 28 4711 29 4711 10 4712 2 4712 27 4712 315 4713 314 4713 307 4713 271 4714 313 4714 319 4714 321 4715 271 4715 320 4715 313 4716 312 4716 318 4716 313 4717 318 4717 319 4717 311 4718 315 4718 307 4718 310 4719 311 4719 307 4719 319 4720 320 4720 271 4720 310 4721 307 4721 316 4721 307 4722 271 4722 316 4722 271 4723 321 4723 322 4723 317 4724 316 4724 271 4724 376 4725 569 4725 532 4725 532 4726 368 4726 376 4726 466 4727 472 4727 1259 4727 845 4728 403 4728 404 4728 18 4729 36 4729 31 4729 440 4730 439 4730 1046 4730 1045 4731 435 4731 443 4731 1045 4732 443 4732 442 4732 440 4733 1046 4733 1045 4733 442 4734 441 4734 1045 4734 24 4735 9 4735 26 4735 11 4736 33 4736 34 4736 11 4737 34 4737 36 4737 34 4738 26 4738 20 4738 34 4739 20 4739 36 4739 20 4740 25 4740 36 4740 27 4741 11 4741 36 4741 27 4742 36 4742 10 4742 43 4743 42 4743 60 4743 43 4744 60 4744 57 4744 43 4745 57 4745 38 4745 46 4746 38 4746 37 4746 37 4747 38 4747 57 4747 51 4748 46 4748 57 4748 47 4749 50 4749 51 4749 51 4750 57 4750 47 4750 47 4751 57 4751 48 4751 49 4752 48 4752 57 4752 57 4753 42 4753 52 4753 42 4754 55 4754 52 4754 54 4755 49 4755 53 4755 53 4756 49 4756 57 4756 55 4757 54 4757 52 4757 313 4758 323 4758 325 4758 227 4759 69 4759 159 4759 159 4760 160 4760 222 4760 55 4761 69 4761 155 4761 69 4762 156 4762 154 4762 339 4763 524 4763 527 4763 279 4764 261 4764 287 4764 280 4765 563 4765 556 4765 415 4766 288 4766 416 4766 284 4767 283 4767 282 4767 166 4768 223 4768 168 4768 222 4769 230 4769 223 4769 151 4770 158 4770 153 4770 55 4771 168 4771 169 4771 167 4772 168 4772 61 4772 164 4773 55 4773 169 4773 167 4774 61 4774 164 4774 106 4775 188 4775 187 4775 78 4776 77 4776 126 4776 127 4777 217 4777 125 4777 127 4778 125 4778 78 4778 561 4779 552 4779 490 4779 477 4780 490 4780 552 4780 490 4781 292 4781 554 4781 490 4782 554 4782 561 4782 249 4783 262 4783 266 4783 347 4784 346 4784 332 4784 282 4785 349 4785 350 4785 282 4786 350 4786 351 4786 341 4787 347 4787 332 4787 340 4788 341 4788 332 4788 266 4789 282 4789 351 4789 266 4790 351 4790 352 4790 340 4791 332 4791 342 4791 332 4792 266 4792 342 4792 266 4793 352 4793 343 4793 48 4794 50 4794 46 4794 43 4795 46 4795 37 4795 80 4796 60 4796 42 4796 59 4797 56 4797 42 4797 56 4798 80 4798 42 4798 59 4799 52 4799 54 4799 54 4800 80 4800 59 4800 59 4801 60 4801 48 4801 52 4802 59 4802 48 4802 48 4803 54 4803 53 4803 53 4804 52 4804 48 4804 48 4805 60 4805 47 4805 43 4806 37 4806 58 4806 47 4807 60 4807 46 4807 58 4808 46 4808 60 4808 368 4809 532 4809 568 4809 568 4810 272 4810 368 4810 1763 4811 304 4811 305 4811 486 4812 480 4812 1362 4812 235 4813 232 4813 70 4813 235 4814 70 4814 86 4814 496 4815 494 4815 554 4815 554 4816 562 4816 495 4816 65 4817 87 4817 70 4817 87 4818 86 4818 70 4818 475 4819 549 4819 560 4819 180 4820 182 4820 244 4820 232 4821 181 4821 244 4821 522 4822 337 4822 336 4822 376 4823 283 4823 385 4823 385 4824 284 4824 384 4824 161 4825 163 4825 160 4825 163 4826 55 4826 160 4826 159 4827 55 4827 162 4827 159 4828 162 4828 161 4828 92 4829 105 4829 104 4829 98 4830 233 4830 91 4830 233 4831 66 4831 91 4831 95 4832 98 4832 91 4832 285 4833 288 4833 540 4833 93 4834 95 4834 91 4834 71 4835 96 4835 94 4835 94 4836 93 4836 91 4836 177 4837 226 4837 232 4837 568 4838 283 4838 370 4838 110 4839 116 4839 113 4839 113 4840 115 4840 114 4840 175 4841 231 4841 225 4841 238 4842 123 4842 124 4842 112 4843 238 4843 124 4843 112 4844 124 4844 191 4844 45 4845 39 4845 41 4845 45 4846 41 4846 42 4846 43 4847 38 4847 45 4847 44 4848 43 4848 45 4848 44 4849 45 4849 42 4849 58 4850 44 4850 42 4850 41 4851 40 4851 42 4851 42 4852 43 4852 58 4852 39 4853 56 4853 40 4853 55 4854 42 4854 40 4854 290 4855 274 4855 288 4855 286 4856 273 4856 288 4856 273 4857 290 4857 288 4857 370 4858 367 4858 282 4858 98 4859 99 4859 100 4859 104 4860 102 4860 103 4860 283 4861 532 4861 569 4861 147 4862 148 4862 144 4862 83 4863 84 4863 149 4863 147 4864 144 4864 83 4864 516 4865 302 4865 303 4865 153 4866 158 4866 69 4866 118 4867 117 4867 115 4867 117 4868 120 4868 115 4868 237 4869 119 4869 118 4869 165 4870 160 4870 166 4870 160 4871 55 4871 166 4871 55 4872 164 4872 166 4872 173 4873 170 4873 61 4873 61 4874 55 4874 173 4874 173 4875 55 4875 172 4875 55 4876 171 4876 172 4876 55 4877 62 4877 174 4877 55 4878 174 4878 175 4878 62 4879 171 4879 174 4879 177 4880 178 4880 179 4880 62 4881 55 4881 176 4881 177 4882 179 4882 62 4882 231 4883 226 4883 174 4883 95 4884 71 4884 97 4884 97 4885 71 4885 63 4885 95 4886 63 4886 98 4886 192 4887 127 4887 126 4887 171 4888 61 4888 170 4888 553 4889 241 4889 198 4889 241 4401 199 4401 198 4401 198 4890 197 4890 553 4890 197 4891 196 4891 553 4891 196 4892 195 4892 553 4892 195 4893 194 4893 553 4893 194 4894 193 4894 553 4894 516 4895 553 4895 193 4895 516 4896 193 4896 204 4896 516 4897 204 4897 203 4897 516 4898 203 4898 202 4898 516 4899 202 4899 201 4899 516 4900 201 4900 200 4900 200 4901 240 4901 516 4901 526 4902 243 4902 216 4902 243 4401 205 4401 216 4401 526 4903 216 4903 215 4903 526 4904 215 4904 214 4904 214 4905 213 4905 526 4905 213 4906 212 4906 526 4906 206 4907 242 4907 540 4907 207 4908 206 4908 540 4908 208 4909 207 4909 540 4909 209 4910 208 4910 540 4910 210 4911 209 4911 540 4911 211 4912 210 4912 540 4912 211 4913 540 4913 526 4913 182 4914 180 4914 235 4914 180 4915 181 4915 235 4915 245 4916 255 4916 256 4916 227 4917 222 4917 161 4917 384 4918 536 4918 569 4918 569 4919 376 4919 384 4919 26 4920 9 4920 25 4920 104 4921 74 4921 236 4921 74 4922 187 4922 188 4922 540 4923 288 4923 571 4923 228 4924 156 4924 155 4924 155 4925 154 4925 158 4925 154 4926 157 4926 158 4926 151 4927 228 4927 155 4927 268 4928 270 4928 296 4928 296 4929 270 4929 300 4929 270 4930 306 4930 297 4930 270 4931 297 4931 298 4931 302 4932 294 4932 268 4932 303 4933 302 4933 268 4933 270 4934 298 4934 299 4934 299 4935 300 4935 270 4935 295 4936 303 4936 268 4936 30 4937 15 4937 13 4937 187 4938 74 4938 109 4938 77 4939 76 4939 75 4939 539 4940 571 4940 416 4940 571 4941 286 4941 416 4941 275 4942 544 4942 540 4942 540 4943 274 4943 275 4943 235 4944 234 4944 85 4944 455 4945 456 4945 445 4945 289 4946 446 4946 448 4946 449 4947 289 4947 448 4947 446 4948 457 4948 458 4948 446 4949 458 4949 447 4949 454 4950 455 4950 445 4950 453 4951 454 4951 445 4951 446 4952 447 4952 448 4952 453 4953 445 4953 452 4953 445 4954 289 4954 452 4954 289 4955 449 4955 450 4955 451 4956 452 4956 289 4956 409 4957 410 4957 286 4957 286 4958 401 4958 402 4958 101 4959 186 4959 99 4959 185 4960 100 4960 99 4960 92 4961 185 4961 99 4961 103 4962 92 4962 99 4962 22 4963 21 4963 30 4963 73 4964 188 4964 106 4964 108 4965 73 4965 106 4965 111 4966 112 4966 108 4966 187 4967 110 4967 111 4967 133 4968 217 4968 135 4968 153 4969 80 4969 54 4969 112 4970 121 4970 238 4970 457 4971 458 4971 1156 4971 217 4972 192 4972 128 4972 217 4973 191 4973 126 4973 191 4974 192 4974 126 4974 540 4975 544 4975 546 4975 375 4976 377 4976 642 4976 641 4977 643 4977 378 4977 383 4978 641 4978 371 4978 643 4979 380 4979 379 4979 643 4980 379 4980 378 4980 374 4981 375 4981 642 4981 373 4982 374 4982 642 4982 378 4983 371 4983 641 4983 373 4984 642 4984 641 4984 372 4985 373 4985 641 4985 641 4986 383 4986 382 4986 372 4987 641 4987 381 4987 132 4988 135 4988 218 4988 217 4989 133 4989 132 4989 39 4990 40 4990 80 4990 80 4991 44 4991 39 4991 292 4992 497 4992 554 4992 217 4993 137 4993 141 4993 137 4994 140 4994 141 4994 219 4995 142 4995 217 4995 15 4996 30 4996 31 4996 36 4997 18 4997 16 4997 16 4998 31 4998 32 4998 22 4999 13 4999 28 4999 31 5000 7 5000 32 5000 31 5001 22 5001 7 5001 10 5002 36 5002 16 5002 33 5003 11 5003 10 5003 10 5004 16 5004 33 5004 22 5005 28 5005 7 5005 14 5006 13 5006 0 5006 23 5007 0 5007 24 5007 23 5008 26 5008 35 5008 26 5009 34 5009 35 5009 14 5010 0 5010 23 5010 14 5011 23 5011 35 5011 28 5012 14 5012 35 5012 32 5013 33 5013 16 5013 153 5014 157 5014 227 5014 161 5015 222 5015 163 5015 222 5016 166 5016 163 5016 153 5017 227 5017 162 5017 162 5018 163 5018 153 5018 132 5019 77 5019 134 5019 175 5020 224 5020 172 5020 224 5021 173 5021 172 5021 172 5022 170 5022 231 5022 324 5023 332 5023 524 5023 524 5024 566 5024 324 5024 502 5025 555 5025 563 5025 521 5026 325 5026 323 5026 249 5027 325 5027 566 5027 521 5028 323 5028 249 5028 259 5029 540 5029 553 5029 84 5030 153 5030 150 5030 150 5031 151 5031 152 5031 524 5032 523 5032 566 5032 279 5033 292 5033 278 5033 293 5034 557 5034 294 5034 1661 5035 505 5035 515 5035 564 5036 294 5036 518 5036 294 5037 270 5037 518 5037 270 5038 565 5038 518 5038 9 5039 2 5039 25 5039 444 5040 544 5040 543 5040 93 5041 233 5041 98 5041 98 5042 97 5042 96 5042 75 5043 110 5043 38 5043 115 5044 120 5044 112 5044 138 5045 141 5045 139 5045 139 5046 81 5046 138 5046 506 5047 507 5047 1661 5047 516 5048 271 5048 307 5048 140 5049 137 5049 134 5049 284 5050 385 5050 569 5050 284 5051 569 5051 533 5051 283 5052 284 5052 533 5052 181 5053 70 5053 179 5053 70 5054 180 5054 244 5054 244 5055 181 5055 179 5055 70 5056 244 5056 55 5056 79 5057 218 5057 135 5057 135 5058 128 5058 79 5058 192 5059 191 5059 78 5059 280 5060 249 5060 271 5060 271 5061 270 5061 268 5061 4 5062 7 5062 28 5062 245 5063 210 5063 211 5063 528 5064 363 5064 362 5064 122 5065 124 5065 123 5065 553 5066 498 5066 572 5066 460 5067 546 5067 545 5067 415 5068 414 5068 538 5068 414 5069 288 5069 538 5069 562 5070 499 5070 498 5070 500 5071 499 5071 555 5071 183 5072 184 5072 90 5072 92 5073 184 5073 233 5073 92 5074 183 5074 90 5074 150 5075 153 5075 221 5075 168 5076 55 5076 61 5076 112 5077 191 5077 217 5077 44 5078 80 5078 92 5078 80 5079 153 5079 92 5079 32 5080 263 5080 553 5080 28 5081 32 5081 553 5081 313 5082 324 5082 521 5082 324 5083 566 5083 521 5083 408 5084 402 5084 401 5084 286 5085 410 5085 411 5085 286 5086 411 5086 412 5086 407 5087 408 5087 401 5087 406 5088 407 5088 401 5088 285 5089 286 5089 412 5089 285 5090 412 5090 413 5090 403 5091 406 5091 401 5091 404 5092 403 5092 401 5092 285 5093 413 5093 405 5093 404 5094 401 5094 285 5094 459 5095 549 5095 548 5095 548 5096 550 5096 459 5096 445 5097 446 5097 559 5097 559 5098 276 5098 445 5098 491 5099 492 5099 494 5099 85 5100 234 5100 87 5100 87 5101 183 5101 92 5101 92 5102 244 5102 87 5102 244 5103 182 5103 87 5103 44 5104 58 5104 60 5104 60 5105 80 5105 40 5105 40 5106 41 5106 60 5106 44 5107 60 5107 41 5107 39 5108 44 5108 41 5108 1864 5109 317 5109 316 5109 275 5110 430 5110 558 5110 112 5111 77 5111 122 5111 553 5112 552 5112 291 5112 560 5113 552 5113 551 5113 294 5114 557 5114 268 5114 126 5115 77 5115 125 5115 305 5116 270 5116 294 5116 294 5117 302 5117 301 5117 304 5118 305 5118 294 5118 291 5119 552 5119 561 5119 330 5120 331 5120 324 5120 249 5121 281 5121 338 5121 281 5122 332 5122 336 5122 337 5123 281 5123 336 5123 332 5124 333 5124 334 5124 332 5125 334 5125 335 5125 329 5126 330 5126 324 5126 328 5127 329 5127 324 5127 332 5128 335 5128 336 5128 328 5129 324 5129 327 5129 324 5130 249 5130 327 5130 281 5131 337 5131 338 5131 326 5132 327 5132 249 5132 345 5133 332 5133 346 5133 345 5134 346 5134 344 5134 349 5135 282 5135 345 5135 345 5136 344 5136 348 5136 355 5137 356 5137 282 5137 356 5138 354 5138 282 5138 282 5139 272 5139 359 5139 282 5140 359 5140 360 5140 366 5141 359 5141 272 5141 354 5142 356 5142 357 5142 354 5143 357 5143 358 5143 366 5144 272 5144 365 5144 354 5145 358 5145 361 5145 354 5146 361 5146 362 5146 364 5147 365 5147 272 5147 363 5148 364 5148 272 5148 272 5149 354 5149 362 5149 371 5150 378 5150 368 5150 282 5151 283 5151 373 5151 283 5152 376 5152 375 5152 374 5153 283 5153 375 5153 376 5154 379 5154 380 5154 376 5155 380 5155 377 5155 383 5156 371 5156 368 5156 382 5157 383 5157 368 5157 376 5158 377 5158 375 5158 382 5159 368 5159 282 5159 381 5160 382 5160 282 5160 283 5161 374 5161 373 5161 372 5162 381 5162 282 5162 391 5163 392 5163 384 5163 284 5164 285 5164 386 5164 285 5165 394 5165 398 5165 397 5166 285 5166 398 5166 394 5167 393 5167 395 5167 394 5168 395 5168 396 5168 390 5169 391 5169 384 5169 389 5170 390 5170 384 5170 394 5171 396 5171 398 5171 389 5172 384 5172 388 5172 384 5173 284 5173 388 5173 285 5174 397 5174 386 5174 387 5175 388 5175 284 5175 244 5176 92 5176 243 5176 244 5177 243 5177 242 5177 401 5178 400 5178 285 5178 186 5179 101 5179 100 5179 293 5180 572 5180 280 5180 572 5181 500 5181 280 5181 569 5182 536 5182 535 5182 554 5183 494 5183 493 5183 492 5184 491 5184 561 5184 561 5185 554 5185 493 5185 290 5186 273 5186 245 5186 280 5187 279 5187 287 5187 426 5188 427 5188 425 5188 427 5189 274 5189 425 5189 425 5190 416 5190 424 5190 154 5191 156 5191 228 5191 49 5192 193 5192 204 5192 217 5193 218 5193 77 5193 238 5194 78 5194 191 5194 85 5195 87 5195 65 5195 85 5196 65 5196 86 5196 493 5197 292 5197 490 5197 514 5198 269 5198 515 5198 515 5199 269 5199 505 5199 269 5200 512 5200 513 5200 269 5201 513 5201 504 5201 441 5202 276 5202 431 5202 476 5203 475 5203 553 5203 279 5204 476 5204 553 5204 553 5205 277 5205 279 5205 489 5206 482 5206 476 5206 291 5207 478 5207 479 5207 291 5208 479 5208 484 5208 488 5209 489 5209 476 5209 487 5210 488 5210 476 5210 279 5211 291 5211 485 5211 291 5212 484 5212 485 5212 487 5213 476 5213 481 5213 476 5214 279 5214 481 5214 279 5215 485 5215 486 5215 480 5216 481 5216 279 5216 151 5217 150 5217 228 5217 526 5218 339 5218 527 5218 524 5219 339 5219 281 5219 278 5220 292 5220 494 5220 292 5221 493 5221 494 5221 492 5222 490 5222 278 5222 244 5223 153 5223 175 5223 495 5224 292 5224 279 5224 183 5225 89 5225 66 5225 87 5226 234 5226 88 5226 234 5227 89 5227 88 5227 496 5228 495 5228 497 5228 503 5229 501 5229 280 5229 502 5230 267 5230 280 5230 551 5231 488 5231 487 5231 545 5232 455 5232 454 5232 539 5233 540 5233 429 5233 531 5234 379 5234 378 5234 520 5235 310 5235 316 5235 157 5236 153 5236 159 5236 153 5237 55 5237 159 5237 159 5238 69 5238 158 5238 549 5239 468 5239 469 5239 537 5240 538 5240 408 5240 520 5241 519 5241 314 5241 522 5242 327 5242 326 5242 553 5243 291 5243 491 5243 528 5244 358 5244 357 5244 526 5245 527 5245 341 5245 519 5246 319 5246 318 5246 516 5247 296 5247 300 5247 545 5248 458 5248 457 5248 534 5249 389 5249 388 5249 557 5250 293 5250 505 5250 128 5251 135 5251 239 5251 128 5252 78 5252 125 5252 556 5253 557 5253 511 5253 242 4401 206 4401 205 4401 644 5254 379 5254 380 5254 131 5255 79 5255 128 5255 117 5256 118 5256 75 5256 75 5257 76 5257 117 5257 379 5258 376 5258 368 5258 446 5259 289 5259 460 5259 461 5260 290 5260 459 5260 446 5261 460 5261 459 5261 115 5262 112 5262 116 5262 115 5263 113 5263 237 5263 55 5264 49 5264 54 5264 77 5265 81 5265 137 5265 81 5266 136 5266 137 5266 77 5267 136 5267 134 5267 293 5268 556 5268 507 5268 268 5269 269 5269 280 5269 569 5270 535 5270 534 5270 533 5271 535 5271 536 5271 569 5272 534 5272 533 5272 143 5273 217 5273 82 5273 82 5274 68 5274 143 5274 268 5275 557 5275 564 5275 559 5276 545 5276 547 5276 546 5277 559 5277 547 5277 516 5278 309 5278 565 5278 280 5279 501 5279 563 5279 280 5280 500 5280 502 5280 500 5281 555 5281 502 5281 520 5282 516 5282 565 5282 521 5283 519 5283 565 5283 526 5284 353 5284 567 5284 1157 5285 1156 5285 1155 5285 529 5286 528 5286 272 5286 272 5287 526 5287 529 5287 567 5288 528 5288 526 5288 121 5289 120 5289 190 5289 131 5290 135 5290 217 5290 239 5291 130 5291 129 5291 217 5292 239 5292 129 5292 64 5293 215 5293 214 5293 542 5294 544 5294 558 5294 10 5295 11 5295 6 5295 289 5296 444 5296 559 5296 546 5297 544 5297 559 5297 371 5298 378 5298 644 5298 168 5299 167 5299 224 5299 230 5300 169 5300 168 5300 546 5301 460 5301 289 5301 247 5302 249 5302 287 5302 477 5303 561 5303 491 5303 50 5304 48 5304 51 5304 48 5305 49 5305 51 5305 369 5306 370 5306 368 5306 370 5307 282 5307 368 5307 368 5308 272 5308 367 5308 500 5309 279 5309 267 5309 332 5310 281 5310 339 5310 266 5311 526 5311 281 5311 146 5312 144 5312 68 5312 353 5313 354 5313 345 5313 572 5314 516 5314 240 5314 553 5315 572 5315 241 5315 164 5316 160 5316 165 5316 526 5317 516 5317 249 5317 249 5318 524 5318 526 5318 8 5319 24 5319 26 5319 526 5320 272 5320 283 5320 226 5321 231 5321 62 5321 63 5322 92 5322 97 5322 98 5323 185 5323 97 5323 67 5324 74 5324 73 5324 1 5325 13 5325 12 5325 21 5326 12 5326 13 5326 407 5327 408 5327 849 5327 136 5328 81 5328 134 5328 324 5329 325 5329 249 5329 249 5330 323 5330 271 5330 323 5331 313 5331 271 5331 219 5332 81 5332 139 5332 91 5333 66 5333 90 5333 71 5334 91 5334 92 5334 92 5335 90 5335 71 5335 83 5336 68 5336 82 5336 83 5337 82 5337 55 5337 43 5338 92 5338 112 5338 526 5339 525 5339 282 5339 516 5340 521 5340 249 5340 66 5341 234 5341 86 5341 746 5342 387 5342 388 5342 511 5343 512 5343 1661 5343 363 5344 364 5344 2170 5344 122 5345 78 5345 238 5345 238 5346 76 5346 122 5346 245 5347 256 5347 246 5347 245 5348 246 5348 34 5348 246 5349 255 5349 34 5349 255 5350 245 5350 253 5350 245 5351 526 5351 253 5351 255 5352 253 5352 34 5352 253 5353 254 5353 251 5353 254 5354 262 5354 251 5354 258 5355 245 5355 34 5355 34 5356 32 5356 258 5356 251 5357 262 5357 252 5357 262 5358 249 5358 250 5358 262 5359 250 5359 252 5359 253 5360 251 5360 28 5360 34 5361 253 5361 28 5361 72 5362 186 5362 98 5362 186 5363 185 5363 98 5363 284 5364 266 5364 273 5364 276 5365 544 5365 444 5365 444 5366 289 5366 445 5366 250 5367 264 5367 287 5367 264 5368 247 5368 287 5368 252 5369 28 5369 264 5369 278 5370 291 5370 279 5370 1659 5371 1658 5371 505 5371 1658 5372 515 5372 505 5372 1658 5373 1660 5373 507 5373 507 5374 1660 5374 508 5374 506 5375 514 5375 1658 5375 507 5376 506 5376 1658 5376 1659 5377 505 5377 504 5377 1659 5378 504 5378 513 5378 508 5379 1660 5379 509 5379 1658 5380 1659 5380 513 5380 1658 5381 513 5381 512 5381 510 5382 509 5382 1660 5382 1658 5383 512 5383 511 5383 511 5384 510 5384 1660 5384 185 5385 92 5385 63 5385 289 5386 276 5386 275 5386 275 5387 290 5387 289 5387 256 5388 526 5388 540 5388 427 5389 428 5389 946 5389 321 5390 322 5390 1864 5390 2067 5391 340 5391 341 5391 5 5392 4 5392 28 5392 498 5393 553 5393 491 5393 491 5394 494 5394 498 5394 274 5395 290 5395 275 5395 149 5396 148 5396 153 5396 148 5397 221 5397 153 5397 153 5398 229 5398 147 5398 65 5399 70 5399 64 5399 64 5400 66 5400 65 5400 184 5401 183 5401 66 5401 66 5402 233 5402 184 5402 421 5403 422 5403 946 5403 288 5404 537 5404 413 5404 241 5405 217 5405 198 5405 198 5406 217 5406 197 5406 217 5407 153 5407 54 5407 244 5408 242 5408 206 5408 244 5409 206 5409 207 5409 197 5410 217 5410 54 5410 244 5411 207 5411 208 5411 244 5412 208 5412 209 5412 196 5413 197 5413 54 5413 195 5414 196 5414 54 5414 244 5415 209 5415 153 5415 209 5416 210 5416 153 5416 210 5417 211 5417 153 5417 194 5418 195 5418 54 5418 216 5419 243 5419 92 5419 215 5420 216 5420 92 5420 214 5421 215 5421 92 5421 213 5422 214 5422 92 5422 212 5423 213 5423 92 5423 211 5424 212 5424 92 5424 211 5425 92 5425 153 5425 240 5426 200 5426 112 5426 200 5427 201 5427 112 5427 112 5428 201 5428 202 5428 112 5429 202 5429 203 5429 112 5430 203 5430 204 5430 112 5431 204 5431 193 5431 112 5432 193 5432 54 5432 193 5433 194 5433 54 5433 245 5434 273 5434 207 5434 406 5435 403 5435 845 5435 845 5436 846 5436 406 5436 407 5437 846 5437 408 5437 846 5438 847 5438 402 5438 409 5439 847 5439 410 5439 847 5440 848 5440 412 5440 848 5441 404 5441 405 5441 848 5442 405 5442 413 5442 407 5443 406 5443 846 5443 848 5444 413 5444 412 5444 402 5445 408 5445 846 5445 847 5446 412 5446 411 5446 847 5447 411 5447 410 5447 644 5448 381 5448 382 5448 351 5449 352 5449 2067 5449 509 5450 510 5450 1661 5450 55 5451 84 5451 83 5451 1862 5452 318 5452 312 5452 349 5453 350 5453 2067 5453 499 5454 267 5454 497 5454 279 5455 500 5455 498 5455 279 5456 498 5456 497 5456 119 5457 76 5457 114 5457 114 5458 75 5458 118 5458 112 5459 54 5459 48 5459 88 5460 89 5460 65 5460 89 5461 86 5461 65 5461 86 5462 88 5462 66 5462 414 5463 415 5463 286 5463 415 5464 416 5464 286 5464 414 5465 286 5465 288 5465 289 5466 277 5466 553 5466 217 5467 241 5467 240 5467 240 5468 112 5468 217 5468 120 5469 117 5469 190 5469 117 5470 119 5470 190 5470 943 5471 944 5471 418 5471 944 5472 419 5472 418 5472 427 5473 426 5473 943 5473 428 5474 427 5474 943 5474 943 5475 418 5475 417 5475 429 5476 428 5476 943 5476 945 5477 943 5477 426 5477 424 5478 945 5478 426 5478 945 5479 424 5479 423 5479 944 5480 945 5480 421 5480 420 5481 419 5481 944 5481 421 5482 420 5482 944 5482 945 5483 423 5483 422 5483 849 5484 413 5484 405 5484 314 5485 312 5485 1864 5485 375 5486 374 5486 644 5486 570 5487 538 5487 537 5487 537 5488 288 5488 285 5488 326 5489 327 5489 1966 5489 501 5490 503 5490 267 5490 267 5491 502 5491 501 5491 220 5492 146 5492 143 5492 146 5493 83 5493 143 5493 145 5494 229 5494 153 5494 143 5495 83 5495 153 5495 63 5496 72 5496 99 5496 99 5497 72 5497 101 5497 72 5498 100 5498 101 5498 535 5499 392 5499 391 5499 146 5500 220 5500 229 5500 434 5501 435 5501 1044 5501 435 5502 1045 5502 1044 5502 434 5503 1044 5503 433 5503 1046 5504 439 5504 438 5504 1046 5505 438 5505 437 5505 1044 5506 1046 5506 437 5506 1044 5507 437 5507 436 5507 433 5508 1044 5508 432 5508 285 5509 400 5509 570 5509 285 5510 536 5510 399 5510 513 5511 504 5511 1661 5511 397 5512 386 5512 746 5512 311 5513 315 5513 1864 5513 1363 5514 1361 5514 483 5514 1258 5515 469 5515 468 5515 240 5516 241 5516 199 5516 221 5517 229 5517 144 5517 229 5518 68 5518 144 5518 307 5519 314 5519 312 5519 239 5520 135 5520 131 5520 1257 5521 1258 5521 1260 5521 277 5522 475 5522 476 5522 77 5523 132 5523 79 5523 132 5524 133 5524 79 5524 135 5525 132 5525 134 5525 133 5526 135 5526 134 5526 462 5527 463 5527 459 5527 290 5528 277 5528 467 5528 277 5529 465 5529 469 5529 468 5530 277 5530 469 5530 465 5531 464 5531 471 5531 465 5532 471 5532 470 5532 474 5533 462 5533 459 5533 473 5534 474 5534 459 5534 465 5535 470 5535 469 5535 473 5536 459 5536 290 5536 472 5537 473 5537 290 5537 277 5538 468 5538 467 5538 466 5539 472 5539 290 5539 144 5540 84 5540 221 5540 562 5541 497 5541 555 5541 497 5542 267 5542 555 5542 267 5543 563 5543 555 5543 849 5544 402 5544 409 5544 142 5545 68 5545 139 5545 139 5546 82 5546 217 5546 38 5547 110 5547 67 5547 76 5548 238 5548 190 5548 190 5549 114 5549 76 5549 325 5550 521 5550 566 5550 531 5551 383 5551 382 5551 1154 5552 457 5552 456 5552 456 5553 455 5553 1154 5553 458 5554 457 5554 1153 5554 457 5555 1154 5555 1153 5555 458 5556 1153 5556 447 5556 1154 5557 455 5557 454 5557 1154 5558 454 5558 453 5558 1151 5559 1154 5559 453 5559 1151 5560 453 5560 452 5560 448 5561 447 5561 1153 5561 449 5562 448 5562 1153 5562 1152 5563 1151 5563 451 5563 1151 5564 452 5564 451 5564 449 5565 1153 5565 1152 5565 1152 5566 451 5566 450 5566 429 5567 417 5567 946 5567 411 5568 412 5568 849 5568 64 5569 45 5569 38 5569 481 5570 487 5570 1362 5570 1765 5571 1763 5571 297 5571 476 5572 560 5572 549 5572 549 5573 459 5573 465 5573 465 5574 476 5574 549 5574 114 5575 190 5575 237 5575 237 5576 110 5576 114 5576 259 5577 257 5577 540 5577 1966 5578 336 5578 337 5578 140 5579 138 5579 81 5579 81 5580 82 5580 140 5580 82 5581 139 5581 141 5581 68 5582 229 5582 220 5582 220 5583 139 5583 68 5583 430 5584 275 5584 431 5584 430 5585 431 5585 425 5585 494 5586 496 5586 498 5586 462 5587 474 5587 1255 5587 1254 5588 467 5588 468 5588 1254 5589 468 5589 469 5589 462 5590 1255 5590 1253 5590 463 5591 462 5591 1253 5591 1256 5592 1254 5592 469 5592 1256 5593 469 5593 470 5593 463 5594 1253 5594 464 5594 1253 5595 1256 5595 464 5595 1256 5596 470 5596 471 5596 466 5597 467 5597 1254 5597 1254 5598 1255 5598 472 5598 466 5599 1254 5599 472 5599 1255 5600 474 5600 473 5600 484 5601 485 5601 1363 5601 1157 5602 454 5602 455 5602 396 5603 398 5603 746 5603 55 5604 77 5604 49 5604 107 5605 74 5605 106 5605 67 5606 109 5606 108 5606 109 5607 107 5607 108 5607 67 5608 108 5608 106 5608 393 5609 394 5609 384 5609 516 5610 268 5610 564 5610 564 5611 518 5611 517 5611 1253 5612 1255 5612 1254 5612 69 5613 227 5613 157 5613 157 5614 152 5614 69 5614 562 5615 555 5615 499 5615 286 5616 571 5616 538 5616 538 5617 570 5617 286 5617 570 5618 401 5618 286 5618 353 5619 282 5619 525 5619 276 5620 559 5620 543 5620 543 5621 431 5621 276 5621 73 5622 72 5622 63 5622 439 5623 440 5623 1050 5623 1357 5624 1359 5624 478 5624 1357 5625 478 5625 483 5625 488 5626 1358 5626 1357 5626 489 5627 488 5627 1357 5627 1357 5628 483 5628 482 5628 1864 5629 318 5629 319 5629 373 5630 372 5630 644 5630 526 5631 266 5631 332 5631 479 5632 478 5632 1359 5632 1359 5633 1357 5633 485 5633 484 5634 1359 5634 485 5634 1358 5635 488 5635 487 5635 1358 5636 487 5636 481 5636 484 5637 479 5637 1359 5637 1357 5638 1358 5638 480 5638 1358 5639 481 5639 480 5639 1357 5640 480 5640 486 5640 152 5641 151 5641 55 5641 151 5642 153 5642 84 5642 46 5643 77 5643 38 5643 512 5644 269 5644 503 5644 280 5645 269 5645 514 5645 280 5646 514 5646 506 5646 511 5647 512 5647 503 5647 510 5648 511 5648 503 5648 280 5649 506 5649 507 5649 280 5650 507 5650 508 5650 509 5651 510 5651 503 5651 280 5652 508 5652 503 5652 394 5653 570 5653 536 5653 536 5654 384 5654 394 5654 170 5655 173 5655 224 5655 61 5656 171 5656 224 5656 73 5657 105 5657 188 5657 430 5658 274 5658 539 5658 643 5659 642 5659 377 5659 73 5660 102 5660 72 5660 399 5661 536 5661 570 5661 76 5662 77 5662 112 5662 120 5663 76 5663 112 5663 121 5664 112 5664 122 5664 121 5665 122 5665 76 5665 516 5666 526 5666 287 5666 526 5667 282 5667 354 5667 530 5668 532 5668 283 5668 568 5669 531 5669 530 5669 163 5670 162 5670 55 5670 236 5671 105 5671 92 5671 272 5672 567 5672 354 5672 254 5673 526 5673 262 5673 277 5674 289 5674 549 5674 542 5675 558 5675 543 5675 483 5676 478 5676 477 5676 478 5677 291 5677 477 5677 477 5678 476 5678 482 5678 476 5679 477 5679 552 5679 265 5680 28 5680 254 5680 28 5681 252 5681 254 5681 252 5682 526 5682 254 5682 265 5683 254 5683 253 5683 253 5684 526 5684 265 5684 265 5685 526 5685 255 5685 526 5686 256 5686 255 5686 246 5687 256 5687 257 5687 255 5688 246 5688 265 5688 263 5689 265 5689 246 5689 246 5690 257 5690 263 5690 258 5691 257 5691 260 5691 257 5692 259 5692 260 5692 553 5693 263 5693 260 5693 263 5694 258 5694 260 5694 248 5695 247 5695 264 5695 264 5696 553 5696 248 5696 248 5697 553 5697 287 5697 549 5698 475 5698 277 5698 553 5699 475 5699 560 5699 425 5700 558 5700 539 5700 539 5701 416 5701 425 5701 266 5702 262 5702 245 5702 571 5703 539 5703 541 5703 540 5704 539 5704 274 5704 540 5705 571 5705 541 5705 21 5706 15 5706 4 5706 15 5707 6 5707 7 5707 4 5708 15 5708 7 5708 12 5709 21 5709 22 5709 14 5710 12 5710 4 5710 12 5711 22 5711 4 5711 16 5712 18 5712 17 5712 17 5713 6 5713 16 5713 0 5714 1 5714 5 5714 5 5715 1 5715 14 5715 9 5716 3 5716 6 5716 11 5717 20 5717 6 5717 14 5718 4 5718 5 5718 423 5719 424 5719 416 5719 274 5720 427 5720 428 5720 274 5721 428 5721 429 5721 422 5722 423 5722 416 5722 421 5723 422 5723 416 5723 288 5724 274 5724 417 5724 274 5725 429 5725 417 5725 421 5726 416 5726 420 5726 416 5727 288 5727 420 5727 288 5728 417 5728 418 5728 419 5729 420 5729 288 5729 226 5730 62 5730 179 5730 179 5731 70 5731 232 5731 232 5732 226 5732 179 5732 332 5733 345 5733 525 5733 525 5734 345 5734 567 5734 64 5735 70 5735 55 5735 145 5736 83 5736 144 5736 526 5737 283 5737 533 5737 61 5738 224 5738 164 5738 224 5739 230 5739 164 5739 230 5740 222 5740 164 5740 222 5741 160 5741 164 5741 270 5742 271 5742 516 5742 308 5743 270 5743 516 5743 309 5744 307 5744 270 5744 102 5745 186 5745 236 5745 92 5746 103 5746 236 5746 424 5747 426 5747 946 5747 49 5748 46 5748 51 5748 96 5749 71 5749 95 5749 233 5750 93 5750 94 5750 92 5751 233 5751 94 5751 94 5752 96 5752 92 5752 309 5753 308 5753 518 5753 308 5754 516 5754 518 5754 389 5755 388 5755 743 5755 389 5756 743 5756 390 5756 744 5757 745 5757 395 5757 745 5758 396 5758 395 5758 744 5759 395 5759 393 5759 744 5760 393 5760 392 5760 391 5761 390 5761 743 5761 744 5762 392 5762 743 5762 396 5763 745 5763 398 5763 743 5764 388 5764 387 5764 743 5765 387 5765 386 5765 743 5766 386 5766 745 5766 386 5767 397 5767 745 5767 536 5768 285 5768 533 5768 331 5769 333 5769 1966 5769 346 5770 344 5770 2067 5770 67 5771 110 5771 112 5771 111 5772 110 5772 109 5772 67 5773 112 5773 111 5773 290 5774 32 5774 260 5774 259 5775 261 5775 290 5775 49 5776 196 5776 195 5776 549 5777 471 5777 464 5777 441 5778 442 5778 1049 5778 334 5779 335 5779 1966 5779 70 5780 181 5780 180 5780 526 5781 285 5781 243 5781 243 5782 285 5782 242 5782 369 5783 283 5783 272 5783 72 5784 104 5784 186 5784 538 5785 288 5785 410 5785 248 5786 287 5786 261 5786 249 5787 247 5787 250 5787 247 5788 248 5788 28 5788 250 5789 247 5789 251 5789 28 5790 251 5790 247 5790 248 5791 261 5791 32 5791 261 5792 260 5792 32 5792 258 5793 32 5793 290 5793 290 5794 257 5794 258 5794 32 5795 28 5795 248 5795 156 5796 69 5796 152 5796 152 5797 55 5797 155 5797 71 5798 66 5798 64 5798 524 5799 249 5799 522 5799 566 5800 523 5800 522 5800 249 5801 566 5801 522 5801 521 5802 565 5802 307 5802 565 5803 270 5803 307 5803 313 5804 521 5804 307 5804 249 5805 280 5805 200 5805 557 5806 556 5806 563 5806 13 5807 14 5807 29 5807 29 5808 28 5808 13 5808 218 5809 134 5809 137 5809 1761 5810 1760 5810 295 5810 436 5811 437 5811 1050 5811 746 5812 392 5812 393 5812 403 5813 406 5813 849 5813 105 5814 73 5814 74 5814 464 5815 465 5815 459 5815 1156 5816 449 5816 450 5816 167 5817 169 5817 230 5817 356 5818 2171 5818 2169 5818 563 5819 267 5819 503 5819 112 5820 92 5820 108 5820 92 5821 73 5821 108 5821 8 5822 3 5822 9 5822 0 5823 5 5823 8 5823 244 5824 174 5824 176 5824 174 5825 226 5825 176 5825 226 5826 177 5826 176 5826 178 5827 232 5827 244 5827 129 5828 130 5828 128 5828 77 5829 79 5829 129 5829 79 5830 131 5830 129 5830 129 5831 128 5831 77 5831 82 5832 81 5832 77 5832 228 5833 84 5833 152 5833 1862 5834 312 5834 314 5834 1862 5835 314 5835 315 5835 318 5836 1862 5836 319 5836 1863 5837 1862 5837 311 5837 1862 5838 315 5838 311 5838 320 5839 319 5839 1862 5839 321 5840 320 5840 1862 5840 1863 5841 311 5841 310 5841 1863 5842 310 5842 316 5842 322 5843 321 5843 1862 5843 1862 5844 1863 5844 316 5844 317 5845 322 5845 1862 5845 1048 5846 434 5846 433 5846 452 5847 453 5847 1157 5847 341 5848 2065 5848 347 5848 2065 5849 2066 5849 351 5849 2066 5850 343 5850 352 5850 2066 5851 352 5851 351 5851 2065 5852 351 5852 350 5852 346 5853 347 5853 2065 5853 344 5854 346 5854 2065 5854 2065 5855 350 5855 349 5855 348 5856 344 5856 2065 5856 21 5857 13 5857 15 5857 365 5858 366 5858 2169 5858 491 5859 291 5859 278 5859 477 5860 491 5860 490 5860 78 5861 123 5861 77 5861 124 5862 122 5862 77 5862 187 5863 189 5863 112 5863 431 5864 543 5864 558 5864 558 5865 425 5865 431 5865 64 5866 55 5866 208 5866 269 5867 564 5867 557 5867 557 5868 563 5868 503 5868 457 5869 446 5869 445 5869 439 5870 440 5870 431 5870 275 5871 276 5871 433 5871 434 5872 276 5872 435 5872 276 5873 441 5873 442 5873 276 5874 442 5874 443 5874 438 5875 439 5875 431 5875 437 5876 438 5876 431 5876 276 5877 443 5877 435 5877 437 5878 431 5878 275 5878 436 5879 437 5879 275 5879 276 5880 434 5880 433 5880 432 5881 436 5881 275 5881 218 5882 79 5882 134 5882 303 5883 295 5883 1760 5883 1758 5884 1761 5884 299 5884 297 5885 1758 5885 298 5885 1761 5886 296 5886 300 5886 1761 5887 300 5887 299 5887 302 5888 303 5888 1760 5888 301 5889 302 5889 1760 5889 299 5890 298 5890 1758 5890 301 5891 1760 5891 1759 5891 304 5892 301 5892 1759 5892 1758 5893 297 5893 306 5893 304 5894 1759 5894 305 5894 1759 5895 1758 5895 305 5895 332 5896 525 5896 527 5896 527 5897 524 5897 332 5897 328 5898 327 5898 1964 5898 1964 5899 330 5899 329 5899 946 5900 418 5900 419 5900 545 5901 559 5901 446 5901 446 5902 459 5902 545 5902 471 5903 470 5903 1258 5903 390 5904 391 5904 746 5904 551 5905 480 5905 486 5905 1964 5906 327 5906 326 5906 1964 5907 326 5907 338 5907 1965 5908 1964 5908 338 5908 1964 5909 1965 5909 335 5909 334 5910 1964 5910 335 5910 330 5911 1964 5911 331 5911 1965 5912 338 5912 337 5912 333 5913 331 5913 1964 5913 1965 5914 337 5914 336 5914 1965 5915 336 5915 335 5915 84 5916 144 5916 148 5916 400 5917 401 5917 394 5917 394 5918 285 5918 399 5918 75 5919 114 5919 115 5919 115 5920 116 5920 75 5920 176 5921 55 5921 179 5921 113 5922 116 5922 189 5922 116 5923 112 5923 189 5923 18 5924 6 5924 15 5924 2065 5925 341 5925 340 5925 342 5926 343 5926 2065 5926 343 5927 2066 5927 2065 5927 443 5928 435 5928 1048 5928 302 5929 301 5929 1763 5929 358 5930 361 5930 2170 5930 1362 5931 488 5931 489 5931 168 5932 224 5932 175 5932 516 5933 572 5933 268 5933 564 5934 269 5934 294 5934 110 5935 237 5935 189 5935 189 5936 187 5936 109 5936 153 5937 166 5937 168 5937 64 5938 206 5938 205 5938 8 5939 5 5939 23 5939 280 5940 267 5940 279 5940 2166 5941 2165 5941 365 5941 366 5942 2165 5942 359 5942 2167 5943 358 5943 357 5943 2167 5944 357 5944 356 5944 363 5945 2164 5945 2166 5945 364 5946 363 5946 2166 5946 2165 5947 2167 5947 355 5947 2167 5948 356 5948 355 5948 365 5949 364 5949 2166 5949 366 5950 365 5950 2165 5950 2165 5951 355 5951 360 5951 2164 5952 363 5952 362 5952 2164 5953 362 5953 361 5953 2164 5954 361 5954 2167 5954 1259 5955 473 5955 474 5955 343 5956 342 5956 2067 5956 359 5957 360 5957 2169 5957 463 5958 464 5958 1258 5958</p>
        </triangles>
      </mesh>
    </geometry>
  </library_geometries>
  <library_visual_scenes>
    <visual_scene id="Scene" name="Scene">
      <node id="wheel_rf" name="wheel_rf" type="NODE">
        <matrix sid="transform">1 0 0 0 0 1 0 0 0 0 1 -1.49012e-7 0 0 0 1</matrix>
        <instance_geometry url="#Test_010-mesh" name="wheel_rf">
          <bind_material>
            <technique_common>
              <instance_material symbol="wheel_dark-material" target="#wheel_dark-material"/>
              <instance_material symbol="metallic-material" target="#metallic-material"/>
            </technique_common>
          </bind_material>
        </instance_geometry>
      </node>
    </visual_scene>
  </library_visual_scenes>
  <scene>
    <instance_visual_scene url="#Scene"/>
  </scene>
</COLLADA>