<?xml version="1.0" encoding="utf-8"?>
<COLLADA xmlns="http://www.collada.org/2005/11/COLLADASchema" version="1.4.1" xmlns:xsi="http://www.w3.org/2001/XMLSchema-instance">
  <asset>
    <contributor>
      <author>Blender User</author>
      <authoring_tool>Blender 3.0.1</authoring_tool>
    </contributor>
    <created>2025-11-22T09:04:33</created>
    <modified>2025-11-22T09:04:33</modified>
    <unit name="meter" meter="1"/>
    <up_axis>Z_UP</up_axis>
  </asset>
  <library_effects>
    <effect id="wheel_dark-effect">
      <profile_COMMON>
        <technique sid="common">
          <lambert>
            <emission>
              <color sid="emission">0 0 0 1</color>
            </emission>
            <diffuse>
              <color sid="diffuse">0.05345978 0.05345978 0.05345978 1</color>
            </diffuse>
            <reflectivity>
              <float sid="specular">0.7647059</float>
            </reflectivity>
            <index_of_refraction>
              <float sid="ior">1.45</float>
            </index_of_refraction>
          </lambert>
        </technique>
      </profile_COMMON>
    </effect>
    <effect id="metallic-effect">
      <profile_COMMON>
        <technique sid="common">
          <lambert>
            <emission>
              <color sid="emission">0 0 0 1</color>
            </emission>
            <diffuse>
              <color sid="diffuse">0.708207 0.6028823 0.5500854 1</color>
            </diffuse>
            <reflectivity>
              <float sid="specular">0.977591</float>
            </reflectivity>
            <index_of_refraction>
              <float sid="ior">1.45</float>
            </index_of_refraction>
          </lambert>
        </technique>
      </profile_COMMON>
    </effect>
  </library_effects>
  <library_images/>
  <library_materials>
    <material id="wheel_dark-material" name="wheel_dark">
      <instance_effect url="#wheel_dark-effect"/>
    </material>
    <material id="metallic-material" name="metallic">
      <instance_effect url="#metallic-effect"/>
    </material>
  </library_materials>
  <library_geometries>
    <geometry id="Test_011-mesh" name="Test.011">
      <mesh>
        <source id="Test_011-mesh-positions">
          <float_array id="Test_011-mesh-positions-array" count="6783">0.02833974 0.01946818 -0.002225339 0.02110457 0.02054554 -0.01884669 -0.0144819 0.02044934 0.02404642 0.01065647 0.02044403 0.01071012 0.01403182 0.02056455 -0.0071612 0.009256124 0.01857 0.005975186 -0.01308315 0.01985549 -0.00526452 -0.00254935 0.01794517 -0.01315563 0.02151727 0.02064144 0.009249627 0.02317249 0.02076971 0.01418387 -0.02329671 0.02053856 -0.001571476 -0.01229149 0.0178951 0.008789122 -0.02566152 0.02046149 0.01018983 -0.02209824 0.02064996 0.0120669 0.02221709 0.02064144 -0.0119788 -0.01950854 0.01912707 -0.01389819 -0.00627315 0.02053105 -0.02665704 0.003037571 0.01867151 0.02209728 0.006260216 0.02052479 0.02740907 -0.00221455 0.01915395 0.02111494 0.002144634 0.02072769 0.02448797 0.001780092 0.01937109 -0.02456909 0.001419365 0.01862698 -0.02005386 0.01954483 0.01768434 4.41136e-5 0.01875621 0.01762568 0.01373744 0.02221721 0.01761406 0.01206701 -0.02139919 0.0176016 0.009248554 -0.02232646 0.01760232 0.01684182 0.02033358 0.01762568 -0.01364916 0.01687258 0.01761686 -0.01197886 -0.02209842 0.01761186 -0.01197874 -0.01745295 0.01760578 -0.00916022 -0.00257492 0.01762306 -0.0226556 0.01109147 0.01725572 -6.76149e-4 0.008671939 0.01763331 -0.02633273 0.02143704 0.01759696 -0.01783883 0.02550339 0.0175935 0.01153701 0.004717826 0.01757663 0.02805435 -0.02818632 0.01762932 -0.002602696 -0.01334428 0.01762253 -0.0254963 0.02301913 -0.01001763 -0.007882118 -0.008421123 -0.01139581 0.02683204 1.45318e-4 -0.0102064 0.02397978 -0.003271043 -0.01024115 0.01999652 -0.01819682 -0.01009714 0.008359789 -0.002684056 -0.01109635 0.01164078 0.02098417 -0.01049309 0.01205146 0.01622784 -0.009910106 0.011249 0.01858103 -0.01011615 0.01799726 0.01594275 -0.01076549 0.02416443 0.03415203 0.001155436 -0.02014786 0.004696786 -0.01074475 -0.02345192 -4.64041e-4 -0.01006031 -0.02607339 -0.02067983 -0.01078802 -0.02080595 0.003953337 -0.005256533 -0.0341683 8.69663e-4 -0.01017451 -0.01993119 -0.01633495 -0.01032257 -0.01090598 -0.01999861 -0.003991782 -0.02081143 -0.02684247 -0.01150387 0.005850493 -0.02021062 -0.009802579 0.01214271 0.01820003 -0.01099485 -0.007922172 0.0110138 -0.009902536 -0.001327455 -0.00308305 -0.01065212 -0.01064294 -0.003457188 -0.009279429 -0.0134319 0.01898342 -0.009332895 -0.0068686 -0.003791272 -0.009301304 0.0103262 -0.00242269 0.001706838 0.037261 0.00208342 0.001750946 -0.03765785 -0.04761952 -0.02095371 0.04815715 -0.02648222 -0.02092063 0.06282669 0.06318342 -0.02083098 -0.0263257 0.03440994 -0.002563655 0.0213676 0.01329737 -0.01169013 0.05753302 0.02641731 -0.02077865 0.06325823 -3.50827e-4 -0.004846572 -0.04645234 -0.04876208 -0.02065694 -0.04862248 -0.04633599 -0.00316739 0.003659844 -0.06862616 -0.02075278 2.5271e-4 -0.04824346 -0.01334816 0.02713328 -0.0148555 -0.00564897 0.04642271 1.25774e-4 -0.02070742 0.06857347 0.03566986 -0.01246565 0.04851061 0.0481432 -0.0209546 0.04803204 0.06389695 -0.02064043 0.02640068 0.05526214 -0.01197898 0.008770883 0.06847059 -0.0209515 -5.00058e-4 0.04577952 -0.0110476 -0.0300669 0.03670704 -0.01457101 -0.04385358 0.02639442 -0.02068883 -0.06387203 -3.96182e-5 -0.0206753 -0.06894916 0.02819895 -0.009385347 0.004022479 -0.03178805 -0.004152655 0.03212082 -0.005113184 0.001757264 0.03783857 -0.0265547 -0.02067553 -0.06371223 -0.03027921 -0.01107418 -0.04555416 -0.04700571 -0.01222354 -0.03409641 -0.06354349 -0.02070087 -0.02613121 0.008828878 -0.01107847 0.06644392 0.01403433 -0.00695008 0.07019138 0.008188724 -0.01068043 0.06941664 0.006807327 -0.01236474 0.06792551 0.01717311 -0.01046091 0.06545037 0.01961803 -0.01121413 0.06717073 0.0273565 -0.0169183 0.05818259 0.03375118 -0.01176643 0.0610947 0.03977489 -0.006985843 0.05950671 0.03448528 -0.01033836 0.05914855 0.04321283 -0.01060795 0.05531442 0.05341351 -0.0123474 0.04390525 0.0532931 -0.01001226 0.0224424 0.05524039 -0.01040732 0.04205292 0.05948179 -0.006900846 0.03981554 0.05809795 -0.01062327 0.03385412 0.06147074 -0.01097303 0.03406202 0.05974698 -0.01255834 0.03212106 0.06727075 -0.01108497 0.01910805 0.0697835 -0.00824058 0.01224738 0.06638991 -0.01104187 0.007942259 0.06851351 -0.01235473 0.007114708 0.0648151 -0.01699286 -0.003429055 0.06980592 -0.01086628 -0.008225083 0.06657898 -0.01052719 -0.008463382 0.07019698 -0.006974637 -0.01389503 0.06713861 -0.01195144 -0.01983922 0.04034769 -3.85813e-4 0.02112889 0.06007301 -0.01666092 -0.02148252 0.06153786 -0.01179063 -0.03340375 0.05960196 -0.006908535 -0.03954583 0.05949002 -0.009849548 -0.03455305 0.05840927 -0.01191449 -0.03239691 0.05221039 -0.01209795 -0.04189181 0.04843574 -0.009886682 -0.03347063 0.05472433 -0.01147538 -0.04359918 0.05060309 -0.01921784 -0.05053514 0.04404795 -0.01728916 -0.04778856 0.0436781 -0.011164 -0.05483096 0.03994876 -0.00685817 -0.05931043 0.04101002 -0.01052689 -0.05352354 0.03260284 -0.01220375 -0.06032127 0.03467196 -0.0103662 -0.06028461 0.02031153 -0.009020149 -0.05313193 0.01407355 -0.006954014 -0.07007378 0.01739668 -0.01048088 -0.0657736 0.02186965 -0.01692068 -0.06059938 0.01983231 -0.01142483 -0.06683391 0.008626043 -0.01081955 -0.0694341 0.006755053 -0.0122047 -0.0674231 -0.004466176 -0.0158981 -0.06435447 -0.006631493 -0.01258319 -0.06806915 -0.008398652 -0.01069521 -0.0695495 -0.01383233 -0.006848394 -0.07009565 -0.01365751 -0.01042151 -0.05890315 -0.01993429 -0.0119484 -0.06659156 -0.02619349 -0.009364187 -0.05232554 -0.03449898 -0.01178759 -0.06108516 -0.03956222 -0.006907522 -0.05947351 -0.03245955 -0.01218205 -0.06059437 -0.03303444 -0.01111477 -0.05788499 -0.04351598 -0.01132488 -0.05471593 -0.04374337 -0.01727932 -0.04793214 -0.05491471 -0.01047271 -0.04198998 -0.05946493 -0.006971001 -0.03958642 -0.05384039 -0.01172488 -0.04385191 -0.06007319 -0.01076018 -0.03518098 -0.05776602 -0.01129436 -0.03293681 -0.0605328 -0.01227927 -0.03210866 -0.06730705 -0.01153385 -0.01921266 -0.05825281 -0.01053047 -0.01389205 -0.07003855 -0.00689435 -0.01404738 -0.04191493 -0.001971185 -0.01352608 -0.06809872 -0.01247054 -0.006599068 -0.06456434 -0.01576375 -0.00475794 -0.06952124 -0.01086032 -0.008472561 -0.06970947 -0.007920444 0.01247721 -0.06626135 -0.01170676 0.008138835 -0.06863576 -0.01226115 0.007000565 -0.06598699 -0.0192275 0.02746611 -0.06690824 -0.01131433 0.01969552 -0.05686157 -0.01364099 0.02099686 -0.05899024 -0.007756173 0.03824436 -0.06117349 -0.01190215 0.03446286 -0.05483114 -0.01093089 0.0436868 -0.04685449 -0.01741045 0.0441361 -0.04258424 -0.01059919 0.05524128 -0.03974115 -0.006919741 0.05944806 -0.04379642 -0.01201951 0.0537281 -0.03433835 -0.009967923 0.05970531 -0.03317719 -0.01178836 0.0614075 -0.03234612 -0.01223605 0.05862116 -0.01335221 -0.01050168 0.058142 -0.02239036 -0.01703089 0.06223213 -0.01851695 -0.01056945 0.06739073 -0.01385158 -0.00702548 0.07018345 -0.00713849 -0.01158016 0.06902188 -0.008927106 -0.01033484 0.0679748 -0.003468871 -0.01706427 0.06466245 0.02733159 -0.01747143 0.06611222 0.04885202 -0.01840806 0.0484637 0.06616795 -0.01655989 0.02742797 0.06852102 -0.009491443 0.008670866 0.07153278 -0.01746791 -3.37481e-5 0.06611007 -0.01746588 -0.02723979 0.05062139 -0.01749229 -0.05049604 0.02744072 -0.01745021 -0.06595838 0.003930985 0.003325462 -0.03766566 0.003130972 0.003325462 -0.03788 0.002545297 0.003325462 -0.03846555 0.002330958 0.003325462 -0.03926563 0.002545297 0.003325462 -0.04006552 0.003130972 0.003325462 -0.04065126 0.003930985 0.003325462 -0.0408656 0.004730939 0.003325462 -0.04065126 0.005316615 0.003325462 -0.04006552 0.005531013 0.003325462 -0.03926563 0.005316615 0.003325462 -0.03846555 0.004730939 0.003325462 -0.03788 -0.003812253 0.003325462 0.04095387 -0.004612267 0.003325462 0.04073947 -0.005197942 0.003325462 0.04015392 -0.00541228 0.003325462 0.03935384 -0.005197942 0.003325462 0.03855389 -0.004612267 0.003325462 0.03796821 -0.003812253 0.003325462 0.03775388 -0.003012299 0.003325462 0.03796821 -0.002426624 0.003325462 0.03855389 -0.002212226 0.003325462 0.03935384 -0.002426624 0.003325462 0.04015392 -0.003012299 0.003325462 0.04073947 1.67434e-4 -0.01744467 -0.07143187 -0.03831577 -0.005787372 -0.05955541 -0.02728039 -0.01745563 -0.06597518 -0.05043137 -0.01746475 -0.05054593 -0.06133478 -0.009157121 -0.03471869 -0.06597548 -0.01747405 -0.02727705 -0.07066547 -0.01477938 0.00342983 -0.06467103 -0.01545619 0.02951437 -0.05977153 -0.009636342 0.03392851 -0.05053538 -0.01659882 0.0506469 -0.02730935 -0.01751154 0.06608796 -0.07011836 -0.005043029 0.01392412 -0.07010495 -0.005135238 -0.0137757 -0.05872493 -0.005659699 -0.0406301 -0.01394379 -0.00513643 -0.07007855 -0.05938655 -0.005188941 0.03976529 -0.03952938 -0.005155026 0.05960464 -0.01373708 -0.005069077 0.07024329 0.03969746 -0.005134582 0.05955511 0.01386421 -0.005147993 0.0702002 3.01175e-5 -0.01741361 0.0714935 0.05950963 -0.005024015 0.03976178 0.07019686 -0.005067169 0.01397377 0.07025068 -0.005114316 -0.01374232 0.05947721 -0.005141079 -0.03973907 0.03973853 -0.0051499 -0.05944031 0.0139181 -0.005150139 -0.07010829 0.009461164 -0.007766008 0.05523765 0.004351258 0.003325462 -0.04097414 0.003852069 0.003325462 -0.04102331 -0.004232585 0.003325462 0.04106247 -0.003733336 0.003325462 0.04111152 -0.007831156 0.01497894 0.03022474 -0.003445804 0.01681458 0.0200749 0.02448588 0.01740175 -0.01520979 0.02264136 0.01687008 -0.01304882 0.01884585 0.01765036 -0.007208764 0.02620297 0.01681196 -0.007152855 0.01562714 0.01729851 0.01355844 0.02002334 0.01656532 0.01093304 0.0382691 0.006353914 0.02064704 6.71531e-4 0.01673275 0.02252495 -0.003058135 0.01680588 0.02618283 -0.03946769 0.008059084 0.02320683 -0.02048468 0.01675975 0.006546258 -0.0282461 0.01747536 -0.004607856 -0.02924901 0.008302688 -0.03040623 -0.01701277 0.01665616 -0.01050132 -0.01738131 0.01686829 -0.01556092 -0.004479229 0.01840192 -0.02879768 -0.009735167 0.0163713 -0.004912137 0.02854508 0.01754391 0.008365869 0.01029378 0.01610845 -0.01586258 -3.42735e-4 0.01601588 -0.02105259 0.00625205 0.01600497 0.00894463 0.00232011 0.004770874 -0.03756099 0.04034233 0.008311033 0.01044017 -0.01359355 0.02755242 -0.0668289 0.01910632 0.01483416 -0.05011421 0.01365798 0.02731287 -0.06744736 0.03863644 0.02735328 -0.0575788 0.04265511 0.02029347 -0.03703522 0.05737996 0.02729284 0.03853571 -0.03806477 0.02738595 0.0567643 -0.03735452 0.02037179 0.04891598 -0.05726116 0.02667993 0.0383889 -0.06820499 0.02707052 -0.01373314 -0.03049629 0.01766514 -0.04517835 -0.03640663 0.00758177 -0.02177888 -6.32151e-4 0.01738214 -0.05768346 0.04658073 0.01064652 -0.01900571 0.05744773 0.02150237 0.01699239 -1.68673e-4 0.012241 0.04802924 0.02805632 0.02049851 0.0530439 -0.006089389 0.01644521 0.0572831 -0.0136314 0.02709698 0.0680623 0.006763041 0.005258321 -0.03803396 -0.05372118 0.02019697 0.02139765 -0.05967432 0.01912057 0.004966437 -0.05184316 0.02637916 -0.0343846 -0.03311204 0.02457958 -0.0537427 0.02198731 0.01660233 -0.06549298 0.01421576 0.02388256 -0.06468915 0.02755528 0.01354509 -0.06596934 0.02967208 0.01850295 -0.05998319 0.03024405 0.0190705 -0.05979126 0.03199487 0.01907908 -0.06193935 0.03194439 0.01949226 -0.06122332 0.03155595 0.01964163 -0.06050729 0.03093349 0.01948726 -0.05998319 0.02981013 0.01737415 -0.06193935 0.02942156 0.01752358 -0.06122332 0.02937114 0.01793676 -0.06050729 0.03043252 0.01752853 -0.06246358 0.03112196 0.01794534 -0.06265544 0.03169387 0.0185129 -0.06246358 0.04551047 0.01662969 -0.05221581 0.05072081 0.01353782 -0.05039912 0.04376947 0.01929235 -0.05276143 0.05104506 0.01738822 -0.04570043 0.05179798 0.01744914 -0.04604005 0.05330377 0.01891344 -0.04519838 0.05948376 0.02592623 -0.03972977 0.05310201 0.01832973 -0.04575026 0.05255085 0.01779377 -0.04605823 0.05049389 0.01762735 -0.04513031 0.05029213 0.0181024 -0.04448252 0.05310201 0.01938849 -0.04455053 0.05255085 0.01962757 -0.04398047 0.05179798 0.01956665 -0.04364085 0.05104506 0.01922208 -0.04362267 0.05049389 0.01868611 -0.04393064 0.05975568 0.01906621 -0.03171157 0.06609559 0.01349687 -0.02737963 0.06245052 0.01746129 -0.03161692 0.06344062 0.01842415 -0.02154064 0.06365442 0.01787006 -0.02211785 0.06423842 0.01748687 -0.02256286 0.06503623 0.01737725 -0.02275633 0.06583404 0.01757061 -0.02264654 0.06641811 0.01801514 -0.02226275 0.07016879 0.02599382 -0.01408362 0.06663185 0.0185917 -0.02170795 0.06641811 0.01914578 -0.02113068 0.06583404 0.01952898 -0.02068567 0.06503623 0.01963853 -0.02049225 0.06423842 0.01944518 -0.02060198 0.06365442 0.0190007 -0.02098578 0.06985026 0.01822459 -0.006152451 0.06873762 0.01674413 -0.004046857 0.07156896 0.01358562 2.74459e-4 0.06838232 0.01739817 0.003738105 0.06916594 0.01743084 0.00400418 0.06759876 0.01766288 0.003780782 0.06702506 0.01815396 0.004120886 0.06973963 0.01886183 0.005660355 0.070221 0.02597242 0.0138666 0.06994956 0.01827585 0.005114078 0.06973963 0.01775205 0.00450778 0.06916594 0.01935297 0.006000459 0.06838232 0.01961767 0.006043136 0.06759876 0.01958501 0.005777001 0.06702506 0.01926374 0.005273461 0.06681513 0.01873993 0.004667222 0.06589794 0.01904487 0.02014249 0.06652432 0.01714307 0.02189719 0.06607854 0.01351755 0.02753627 0.06061083 0.01793676 0.02935588 0.06132686 0.01752358 0.02940636 0.06204283 0.01737415 0.02979493 0.06256705 0.01752853 0.03041732 0.0598948 0.0190705 0.03022879 0.0600866 0.01850295 0.02965682 0.06275892 0.01794534 0.03110677 0.06256705 0.0185129 0.03167861 0.06204283 0.01907908 0.03197968 0.06132686 0.01949226 0.03192919 0.06061083 0.01964169 0.03154069 0.0600866 0.01948732 0.0309183 0.05248939 0.01914322 0.04309654 0.05323511 0.01750779 0.04555916 0.05062502 0.01346105 0.05061352 0.04614359 0.0174492 0.05178272 0.04403418 0.01868611 0.05047869 0.04372608 0.01922208 0.05102986 0.04374432 0.01956665 0.05178272 0.04408401 0.01962757 0.05253571 0.03992354 0.02591139 0.05941253 0.04465413 0.01938849 0.05308681 0.04616183 0.01779377 0.05253571 0.04585367 0.01832973 0.05308681 0.04530185 0.01891344 0.05328857 0.044586 0.0181024 0.05027699 0.04523378 0.01762735 0.05047869 0.04580384 0.01738828 0.05102986 0.0273447 0.01353096 0.06612861 0.03051102 0.01690143 0.06203907 0.03266125 0.01907545 0.06087315 0.02108925 0.0190007 0.06363922 0.02164411 0.01842415 0.06342542 0.02222132 0.01787006 0.06363922 0.02266633 0.01748687 0.06422322 0.02285987 0.01737725 0.06502103 0.02275002 0.01757061 0.06581884 0.02236622 0.01801514 0.06640285 0.02181142 0.0185917 0.06661665 0.01403033 0.02602791 0.0701757 0.02123415 0.01914578 0.06640285 0.02078914 0.01952898 0.06581884 0.02070558 0.01944524 0.06422322 0.02059566 0.01963859 0.06502103 0.006869196 0.01868164 0.06906235 0.004711031 0.01700794 0.06964433 8.86109e-4 0.01410251 0.07149046 -0.001665115 0.01463878 0.0714848 -0.005556941 0.01886183 0.06972438 -0.003634572 0.01739811 0.06836712 -0.003677248 0.01766288 0.0675835 -0.004017353 0.01815402 0.06700986 -0.003900706 0.01743084 0.06915074 -0.004404306 0.01775211 0.06972438 -0.005010545 0.01827579 0.06993436 -0.005897045 0.01935297 0.06915074 -0.005939722 0.01961761 0.06836712 -0.005673587 0.01958501 0.0675835 -0.005169928 0.01926374 0.06700986 -0.004563689 0.01873993 0.06679987 -0.02904438 0.01743096 0.06431949 -0.02220356 0.01670944 0.06438827 -0.02024239 0.01875633 0.06361728 -0.03012531 0.01907044 0.0598796 -0.02955341 0.01850295 0.0600714 -0.02925235 0.0179367 0.06059563 -0.02930289 0.01752352 0.06131166 -0.02969139 0.01737415 0.06202769 -0.03031373 0.01752853 0.06255185 -0.03100329 0.01794528 0.06274372 -0.0315752 0.01851284 0.06255185 -0.0318762 0.01907902 0.06202769 -0.03182566 0.0194922 0.06131166 -0.03143715 0.01964163 0.06059563 -0.03081482 0.01948732 0.0600714 -0.04542952 0.01772218 0.05362302 -0.05047017 0.01347649 0.05063033 -0.05037522 0.01868605 0.04401904 -0.05092638 0.01922202 0.04371088 -0.05167925 0.01956665 0.04372912 -0.05243211 0.01962757 0.04406881 -0.05017346 0.01810234 0.04457086 -0.05037522 0.01762729 0.04521852 -0.05092638 0.01738822 0.0457887 -0.05167925 0.01744914 0.04612839 -0.05243211 0.01779371 0.04614657 -0.05298334 0.01832967 0.04583853 -0.0531851 0.01891338 0.04528659 -0.05298334 0.01938843 0.04463887 -0.06251341 0.01699644 0.03096365 -0.0659964 0.01351398 0.02736341 -0.07006978 0.0259605 0.01410651 -0.06571531 0.01952892 0.02077388 -0.06491756 0.01963853 0.02058047 -0.06411975 0.01944518 0.02069032 -0.06353569 0.01900064 0.02107399 -0.06332194 0.01842409 0.02162891 -0.06353569 0.01787 0.02220612 -0.06411975 0.01748681 0.02265113 -0.06491756 0.01737725 0.02284467 -0.06571531 0.01757061 0.02273482 -0.06629937 0.01801508 0.02235096 -0.06651312 0.01859164 0.02179616 -0.06629937 0.01914572 0.02121895 -0.0714364 0.01351881 1.76738e-5 -0.06940704 0.01869475 0.006593406 -0.06900739 0.01678591 0.004295527 -0.06904721 0.01743078 -0.003915846 -0.0696209 0.01775205 -0.004419565 -0.06983089 0.01827579 -0.005025804 -0.0666964 0.01873993 -0.004578948 -0.06690639 0.01926368 -0.005185127 -0.06747996 0.01958495 -0.005688846 -0.06826364 0.01961761 -0.005954921 -0.06904721 0.01935291 -0.005912244 -0.0696209 0.01886177 -0.00557214 -0.06690639 0.01815396 -0.004032552 -0.06747996 0.01766282 -0.003692448 -0.06826364 0.01739811 -0.003649771 -0.0648089 0.01737523 -0.02218955 -0.06306153 0.02394974 -0.01539039 -0.05620616 0.0173068 -0.02046406 -0.06596863 0.01355659 -0.02744555 -0.05953264 0.02579867 -0.03948795 -0.06120812 0.0194922 -0.03184092 -0.06049209 0.01964163 -0.03145235 -0.06049209 0.0179367 -0.02926754 -0.06120812 0.01752352 -0.02931815 -0.06244832 0.01851284 -0.0315904 -0.06192409 0.01907902 -0.03189146 -0.05996793 0.01948726 -0.03083002 -0.05977606 0.01907044 -0.03014045 -0.05996793 0.01850289 -0.02956867 -0.06192409 0.01737409 -0.02970659 -0.06244832 0.01752847 -0.03032898 -0.06264024 0.01794528 -0.03101855 -0.05288827 0.01763325 -0.04574346 -0.05058765 0.01355588 -0.0504288 -0.04582238 0.01690417 -0.05212491 -0.03965407 0.02590548 -0.05941504 -0.04334741 0.01804232 -0.05077588 -0.04436975 0.01879268 -0.05347234 -0.0300225 0.01666212 -0.0616905 -0.03258389 0.01824361 -0.06176853 -0.02718794 0.01359719 -0.06607443 -0.01416784 0.01922982 -0.0588485 -0.02209174 0.01697784 -0.06579762 -0.02003753 0.0190671 -0.06577497 -0.005818188 0.01848018 -0.06958788 2.84047e-4 0.01358693 -0.07146918 0.006015717 0.01935297 -0.06906247 0.006058394 0.01961761 -0.0682789 0.004682421 0.01873987 -0.0667116 0.004136025 0.01815396 -0.06692159 0.003795921 0.01766288 -0.06749528 0.003753244 0.01739811 -0.0682789 0.004019379 0.01743084 -0.06906247 0.004523038 0.01775205 -0.0696361 0.005129218 0.01827579 -0.06984615 0.005675613 0.01886183 -0.0696361 0.0052886 0.01926374 -0.06692159 0.00579226 0.01958501 -0.06749528 0.03619045 0.01945757 -0.04899442 0.03213226 0.0168519 -0.06204468 0.03636014 0.02176725 -0.06030684 0.05176377 0.01835453 -0.0424261 0.05123382 0.01616567 -0.0446186 0.05401915 0.01761615 -0.04448693 0.05773383 0.02478718 -0.03831028 0.06156647 0.0200718 -0.008933126 0.06481081 0.01622539 -0.02161538 0.06693506 0.01724255 -0.02081996 0.07027649 0.02327013 -0.01388096 0.06670492 0.01839387 0.006630361 0.06824427 0.01611387 0.004777729 0.06939905 0.02207738 0.0104953 0.06188052 0.01739734 0.03281456 0.04805201 0.01935803 0.03796207 0.05952805 0.02411574 0.03969532 0.0425297 0.01835459 0.05174857 0.04497003 0.01610934 0.05167746 0.0422154 0.0215218 0.05615746 0.02182 0.0161733 0.06526279 0.01999926 0.0180459 0.06669199 0.01360821 0.02579647 0.06809329 -0.01315784 0.0234965 0.06557679 -0.004681229 0.01620179 0.06789648 -0.006767988 0.01784139 0.06943923 -0.02856045 0.01302701 0.0644958 -0.05347758 0.01696479 0.04500585 -0.05254465 0.01852929 0.04280465 -0.06060099 0.01833033 0.03292804 -0.06682336 0.01750212 0.02051818 -0.07001781 0.02407836 0.01398003 -0.06762301 0.0161876 -0.004558086 -0.06961512 0.01755481 -0.006568372 -0.06658619 0.01839381 -0.006542146 -0.06173282 0.0161699 -0.0309146 -0.06099116 0.0209493 -0.03551888 -0.05280011 0.02303534 -0.03751462 -0.03971964 0.02325266 -0.05944973 -0.01383578 0.0241335 -0.07006543 0.0046615 0.0161876 -0.06763827 0.006671786 0.01755481 -0.06963038 -0.05045872 0.01173597 0.05064707 -0.06600904 0.0117312 0.02745622 -0.06597614 0.01178693 -0.02748304 -0.07143992 0.01183891 1.70632e-4 -0.0504384 0.01174044 -0.05054104 -0.02716052 0.01181858 -0.06605261 -1.26749e-4 0.01172262 -0.07148855 0.01391828 0.02412277 -0.07007145 0.027386 0.01179826 -0.06606745 0.05052632 0.01182168 -0.05061274 0.0660476 0.01175653 -0.02744418 0.07154226 0.01174765 1.28095e-5 0.06605589 0.01188039 0.02757185 0.05070674 0.01168334 0.05051326 0.02743393 0.01170653 0.06610584 6.00038e-5 0.011644 0.07157832 -0.00172615 0.003986299 -0.04447019 0.0156818 -0.004361629 0.0705617 0.03817272 0.02202534 0.05462616 0.01623672 -0.01068991 0.05843561 0.04536747 0.01185089 0.04565864 0.02622967 -0.01481473 0.06807506 0.04706007 0.01697087 0.06024169 0.0358107 0.02392113 0.05657553 0.01872152 -0.012896 0.05623525 0.04462176 0.002854526 0.06189692 0.0240252 -0.00897175 0.06415516 0.04270803 0.01219654 0.05401378 0.02740496 -3.59471e-4 0.05703485 0.04039657 0.01584243 0.0573644 0.02437108 -0.007544338 0.06776785 0.01977545 -0.003895878 0.06692105 0.02437299 -0.007134675 0.06863045 0.02224558 -0.009545087 0.0596798 0.01846063 -0.005385637 0.06138914 0.02589952 -0.01062607 0.06415516 0.04458242 0.01054227 0.05401378 0.04092848 0.01162326 0.04953855 0.03714346 0.01578271 0.05124795 0.04305583 0.01403367 0.0584892 0.03845828 0.01727241 0.0567798 0.01605629 -0.005575478 0.06836521 0.01596957 -0.008208096 0.06274139 0.01975446 -0.01236754 0.06103193 0.02135366 -0.01386618 0.06082993 0.02340853 -0.01344853 0.06550735 0.02188193 -0.009957134 0.0699827 0.02119117 -0.008660614 0.07139414 0.01728439 -0.006718337 0.06827324 0.04707348 0.01336473 0.05266165 0.04655283 0.01248735 0.04987519 0.04341948 0.01444572 0.04818636 0.04121148 0.01564729 0.04663759 0.03963452 0.01860517 0.04989582 0.03859776 0.02003496 0.05099147 0.04094934 0.02009487 0.05542761 0.04346454 0.01912951 0.05804014 0.04554688 0.01685613 0.05713701 0.04804831 0.01414126 0.05607587 0.02483838 -0.01395446 0.0670703 0.01480066 -0.007967829 0.06106978 0.03946405 0.02137088 0.05535483 0.04471188 0.01453459 0.05075228 0.03833532 0.01482784 0.05149292 0.04119229 0.01818561 0.05186688 0.04455614 0.01729536 0.0562638 0.04385304 0.01235818 0.05645179 0.04061967 0.01626026 0.0586487 0.04340791 0.01024758 0.0512349 0.03943943 0.02016878 0.05280005 0.04722005 0.01456677 0.05544066 0.0409075 0.01658636 0.0480268 0.02167487 -0.01253718 0.06421995 0.01946258 -0.00555247 0.06283444 0.01776736 -0.009420633 0.06350922 0.01958328 -0.008454978 0.06887173 0.02527725 -0.0093019 0.06576102 0.01570868 -0.006719052 0.06536895 0.01743191 -0.01043504 0.0607869 0.02347862 -0.01207172 0.06851023 0.0221669 -0.005070209 0.06887555 0.02454227 -0.01086664 0.06115221 0.02064758 -0.01127976 0.06481009 0.01805984 -0.009489178 0.06392174 0.04223686 0.01716768 0.05168938 0.01964139 -0.009164988 0.06751042 0.0434122 0.01722162 0.05399942 0.04150879 0.01858484 0.05330628 0.04473936 0.01657509 0.05505961 0.04222381 0.01646089 0.05018991 0.04673409 0.02041018 0.05111604 0.04727435 0.01675951 0.05244213 0.04432809 0.01769191 0.04895699 0.04286843 0.02061647 0.05235528 0.03192913 0.002945363 0.06200498 0.044595 0.01926195 0.05315542 0.04607445 0.01766574 0.052549 0.04517769 0.01546174 0.05104261 0.04100656 0.01978898 0.05390191 0.04274135 0.01577615 0.04873478 0.04483824 0.01623719 0.05338299 0.04538244 0.01720029 0.05574858 0.04294097 0.01840692 0.05320674 0.0461744 0.01461732 0.0537433 0.04243624 0.01675307 0.05123215 0.01703566 -0.009760797 0.0626685 0.02207994 -0.01332587 0.06458574 0.02034819 -0.01181471 0.06564623 0.0188046 -0.009842574 0.06696033 0.01897358 -0.008329153 0.06909823 0.01860553 -0.01096117 0.06421744 0.01849728 -0.009595394 0.06450235 0.02004146 -0.009698331 0.06700819 0.01393908 -0.01214337 0.0671994 0.0165764 -0.0132327 0.0702691 0.0175659 -0.01646482 0.06580168 0.01348036 -0.01394844 0.06686818 0.01732861 -0.01286631 0.06385266 0.01978814 -0.01331245 0.06745362 0.01668077 -0.01041543 0.06772446 0.01542884 -0.01459383 0.06959664 0.01654028 -0.0165472 0.06749022 -0.0115773 -0.006155371 0.06234371 -0.00204879 -0.01549547 0.06356072 0.02407544 0.01193618 0.06043779 0.02449458 0.01208007 0.06521344 -0.002284646 -0.01473325 0.06802499 0.02492111 0.0120691 0.06861895 -0.007867157 -0.008737981 0.07688975 0.01661801 0.02233231 0.06599777 0.01963573 0.001359045 0.07039982 0.007355153 0.002051591 0.05670166 -0.002141654 0.009895622 0.06941807 -0.00229597 -0.009084165 0.06772905 0.01884549 0.01208424 0.06550937 -0.001988172 -0.009650588 0.0652557 0.002129495 0.002455353 0.06398171 0.009465873 0.007344663 0.06999289 -0.006773352 -0.004305183 0.07065987 -5.27181e-4 -0.01085078 0.06772905 -0.002723038 -0.008160412 0.07247132 -0.00322026 -0.008658349 0.06298679 -0.007080674 -0.004612922 0.06479817 0.0199604 0.01067209 0.0626614 0.0179212 0.01251006 0.06076711 0.02061438 0.01031756 0.06550937 0.01841849 0.01300787 0.07025158 0.01436811 0.01686322 0.06844025 0.01406079 0.01655548 0.06257849 -0.01099121 -0.005856573 0.06967329 -0.009899556 -0.007435381 0.06509411 -0.009868383 -0.007711231 0.0627067 -0.006039142 -0.01148074 0.06328272 -0.003900766 -0.01358705 0.0635212 -0.003346025 -0.0136733 0.06802499 -0.003408849 -0.01316744 0.07228475 -0.00554192 -0.01098287 0.07276725 -0.007835805 -0.008600652 0.07364475 -0.009592235 -0.007127642 0.07095587 0.02343326 0.01314002 0.06521344 0.02116215 0.01475852 0.05903583 0.02074015 0.01533252 0.06047105 0.01687967 0.01937794 0.06228256 0.01718699 0.01968568 0.06814426 0.01770949 0.01937615 0.07025575 0.02123737 0.01583039 0.06995564 0.02265411 0.01449775 0.07083112 0.01544529 0.02080172 0.06227117 0.02195119 0.01475375 0.06648534 0.01866674 0.01195526 0.06256341 0.018709 0.0174787 0.06171804 0.01512801 0.01598608 0.06722557 0.01906877 0.01791203 0.06887191 0.01577073 0.01463067 0.06050735 0.01609247 0.01534873 0.07042068 0.02017372 0.01109129 0.06869143 0.01620548 0.020374 0.06536012 0.02265906 0.01357966 0.06203138 -0.005991995 -0.01130634 0.06542789 -0.005750417 -0.005858719 0.06528538 -0.009514451 -0.00755763 0.06752026 -0.006636738 -0.009978652 0.07188951 -0.001694679 -0.009454429 0.0698508 -0.008189737 -0.009360194 0.06302309 -0.003786623 -0.01289951 0.07120704 -0.004846334 -0.006012558 0.07273095 -0.007754862 -0.003616809 0.0678758 -0.001301407 -0.0104112 0.064547 -0.006448805 -0.01072645 0.06660747 0.01986259 0.01647377 0.06299555 0.01876538 0.01787757 0.06564784 -0.007768154 -0.009075105 0.06977748 -0.006093144 -0.01081001 0.06916475 -0.005543768 -0.01127529 0.06996136 0.01797378 0.01855373 0.0648421 0.01977264 0.01707714 0.06789463 0.02377414 0.0202012 0.06489855 0.02166402 0.01887369 0.06790196 0.01959955 0.02059811 0.06456631 0.02256333 0.01739269 0.06237614 -0.01357477 -0.01672881 0.06855589 0.02254194 0.01739704 0.06419789 0.0206961 0.01913338 0.06392079 0.02173787 0.01832377 0.06665718 0.02160769 0.01614868 0.06570601 0.02229225 0.01503783 0.06770533 0.01968306 0.01818305 0.06617766 0.02042669 0.01622509 0.06121951 0.02039551 0.01712101 0.06343358 0.01804518 0.01925504 0.06778949 0.02043837 0.01595681 0.06418949 0.02014571 0.01658785 0.06678122 -0.008136987 -0.01017206 0.06659442 -0.004306972 -0.01325154 0.06763613 -0.007778227 -0.01026171 0.06946867 -0.008918046 -0.008911788 0.0650798 -0.007756292 -0.009407699 0.07170009 -0.006478786 -0.0117464 0.06737446 -0.007840096 -0.009056806 0.06863933 -0.005980074 -0.01093345 0.06906503 -0.01035624 -0.0144028 0.07142621 -0.009146988 -0.01656782 0.06783872 -0.007065236 -0.01400083 0.06770694 -0.0108537 -0.01034039 0.06697434 -0.009106814 -0.01167398 0.07009333 -0.01204168 -0.0152589 0.0667358 -0.01095771 -0.01591944 0.06991428 -0.01352775 -0.01329141 0.06788128 -0.00873661 0.02076631 0.06048613 -0.03107303 0.001580595 0.07311427 -0.02977705 -0.01017367 0.05230957 -6.29636e-5 0.01019006 0.06923758 -0.03311288 -0.01164096 0.0681473 -0.02401775 -0.01638418 0.05661004 -0.02423059 0.01806223 0.06152212 -0.02785193 -0.009051501 0.06099843 -0.00747019 0.01211678 0.06703835 -0.02964824 -0.006301462 0.05742371 -0.00744915 0.01318097 0.06323021 -0.0119816 0.0157839 0.06940549 -0.03369623 -0.005133926 0.0603643 -0.02904945 -0.009018659 0.06492245 -0.03297722 -0.004938125 0.06387722 -0.02629601 -0.009656786 0.05786943 -0.02605104 -0.01078552 0.06099843 -0.02920389 -0.00907886 0.06565642 -0.02787584 -0.007699549 0.05634063 -0.0321564 -0.004085659 0.05811977 -0.01177459 0.01708275 0.06415957 -0.005123198 0.01262068 0.07222849 -0.005669295 0.01038289 0.06703835 -0.007494091 0.01346886 0.06238043 -0.008822143 0.01208955 0.07169628 -0.01259547 0.01623022 0.06991714 -0.03487402 -0.006908118 0.05731439 -0.03059333 -0.010522 0.05553525 -0.02996802 -0.01068174 0.05398076 -0.02876859 -0.01360797 0.06019324 -0.03192138 -0.01190131 0.0648511 -0.03278893 -0.01149141 0.06639087 -0.03569471 -0.007760584 0.06307196 -0.002951741 0.01320528 0.06784367 -0.001959443 0.0126906 0.06625187 -0.004776477 0.01629132 0.06318575 -0.009057104 0.01990514 0.06496489 -0.01090168 0.02043455 0.0693652 -0.00987786 0.01905274 0.0707224 -0.009225487 0.01774924 0.07307142 -0.006104528 0.01491194 0.07250154 -0.0282166 -0.01462703 0.06192219 -0.03651219 -0.007485628 0.06486684 -0.03672945 -0.005359232 0.05814725 -0.004933238 0.0169177 0.06149399 -0.009812891 0.02093321 0.06391239 -0.00515145 0.01496207 0.06908786 -0.008838474 0.01452875 0.06328755 -0.005754232 0.0166971 0.0650705 -0.00986582 0.01356893 0.069992 -0.009305775 0.01914066 0.06851452 -0.01301521 0.01749694 0.06689429 -0.00949335 0.01593214 0.07241451 -0.004424214 0.0127654 0.06442046 -0.00385797 0.01325261 0.07073599 -0.007129967 0.01860463 0.06301975 -0.03077554 -0.01232236 0.06244409 -0.03090423 -0.01087546 0.05786329 -0.02697318 -0.009173214 0.05844837 -0.03158915 -0.005708396 0.06202453 -0.03505247 -0.007550299 0.06020474 -0.03432226 -0.009637117 0.06501716 -0.02885019 -0.01270413 0.0573008 -0.0327326 -0.008389472 0.05528014 -0.02695733 -0.01073819 0.06389081 -0.03343802 -0.003714084 0.06114262 -0.03235632 -0.009685873 0.05855369 -0.005932867 0.01674383 0.06550508 -0.007697582 0.01769179 0.06807869 -0.03382676 -0.00916028 0.06166201 -0.03126406 -0.01120513 0.06029915 -0.03336018 -0.008644342 0.05829113 -0.03088831 -0.01096206 0.05807316 -0.008438348 0.01859205 0.06747901 -0.007197201 0.0165416 0.07047718 -0.002905488 0.02036637 0.06868606 -0.005667448 0.01852095 0.0712428 -0.006552815 0.0205242 0.06719517 -0.003278493 0.01776659 0.06584846 -0.02149373 0.002842605 0.06524085 -0.006045043 0.01950389 0.06837999 -0.005341887 0.01846641 0.06980645 -0.005335032 0.01557374 0.06749302 -0.003725051 0.01417762 0.06909298 -0.006970405 0.01871085 0.06425851 -0.008446276 0.01817548 0.07090818 -0.007041156 0.01669895 0.06939917 -0.007141828 0.01842558 0.06766128 -0.005045652 0.01671177 0.06683421 -0.006120741 0.01686459 0.06968605 -0.03335678 -0.009025096 0.05977696 -0.03029197 -0.01199412 0.05742383 -0.0323978 -0.01178008 0.06404584 -0.03187501 -0.01100206 0.06154263 -0.03493452 -0.007714927 0.05821609 -0.03180444 -0.01157391 0.05922156 -0.03392279 -0.00954318 0.05936622 -0.03341615 -0.01067715 0.06163108 -0.03475624 -0.01622211 0.06087833 -0.03892946 -0.01345646 0.05847072 -0.03538954 -0.01180905 0.05642795 -0.03557932 -0.01583385 0.0571779 -0.03267592 -0.01325243 0.05811256 -0.03435254 -0.01285803 0.06226718 -0.03700417 -0.01584297 0.06066983 -0.03535109 -0.01122003 0.06016039 -0.03712034 0.02067214 0.06015205 -0.05804431 -0.006141126 0.04320418 -0.03889745 0.02248758 0.05817991 -0.05495953 -0.004956305 0.0375359 -0.02473688 0.01453721 0.05545425 -0.04726874 -0.0158714 0.04506474 -0.03742635 0.01605218 0.06725996 -0.05948537 -0.006203472 0.04516667 -0.05310583 -0.004144787 0.0350033 -0.05611735 -0.01246213 0.05114662 -0.03255009 -0.001346349 0.05384987 -0.04874646 -0.008855521 0.04498821 -0.03222751 0.01231282 0.05836802 -0.04938435 -0.005873322 0.04108232 -0.03285193 0.01746541 0.05425012 -0.05268836 -0.005779504 0.04498821 -0.03616935 0.01538884 0.05836802 -0.0517137 -0.009283185 0.04934078 -0.03604 0.01412457 0.06410282 -0.05465918 -0.004241466 0.04498821 -0.04677551 -0.01039355 0.04498821 -0.03814029 0.01692688 0.05836802 -0.03025656 0.01077479 0.05836802 -0.05686169 -0.007063925 0.04320418 -0.05098879 -0.007670342 0.03694683 -0.04897809 -0.01321601 0.04320418 -0.05581277 -0.0117641 0.04935133 -0.02805411 0.01359724 0.06015205 -0.02655357 0.01413482 0.05744069 -0.03593778 0.01974934 0.06015205 -0.02993977 0.01268601 0.06390148 -0.0477373 -0.01432269 0.04342311 -0.03010916 0.01552432 0.05963075 -0.03075283 0.01535069 0.05769193 -0.02953666 0.0163542 0.05760759 -0.0310195 0.01733368 0.05790174 -0.03229475 0.01503086 0.05421137 -0.03216701 0.01811003 0.05809015 -0.03263658 0.01832437 0.05833083 -0.03359878 0.01843816 0.05933868 -0.03387111 0.01755803 0.06100523 -0.03533619 0.01313269 0.0609548 -0.03409165 0.01773256 0.06106364 -0.03401738 0.01739042 0.06151324 -0.03335696 0.01640629 0.06225472 -0.03297239 0.0160129 0.06240224 -0.03032171 0.01344841 0.06319516 -0.0315625 0.01523911 0.06188911 -0.03039312 0.01490843 0.06096529 -0.035272 0.01295524 0.06461858 -0.03314733 0.0201283 0.05610358 -0.05083811 -0.01155894 0.04287886 -0.05006748 -0.00711143 0.04178285 -0.05031144 -0.0110982 0.04147523 -0.05148476 -0.009956717 0.04114228 -0.05251663 -0.009032309 0.04095393 -0.05358797 -0.007560253 0.0398755 -0.05393201 -0.00851804 0.04188871 -0.05445671 -0.008364498 0.04229253 -0.05500173 -0.008721053 0.04352957 -0.0550214 -0.009014189 0.04401767 -0.05226171 -0.009070158 0.047957 -0.0546987 -0.009674727 0.04466927 -0.05435496 -0.01032346 0.04526627 -0.05332314 -0.01124763 0.04545456 -0.05284816 -0.01152503 0.04530698 -0.05173397 -0.01254028 0.04550188 -0.05662602 -0.009879171 0.04737347 -0.04917371 -0.005034029 0.03939664 -0.04996955 -0.01076197 0.04948031 -0.05222254 -0.01131182 0.04421693 -0.03261345 0.01773959 0.0592274 -0.02950686 0.02049654 0.06185239 -0.02820926 0.01695948 0.060835 -0.03144627 0.01747375 0.06404298 -0.03610986 0.01123678 0.0561791 -0.03059542 0.01603019 0.05942356 -0.02925348 0.01405787 0.06175953 -0.03178912 0.01919496 0.05692672 -0.03449881 0.01752215 0.06285256 -0.03241938 0.0177372 0.05899155 -0.03175175 0.01820921 0.05921435 -0.030326 0.01624703 0.06062626 -0.03291618 0.01769381 0.06146728 -0.05317741 -0.009194195 0.04220283 -0.05375581 -0.008079588 0.0400483 -0.05364185 -0.01115232 0.04436945 -0.05391842 -0.01165866 0.04675525 -0.05065846 -0.01312071 0.04376894 -0.05432981 -0.01203882 0.04615521 -0.0519725 -0.01136481 0.04217869 -0.05379474 -0.00961095 0.04165357 -0.05416327 -0.0164324 0.0412265 -0.05690246 -0.01345854 0.04365974 -0.05574893 -0.01294738 0.03776913 -0.05804109 -0.01367068 0.03901273 -0.057859 -0.01542389 0.04218918 -0.05593931 -0.01654773 0.04104477 -0.05285036 -0.0122078 0.03995394 -0.05633729 -0.01100492 0.04250741 -0.05042606 0.01081961 0.04862254 -0.07150614 -0.01133704 0.02434515 -0.06090039 0.02039366 0.04398429 -0.06996995 -0.00453633 0.01556152 -0.04565542 0.01787626 0.03841936 -0.05749678 -0.0139048 0.019266 -0.06235706 0.01673644 0.04606306 -0.05600559 -0.00594604 0.01438635 -0.06265884 -0.01637679 0.02645587 -0.06405168 -0.005663216 0.02026116 -0.05391037 0.01550513 0.03894412 -0.06661051 -0.008679091 0.02506649 -0.05756944 0.01601094 0.04035478 -0.05065965 0.01182514 0.0413472 -0.06031394 -0.007270991 0.02005577 -0.06852704 -0.005089879 0.02204084 -0.06870615 -0.005493283 0.01831817 -0.06405168 -0.004008948 0.01838684 -0.06681758 -0.009249329 0.02582573 -0.06128573 -0.01073908 0.02451092 -0.05957627 -0.00750035 0.01991343 -0.05391037 0.0171594 0.03706973 -0.05838567 0.01607847 0.0407238 -0.04943495 0.013668 0.03859639 -0.05114442 0.01042926 0.04319387 -0.0566762 0.01191896 0.04450875 -0.06276607 -0.01463288 0.02331823 -0.06816977 -0.01207184 0.02333474 -0.07083433 -0.009562134 0.02193248 -0.06987917 -0.007912337 0.01954978 -0.06540381 -0.006831407 0.01589578 -0.06321692 -0.00667268 0.01453197 -0.06092846 -0.0103228 0.01742237 -0.05970597 -0.01203167 0.01870298 -0.06263792 -0.01356154 0.02201998 -0.05255818 0.01998186 0.03956079 -0.05528908 0.02086168 0.04004257 -0.05703353 0.01890093 0.04321479 -0.0584656 0.01860272 0.04431408 -0.05532413 0.01474142 0.04699975 -0.05485367 0.01310062 0.04859346 -0.04979223 0.01325172 0.04568493 -0.0477159 0.0132004 0.04460769 -0.04808282 0.01649045 0.04108738 -0.05082947 0.01991879 0.03870636 -0.06736958 -0.01388263 0.02495217 -0.04663062 0.01674741 0.04000794 -0.04965311 0.01634949 0.04210591 -0.05517399 0.01220941 0.04336994 -0.05546224 0.01918929 0.04201513 -0.05557423 0.01629114 0.04538458 -0.05141252 0.01483172 0.03833675 -0.05863082 0.01414597 0.04304635 -0.05668932 0.01745408 0.03824418 -0.04927545 0.01144146 0.04103255 -0.04977923 0.01877981 0.03941428 -0.05241978 0.01317787 0.04719483 -0.06472015 -0.008561313 0.01748532 -0.06675839 -0.004768252 0.02073323 -0.06716418 -0.01096671 0.02149903 -0.06557327 -0.009480535 0.02540373 -0.06190681 -0.01203763 0.01989316 -0.06199806 -0.005814313 0.01933753 -0.06554228 -0.01356083 0.02359569 -0.07012426 -0.009844839 0.02187246 -0.06818276 -0.006536722 0.01707029 -0.06240081 -0.008208215 0.01582568 -0.05933117 -0.009564757 0.02211958 -0.06633114 -0.00906378 0.01895648 -0.05471366 0.01777112 0.04323905 -0.06549781 -0.0113582 0.02107214 -0.05177456 0.0155189 0.04416066 -0.06403881 -0.01004207 0.01879256 -0.06293201 -0.01125884 0.01957046 -0.06787472 -0.009553849 0.02032423 -0.0519554 0.01471644 0.04520231 -0.05068331 0.02040088 0.04568606 -0.05454498 0.01902472 0.04590547 -0.05064183 0.016447 0.04670065 -0.05844968 3.27684e-4 0.03290605 -0.05244547 0.01766562 0.04605925 -0.05040752 0.01754325 0.04509162 -0.0515418 0.01444762 0.04619991 -0.04877275 0.01621723 0.04237931 -0.0535987 0.01674491 0.04459369 -0.05531644 0.0158863 0.04568451 -0.05299651 0.01788741 0.04224592 -0.0526902 0.01951986 0.04068243 -0.05602639 0.01803427 0.04469245 -0.05312806 0.01844131 0.0429002 -0.0508691 0.0166223 0.04375815 -0.06550711 -0.0116474 0.02014136 -0.06510108 -0.01310849 0.02219432 -0.0689994 -0.008125782 0.01873308 -0.06670659 -0.009587764 0.01844131 -0.06434178 -0.01003795 0.01838105 -0.06278693 -0.01005744 0.01676744 -0.06268209 -0.01084935 0.01908242 -0.06488323 -0.01574772 0.01753401 -0.06827265 -0.01198256 0.01398181 -0.06979566 -0.01433414 0.01781767 -0.06553614 -0.01483494 0.01437312 -0.0690124 -0.01355499 0.0143004 -0.06573045 -0.01377129 0.01944071 -0.06863176 -0.01152366 0.01845014 -0.06594055 -0.01063662 0.01595109 -0.06872642 -0.01609659 0.01662206 -0.06068074 0.01124453 0.02520507 -0.07399636 -0.01464164 -0.003146231 -0.07350188 0.01865625 0.0189079 -0.0651099 0.02126652 0.0152812 -0.06792151 -0.005546689 -0.01149815 -0.06295073 0.02202785 0.01400977 -0.05962359 -0.008913159 -0.00905466 -0.05658584 0.01841181 0.01483082 -0.07648795 0.005923151 -0.002838075 -0.06297123 0.001026272 0.01888227 -0.06762558 -0.005550861 -0.005849063 -0.0654059 0.01561743 0.01529246 -0.0709728 -0.008471965 -0.002571225 -0.06951594 0.01525598 0.01608496 -0.06167984 0.01257967 0.01794296 -0.06382685 -0.006211042 -0.005584716 -0.07236778 -0.005976736 -0.004924774 -0.06762558 -0.003784239 -0.00761795 -0.06469464 -0.0103299 -0.001371741 -0.06288325 -0.006474614 -0.005421996 -0.07055646 -0.01002216 -0.00106436 -0.06066358 0.01469367 0.01571953 -0.0654059 0.01738411 0.01352357 -0.06833672 0.01114618 0.0200771 -0.07014811 0.01519161 0.01621681 -0.0624749 0.01083844 0.01976984 -0.06689387 -0.01436889 -0.00276637 -0.07085233 -0.01284462 -0.003883183 -0.07254749 -0.01299446 -0.003542244 -0.07266372 -0.008799195 -0.007743597 -0.0733546 -0.007241845 -0.009222567 -0.06792151 -0.006606698 -0.01043683 -0.06390017 -0.007291555 -0.01017653 -0.06317925 -0.009297072 -0.008240938 -0.06205463 -0.01168483 -0.005969405 -0.06499063 -0.01315236 -0.004190564 -0.0651099 0.02020657 0.01634252 -0.06850594 0.02024841 0.01665645 -0.06985211 0.01801407 0.01903563 -0.07125031 0.01688033 0.02030801 -0.06804078 0.01396864 0.02289605 -0.06723421 0.01253551 0.02424079 -0.06217896 0.0136609 0.02258867 -0.06026226 0.01355856 0.02247822 -0.06036764 0.01751619 0.01853841 -0.05922919 0.01878237 0.01713913 -0.0641784 0.01845061 0.01801347 -0.06844371 0.01563805 0.01559901 -0.06870281 0.01589763 0.02101868 -0.06322795 0.01180213 0.01888704 -0.06158769 0.01551759 0.02066886 -0.0704078 0.01307106 0.01836735 -0.0604946 0.01235294 0.0180456 -0.0621826 0.01809996 0.01530641 -0.06829196 0.01976692 0.01711684 -0.06496322 0.01297259 0.02357023 -0.07116931 -0.009332954 -0.007371723 -0.07042557 -0.005434095 -0.005672693 -0.06468105 -0.008630394 -0.003071486 -0.06807428 -0.01294761 -0.004056215 -0.06478792 -0.008924603 -0.008445858 -0.06301021 -0.01163786 -0.005914926 -0.07086622 -0.006936609 -0.009797334 -0.06468093 -0.00442326 -0.007287204 -0.07253682 -0.008299708 -0.002581059 -0.06747889 -0.01101821 -3.90216e-4 -0.06702977 0.0176897 0.01906567 -0.06923341 -0.01032751 -0.006576657 -0.06669563 0.01561301 0.02110821 -0.06624764 -0.01151633 -0.005693495 -0.06417769 0.0158239 0.02058881 -0.07037854 -0.01062858 -0.006151795 -0.0667811 -0.009083211 -0.008071601 -0.06347656 0.01505804 0.02132606 -0.064924 0.02037274 0.02354222 -0.06276476 0.01976841 0.02022445 -0.06329172 0.01657384 0.02349776 -0.06780332 0.01812344 0.02239811 -0.06854248 -0.01674729 -0.01356285 -0.06537574 0.01946794 0.02049946 -0.06578552 0.01735579 0.02260243 -0.06333601 0.01834994 0.02149277 -0.06663495 0.01715272 0.01956033 -0.06640237 0.01959055 0.01755541 -0.06778258 0.01505595 0.02225089 -0.06114989 0.01640611 0.02025163 -0.06420463 0.01750063 0.0189206 -0.06786793 0.01773822 0.02025341 -0.06490874 0.01841056 0.01925492 -0.06385314 0.01648014 0.02116107 -0.06629115 -0.008295655 -0.009775459 -0.06550633 -0.01275843 -0.005047738 -0.06810617 -0.0110926 -0.005919933 -0.06931555 -0.009668886 -0.007830202 -0.07074111 -0.008093774 -0.008673667 -0.07204544 -0.009953975 -0.007417857 -0.06727141 -0.01165711 -0.006624817 -0.06732243 -0.009685575 -0.008552134 -0.0710259 -0.01290929 -0.01169532 -0.06897842 -0.0168159 -0.00960946 -0.06514811 -0.01333642 -0.01157855 -0.06656879 -0.01413702 -0.01278221 -0.07003676 -0.01388108 -0.01298177 -0.06712675 -0.01412141 -0.007044136 -0.0657038 -0.01183503 -0.009471535 -0.07042634 -0.01181507 -0.008942604 -0.06851887 -0.01634639 -0.01071739 -0.06755626 -0.01390725 -0.03075844 -0.07582384 0.0175724 -0.009447395 -0.05784857 -0.003890097 -0.03803074 -0.05256348 -0.01162719 -0.02895551 -0.06063985 0.02145129 -0.009445667 -0.06633919 0.0113523 -6.41499e-4 -0.07149773 -0.0109626 -0.03328526 -0.05519574 -0.004320204 -0.01631516 -0.06089496 -0.005583524 -0.03146898 -0.06693488 0.01558476 -0.01108723 -0.06377834 -0.005887985 -0.03200393 -0.06907373 0.01905238 -0.01186716 -0.05968594 -0.00844109 -0.02814549 -0.06553483 0.01282876 -0.007807552 -0.05801624 -0.00969696 -0.02634382 -0.06089496 -0.003849565 -0.03326994 -0.06555289 -0.006935536 -0.0314452 -0.06377381 -0.01054942 -0.02716451 -0.0562371 -0.005556225 -0.03011709 -0.06693488 0.01731878 -0.01288819 -0.0698136 0.01061892 -0.00678277 -0.06405609 0.01147139 -0.005962014 -0.0715928 0.01423281 -0.01106333 -0.06227689 0.01561212 -0.009735345 -0.05917018 -0.01411604 -0.0279802 -0.06296843 -0.01337188 -0.02988219 -0.06471788 -0.01371449 -0.03003275 -0.06474763 -0.009757995 -0.0341627 -0.06254428 -0.006715297 -0.03667783 -0.06008964 -0.006672024 -0.03598749 -0.0554192 -0.006538689 -0.03474736 -0.05543178 -0.008378684 -0.03283464 -0.05503004 -0.0114144 -0.02957028 -0.05721086 -0.01251941 -0.02906131 -0.06774014 0.02014124 -0.01017057 -0.07239812 0.01705527 -0.008345842 -0.07420873 0.01572936 -0.007515013 -0.07061892 0.01344138 -0.004065155 -0.069296 0.01230269 -0.002499163 -0.06486141 0.01429384 -0.0032444 -0.06308227 0.01843458 -0.007017791 -0.06297719 0.02002823 -0.008651316 -0.06669747 -0.01061099 -0.03385466 -0.06245833 0.01482504 -0.003091573 -0.06905204 0.0181756 -0.008512198 -0.07070714 0.01315873 -0.009673237 -0.06926369 0.01485514 -0.005142927 -0.06527704 0.01226049 -0.007120847 -0.06412792 0.01669323 -0.00549668 -0.06431686 0.01865315 -0.01055443 -0.07035815 0.01775872 -0.01141566 -0.0621109 0.01334792 -0.00733453 -0.07256412 0.01474189 -0.005992352 -0.06759613 0.01306986 -0.002783536 -0.05796164 -0.007960855 -0.03402543 -0.06278145 -0.0100212 -0.03331983 -0.06314855 -0.005261123 -0.03247791 -0.05973172 -0.008729636 -0.02782201 -0.05929642 -0.0126245 -0.029549 -0.06500267 -0.01189047 -0.03202348 -0.06298208 -0.007575809 -0.03590589 -0.05526578 -0.01064294 -0.03043389 -0.06075096 -0.01092094 -0.02588289 -0.05800265 -0.003896892 -0.03236371 -0.0660876 0.01802182 -0.007481575 -0.06162804 -0.009421646 -0.03358787 -0.06877201 0.01571512 -0.005893528 -0.06025588 -0.01169961 -0.03081965 -0.05955976 -0.009520709 -0.03281968 -0.06578361 0.01627784 -0.005579292 -0.06879669 0.01486927 -0.005009114 -0.06880426 0.01944226 -0.002696037 -0.06591922 0.02023786 -0.005901098 -0.07037806 0.01954293 -0.006503999 -0.06504237 0.007459044 -0.01550883 -0.06658804 0.01807564 -0.006506383 -0.06479549 0.01898944 -0.007480323 -0.06925004 0.01773506 -0.006898701 -0.07016837 0.01884722 -0.008980929 -0.06762129 0.01619637 -0.004794239 -0.06524574 0.01519119 -0.003711462 -0.07075428 0.01481151 -0.004927277 -0.06825619 0.01768016 -0.007804036 -0.06618463 0.01664763 -0.006081223 -0.05820637 -0.007734417 -0.0348131 -0.05870831 -0.01050287 -0.03159952 -0.06119525 -0.01120918 -0.03160279 -0.06368005 -0.01213771 -0.03194802 -0.05796641 -0.01242971 -0.03010141 -0.05931389 -0.00951755 -0.03396856 -0.06128793 -0.01150846 -0.03242528 -0.05861538 -0.01115351 -0.03207367 -0.0560438 -0.01439964 -0.03636676 -0.05805999 -0.01111006 -0.03753125 -0.05882924 -0.01577138 -0.0335229 -0.06170153 -0.01501727 -0.03663343 -0.05954188 -0.01392471 -0.03872877 -0.05922323 -0.01661294 -0.03540402 -0.06113404 -0.01375412 -0.03306251 -0.06129825 -0.01117992 -0.03579586 -0.05785423 -0.01190578 -0.0340141 -0.06004858 0.01267445 -0.02688682 -0.04310065 -0.01413881 -0.04781079 -0.06795144 0.01203995 -0.03233921 -0.05016028 -0.01396971 -0.0537908 -0.0383836 -0.004135072 -0.0576874 -0.0542047 0.02340096 -0.03503781 -0.05767601 0.01234537 -0.02502745 -0.0415011 -0.01458734 -0.04592573 -0.05381584 -0.004673838 -0.05728566 -0.04167699 0.006292641 -0.03973668 -0.04488474 -0.005779504 -0.05270349 -0.05826455 0.01538884 -0.03618454 -0.04922693 -0.009459555 -0.05149388 -0.06404739 0.01226115 -0.03382962 -0.04488474 -0.008855521 -0.04876178 -0.05826455 0.01231276 -0.03224277 -0.0392844 -0.00701797 -0.04947733 -0.05393129 0.01585328 -0.0332778 -0.04488474 -0.01039355 -0.04679077 -0.04488474 -0.004241526 -0.0546745 -0.05826455 0.01692682 -0.03815549 -0.05826455 0.01077479 -0.03027182 -0.04310065 -0.01321601 -0.04899328 -0.04928976 -0.01308506 -0.05416882 -0.04490935 -0.007320106 -0.05802232 -0.04310071 -0.007063984 -0.05687695 -0.03872168 -0.006361722 -0.05422878 -0.06004858 0.01974928 -0.03595298 -0.06004858 0.01359724 -0.02806931 -0.05447053 0.01752579 -0.02860629 -0.05850028 0.0220431 -0.03763008 -0.05970084 0.01821124 -0.03370219 -0.06077045 0.01297581 -0.03503715 -0.06096029 0.01773238 -0.03410691 -0.06140971 0.01739042 -0.03403264 -0.06310892 0.01729601 -0.03521335 -0.06229889 0.01601284 -0.03298753 -0.06211054 0.01523655 -0.0318402 -0.0618698 0.01502221 -0.03137058 -0.06086188 0.01490843 -0.03040838 -0.05942851 0.0156545 -0.03019422 -0.05431902 0.01543599 -0.03298622 -0.05913692 0.01561409 -0.02991545 -0.05868738 0.01595616 -0.02998965 -0.05794584 0.01694023 -0.03065013 -0.05779826 0.01733368 -0.0310347 -0.05798661 0.01810997 -0.03218209 -0.0582273 0.01832431 -0.03265178 -0.05923515 0.0184381 -0.03361392 -0.06361949 0.01226377 -0.0364986 -0.05624115 0.02033054 -0.03362524 -0.05686008 0.01551479 -0.02792626 -0.06319302 0.01297003 -0.02981871 -0.04342609 -0.008721053 -0.05501705 -0.04391402 -0.009014129 -0.05503666 -0.04751974 -0.008396506 -0.05149769 -0.04492199 -0.009919881 -0.05469238 -0.04516267 -0.01032328 -0.0543704 -0.04519599 -0.01129472 -0.05315345 -0.04698032 -0.01251506 -0.0530731 -0.0444619 -0.01192653 -0.05174821 -0.04401242 -0.01191544 -0.05139845 -0.04277545 -0.01155894 -0.05085337 -0.04228729 -0.01126575 -0.0508337 -0.04216271 -0.006444573 -0.04965782 -0.04176408 -0.01069629 -0.05113691 -0.04103875 -0.009956598 -0.05150008 -0.04085046 -0.009032368 -0.05253183 -0.04031229 -0.007131695 -0.05458778 -0.04173958 -0.008353412 -0.05412209 -0.04218906 -0.008364498 -0.0544719 -0.0398491 -0.011289 -0.04880934 -0.05005043 -0.00980401 -0.05319684 -0.03946113 -0.004538953 -0.04994601 -0.04230958 -0.008945524 -0.05383545 -0.06148231 0.01575756 -0.03199899 -0.06241148 0.01974463 -0.02908569 -0.06108492 0.02045893 -0.03297972 -0.05870902 0.01898717 -0.02916949 -0.03883773 -0.0166741 -0.05818915 -0.06239897 0.01837646 -0.03164672 -0.0614618 0.01727586 -0.02962642 -0.05982828 0.01942425 -0.0310195 -0.0607953 0.01444822 -0.02902334 -0.06130492 0.0162512 -0.03258299 -0.06364977 0.01613491 -0.03347522 -0.05866628 0.0176171 -0.03210103 -0.05684256 0.01758605 -0.03008139 -0.05921632 0.01962715 -0.0343998 -0.0617389 0.01617467 -0.03128618 -0.06046885 0.01827359 -0.0329495 -0.05898183 0.01738482 -0.03060615 -0.03930962 -0.009051978 -0.05149143 -0.04468178 -0.008979856 -0.05651766 -0.04152798 -0.009616136 -0.05293977 -0.04442071 -0.01088559 -0.05302041 -0.04524827 -0.01318663 -0.05140042 -0.03995496 -0.00975573 -0.05241304 -0.04400771 -0.01079034 -0.05435758 -0.04019051 -0.01621961 -0.0541352 -0.0377292 -0.01415526 -0.05602335 -0.04265737 -0.01575362 -0.05756813 -0.03995072 -0.01329416 -0.05858284 -0.03979539 -0.01283562 -0.0519306 -0.04334568 -0.01384288 -0.05354505 -0.04394185 -0.01254963 -0.05568474 -0.04094737 -0.009813606 -0.05673956 -0.040394 -0.01633131 -0.05593407 -0.04067063 -0.01120835 -0.054663 -0.04856055 0.01149028 -0.05123347 -0.02582705 -0.01563811 -0.06566649 -0.04638886 0.01754844 -0.060135 -0.0164445 -0.004903316 -0.07204365 -0.03687357 0.02003848 -0.04726701 -0.01839429 -0.01270133 -0.05790615 -0.04294717 0.01098144 -0.04486888 -0.01331382 -2.72196e-4 -0.06271314 -0.04299056 0.00439924 -0.06389135 -0.02015769 -0.005663275 -0.06406694 -0.03884065 0.01550507 -0.05392563 -0.02282631 -0.006150841 -0.06795686 -0.04024308 0.01601314 -0.05757349 -0.0426616 0.01119822 -0.05197787 -0.0203889 -0.007737278 -0.06016856 -0.02440744 -0.01073908 -0.06130093 -0.0242207 -0.01374703 -0.06376338 -0.02193737 -0.005089938 -0.06854224 -0.02572226 -0.009249389 -0.06683284 -0.0182833 -0.004008948 -0.06406694 -0.01980996 -0.00750035 -0.05959153 -0.04062026 0.01607841 -0.05840086 -0.03892225 0.01672738 -0.04837417 -0.03696626 0.0171594 -0.05392563 -0.04440522 0.01191896 -0.0566914 -0.03849285 0.013668 -0.04945021 -0.0430904 0.01042926 -0.05115962 -0.0232312 -0.01207184 -0.06818503 -0.0232973 -0.01118212 -0.07014191 -0.01944631 -0.007912397 -0.06989443 -0.01862698 -0.006631374 -0.07103496 -0.01579231 -0.006831407 -0.06541907 -0.01529806 -0.008144319 -0.06177741 -0.0173189 -0.01032274 -0.06094366 -0.01894599 -0.01229131 -0.05982214 -0.02191638 -0.0135616 -0.06265318 -0.03945732 0.01998192 -0.05257344 -0.04311132 0.01890087 -0.05704867 -0.04402923 0.01877528 -0.05850499 -0.04689627 0.01474142 -0.05533927 -0.04845207 0.01372563 -0.05611532 -0.0455814 0.01325172 -0.04980748 -0.04487329 0.01289236 -0.04776364 -0.04098391 0.01649045 -0.04809802 -0.01482188 -0.005645096 -0.0661078 -0.03828346 0.02132761 -0.05324167 -0.03909528 0.01639014 -0.05619555 -0.04451006 0.01717853 -0.05606669 -0.04251658 0.01118505 -0.05167943 -0.0437113 0.01514053 -0.0503323 -0.04071778 0.01814901 -0.05108803 -0.04294288 0.01414597 -0.05864602 -0.03689622 0.01578259 -0.05092269 -0.04081475 0.02022242 -0.05557638 -0.04709136 0.01317787 -0.05243498 -0.04319006 0.01442599 -0.04785305 -0.01770126 -0.007899761 -0.06670379 -0.02443253 -0.008822739 -0.06532043 -0.02168446 -0.01069957 -0.06827539 -0.01728826 -0.009531438 -0.06252551 -0.02119547 -0.008404612 -0.06028848 -0.02349209 -0.01356089 -0.06555742 -0.01975506 -0.0125494 -0.06078422 -0.01813679 -0.005210995 -0.06128787 -0.01964074 -0.003768384 -0.06706976 -0.02444934 -0.00723052 -0.06870174 -0.04290986 0.01743876 -0.05362468 -0.02107685 -0.01137965 -0.06567496 -0.0179879 -0.009824991 -0.06321549 -0.04407721 0.01713961 -0.05514949 -0.04397594 0.01497173 -0.05043691 -0.04678672 0.01956546 -0.05244922 -0.04430538 0.01898926 -0.04920852 -0.01365089 -0.01677197 -0.0685535 -0.04111313 0.01964801 -0.05393147 -0.04669755 0.01460999 -0.05354571 -0.045008 0.01642096 -0.05286055 -0.04340636 0.0181365 -0.05363023 -0.04186439 0.01674461 -0.04886293 -0.04264414 0.01757287 -0.05102461 -0.04405087 0.01655203 -0.05397456 -0.04188328 0.0175606 -0.05207592 -0.04393565 0.01555776 -0.05158913 -0.01843929 -0.009691834 -0.06424164 -0.01829439 -0.008012473 -0.06866043 -0.01939445 -0.009293615 -0.06691586 -0.02081793 -0.01129901 -0.06535226 -0.0182566 -0.01122206 -0.06194645 -0.02209526 -0.01299297 -0.06556558 -0.01837569 -0.009655117 -0.06670111 -0.02034366 -0.01154601 -0.0663293 -0.01867008 -0.01116502 -0.06409788 -0.01823979 -0.01625663 -0.06766223 -0.01428908 -0.01208502 -0.06863212 -0.0146327 -0.01476407 -0.06496661 -0.01351565 -0.0140357 -0.06681531 -0.01527798 -0.01404523 -0.06979829 -0.01898676 -0.01386749 -0.06507831 -0.01582068 -0.01073151 -0.06579381 -0.0185579 -0.0116204 -0.06888288 -0.01611065 -0.01665681 -0.06701737 -0.02637308 0.01153135 -0.06741148 0.00661385 -0.01010984 -0.07675737 -0.01222294 0.02349317 -0.06536358 -0.01517766 0.02126652 -0.06512516 0.01160162 -0.005546689 -0.06793677 -0.01671874 0.01894754 -0.05818104 0.01397895 -0.00305444 -0.06624466 0.002607524 -0.01518088 -0.06302034 -0.006664097 -0.002670109 -0.07673013 -0.0077793 -0.003756344 -0.0577681 0.005952596 -0.005550861 -0.06764078 -0.01518899 0.01561743 -0.0654211 0.00606805 -0.005185902 -0.07000964 -0.006921231 5.95624e-5 -0.07000786 -0.01835817 0.01212251 -0.06230491 0.005275964 -0.007318556 -0.06321555 0.001475214 -0.0103299 -0.0647099 0.005525529 -0.006474614 -0.06289857 0.007721483 -0.003784179 -0.06764078 0.005028307 -0.005976676 -0.07238304 0.001167893 -0.01002216 -0.07057166 -0.01997369 0.01114612 -0.06835198 -0.01966637 0.01083844 -0.06249022 -0.01407414 0.01702964 -0.06826907 -0.0134201 0.01738417 -0.0654211 -0.01611328 0.01519161 -0.07016336 -0.01561599 0.01469367 -0.06067878 0.002857685 -0.01417249 -0.06900268 0.003986775 -0.01284462 -0.07086765 0.005134403 -0.01139986 -0.07371687 0.007847189 -0.008799135 -0.07267898 0.009902298 -0.006813466 -0.07199805 0.0105403 -0.006606638 -0.06793677 0.01017725 -0.00744158 -0.0634849 0.008344411 -0.009297072 -0.06319451 0.004294097 -0.01315236 -0.06500589 -0.01623904 0.02020663 -0.06512516 -0.01822566 0.01885282 -0.07116925 -0.01893216 0.01801407 -0.06986737 -0.02279257 0.01396858 -0.06805604 -0.02248525 0.0136609 -0.06219422 -0.02191185 0.01400107 -0.0600534 -0.01843494 0.01751613 -0.06038284 -0.01664298 0.01924264 -0.05984169 0.004321813 -0.01340687 -0.06231099 -0.02431946 0.01242345 -0.06795716 -0.01482343 0.01618796 -0.06764 -0.02023756 0.01657193 -0.06902182 -0.0190252 0.01157474 -0.06367444 -0.02172547 0.01473587 -0.06510895 -0.01765668 0.01859778 -0.06319701 -0.01386076 0.01661044 -0.06223905 -0.01826381 0.01307106 -0.07042306 -0.01701331 0.01976692 -0.06830716 -0.02055823 0.0153684 -0.0601232 -0.02346676 0.01297253 -0.06497842 0.008690834 -0.008142888 -0.07071101 0.001758933 -0.009470522 -0.06995224 0.005250692 -0.01202738 -0.0668798 0.004369318 -0.007549107 -0.06372648 0.00895977 -0.008423388 -0.06559211 0.003297209 -0.01382523 -0.0680834 0.005696654 -0.01091969 -0.07293868 0.0060184 -0.01163786 -0.06302547 0.007390737 -0.00442326 -0.06469607 0.006947159 -0.004223823 -0.07082283 0.008603751 -0.00848627 -0.06787526 -0.01944178 0.01715469 -0.0665223 0.006541192 -0.01037943 -0.07004272 -0.02104508 0.01532542 -0.06442916 0.006679236 -0.01060527 -0.06659108 -0.01951408 0.01672029 -0.06307375 0.005179584 -0.01206076 -0.06699293 -0.01892787 0.01776593 -0.06746017 -0.0212422 0.01539278 -0.06687062 -0.02155834 0.02084445 -0.0640617 -0.02408522 0.01775968 -0.06553989 0.01353347 -0.01685929 -0.06878721 -0.01949799 0.01772022 -0.06642085 -0.02154636 0.0160678 -0.06532055 -0.01817804 0.01840633 -0.0621339 -0.02028477 0.01712727 -0.06348085 -0.02290189 0.01409786 -0.06499695 -0.01958435 0.01840472 -0.06860566 -0.01773911 0.01884627 -0.06666517 0.006178259 -0.01118469 -0.06769168 0.00616455 -0.01134622 -0.06443309 0.008197426 -0.009680271 -0.06677192 0.004606783 -0.01286756 -0.06888586 0.008076786 -0.009273409 -0.07174223 0.006035387 -0.01253587 -0.06511217 0.009902358 -0.008615076 -0.06566941 0.007188975 -0.01094168 -0.06924623 0.009599566 -0.01574254 -0.06606078 0.01084613 -0.01378595 -0.07140725 0.01300787 -0.0121237 -0.06776267 0.01278829 -0.01458644 -0.06664127 0.01307344 -0.01389032 -0.0701732 0.01015299 -0.0167827 -0.06861758 0.007273197 -0.01391619 -0.06751674 0.01044052 -0.01089793 -0.06633067 0.009744822 -0.01111847 -0.0704683 0.004167795 0.01245367 -0.07424104 0.0265783 -0.01593297 -0.06077349 0.03626275 -0.008365392 -0.06648999 0.01186221 0.02019673 -0.07290542 0.008546233 0.0205993 -0.06055939 0.03103315 -0.009100377 -0.05126744 0.03844261 -0.001323223 -0.05804497 -3.06895e-4 0.01121842 -0.06329017 0.03230327 -0.01137179 -0.06952315 0.03157258 -0.005583524 -0.06091022 0.01119077 0.01558482 -0.06695014 0.02960485 -0.008496284 -0.06448847 0.01037478 0.01366561 -0.07093966 0.02962392 -0.006326436 -0.05692064 0.006154775 0.01476353 -0.06275689 0.02644729 -0.0096969 -0.05803143 0.02745419 -0.0135706 -0.0584765 0.03466248 -0.007788717 -0.06520318 0.03337347 -0.003849506 -0.06091022 0.02726811 -0.01054936 -0.06378901 0.03154861 -0.006935477 -0.06556814 0.03022056 -0.005556166 -0.05625236 0.006886243 0.01061898 -0.06982886 0.003264009 0.01178985 -0.06971466 0.01185452 0.01711672 -0.06382107 0.0129916 0.01731884 -0.06695014 0.01116693 0.01423287 -0.07160806 0.009838819 0.01561218 -0.06229209 0.006065487 0.01147145 -0.06407135 0.02998566 -0.01337182 -0.06298375 0.03095984 -0.01305592 -0.0651865 0.03426629 -0.009757936 -0.06476289 0.03609097 -0.006671965 -0.06010484 0.03293818 -0.008378624 -0.05544704 0.03173637 -0.009103775 -0.0539748 0.02916491 -0.01251935 -0.05722618 0.01027411 0.0201413 -0.0677554 0.008449316 0.01705533 -0.07241332 0.007735371 0.0159595 -0.0738064 0.004168689 0.01344144 -0.07063412 0.003347933 0.01429384 -0.06487667 0.007121264 0.01843464 -0.06309747 0.008681893 0.01994913 -0.06302142 0.03708183 -0.005345582 -0.05882692 0.01165652 0.02108389 -0.06907999 0.01205527 0.01578468 -0.06911146 0.007398843 0.01665252 -0.07023847 0.008953571 0.01404404 -0.06474727 0.00362122 0.01401704 -0.06677824 0.00708425 0.01788353 -0.06487685 0.005645692 0.01020479 -0.06709426 0.007438063 0.01334804 -0.0621261 0.007559895 0.0134139 -0.07224011 0.01010119 0.01908308 -0.07088083 0.009367883 0.02009397 -0.06486314 0.03406608 -0.008280575 -0.05889499 0.03190517 -0.00602895 -0.06363761 0.03272885 -0.01094555 -0.06376594 0.02871125 -0.007505536 -0.05800181 0.0304225 -0.01128965 -0.05710732 0.02874511 -0.01378601 -0.06024897 0.03502696 -0.006804704 -0.05697941 0.03600949 -0.00757575 -0.06299722 0.0291953 -0.009248793 -0.06573426 0.02800863 -0.007613122 -0.05599725 0.0325365 -0.01072335 -0.06231665 0.007125496 0.01664197 -0.06939488 0.005462169 0.01571708 -0.06704884 0.03103023 -0.01122266 -0.05897879 0.03332465 -0.00905019 -0.05910325 0.00742042 0.01660954 -0.07049733 0.004684627 0.01495099 -0.06708449 0.002846479 0.01993608 -0.06810224 0.006990849 0.02060151 -0.06791329 0.00479722 0.01758491 -0.07114005 0.01918911 0.002353966 -0.06113106 0.003909945 0.01757985 -0.06742948 0.005419731 0.01918011 -0.06691563 0.007658898 0.01713389 -0.07181072 0.007046222 0.01774841 -0.06922304 0.00494945 0.01616358 -0.06795603 0.003520548 0.01462602 -0.06576943 0.008212566 0.01939117 -0.06537359 0.006761372 0.01819545 -0.06669491 0.007514953 0.01713949 -0.06918138 0.006658315 0.0170238 -0.06621956 0.02978301 -0.01302117 -0.05918598 0.03336632 -0.01000964 -0.05852007 0.03474545 -0.007974028 -0.05782777 0.03305584 -0.01034444 -0.06172984 0.03341382 -0.01104688 -0.06193357 0.03471726 -0.009002506 -0.06322062 0.03190332 -0.01022636 -0.05856382 0.03775161 -0.01240807 -0.05676293 0.03524178 -0.01574331 -0.05695378 0.03592354 -0.01639747 -0.06027048 0.03849405 -0.01384234 -0.06067639 0.03197973 -0.01443636 -0.05938106 0.03397262 -0.01189547 -0.05732697 0.03585427 -0.01155608 -0.06240755 0.03582233 -0.01047241 -0.05859017 0.03367102 -0.01310926 -0.0606355 0.02699029 0.01267445 -0.06006371 0.04791432 -0.01413881 -0.04311597 0.02989894 0.0114513 -0.06551033 0.04900598 -0.01553666 -0.0467987 0.05963331 -0.004512965 -0.04114681 0.02529972 0.01277649 -0.05754709 0.04675638 -0.01338529 -0.04033958 0.03929525 0.02198547 -0.06150251 0.04395097 -0.01454395 -0.04050379 0.05769479 -0.009902358 -0.05364686 0.03378039 0.0229333 -0.05250579 0.05280709 -0.005779445 -0.04489994 0.03628808 0.01538884 -0.05827981 0.05478858 -0.009935975 -0.0485602 0.03551691 0.0121622 -0.06242042 0.04886519 -0.008855521 -0.04489994 0.03234624 0.01231282 -0.05827981 0.04983663 -0.005449295 -0.04072064 0.03107523 0.01640033 -0.05398982 0.04689431 -0.0103935 -0.04489994 0.05477792 -0.004241466 -0.04489994 0.03825896 0.01692688 -0.05827981 0.03037536 0.01077479 -0.05827981 0.04909688 -0.01321595 -0.04311597 0.05698055 -0.007063925 -0.04311597 0.05058401 -0.008160889 -0.03698128 0.03605645 0.01974934 -0.06006371 0.03190541 0.01287531 -0.06579065 0.02817285 0.01359719 -0.06006371 0.03750431 0.02092212 -0.06000077 0.03399699 0.01834785 -0.05973839 0.03573215 0.01251703 -0.06221789 0.03421038 0.01773244 -0.06097549 0.03413611 0.01739042 -0.06142497 0.03347563 0.01640629 -0.06216657 0.03303676 0.01609992 -0.06209677 0.03194379 0.01523667 -0.0621258 0.03147405 0.01502227 -0.06188499 0.03051185 0.01490849 -0.06087714 0.03023231 0.01499873 -0.06038916 0.03316605 0.01604014 -0.05613291 0.03001892 0.01561421 -0.059152 0.03009325 0.01595622 -0.05870258 0.02900367 0.0162639 -0.05696731 0.0311383 0.01733368 -0.05781352 0.03228574 0.01811009 -0.05800181 0.03435134 0.01944303 -0.05845433 0.03159743 0.0150094 -0.05311149 0.03616285 0.01769375 -0.06344985 0.03042489 0.01304388 -0.06370687 0.05477792 -0.009144783 -0.04366606 0.05610692 -0.009014427 -0.04512 0.05058813 -0.00931847 -0.04773759 0.05479592 -0.009919881 -0.04493725 0.05447375 -0.01032334 -0.04517793 0.05344194 -0.01124763 -0.04536622 0.05296689 -0.01152509 -0.04521864 0.05185168 -0.01192653 -0.0444771 0.05150192 -0.01191544 -0.04402768 0.05121213 -0.01167404 -0.04329162 0.05093717 -0.01126575 -0.04230254 0.04957365 -0.006998658 -0.0409674 0.05128151 -0.01036 -0.04129469 0.05160349 -0.009956538 -0.04105395 0.05278056 -0.009049654 -0.04108256 0.05311042 -0.008754909 -0.04101324 0.05420547 -0.0077551 -0.04077762 0.05103766 -0.006406068 -0.0385797 0.05368 -0.0109502 -0.04877781 0.03076148 0.0159257 -0.05957585 0.03283518 0.01785838 -0.05907857 0.02907508 0.01998043 -0.06185406 0.0327062 0.02052688 -0.06054115 0.03120696 0.01715219 -0.06407141 0.05825126 -0.01681774 -0.03903007 0.03200328 0.018651 -0.06213593 0.02941328 0.0173338 -0.06105029 0.03105109 0.01939576 -0.05993854 0.03097587 0.01607239 -0.06140232 0.02888262 0.01471096 -0.06048464 0.03299599 0.0176813 -0.061351 0.03478163 0.01726222 -0.06316316 0.03081548 0.01822465 -0.05671018 0.03139388 0.0179708 -0.05904871 0.03311586 0.01677948 -0.06113934 0.03202694 0.01745218 -0.05868834 0.0501163 -0.01201528 -0.04140049 0.05297827 -0.01024061 -0.04136365 0.05429029 -0.007836639 -0.0399788 0.05394345 -0.01208567 -0.04525786 0.05572217 -0.01012516 -0.04600566 0.05313074 -0.01151734 -0.04439634 0.05112612 -0.01275599 -0.04489356 0.05186802 -0.01032489 -0.04201012 0.05490332 -0.01668691 -0.04057902 0.05777436 -0.01564925 -0.04213541 0.05552744 -0.01276314 -0.03792333 0.05874335 -0.01297128 -0.04101872 0.05710679 -0.01391369 -0.03809338 0.0538004 -0.01434135 -0.04416519 0.05324363 -0.01198905 -0.03988665 0.05624848 -0.01024812 -0.04093086 0.05423647 -0.01313036 -0.04309594 0.04958385 0.02107554 -0.03667134 0.07050842 -0.00441426 -0.01573091 0.05824583 -0.01329094 -0.01856142 0.04975217 0.01001584 -0.04947209 0.06034731 0.01962083 -0.0440582 0.06775921 -0.01589614 -0.02705532 0.0669884 0.01130068 -0.03476113 0.05375111 -0.003607034 -0.01865315 0.06417036 -0.00897181 -0.02392166 0.05402904 0.01219654 -0.04260462 0.06194597 -0.01019376 -0.02409756 0.05027949 0.01173692 -0.04108971 0.06368148 -0.005031347 -0.01918822 0.05762606 0.01586842 -0.04039484 0.06794112 -0.007370293 -0.02415913 0.06693631 -0.003895938 -0.01967185 0.06864571 -0.007134675 -0.02426946 0.06417036 -0.01062607 -0.02579605 0.05969506 -0.009545147 -0.02214205 0.0614044 -0.005385637 -0.01835709 0.06066781 -0.008419334 -0.01659244 0.05402904 0.01054227 -0.04447901 0.0585044 0.01403367 -0.04295229 0.04955375 0.0116232 -0.04082489 0.05126315 0.01578271 -0.03704005 0.056795 0.01727241 -0.03835481 0.06275665 -0.008208096 -0.0158661 0.06104719 -0.0123676 -0.01965099 0.06214267 -0.01420325 -0.02232468 0.06552255 -0.01344853 -0.02330499 0.06797659 -0.01310926 -0.0242573 0.0699979 -0.009957134 -0.0217784 0.07139748 -0.008607983 -0.02102059 0.06828844 -0.006718397 -0.01718086 0.05267685 0.01336473 -0.04697 0.04799634 0.01322549 -0.04460173 0.04820162 0.01444566 -0.04331594 0.04737061 0.01641964 -0.04063045 0.04991096 0.01860517 -0.03953111 0.05207914 0.02071565 -0.03831803 0.05544281 0.02009487 -0.04084587 0.05775934 0.01988685 -0.04233396 0.05715227 0.01685613 -0.04544335 0.05755203 0.01570218 -0.0469554 0.06768947 -0.005473732 -0.01545059 0.05938148 -0.01219636 -0.01855278 0.05329453 0.01237064 -0.04843169 0.05472874 0.01639312 -0.04465848 0.05210995 0.01120758 -0.04268586 0.04909408 0.0156455 -0.04244601 0.05615055 0.01561081 -0.03986108 0.05281275 0.0185796 -0.04112833 0.04930865 0.0135557 -0.03850239 0.05791902 0.01787155 -0.04213982 0.05545586 0.01456677 -0.04711645 0.05281531 0.02016872 -0.0393359 0.04967397 0.0131241 -0.04561263 0.0669133 -0.01133596 -0.02166944 0.06150406 -0.009653747 -0.02324914 0.06292223 -0.0108639 -0.01894539 0.06580877 -0.006323635 -0.021829 0.0657019 -0.007557153 -0.01674431 0.0701574 -0.007730543 -0.01934218 0.06080216 -0.0104351 -0.01732844 0.06852555 -0.01207172 -0.02337509 0.06274366 -0.01374328 -0.02213048 0.06430882 -0.003822088 -0.01816201 0.06632602 -0.01093631 -0.02089518 0.05130177 0.01635968 -0.04278826 0.06465739 -0.009184002 -0.01799839 0.06735736 -0.009076833 -0.01934891 0.05252683 0.01825791 -0.04134654 0.06303048 -0.0114212 -0.01966124 0.05082368 0.01979738 -0.04619294 0.04909688 0.01809519 -0.04384189 0.05442583 0.01975607 -0.04485273 0.0551539 0.01113796 -0.03826224 0.05222451 0.01943951 -0.04061836 0.05422037 0.01708495 -0.04360651 0.05602598 0.01856309 -0.04347676 0.05349326 0.01475363 -0.04649078 0.05134248 0.0156629 -0.0436418 0.04890632 0.01578879 -0.04279112 0.05187124 0.01817184 -0.04237061 0.05141437 0.01617181 -0.04445379 0.05398356 0.0176872 -0.04406642 0.06702619 -0.00964874 -0.01921683 0.06534796 -0.0118612 -0.02012872 0.06595897 -0.008611679 -0.0167272 0.06188571 -0.01114916 -0.01807296 0.06903856 -0.01077657 -0.0208463 0.06659585 -0.01247894 -0.02231806 0.0683583 -0.007965981 -0.01880389 0.06415539 -0.01001065 -0.01871186 0.06758469 -0.01291805 -0.0132755 0.06858813 -0.01565581 -0.01847046 0.0654205 -0.01264679 -0.01525974 0.06989151 -0.01420682 -0.01514244 0.06726557 -0.01685786 -0.01672333 0.06429421 -0.01275599 -0.01737886 0.06813961 -0.01302874 -0.0197159 0.05937695 0.0192632 -0.01687085 0.06976711 -0.006774842 0.01304268 0.06412768 0.01031982 -0.02582937 0.06159615 -0.01375591 0.003890991 0.06522864 0.01208001 -0.02439111 0.06804025 -0.01473325 0.002388179 0.07326543 0.01534944 -0.02195715 0.05647403 0.01539969 -0.01975768 0.06995064 0.02266567 -0.01406431 0.0720182 -0.01637613 -0.001281201 0.06774425 -0.009084105 0.002399504 0.06552457 0.01208418 -0.01874202 0.06419372 -0.006341278 0.00551927 0.06169599 0.01236653 -0.01805537 0.0690751 0.01520037 -0.0159952 0.07157284 -0.008397936 0.002682745 0.07067513 -0.004305124 0.006876826 0.06300204 -0.008658289 0.003323853 0.06774425 -0.01085078 6.30714e-4 0.06481337 -0.004612863 0.007184267 0.07248651 -0.008160412 0.002826631 0.07026684 0.01300793 -0.01831495 0.06552457 0.01031756 -0.02051091 0.06845545 0.01686322 -0.01426464 0.06259369 0.01655548 -0.01395738 0.06078225 0.01251006 -0.01781773 0.06962388 -0.005848467 0.01111042 0.06510937 -0.007435321 0.01000308 0.06280303 -0.007700324 0.009977102 0.06329798 -0.01148074 0.006142735 0.06349825 -0.01357829 0.004016757 0.06804025 -0.01367324 0.003449559 0.07185447 -0.01315963 0.003567278 0.07278245 -0.01098287 0.005645513 0.07392519 -0.008995652 0.007513761 0.07097113 -0.007127583 0.009695827 0.06522864 0.01314002 -0.02332979 0.06202208 0.01296758 -0.0231648 0.06048631 0.01533252 -0.02063655 0.05898433 0.01624614 -0.01955294 0.06229776 0.01937794 -0.01677626 0.06815952 0.01968568 -0.01708358 0.07012408 0.01970565 -0.0172581 0.0699709 0.01583039 -0.02113384 0.07049137 0.01408392 -0.02292966 0.06232589 0.02077305 -0.01537531 0.06274408 0.01561057 -0.02059537 0.06340706 0.01147061 -0.01911205 0.06511116 0.01691901 -0.01386785 0.06285315 0.01882308 -0.01739341 0.06875222 0.01539868 -0.01576006 0.06766474 0.01588886 -0.02083772 0.06782835 0.01156121 -0.01951646 0.06052261 0.01463061 -0.0156672 0.0702306 0.01797825 -0.0190106 0.06204658 0.01357966 -0.02255553 0.06817334 0.0137791 -0.02299904 0.06537526 0.020374 -0.01610207 0.06588172 -0.01152265 0.005837857 0.06370055 -0.007028996 0.004863023 0.06898468 -0.008288502 0.008746802 0.07049638 -0.005223274 0.006004691 0.07093 -0.01181536 0.004974365 0.06303828 -0.009360194 0.008293211 0.0678935 -0.006454646 0.01069265 0.07295155 -0.008642137 0.007971405 0.06481695 -0.01188951 0.002735912 0.07068896 -0.0102117 9.61409e-4 0.06603145 -0.01064491 0.006692409 0.06378221 0.01610022 -0.02021396 0.06503039 0.01791316 -0.01851445 0.06925195 -0.008812248 0.008189737 0.06921923 -0.01094537 0.006071627 0.06740134 0.01661419 -0.02007782 0.07037526 -0.01098752 0.005893528 0.06655681 -0.00876224 0.00852257 0.06511771 0.02083355 -0.02328002 0.0638433 0.01647424 -0.02355414 0.06796473 0.01834875 -0.02209281 0.06265705 0.01967793 -0.02020668 0.06866645 -0.01686829 0.01352691 0.06349021 0.01800113 -0.02167677 0.06509095 0.01953339 -0.02039146 0.066513 0.01786839 -0.02208769 0.06657886 0.01792424 -0.01985555 0.0679689 0.01929402 -0.01809275 0.06379556 0.01784044 -0.01960813 0.06123882 0.01662307 -0.01995354 0.0646733 0.01604402 -0.02149897 0.06644988 0.01445555 -0.02271711 0.06410312 0.01569163 -0.02065676 0.06689095 0.01666295 -0.01996082 0.06942689 -0.0112605 0.00690788 0.0720629 -0.01018053 0.006991863 0.06918752 -0.009342133 0.008033156 0.06752371 -0.008030831 0.01035559 0.06720817 -0.01317209 0.004612803 0.06672561 -0.01145136 0.006947517 0.06440001 -0.01000344 0.007967054 0.06680154 -0.009891748 0.007677197 0.06844776 -0.007488965 0.00959891 0.06549102 -0.0138629 0.01140034 0.07140243 -0.01333492 0.01191443 0.06786507 -0.01645308 0.009023189 0.06775021 -0.01356118 0.01337844 0.07018029 -0.01387107 0.0128327 0.06598407 -0.01281231 0.008504033 0.07058024 -0.01272302 0.008107662 0.06782215 -0.01050442 0.01063644 0.06711667 -0.01625555 0.01135063 0.06815057 0.0224992 0.01248264 0.05252099 -0.007565081 0.03288209 0.06206691 0.01348787 0.001607179 0.06464427 -0.01580005 0.02782869 0.07438457 0.01448237 0.006297111 0.06278187 -0.005375206 0.03830403 0.05686354 -7.50635e-4 0.007819056 0.07634466 0.01544314 0.008307635 0.06438511 -0.003962814 0.04025483 0.06101369 -0.009051442 0.02795547 0.06705361 0.01211684 0.007573664 0.05836832 -0.004813075 0.03157186 0.06424707 0.01588749 0.01066261 0.06800669 0.001796007 0.01921564 0.05813497 -0.0040856 0.03225994 0.05818802 -0.01257926 0.02738988 0.06101369 -0.01078546 0.02615451 0.05635583 -0.007699489 0.02797937 0.06389248 -0.004938066 0.03308069 0.06567168 -0.0090788 0.02930742 0.06417483 0.01708275 0.01187819 0.06500267 0.01298063 0.003453612 0.06239563 0.01346886 0.007597625 0.06705361 0.01038289 0.005772829 0.06993234 0.01623028 0.01269894 0.07171148 0.01208955 0.008925616 0.06277352 -0.006478905 0.03702408 0.05732971 -0.006908059 0.03497743 0.05436545 -0.009541392 0.03137576 0.05555045 -0.01052194 0.03069686 0.06020838 -0.01360791 0.02887219 0.0634666 -0.01399713 0.02943241 0.06486636 -0.01190125 0.03202491 0.06624019 -0.01092332 0.03343874 0.06308716 -0.007760524 0.03579831 0.06785887 0.01320534 0.003055274 0.06320101 0.01629132 0.004880011 0.06163412 0.01691573 0.005081415 0.06498014 0.0199052 0.009160578 0.06437629 0.02143925 0.01058024 0.07073765 0.01905274 0.009981393 0.07270878 0.01842409 0.009922921 0.07251679 0.014912 0.006208062 0.07054823 0.01269787 0.003320574 0.05653226 -0.005674719 0.03602212 0.0744667 0.01518762 0.007072091 0.06958353 0.01488685 0.005316197 0.06708502 0.01651364 0.009172797 0.06495541 0.0156008 0.004661321 0.06664824 0.01686507 0.01235055 0.06987595 0.01180714 0.008135437 0.06416136 0.01128661 0.005854249 0.07187753 0.01435375 0.01132643 0.07075119 0.01325261 0.003961384 0.06303495 0.01860469 0.0072335 0.06800293 0.02027672 0.01044219 0.06099772 -0.0120812 0.03069901 0.05827611 -0.005846917 0.03045487 0.0565803 -0.009330928 0.03223001 0.0629245 -0.008794963 0.03469437 0.06343603 -0.009633362 0.02808928 0.0633338 -0.01347523 0.02993613 0.05731612 -0.01270413 0.02895373 0.06006431 -0.006493866 0.03621804 0.06592673 -0.007021844 0.03151929 0.05618983 -0.005386114 0.0303328 0.05919504 -0.01093161 0.03136861 0.06653749 0.01583844 0.005399286 0.066289 0.0179013 0.007466733 0.0607168 -0.009202003 0.03359884 0.0692259 0.01733791 0.007732093 0.06168246 -0.01135367 0.03165137 0.06149435 -0.0088858 0.03416192 0.05763578 -0.01023405 0.03161382 0.06903427 0.02014029 0.002932608 0.0709176 0.0169993 0.004065155 0.07005476 0.0198903 0.00682193 0.0657832 0.01990616 0.00559318 0.06521809 0.007417261 0.01556879 0.06762713 0.01972049 0.009113907 0.06643486 0.01681923 0.006423592 0.06426751 0.0163173 0.004662692 0.07158762 0.01519167 0.005680859 0.06932222 0.01585739 0.006243169 0.06661176 0.01802939 0.006439745 0.06876862 0.01615011 0.005176246 0.06919157 0.01787883 0.00712651 0.05613827 -0.00947386 0.03308302 0.05864202 -0.0095824 0.03311616 0.06018686 -0.009566664 0.03424048 0.06252151 -0.008694291 0.03524512 0.06072437 -0.01155179 0.03239113 0.0636 -0.0118435 0.03232294 0.05976873 -0.01303052 0.02991819 0.05724924 -0.007919847 0.03387951 0.06163871 -0.01030951 0.03271478 0.05657207 -0.01403617 0.03761333 0.06176561 -0.01565736 0.03623449 0.0575127 -0.01608633 0.035016 0.06023478 -0.01629173 0.03641963 0.05952507 -0.01393347 0.03250586 0.05783522 -0.01009571 0.0360825 0.06199628 -0.0127387 0.03449457 0.05966782 -0.01317518 0.03868395 0.05894756 -0.0109654 0.03534829 0.06016725 0.02067214 0.03722381 0.04321944 -0.006141066 0.05814778 0.03632259 -0.006231844 0.05238878 0.05306148 0.02009409 0.03092068 0.05588632 0.01333129 0.02481168 0.04764628 -0.01646912 0.04960191 0.06253522 0.0205419 0.03835111 0.0470674 -0.007485866 0.05949586 0.0667153 0.01176512 0.02965241 0.03822052 -0.00189042 0.056643 0.04500347 -0.008855462 0.04884994 0.05838322 0.01231282 0.03233098 0.04080235 -0.005410969 0.0498498 0.05421006 0.01764285 0.03242707 0.04500347 -0.005779445 0.05279183 0.05838322 0.0153889 0.03627288 0.04913681 -0.009693264 0.05401754 0.06276488 0.01236861 0.0359655 0.04500347 -0.004241466 0.05476278 0.04500347 -0.0103935 0.04687911 0.05838322 0.01077485 0.03036016 0.05838322 0.01692688 0.03824377 0.04321944 -0.007063925 0.05696529 0.03725057 -0.006861686 0.05237674 0.04152631 -0.01295876 0.04806983 0.0432195 -0.01321595 0.04908162 0.04770207 -0.0139873 0.05172306 0.06016725 0.0135973 0.02815765 0.06016725 0.01974934 0.03604125 0.0659576 0.01512485 0.0348168 0.06031256 0.01256531 0.02692824 0.06037783 0.0151897 0.03037023 0.05544579 0.01431739 0.03251278 0.05925559 0.01561409 0.03000366 0.05880618 0.01595616 0.03007799 0.05806452 0.01694029 0.03073847 0.05791693 0.01733368 0.03112298 0.05810523 0.01811003 0.03227037 0.0582959 0.01804232 0.03233599 0.05679935 0.0196886 0.03324019 0.05984199 0.01834791 0.0339818 0.06168526 0.01347863 0.03403699 0.0610789 0.0177325 0.03419518 0.06152838 0.01739048 0.03412085 0.06296479 0.01758164 0.0354492 0.06217104 0.01605534 0.03294271 0.06222921 0.01523661 0.03192847 0.06205058 0.01415872 0.03040945 0.05407392 0.01717418 0.03092819 0.06362313 0.01140916 0.03541064 0.04289418 -0.01155889 0.05094158 0.04240608 -0.01126569 0.05092191 0.0409578 -0.005735039 0.04960435 0.04139816 -0.01036006 0.05126625 0.04115748 -0.009956538 0.05158823 0.04096919 -0.009032309 0.05262023 0.04111677 -0.008754849 0.05309522 0.04185825 -0.008353352 0.05421042 0.04230785 -0.008364498 0.0545603 0.04338699 -0.008792519 0.05488079 0.04740351 -0.008889734 0.05242031 0.04476857 -0.008697032 0.05614078 0.04528141 -0.01032322 0.05445861 0.04546982 -0.01124757 0.05342674 0.04677402 -0.01293843 0.05232983 0.04458063 -0.01192647 0.05183655 0.04413115 -0.01191538 0.05148679 0.0379799 -0.007344603 0.05234247 0.05072999 -0.009675323 0.05249208 0.04447191 -0.01120215 0.05271929 0.04178571 -0.00992918 0.05213218 0.06279796 0.02013248 0.02986079 0.06018054 0.01721829 0.02805149 0.0596401 0.02058261 0.0319401 0.0542947 0.007470071 0.03937333 0.05913686 0.0178526 0.03128612 0.05679178 0.0178852 0.03009682 0.06157863 0.01596808 0.0309714 0.0624141 0.01428377 0.02993649 0.06083208 0.01945573 0.03506493 0.06115114 0.01735317 0.03333729 0.06289106 0.01720738 0.03495317 0.05872952 0.01734554 0.03184014 0.06109762 0.01549887 0.03134799 0.04329735 -0.009793519 0.0546475 0.03933972 -0.009200215 0.05190819 0.04171401 -0.01096302 0.05220222 0.04525852 -0.009955286 0.05640453 0.04489505 -0.01312255 0.0511828 0.04416096 -0.0117312 0.0531997 0.04468947 -0.008545875 0.05628263 0.04190915 -0.009760737 0.05242866 0.04158735 -0.01416975 0.05893015 0.0420736 -0.01624143 0.05432909 0.03798538 -0.01296752 0.05550557 0.03940844 -0.01625823 0.05491977 0.04065239 -0.01286661 0.05255621 0.04386818 -0.01301431 0.05491858 0.04205954 -0.01045197 0.05687153 0.03952866 -0.01391458 0.05819606</float_array>
          <technique_common>
            <accessor source="#Test_011-mesh-positions-array" count="2261" stride="3">
              <param name="X" type="float"/>
              <param name="Y" type="float"/>
              <param name="Z" type="float"/>
            </accessor>
          </technique_common>
        </source>
        <source id="Test_011-mesh-normals">
          <float_array id="Test_011-mesh-normals-array" count="18270">-0.3363505 -0.7056659 -0.6236217 0.2196921 -0.8572636 -0.4656551 -0.2600021 -0.6857249 0.6798384 0.8173244 -0.507852 -0.2721531 -0.7412292 -0.6709781 0.01917773 -0.8997472 0.4155613 -0.1332814 0.5182579 0.5443965 0.6595767 0.4077755 -0.9051977 0.1197342 -0.5309044 -0.2867195 -0.7974538 0.9542026 0.248835 0.1660681 0.06387913 0.7091803 0.7021274 0.2464028 0.06075239 0.9672615 -0.4950763 0.5924062 0.6355742 0.02931207 -0.2526125 -0.9671235 -0.7045354 -0.7056591 0.0753346 0.03850018 0.2105621 0.9768221 0.6676151 0.1091441 -0.7364629 0.2109445 -0.2724654 -0.9387571 0.5297352 -0.2522799 -0.8097751 -0.5417661 -0.7797117 0.3139096 0.1923235 -0.8009027 0.5670684 0.6798219 -0.7054247 0.2005449 0.8175867 0.53767 -0.2060661 -0.6239321 0.702225 0.3429122 0.4240124 0.6209157 -0.6593005 -0.6434948 -0.6559282 0.3945539 0.2938961 0.3801997 0.8769683 -0.88347 0.05159038 -0.4656385 -0.05148118 0.9644411 0.2592356 -0.890657 0.383341 0.2444994 -0.7077351 0.3362097 -0.6213486 0.2719271 -0.6800416 0.6808812 -0.7978046 0.1452081 0.5851687 0.3551344 0.4573509 -0.8152973 -0.4514814 0.6955814 0.5588659 -0.9890078 0.02721816 0.1453364 -0.3863361 0.695672 -0.6056277 -0.3526676 -0.4268955 -0.832698 -0.7328107 0.365161 -0.5741481 0.8114607 -0.2710241 -0.517762 0.7814186 -0.2478243 -0.5726851 -0.5891203 -0.7799451 0.2112417 0.03310084 0.6923667 -0.7207862 -0.165493 0.5144034 0.8414282 0.9359604 0.1454121 -0.3206768 -0.2754744 0.7702449 -0.5751841 -0.4579571 0.6951955 -0.5540564 -0.5362406 0.7032262 0.466818 0.6676396 -0.6242581 0.405659 -0.5728725 -0.6893578 0.4433993 0.5356442 -0.703301 -0.4673897 -0.5377691 -0.284349 0.793694 -0.5046721 -0.2924102 -0.8122823 -0.8825222 -0.06496167 0.4657624 0.8002185 -0.5457741 0.2485584 0.2740545 -0.6891745 0.6707702 -0.6826665 -0.5660274 0.4621467 -0.06693464 0.1957167 0.9783735 -0.1242477 0.730946 -0.6710296 0.6972291 0.6825547 0.2190679 -0.7927991 -0.3060297 -0.5270822 0.1946417 -0.116795 -0.9738961 -0.670743 0.5845692 0.4564896 -0.4413417 -0.6105224 0.657632 -0.1523945 0.6872714 -0.7102351 0.9959598 -0.05733507 0.06911402 0.3376684 0.8826833 -0.3268798 0.9637237 0.1043114 -0.2456743 -0.4976192 0.2535268 -0.8295176 -0.5911032 0.09605777 0.8008559 0.2460829 -0.4948182 0.8334256 0.6080887 -0.07233202 0.7905672 -0.7886292 -0.2321092 0.5693762 0.5685876 0.6240659 -0.535957 -0.3714444 0.4138004 -0.8311429 -0.699323 0.5571665 0.4477868 -0.3932409 -0.06585842 -0.9170737 -0.4285894 -0.7648568 0.480942 -0.3306745 0.05117213 0.9423565 0.5518195 0.8234233 -0.1321721 -0.8118479 0.2750993 0.5149986 -0.7797161 0.410072 0.4731636 -0.4429665 -0.4537983 0.7732061 0.6819673 -0.7287141 -0.06242293 0.5874601 0.7220972 0.3653305 0.472075 0.5959627 -0.6495951 0.3518102 0.1400578 -0.9255341 0.2547318 0.7275427 0.6370192 -0.7004703 -0.6596132 -0.2724919 0.8343133 0.4824892 -0.2666941 0.9503448 0.1272645 -0.2839869 0.07556813 -0.1855899 -0.9797173 0.2571645 0.7400726 0.621417 0.2975043 0.7163047 -0.6311884 -0.225517 0.1970878 -0.9540956 -0.8586998 -0.5026935 -0.09966868 -0.7127986 0.1369596 -0.6878665 -0.5991165 -0.657607 0.4567412 -0.793962 0.2777392 0.5408193 -0.01065266 0.6375399 0.7703437 0.8102177 0.5755992 0.1106022 0.1916301 -0.8101186 0.5540631 -0.7045856 -0.7056767 0.07469779 0.126487 0.4373505 -0.8903514 0.2756565 0.742876 0.6100401 0.5295499 0.07576543 0.8448886 0.2467955 -0.7679832 -0.5910108 -0.746627 0.6404691 -0.1798544 -0.3978558 -0.2913635 0.8699529 0.421503 -0.6961971 0.5810722 -0.6980267 -0.1551762 0.6990559 0.2320393 -0.6646736 0.7101879 -0.8017361 0.568314 -0.1850365 0.8882547 0.3598372 0.2855185 0.7986982 -0.1214588 -0.5893464 -0.1994984 -0.707413 0.6780614 0.3395129 -0.5705884 0.74777 0.2603855 -0.5957534 0.7597877 0.4697983 -0.4923014 0.7327543 0.8000507 -0.4392636 0.4086152 -0.4823824 0.537397 -0.6917455 0.3573283 0.6402286 -0.6800175 0.2012712 0.6811749 0.7039111 0.6257424 -0.6856885 -0.3718573 0.9914739 0.03650182 -0.1250885 0.4829453 0.4681101 0.7400249 0.8853671 -0.2005016 0.4194334 -0.7137615 0.5872042 -0.3817535 -0.9360401 -0.09995245 -0.3373997 -0.8305634 -0.002446115 0.5569187 -0.4440391 0.6544408 -0.611994 0.07946473 0.7281371 0.6808097 -0.1808642 0.867539 0.4633187 -0.834127 0.4497026 0.3193741 0.514916 0.04957103 0.8558062 0.8524474 0.494651 0.169275 0.8263599 0.2298138 0.5141156 -0.5169969 -0.6190724 -0.5911546 0.3522261 -0.2322244 0.9066469 -0.146002 -0.6853475 -0.7134299 0.06463384 -0.7039733 -0.7072795 -0.8421647 0.4612697 -0.2792649 -0.1583321 -0.2847138 -0.9454465 -0.05840951 0.4378963 -0.8971261 0.2063319 0.9211633 -0.3299779 -0.842972 0.5306348 -0.08845853 -0.2940536 0.7298404 0.617143 0.4499211 -0.7185493 -0.5303376 -0.2790037 -0.05344915 -0.9588015 0.1521445 -0.6027302 -0.7833061 0.6901266 -0.6853864 0.2323163 -0.6905354 0.3296711 -0.6437996 -0.481328 0.3400136 -0.8079073 -0.3933799 -0.917636 -0.05653804 0.6215531 0.6054869 -0.4970487 0.2751802 0.04927581 0.9601291 0.5620057 -0.2864791 0.7759377 0.9830105 -0.1759331 -0.05232667 0.7674903 -0.611504 -0.1924095 -0.4369043 -0.6855143 -0.5823959 -0.4459981 0.7056145 0.5506305 0.7253423 -0.5738868 -0.3801743 -0.4341988 -0.6711021 0.6009106 -0.5134832 -0.04260426 -0.8570415 0.3843146 0.6522099 -0.6533948 -0.0534814 0.4694381 0.8813443 -0.0288791 0.5177262 -0.8550589 -0.2284364 0.5772013 0.7839998 0.07292085 -0.2368526 0.9688051 0.6646066 0.7050698 -0.247335 0.5112846 -0.03996437 0.8584819 -0.07508993 0.6740585 0.7348515 0.1446523 -0.9283998 0.3422713 -0.2875075 0.6010851 0.7456783 0.4194972 -0.06358051 0.9055273 0.6462886 0.4856427 0.5886104 0.4676503 0.7932829 0.389879 0.2777651 0.178436 0.9439318 0.3235768 -0.1087763 -0.9399287 0.236235 -0.331716 -0.9133223 0.03490883 0.06967377 0.9969589 0.4803425 0.008477568 0.8770402 -0.6177914 -0.7114487 0.3349246 -0.4581538 0.708418 0.5368791 0.6226138 0.7054027 -0.3387613 0.768086 -0.640183 -0.01448345 0.6019458 -0.719534 -0.3463122 0.1905997 -0.5266256 -0.8284549 -0.2707347 -0.263127 -0.9259951 0.02134537 -0.06176257 0.9978626 -0.2139895 0.5691897 0.7938713 -0.1685027 0.5333741 0.8289263 0.4520899 0.06513351 0.8895912 0.6102529 -0.2046468 0.7653177 0.1079241 0.7754089 0.6221684 0.1041505 -0.1971991 0.9748156 0.6453778 -0.4832344 -0.5915845 0.6335851 -0.1193375 -0.7644138 -0.8993802 0.1438028 0.4128392 -0.8756417 0.4214547 -0.2358552 -0.6207917 -0.707086 0.3385959 0.8747752 0.03334534 0.4833802 0.4081391 -0.9060366 -0.1118943 0.5785595 0.1244463 0.8060907 0.8947172 -0.4135382 0.1687225 0.008696079 0.1128628 -0.9935726 -0.7776632 0.510706 -0.3666325 0.0559796 0.3907614 0.9187882 -0.9721848 0.2203872 -0.07928663 -0.6090542 0.6952974 -0.381595 -0.1798732 0.136277 0.9742045 -0.03110682 0.184991 0.9822478 0.8784443 -0.4235649 -0.2211977 -0.345286 -0.8485038 -0.4010225 -0.2861343 0.6527385 -0.7014696 -0.6592827 0.4456031 0.6056272 0.623676 0.7045751 -0.3385298 0.6251586 0.7041454 -0.336684 -0.220313 0.9681073 0.1192919 -0.8621947 -0.1945213 0.4677414 0.8830168 0.3852318 -0.2681006 0.008686363 0.1128689 -0.993572 -0.08589011 -0.5194855 -0.8501516 0.8429978 0.4655654 -0.2694507 -0.2992748 0.227396 0.9266746 0.2005094 -0.9768161 0.07500976 -0.5774167 0.3448135 0.7400633 -0.01183325 -0.6859039 0.727596 0.01803016 0.46516 0.885043 0.4030411 0.05369013 0.9136056 0.6662247 -0.7095589 -0.2295017 0.6262902 -0.7187729 -0.3018713 -0.7353982 0.3727209 -0.5659228 -0.7264751 0.3576884 -0.5867648 0.5732216 0.637827 -0.5143869 -0.7312642 -0.6561689 0.1862659 -0.7543246 0.4489245 -0.4790211 -0.6961766 0.6744516 0.2458724 -0.1263098 0.5290585 0.8391323 0.649097 -0.2934161 0.7018405 0.7953338 -0.5497552 0.2553691 -0.6249521 0.7760629 -0.0846244 0.246861 0.6885301 -0.6818988 0.2314868 -0.9009072 -0.3671243 0.8852328 0.422487 -0.194596 0.9271087 0.1346447 -0.3497717 -0.2834727 -0.6982682 0.6573164 0.4008166 0.8854413 -0.2352439 -0.6270685 -0.5896828 -0.5089787 -0.6302941 -0.6229346 -0.4633378 -0.565073 -0.7970666 0.21302 -0.7473376 -0.5945199 0.296703 -0.02277326 0.8457852 0.5330374 -0.3032089 -0.2175788 0.9277521 0.9883075 0.1020073 -0.1133265 0.1194208 -0.9862663 -0.1140946 -0.0301041 0.5378277 -0.8425171 -0.9510245 0.05761229 -0.3036991 0.9892985 -0.1293938 -0.0674234 0.6245426 0.6992443 -0.3478565 -0.8321325 -0.1230558 0.5407519 -0.8100228 -0.5459031 -0.2141327 -0.7448149 0.06745332 0.6638531 -0.1241253 0.209531 -0.9698916 0.4916685 -0.6501521 0.5792792 -0.7328801 0.3217455 0.5994721 -0.5552136 -0.7431322 -0.3734871 0.7543012 -0.6373167 -0.1576614 0.698726 -0.71189 -0.07067352 -0.6108123 0.6188705 0.4938701 0.3756933 0.6094656 0.6981449 -0.4963163 0.49023 -0.7164809 -0.05692476 -0.2900357 -0.9553214 0.7460076 0.3101431 0.589308 -0.6653965 -0.1500629 -0.7312515 0.8879031 -0.4522165 -0.08443069 -0.8751938 0.3859008 0.2917472 -0.08821797 -0.3824824 -0.9197418 -0.1275928 -9.36163e-4 0.9918263 0.6139835 -0.2195561 0.7581686 0.399208 -0.7356525 0.5472188 -0.6792303 -0.7267934 0.1020674 0.8429722 0.228431 0.4870495 0.4610041 0.346224 0.8170706 0.8688797 -0.4718892 -0.1495614 0.6110534 0.3450054 0.7124502 -0.7332886 -0.1535839 0.6623443 0.612869 -0.6579697 -0.43757 -0.7286794 0.2823167 -0.6239582 -0.6737888 -0.6982889 0.2416637 -0.3854815 -0.5766767 -0.7203111 -0.7198487 0.3474326 -0.6009231 -0.2592623 -0.7072396 0.6577199 0.3409534 -0.2453422 0.907501 0.6037262 0.6702105 0.4316629 -0.1262195 -0.3584262 -0.9249861 0.2564179 -0.7390871 0.6228967 0.732784 -0.666701 -0.1361519 0.1169369 0.1667318 -0.9790436 -0.2132386 0.7015205 -0.6799989 0.4823492 0.2227111 -0.8471949 -0.42069 -0.6603507 -0.6220586 -0.01021176 -0.1474715 -0.9890136 -0.2796061 0.2340108 -0.9311603 -0.719029 0.6340017 -0.2846738 -0.6320334 0.71183 0.30632 -0.4645783 0.5117423 0.7226942 0.001651048 0.1187738 0.9929201 0.1790382 -0.1173442 0.9768192 -0.6530018 0.7573288 0.006463944 -0.796157 0.09748214 0.597186 0.8258003 0.07914853 0.5583812 0.4276176 -0.9033496 0.03321021 -0.9844869 -0.06378674 0.1634524 -0.9692624 0.0219087 0.245052 0.2919825 0.2229358 0.9300785 0.901758 -0.4322415 2.58463e-4 -0.6090537 -0.6952908 -0.3816077 0.4893026 -0.01681888 0.8719519 0.8860604 0.421992 -0.1918851 0.1204814 -0.8119503 0.5711575 -0.5478197 0.04614925 0.8353226 0.5105875 -1.42434e-4 0.8598259 0.07481408 -0.8505413 -0.5205597 -0.1333593 -0.8327265 -0.5373842 -0.8287136 -0.4658001 0.3102645 0.5521044 -0.8168566 -0.1671109 -0.7078638 -0.3778125 -0.5968139 0.3465636 0.6329203 -0.6923189 0.4099542 -0.3198753 0.8541764 0.6726714 0.4892936 -0.5550722 -0.5774202 -0.3448032 0.7400653 -0.6090648 -0.6952925 -0.3815869 0.6262602 -0.7102595 -0.3214495 -0.2126725 -0.4519334 -0.8663294 -0.5286314 0.5921218 0.6082274 0.6356762 -0.5419 0.5497819 0.6366464 -0.5428206 0.5477476 -0.6629896 0.7395273 0.1163796 0.5524617 -0.5676131 -0.6104109 -0.4410625 0.3376842 -0.8315246 -0.005593836 0.07766735 0.9969637 0.3381829 -0.235554 0.9111239 -0.1704062 -0.7475659 0.6419556 -0.7231107 0.1362745 0.677156 0.6223406 -0.7063264 -0.3373357 -0.06624853 0.9246259 -0.3750709 0.08765268 -0.9211227 0.3792759 0.8089103 0.3408214 0.4790668 -0.7674999 0.3290043 0.5501819 0.1279303 0.9668563 -0.2209589 -0.6152877 -0.4287269 -0.6615244 0.5329213 -0.1598334 -0.8309321 0.1866238 0.5869126 0.7878486 -0.2752527 -0.8266425 0.490814 0.9915555 -0.0350055 -0.12487 -0.3711795 -0.5393385 -0.7558704 0.212915 0.854542 -0.4737352 -0.9637728 0.1778239 0.1987982 -0.4761906 0.6224061 0.6211709 -0.6011257 0.5557327 0.57429 0.5084621 0.6865866 -0.5196779 0.3929913 -0.7226769 0.5685912 -0.1392248 -0.1734868 -0.9749456 -0.2871341 0.9136399 0.2877779 -0.1911921 -0.001423716 0.9815517 0.8257898 -0.1734245 -0.536652 -0.1770865 -0.5916514 0.7865043 -0.5784526 0.1833141 0.7948514 -0.5498667 0.8343639 -0.03851604 0.7880102 -0.6144675 -0.03833657 0.99499 0.05702662 0.08211499 0.5711714 -0.5945731 -0.565903 0.1720752 -0.6969056 0.6962132 0.4326869 -0.672106 0.6008791 0.3236166 -0.6379638 0.6987664 0.5654917 -0.2469047 -0.786929 -0.4971131 0.6759524 -0.5440286 -0.1049916 -0.7101199 -0.6962087 -0.3611651 -0.7386652 0.5691516 0.4994409 0.8110434 -0.3045775 -0.6794402 -0.7055583 -0.201367 -0.5539487 0.768368 0.320549 0.770155 -0.4766728 0.4238449 -0.6070362 -0.6883708 0.3970552 0.7319841 -0.63261 -0.2529903 0.1859679 0.9743791 0.1264967 0.07888555 -0.9765803 -0.2001696 -0.8169997 0.1518341 0.5562894 0.8423398 -0.5293201 0.1014104 0.9018957 0.4319541 -1.41665e-4 -0.6367623 0.5104146 0.5779367 -0.6069144 0.3422877 0.7172825 0.5179895 -0.5119891 0.6852402 0.7579174 -0.6455318 0.09407502 0.3453905 -0.6447961 -0.6818676 0.9529144 0.01949363 0.3026122 -0.9339165 0.1988126 0.2971088 0.5319759 0.6976695 -0.4798532 0.965412 -0.126465 -0.2280052 -0.2628229 0.6900507 -0.6743546 0.6810513 -0.5847617 -0.4407073 0.6108725 -0.3624981 -0.7038679 -0.1422615 0.3780659 -0.9147831 -0.2169546 0.4157665 -0.8832151 -0.6890722 0.7211416 -0.07165491 -0.7357459 0.6384966 0.2258325 -0.623539 0.4714829 0.623621 0.5850975 -0.8105338 -0.02638125 0.7288849 0.1060945 0.676366 -0.1125893 -0.244095 -0.9631932 -0.3294528 0.7137293 -0.618103 0.679416 0.7060612 0.1996788 -0.2509824 0.04166352 -0.9670946 -0.125474 0.6944567 0.7085099 0.7618085 0.3665512 -0.5341237 0.645657 -0.09705334 -0.7574351 0.5633667 -0.721041 -0.4033831 0.8296017 -0.2849572 -0.4801672 0.2401031 0.8874241 -0.3934832 -0.1376054 -0.8772377 -0.4599115 -0.1195777 -0.7550972 0.6446157 0.1083924 0.5339599 0.8385333 -0.6682199 0.7038172 0.2410882 -0.3699539 0.9131622 -0.171082 0.1474139 -0.6084497 0.7797808 -0.07008659 -0.6313052 0.7723612 0.4647347 0.001000761 -0.8854494 -0.3470667 -0.1018384 -0.9322949 0.6795157 0.7057418 0.2004669 0.8061041 -0.1244235 -0.5785458 -0.7311634 0.6741285 0.1046472 -0.3444316 0.4812772 -0.806064 0.9873341 0.151277 0.04782086 -0.3542101 -0.889768 -0.2878338 -0.366642 -0.5106934 0.777667 -0.9935744 -0.1128483 -0.008681952 -0.07015216 0.141025 0.9875175 0.3085221 -0.4187726 -0.8540748 -0.9376564 -0.3093389 0.1584613 -0.6076087 0.3703607 0.7025985 -0.6909433 0.5758237 0.4370635 0.4957225 -0.647758 0.5785056 0.6060483 -0.685962 0.402693 -0.1739861 0.3858104 -0.9060238 0.3431259 -0.02706319 -0.9388996 0.08668112 0.1845366 -0.9789958 -0.2624992 0.5153793 -0.8157685 -0.737953 0.6748512 0.001150667 -0.2827701 -0.03577518 0.9585204 0.2457396 -0.4409775 0.8632213 -0.3367742 0.7062921 -0.6226834 -0.6079623 -0.7901538 -0.0777108 -0.7677216 -0.6337321 -0.09480112 0.463913 0.1457217 0.8738134 0.4989849 0.335653 0.7989689 -0.9346417 0.03269386 -0.3540848 0.002717494 0.8622052 -0.5065519 0.3292152 -0.660264 -0.6750325 0.3585754 -0.6517705 -0.6682956 0.7494944 0.6131237 0.2496747 0.6377677 -0.2999709 -0.7094151 0.207936 0.8424727 0.4969936 -0.6755972 -0.5244005 0.5182399 -0.2970561 -0.3725109 0.8792005 0.7594961 -0.4975734 -0.4190302 -0.19152 -0.7297505 -0.6563416 0.1881492 0.9549345 -0.2295653 -0.1721199 0.9552445 -0.2405882 -0.0773729 -0.7121588 -0.6977416 -0.6003822 -0.2425636 0.7620394 0.3264651 0.9190436 -0.2208612 0.05174893 0.6989896 0.7132571 -0.4435207 -0.1439197 -0.8846336 -0.1598185 -0.9848162 -0.067788 0.5303221 0.8365754 -0.1374776 -0.6474654 0.7155278 -0.2623139 -0.5762616 0.7584027 -0.3045458 0.06543874 -0.4039717 0.9124279 0.06431216 -0.665036 0.744037 -0.1434867 -0.5399172 0.829398 -0.5742035 0.1505104 0.804759 -0.5586251 0.1912266 0.8070752 0.4991315 0.3344946 0.799363 0.2323743 0.8108996 0.5370698 -0.5695 -0.5582268 -0.6033678 0.6715227 -0.2602452 -0.6937794 0.5800372 0.290466 0.7610429 -0.9771158 0.08174961 0.1963716 -0.2772503 -0.7398543 -0.6129828 0.756549 0.5001208 0.4213231 0.3749443 -0.6878036 -0.6215651 0.8169851 -0.3459113 -0.46139 0.8595897 -0.494583 -0.1284257 -0.711164 -0.5656034 0.4175387 0.07994395 -0.7037338 0.7059516 0.8011544 0.2966709 -0.5197479 -0.6518512 -0.6776568 0.3403989 0.592507 0.6938692 -0.4092447 -0.6126536 -0.2077913 -0.7625474 0.4817844 -0.7049527 0.5205051 -0.1655762 0.6012212 0.7817401 -0.825453 -0.4708608 -0.3113156 0.7419761 -0.2449113 -0.6240913 0.5230041 0.1939647 -0.8299665 0.6346058 0.1845314 0.7504823 -0.07647311 -0.4488942 0.8903067 -0.8510243 0.4667003 0.2407249 -0.03811216 -0.7820222 0.6220842 0.5118633 -0.6497613 0.5619664 0.2456502 0.4659879 0.8500066 0.8245266 -0.267292 -0.4987093 0.1982275 -0.07676815 0.9771451 0.9123015 -0.2389671 -0.3325667 0.6657433 -0.1094063 -0.7381167 0.4367301 0.09133464 -0.8949441 0.9908816 0.09277248 0.09770852 -0.4012065 0.3418107 0.8498229 -0.2676114 0.7485412 -0.606688 0.539119 -0.6317872 0.5569522 0.3649808 0.6152951 0.6987139 -0.4885544 0.7073942 0.5107916 0.272222 -0.5078314 0.8173142 -0.2557359 -0.08934855 0.9626089 -0.4854474 0.2585496 0.8351604 0.2791909 -0.7191891 0.6362544 -0.04424607 0.5834065 0.8109743 -0.8325387 0.2642383 0.4868856 0.8065952 -0.1657074 -0.5674021 -0.3203608 -0.05337029 0.945791 0.5615786 0.4913479 -0.6657377 0.1934302 0.69804 -0.6894382 0.2870523 -0.7784695 0.5581992 -0.3198461 0.7706695 0.5511506 0.09200423 -0.3382752 -0.936539 0.01659595 -0.9225319 -0.3855642 -0.2649921 -0.8310601 0.4889975 -0.6040803 0.7079468 -0.3659213 -0.6335305 0.7050563 -0.3186451 -0.2030744 -0.7046415 0.6798833 -0.2240216 -0.7284289 0.647461 0.7998056 -0.5999342 -0.01975375 0.7709655 -0.6315836 0.08194082 0.1128128 0.4385694 -0.8915886 0.4184203 0.2245413 -0.88006 0.07414364 0.4957522 -0.8652933 -0.2470099 0.6410661 -0.7266502 -0.7297672 0.6680473 -0.1454398 -0.623987 0.713566 -0.3185338 -0.7745485 0.6323513 -0.01437425 -0.8139646 0.3204151 0.4845575 -0.6397936 0.01062726 0.7684734 -0.5666258 -0.08643096 0.8194297 0.0136283 -0.5352469 0.8445858 -0.2888578 -0.3220895 0.9015651 0.6561453 -0.675224 0.3369657 0.7830184 -0.621008 0.03509229 -0.1970885 0.1454985 0.969529 -0.5422702 -0.749617 -0.3794962 -0.4657297 -0.6496896 -0.6008322 0.1360754 -0.9906486 0.00994277 0.5529363 -0.8276225 0.09644973 -0.2798941 -0.05648368 0.9583679 -0.8609049 -0.4308475 0.2705795 0.3147051 0.919313 -0.2362716 0.204989 0.7396426 -0.6410214 0.9864715 -0.1404615 0.08452546 -0.8276054 0.503301 0.2485103 0.06993085 -0.8636772 0.4991708 -0.8708783 -0.4823705 -0.09428524 -0.5160309 -0.2954058 0.8040196 0.7233323 -0.5822635 -0.37116 0.1103575 0.9938159 -0.01229649 -0.9317532 0.2926368 0.2149413 0.03929114 -0.6108272 0.7907884 -0.0222162 -0.7316916 0.6812736 0.1184725 -0.671638 -0.7313458 -0.2739355 0.4132472 0.8684388 0.128736 -0.817738 0.5610097 0.9270022 -0.3033387 -0.2205735 -0.4097861 0.2051202 -0.8888201 0.9240908 -0.03409695 0.3806491 -0.08668184 0.7721803 -0.6294632 0.5878691 0.2744926 -0.7609625 0.9566422 -0.2861677 -0.05425739 0.8711265 0.4814066 -0.09688371 -0.9940126 -0.03848212 0.1022649 0.4527 -0.6099374 -0.6504146 0.8788923 -0.4691134 0.08649283 -0.4003274 -0.6996375 0.5918154 -0.5602274 0.5629631 0.6076331 -0.3689419 -0.4094285 -0.834416 0.3594168 0.3925935 -0.8465756 -0.5111205 0.7420286 -0.4337618 -0.4297437 0.6695321 0.6058442 -0.3324828 0.7614502 -0.5564609 -0.3379318 -0.7055296 -0.6229206 0.3376781 0.7057093 0.6228547 0.9166623 -0.3967672 -0.04802161 0.6251776 -0.5833826 0.5184764 -0.233694 -0.3293386 0.914835 -0.6111714 0.2338948 0.7561501 -0.8694729 -0.2516228 -0.4250918 -0.6119139 0.7555875 0.2337713 -0.7816895 -0.5298094 -0.3290344 0.6344717 -0.7148296 0.2940483 0.8749086 -0.4794459 0.06831222 -0.319599 0.7084542 -0.6292449 -0.4328269 -0.6820241 -0.5894949 -0.9099892 -0.002422094 0.4146252 -0.2977442 -0.928193 0.223173 -0.9774621 -0.03366529 -0.2084091 0.9791591 0.08263784 -0.1855224 -0.1609407 0.3072959 -0.9379059 0.4517474 -0.5485422 0.7035807 0.2134285 0.1577387 0.9641405 -0.6359655 -0.5109379 0.5783516 -0.918505 0.3915815 0.05488717 -0.0705493 0.6887947 -0.7215156 -0.3023318 0.6932139 -0.6542553 -0.762544 0.5958666 -0.2519321 -0.9010457 0.4313921 -0.04491662 -0.8168788 -0.09356206 0.5691708 -0.7661621 -0.1840839 0.615718 0.1403387 -0.6884984 0.7115302 0.3638066 -0.6820011 0.6344441 0.7908601 -0.5790835 0.1979968 0.9262281 -0.3708783 -0.0674594 0.8054948 0.06969064 -0.5884908 0.540057 0.4143803 -0.7325487 -0.4550395 0.357856 -0.8154007 -0.6050435 0.7952933 -0.03782814 -0.1379728 -0.8947516 0.4247153 0.3430268 0.7064791 0.6190477 -0.7058818 0.7021453 -0.09339702 0.7534727 -0.5024787 0.4240214 -0.6930973 0.7167693 -0.07653725 -0.2664918 0.3411607 -0.9014387 -0.4497289 0.8601991 -0.2404198 -0.3968182 0.3295122 -0.856713 0.6691187 0.6263345 0.3999817 -0.9082988 0.4120526 -0.07215267 0.3354887 0.7600466 -0.5565757 -0.09649825 -0.6767836 0.7298302 0.851678 0.008980095 0.5239886 0.9342526 -0.103332 -0.3413131 -0.6035697 0.06212168 0.7948866 0.249825 -0.6992156 0.6698396 -0.3416559 -0.7106689 -0.6149967 -0.3383723 -0.7053037 -0.6229375 -0.511654 -0.7042261 -0.4922152 -0.9759063 -0.08490812 -0.2009914 -0.6120378 -0.01800394 0.7906236 0.8060933 0.1244284 -0.5785597 -0.5809608 0.6611893 -0.474672 0.5799935 0.5128992 0.6328839 0.2446647 0.6722164 -0.6987591 0.07247799 -0.6809687 0.7287172 -0.7347871 -0.6701602 -0.1047532 0.72723 -0.3626433 0.5827746 0.2462921 -0.6976982 0.6727239 -0.02013009 -0.6660218 0.7456606 0.9161708 -0.03538012 -0.3992234 0.5295035 0.3808146 -0.758028 -0.1946283 -0.5876587 0.7853516 -0.3452859 -0.7053909 -0.6190326 -0.7133706 -0.2155877 0.6668016 -0.5391528 -0.403903 0.7390378 0.3674212 -0.727292 0.5796965 0.7679513 -0.5840277 0.2629879 0.8086148 0.08613401 -0.5819994 0.04074496 0.4300116 0.9019036 -0.2953779 -0.1040232 -0.9497005 0.9724134 -0.04046291 0.2297279 -0.6620166 -0.6323575 0.4023157 -0.2695799 0.517448 0.8121418 0.4435824 0.7684226 0.4612607 0.3529182 0.61018 0.709316 -0.7023829 -0.2286821 -0.6740644 0.4016898 -0.8607543 -0.312646 0.3659262 0.8854935 0.2863556 0.8122012 -0.008459627 -0.5833162 -0.1949707 -0.4595549 -0.8664848 0.05748003 0.717554 0.694127 -0.106132 -0.6574355 0.745999 -0.9077031 0.4042261 -0.1125891 -0.1302354 -0.6095123 0.7820062 -0.1686047 -0.720839 0.6722824 -0.9084972 0.4019582 -0.1142915 0.7169999 0.6950851 0.05261117 0.6720083 -0.08867955 -0.7352148 -0.8932578 -0.353822 -0.2773096 -0.0449835 -0.1779956 -0.9830026 0.1573958 -0.9396305 -0.303844 0.07369494 0.7058209 0.7045466 0.554013 -0.7666751 0.3244672 0.9946994 0.01975053 -0.1009121 -0.4779716 0.8557801 -0.1979484 -0.9958771 -0.08857202 -0.01959544 -0.1519984 -0.3605362 0.9202772 0.5879075 0.4405996 -0.6784076 -0.6778702 -0.6388669 -0.3637875 -0.9872462 -0.1486485 0.05699694 -0.4847114 0.747245 -0.4546206 0.7236191 0.2854536 0.628404 -0.814947 -0.3387289 0.4702383 0.07789796 -0.01163107 0.9968935 -0.9441851 -0.322737 0.06599432 -0.1331559 0.269316 0.9538021 -0.8956493 -0.1575124 0.4159354 0.269763 0.6165588 -0.7396507 -0.7917396 -0.4734808 0.3859592 -0.9611185 -0.03270864 0.2741924 0.4665654 -0.8141813 0.34558 -0.4509976 0.7170149 -0.5314986 0.8159362 -0.3421605 -0.4660199 0.7019219 0.6782135 0.2175594 -0.9233745 -0.2184646 0.3156782 0.2167298 -0.1542001 0.9639765 0.7700784 0.5426631 -0.3354042 0.9463894 -0.2724898 0.1734836 0.7059295 0.333346 0.6249352 -0.6825694 0.3964072 -0.6139711 0.3014947 0.6151129 -0.7285172 -0.4517992 0.5485121 -0.703571 -0.1430919 0.6359217 0.7583722 0.7031955 -0.6600636 0.2642577 -0.8264248 0.5452001 0.1406375 -0.7142019 0.4665768 0.5217489 -0.9962954 -0.0768333 0.0386303 -0.2361816 0.3316515 0.9133595 -0.551703 -0.831254 -0.06812226 0.1107063 0.2336332 0.9660019 0.4615063 -0.1261177 -0.8781266 -0.5315703 0.3120616 0.7874329 -0.07381135 -0.7049775 -0.7053784 0.8478937 -0.484501 -0.2152566 -0.604036 -0.6478548 -0.4641388 -0.3248366 -0.6591705 0.678215 0.06636309 -0.7059675 0.7051283 0.5231183 -0.8497236 0.06570452 0.5964983 0.8025531 -0.009917914 -0.02066099 0.4397235 -0.8978955 -0.7840493 0.6204266 -0.01837778 0.07150566 0.7044687 0.7061238 0.07568228 0.7086751 0.7014641 -0.7047305 0.7056049 0.07400399 -0.993572 0.1128691 -0.008681893 0.7534613 -0.5024968 0.4240202 0.01775658 -0.7074807 0.7065096 -0.3918086 -0.6292688 0.671198 0.8478534 0.3275365 -0.4169708 0.02948009 -0.09874308 -0.9946762 0.5777245 0.6133652 0.5385328 0.09692162 0.3591362 0.928239 -0.602539 0.7684288 -0.2155554 0.04058569 -0.4056571 0.9131239 0.5141055 0.2583394 -0.8178976 0.5532965 -0.2539158 -0.7933409 0.7400693 -0.3447981 0.5774182 0.8816527 0.3722209 0.2900694 -0.8695123 -0.4481025 0.207732 0.1010702 -0.7503163 0.6533072 0.6196131 0.181812 -0.7635601 -0.8262756 0.0501694 -0.5610274 0.2165843 -0.5127118 -0.8307936 0.4564277 -0.2354166 -0.8580518 0.3179786 0.8586155 0.4020808 0.5576964 -0.5770375 0.5966595 0.6197643 -0.5558197 0.5540367 -0.1969581 0.724373 -0.6606749 0.4377155 0.6056606 -0.6645153 -0.9862301 -0.0695616 0.1500383 -0.6437231 -0.5477074 0.5344505 -0.13697 -0.7521522 -0.6445979 -0.9076578 -0.2141204 0.3609849 -0.9889866 -0.0142346 0.1473193 -0.2243079 -0.6867624 0.6914068 -0.1670596 -0.6943164 0.7000113 0.9866064 0.05372011 -0.1540193 0.9852526 0.05902105 -0.1606048 -0.5649033 -0.5043256 -0.6531004 0.3396505 0.5171164 -0.7856386 0.4553744 0.8882932 0.05974495 0.3638576 -0.2838996 0.8871351 0.2708041 -0.1403623 0.9523464 -0.8070436 -0.5748039 -0.1352078 -0.9364475 0.2397419 0.2561053 -0.235684 -0.4248155 -0.8740622 0.2293593 -0.724545 0.6499453 0.640105 0.7523869 0.155498 -0.0602948 0.9290283 0.3650629 0.1611458 -0.8705347 0.4649747 0.09316349 0.7747738 -0.6253368 0.07092177 0.8213878 -0.5659437 -0.8126544 -0.5412436 -0.2159821 0.7124051 -0.6743904 0.1941046 0.9128403 -0.1779226 0.3675135 0.07451486 0.9210125 -0.3823397 -0.5781139 0.6949456 -0.4275922 0.6589913 -0.7508127 -0.0448414 0.6162471 -0.7546067 -0.2254071 -0.45235 -0.7381838 -0.500464 0.6669494 0.4978734 -0.554347 -0.7823854 0.6179212 -0.07775902 -0.8846935 0.4579316 -0.08727174 -0.09312158 -0.805891 0.5846949 0.04760891 -0.8874176 0.4585014 0.7424831 0.4981681 -0.4478251 -0.7969621 -0.6020271 -0.04914069 0.1229613 -0.4817226 0.8676543 -0.872794 0.07165735 -0.4828 -0.0394445 0.766377 -0.641179 -0.175738 -0.7613351 0.6240874 0.8303745 -0.2925638 0.47422 0.231801 -0.8224182 -0.5195158 0.8261652 0.02448403 0.5628957 0.4282191 -0.1683117 0.8878624 -0.2652069 0.483399 -0.8342606 0.7362377 0.5128235 -0.4415497 0.8996888 0.4044536 -0.1642486 0.08322149 0.6457365 0.7590117 0.6750267 0.5314733 0.5117375 -0.621552 0.7797355 0.07540398 0.7824065 -0.5632063 0.2657801 0.8498386 0.2884511 0.4411014 0.7564872 -0.3188125 0.5710391 0.5303837 0.2826225 -0.7992609 0.463189 0.6797274 -0.5687063 -0.6966207 -0.3033682 -0.6501442 0.1957374 0.2936078 -0.9356716 0.6258773 -0.7085403 -0.3259575 0.3025239 0.5193032 0.7992519 0.03541421 -0.9364611 0.3489794 0.7304914 -0.2074471 0.6506521 -0.8157805 -0.5047059 0.2824434 0.6919561 -0.3884659 0.6085155 -0.2897009 0.07522547 -0.9541565 -0.7858229 0.3397291 0.516785 0.04207158 -0.3622304 0.9311386 0.02659171 0.003618776 -0.9996399 -0.02860355 -0.4112375 -0.9110795 0.1816199 -0.797267 -0.5756558 0.1722803 -0.8090966 -0.5618562 -0.9048316 -0.4010332 0.1430113 -0.7572497 -0.5328879 0.3776289 -0.286117 -0.7197471 0.6325355 0.2876492 -0.6054751 0.7420634 0.5737987 -0.4955589 0.6520557 0.1900653 -0.1366933 -0.9722089 0.2335893 0.7143789 -0.6596203 0.1689869 0.7055132 -0.6882548 0.3377471 0.8410562 -0.4225536 -0.1989571 0.3822218 -0.9023983 0.02633845 0.6178632 -0.7858444 -0.5498426 -0.1579844 0.8201915 -0.8238385 -0.5539844 -0.1199656 0.6398265 -0.4360195 -0.6328578 -0.2044419 0.7024379 0.6817511 0.2799388 -0.623216 0.7302303 0.4099478 -0.319867 0.8541827 0.8327882 0.4884572 -0.2605255 0.8350728 0.4301012 -0.3430255 -0.03803926 -0.8817219 0.4702336 -0.4004688 -0.6623237 -0.6332078 0.7587952 0.1559845 0.6323755 -0.8452418 0.4229365 -0.326636 0.323913 -0.4781678 0.8163552 -0.4236565 -0.1893409 0.8858134 0.8479974 0.1550383 -0.5068173 -0.9619691 0.01345962 -0.2728264 0.9755008 0.2047279 0.08052808 -0.7415092 -0.6065759 -0.2867575 0.2013185 -0.7041608 -0.6809027 -0.04867058 -0.913034 0.4049693 0.7400664 -0.3447973 0.5774223 0.7352404 0.2628773 -0.6247537 0.2964687 -0.9274446 -0.2279316 -0.3221632 0.624989 0.7110553 -0.7000726 -0.6954616 0.161962 -0.3221654 -0.6249924 0.7110513 0.4807506 0.8012682 0.3561576 -0.1584471 0.3093653 -0.9376501 -0.158458 -0.3093605 -0.9376499 -0.2823129 -0.6848854 0.6717376 0.7031598 -0.4267501 0.5687274 0.9096518 0.3961456 -0.1249094 -0.9453596 0.002754807 -0.3260179 -0.06216287 0.7175263 -0.6937521 -0.9785279 -0.2038429 -0.0305165 0.1450077 -0.6938254 -0.7053928 -0.204568 0.710258 0.6735618 -0.2206602 0.7026023 0.6765051 0.9828891 0.1838407 0.01147979 0.8840543 -0.168776 0.4358471 0.2582968 0.7287154 -0.6342372 -0.3226402 0.5875117 -0.7421142 0.1061092 -0.7640839 0.6363307 -0.3573316 0.7486172 0.558468 -0.3111961 0.636184 0.7059936 0.7167068 -0.1672852 -0.6770134 0.6104222 0.4639385 0.6419858 0.1004291 -0.9803668 0.1696912 -0.621395 0.05710655 0.7814136 -0.5493973 -0.3771817 -0.7455848 -0.341982 0.9382225 -0.05279046 0.1640621 -0.8656612 -0.4729845 0.4250816 0.6518881 0.627971 0.7604053 -0.6291719 0.1610181 0.7607512 -0.6327583 0.1444799 -0.08100718 0.9395339 -0.3327369 -0.1597891 0.5664287 -0.8084713 -0.9593973 -0.2422385 0.1444907 -0.6537755 -0.7432474 -0.1419896 -0.5337749 0.2841299 -0.7964639 -0.7059066 0.5575286 -0.4368728 -0.6295024 -0.6515467 0.4233362 -0.5754723 -0.7379559 0.3524949 -0.509141 0.7392176 0.440832 -0.4630316 0.2351875 -0.8545693 0.6011916 -0.768793 0.2180048 0.5637957 0.05381548 -0.8241592 -0.1966478 -0.7715551 -0.605006 -0.7119907 -0.6717373 -0.2045438 -0.2807062 -0.7711111 0.571482 0.5185369 -0.3043376 0.7990608 0.471917 -0.3823129 0.7944377 -0.8968623 -0.1847321 -0.4018858 0.2523341 0.5979599 0.7607704 -0.5166751 0.2206701 -0.8272556 -0.7242628 0.67232 -0.1530658 -0.7445092 -0.665643 0.05123984 -0.6717185 0.0143125 0.7406682 -0.4863207 0.7133254 0.5046377 0.7917941 -0.4711831 0.3886498 -0.05785506 -0.7009515 0.7108585 -0.6215569 -0.7042661 0.3430399 0.8320779 -0.3385657 0.4393402 0.39477 0.08965229 0.9143956 0.2838857 0.660735 0.6948657 -0.7391281 0.1183863 -0.6630795 0.3289923 0.636646 -0.6974568 -0.1392405 -0.562411 -0.8150497 0.2871797 -0.172807 0.9421601 -0.5411564 -0.2603135 0.7996167 0.8792685 0.474029 -0.04672759 0.9157898 0.3860548 0.1108646 0.7754765 0.620982 -0.1140945 0.4215439 0.8397293 -0.3422797 0.4649544 0.7684802 0.4396084 -0.4680848 0.450046 -0.7604967 -0.5711899 -0.1150489 -0.8127151 -0.6081336 -0.4263846 -0.6696041 -0.5979396 -0.7060061 -0.3795045 -0.5965801 -0.8003426 -0.05953228 -0.5075384 -0.7382181 0.444341 -0.3708201 0.7397938 0.5614246 -0.4502121 0.7047669 0.5482817 -0.3945207 -0.9108209 0.121486 -0.9947229 0.08704936 0.05430459 -0.8334533 0.4349626 0.3408273 0.829237 0.3792479 0.4105328 0.6022241 -0.4098222 0.6851073 0.8160597 0.4405982 0.3740589 0.3618123 0.3740306 -0.853928 0.5233495 0.5022113 -0.6883961 -0.643227 0.1970819 -0.7398768 -0.6014855 0.2115932 -0.7703529 -0.9427369 -0.1438764 -0.3009101 0.6728686 -0.6549991 0.3438373 -0.2574066 -0.897076 0.3591611 0.9874225 -0.07973676 -0.1365245 0.729848 -0.3271246 -0.6002595 -0.869001 -0.476474 -0.1334539 -0.8876589 -0.4022237 -0.2242273 -0.1175481 0.5716355 -0.812044 -0.4552226 0.3458448 -0.8204657 -0.7714825 0.01541543 -0.6360638 -0.8816918 -0.2628509 -0.3918277 -0.8680403 -0.4914309 -0.07072371 -0.7824131 -0.6078472 0.1354682 -0.1779348 -0.6640619 0.7261964 -0.2267868 -0.6731359 0.7038863 0.0212273 -0.5962488 0.8025192 0.4995231 -0.3211863 0.8045596 0.7713008 -0.0151143 0.6362915 0.8104429 0.04469901 0.5841099 0.8652928 0.4957554 0.07412868 0.7714907 0.6132406 -0.1695233 0.3714654 0.7105418 -0.5976152 0.2201535 0.6836869 -0.6957764 0.6227246 0.7055847 -0.3381779 -0.3005766 0.8128039 0.4990026 0.1668067 0.9794231 0.1136055 0.9033261 -0.3220911 0.2833007 -0.3171247 0.2944768 0.9015073 -0.2507526 -0.9471439 -0.2001038 -0.9630867 0.2079129 -0.1709863 0.3510514 -0.3016468 -0.8864379 -0.6793822 -0.7055861 -0.201465 0.6520065 0.3088832 -0.692444 0.7013532 -0.6929139 0.1672548 -0.2444514 0.9696403 -0.006428778 0.2377801 -0.4885131 -0.839533 -0.5802921 0.3224829 0.7478409 0.7474528 -0.4216945 0.513311 -0.5428324 -0.7908221 0.2827253 -0.2309589 -0.5120249 0.8273382 -0.5415297 0.267093 -0.7971242 -0.5261489 0.2642239 -0.8083027 0.7392523 0.4680938 -0.4841428 -0.3092312 -0.9463543 0.09375256 0.6318494 -0.7747391 -0.02335828 0.3306593 -0.6472597 -0.6868183 0.1960746 -0.8502772 0.4884499 0.569927 0.4912574 0.6586724 0.7211065 0.6633258 0.200011 -0.5237791 0.1783859 -0.8329671 -0.2149621 0.2242291 -0.9505328 -0.6110703 -0.7398499 0.2814521 0.7838058 0.4075296 0.468581 0.4499101 0.1315216 0.8833363 -0.4104783 -0.7894903 0.4563032 -0.8640981 -0.3807475 -0.3291897 0.06745266 0.3425801 -0.9370641 0.3954365 0.6672109 -0.6312366 0.6079694 -0.5497497 -0.5728425 0.3966546 0.8010472 -0.4483174 0.7431604 0.4018568 -0.534999 0.7491955 0.5580405 -0.356787 -0.3574583 -0.2259069 -0.9061952 -0.308628 0.398788 0.863549 -0.5880025 -0.7239642 -0.3607341 0.6378953 0.7689211 -0.04301095 -0.4231314 -0.6465288 -0.6347916 0.8713799 -0.3498383 -0.3439627 -0.2962403 0.5147702 -0.8045207 0.2640653 0.01030266 -0.9644498 0.01939648 0.1234046 -0.9921669 -0.6926828 -0.2963441 -0.657549 -0.3983882 0.7892668 -0.4672739 0.393009 -0.5882999 -0.7067158 -0.1291759 0.7554965 0.6422918 0.7030752 0.6942584 -0.1539174 -0.2266245 0.8567144 -0.4633378 -0.05153536 0.2277913 0.9723452 -0.04922783 0.2579298 0.9649088 -0.1452293 0.634828 -0.758882 -0.006627261 -0.6176458 0.7864286 -0.5821633 0.5006552 0.6406483 -0.55227 0.6110369 0.567126 -0.5965688 -0.6457799 0.4765229 -0.5003712 0.2448159 0.8304782 0.2395452 0.1384435 0.9609639 -0.2596101 -0.8823931 -0.3924095 0.5019742 0.6871544 -0.5252055 0.3265003 0.6600875 -0.676522 0.2344535 -0.2128085 0.9485484 0.4834107 -0.01253288 0.8753041 0.7445262 0.4336581 0.5075642 0.7806174 0.5003192 0.3745898 0.1075458 0.6102821 0.7848501 -0.4081929 0.1814125 -0.8946889 -0.6939604 0.2369863 -0.6798945 0.8225347 0.3461628 -0.4512294 -0.5312286 -0.06412827 -0.8447982 0.008679091 -0.1128432 -0.9935749 0.8136587 0.3487499 -0.4651163 0.9233412 -0.323682 0.2065698 0.5751127 0.1199132 0.8092381 -0.8519896 -0.01329851 -0.5233899 0.1924002 -0.09344953 -0.9768569 0.1311318 -0.07267946 0.9886972 0.2521777 0.4821904 0.8389868 0.2386339 -0.6195638 0.7477931 0.2340608 -0.7073792 0.666956 0.2304729 0.9040844 -0.3598801 0.1701837 0.9669547 -0.1898323 -0.4566004 -0.8716227 -0.1782976 -0.6227796 0.7056 0.338045 -0.6821587 -0.7025473 0.2026992 0.8570992 0.3706731 -0.3577462 0.4099644 0.3198689 0.854174 0.7821775 0.551034 0.2907922 0.8695204 -0.4386156 0.2270481 -0.4790893 -0.8200688 -0.3129869 -0.4460412 0.8593097 -0.2502681 -0.3768948 0.4586542 0.8047277 -0.4240161 0.5024952 0.7534648 -0.7203966 -0.4399539 -0.5361617 0.3800691 -0.09670126 0.9198893 -0.1453529 0.3587927 -0.9220306 0.1354626 0.5097814 -0.8495721 -0.47075 -0.655623 0.5903837 0.4410573 0.7149437 -0.5425164 -0.3497517 0.06290507 -0.9347282 -0.7970756 -0.5549364 -0.2381515 -0.2546821 -0.640344 0.7246356 0.3248329 -0.1414645 0.9351317 0.7964792 0.4993221 0.3410252 -0.1461657 0.6602697 -0.7366678 0.09555178 0.7431845 0.6622286 0.9066573 -0.4096248 -0.1008969 -0.6228424 0.705691 0.3377389 0.8080688 -0.1052422 -0.5796111 0.4281792 0.7532577 -0.4992649 0.6133396 0.7113804 -0.3431509 -0.6133396 -0.7113804 0.3431509 -0.4919636 0.8100157 0.3191341 -0.6900119 -0.633233 0.3505704 -0.6226398 0.7056223 0.3382557 0.2925853 0.8875787 0.3558061 0.7141596 -0.4132748 0.5649604 -0.685666 0.1229711 0.717454 -0.216572 -0.9653668 -0.1454769 -0.6659799 0.5637025 -0.4885799 0.6637907 -0.2256724 -0.7130596 0.5164622 -0.7812608 -0.350569 -0.7105786 0.4698154 0.5237859 0.9179226 0.3599478 0.1669005 -0.3301043 -0.9436731 -0.02263653 -0.09806191 0.28929 0.9522054 0.8496872 -0.2351497 0.4719494 0.06474304 0.9744827 -0.2149232 0.5051452 -0.1618325 -0.8477256 -0.9880314 0.1524872 -0.02327394 0.5407438 -0.7968355 -0.2695357 0.00491327 -0.8361855 -0.5484249 0.4593423 0.6960702 0.5518071 -0.9775391 -0.1137838 -0.1773992 -0.6897734 -0.3794623 -0.6166206 0.1220189 0.919849 -0.3728126 0.06519776 -0.7370694 -0.6726649 -0.3347861 -0.5598274 0.7579654 0.853746 -0.1308903 -0.5039698 -0.3883781 -0.735113 0.555672 0.5607361 0.5131507 0.6498089 0.7629369 0.5153085 0.3903648 -0.4035543 0.2039411 -0.8919372 -0.1332848 0.2066864 -0.9692863 -0.6853857 -0.6039163 0.406856 0.5775891 0.6966015 0.4256024 -0.2616083 -0.01129424 -0.9651082 -0.6999567 0.7085009 0.08992928 0.09219622 -0.2730057 0.9575844 -0.3509484 -0.2932966 -0.8892763 0.9789317 0.1801646 0.09609061 0.1165709 0.4993407 0.858528 -0.3437089 -0.6824821 0.6450445 0.8878909 0.3277855 0.3228103 0.02880966 0.2093911 0.9774075 -0.4439449 -0.7907847 -0.4213936 -0.8245716 0.3766049 0.4221973 0.6047503 0.7479912 -0.2734708 0.1923094 0.6995462 0.688224 -0.07215553 -0.8354958 0.544739 0.5987293 -0.7466961 0.2897727 0.6664997 -0.1487843 0.7305077 0.3328046 0.2562687 0.9075062 -0.6065328 -0.1346648 0.783571 0.6621592 0.6915764 -0.2885609 0.1166749 -0.218146 -0.9689165 0.7043917 -0.7040231 0.09046441 0.7235077 0.2112458 -0.6572 -0.05118376 -0.06458133 0.996599 0.01317113 -0.2860593 0.9581215 -0.673797 0.698281 0.2416635 0.7803555 0.3437858 -0.5223571 -0.6770154 -0.6765431 -0.2897235 0.6978774 -0.6706166 0.2514768 0.5428166 0.2986785 -0.7849467 0.3850002 -0.2370125 0.8919641 0.598581 -0.3224871 -0.7332824 -0.7688447 0.6380092 -0.0426892 -0.676483 -0.700233 0.228133 -0.666474 -0.6655861 0.3358682 -0.8303604 -0.4912188 -0.2630699 -0.1633329 -0.9071295 0.3878637 -0.1263467 0.710319 0.6924475 0.520819 0.679423 0.5168482 0.4451762 -0.02589696 -0.8950685 -0.5453304 0.1621769 -0.8223829 0.7047488 -0.7052819 -0.07685559 -0.7066145 0.7043105 0.06813758 0.6034252 -0.3811784 -0.700415 0.849552 0.2558299 -0.4613164 -0.5708654 0.3359123 0.7491834 0.008683979 -0.1128718 -0.9935717 -0.4240248 -0.5025029 0.7534546 0.9738546 -0.2187044 0.0614463 -0.09374243 -0.8219519 -0.5617895 -0.2038016 0.6275079 -0.7514646 0.7206081 0.4132732 -0.5567129 -0.6740922 0.69844 0.2403776 -0.689489 -0.724288 -0.003460645 0.2046326 -0.6503533 0.7315505 0.7513585 0.4723473 -0.4608131 -0.2309476 0.5293677 -0.8163536 -0.3629888 -0.7622388 -0.5359396 0.7018525 -0.7082898 -0.07568925 -0.7055352 0.70483 0.07372128 0.3443041 -0.9150246 -0.2102018 -0.6720275 -0.6304383 -0.3884927 -0.6398391 -0.2229341 -0.7354634 -0.6923511 0.7067323 0.1455317 0.3010723 -0.86873 -0.3932731 -0.1063372 0.2081704 0.9722949 -0.2588527 0.5916128 -0.7635376 -0.2202341 0.4578175 -0.8613362 0.2010167 0.08490681 -0.9759012 -0.5738292 0.0862556 0.8144201 -0.3942229 -0.4727747 0.7880816 0.5251542 0.3994961 0.7514094 0.6837932 0.7293915 0.02037245 0.3416222 0.4347247 -0.833252 -0.3568252 -0.2253465 -0.9065841 -0.6737264 -0.7313032 -0.1062467 0.6494314 0.6862589 -0.3275481 0.4170321 0.4498453 -0.7897618 -0.1775984 -0.07064527 -0.9815641 -0.5905063 -0.5657497 -0.5755257 -0.7198835 -0.6929981 0.03900498 -0.3566329 -0.4196476 0.8346909 -0.1263144 -0.2394611 0.9626542 0.7007855 0.7016866 -0.128591 -0.3169543 -0.1661055 -0.9337821 0.1894602 0.2937625 -0.9369144 -0.1894602 -0.2937625 0.9369143 -0.5095582 0.8151257 0.2755374 0.5628559 -0.7407795 -0.3666593 -0.2953409 0.9532499 0.063941 -0.1926665 0.698039 0.689653 0.5363809 -0.8435574 -0.02657949 -0.7835378 0.5142163 -0.3487837 0.8417684 -0.07374882 -0.5347777 -0.6077758 0.7932574 0.03676098 -0.9269849 -0.1048893 0.3601352 0.5613185 -0.4553915 0.6910429 -0.4826772 0.8106398 0.3314904 0.4867367 0.8406552 -0.237458 -0.8898714 0.4336814 0.141596 0.7050779 -0.6090603 0.3631953 0.474839 0.7685097 0.4288597 0.01594674 0.4131699 0.9105144 0.3292174 -0.6830587 -0.651956 -0.9753397 0.02107733 -0.2197002 -0.4522164 0.1276708 0.8827235 -0.400889 -0.826199 -0.3958324 0.4746447 -0.0333997 0.8795436 0.3759315 -0.8270927 0.4178437 -0.6405897 -0.7535113 0.1478704 0.1951156 0.5162789 -0.8338981 0.1767329 0.1937511 -0.9650006 -0.8377618 -0.5189249 -0.1699178 -0.2099171 0.0400927 0.9768969 0.719408 0.3585816 -0.594871 0.784049 0.389832 -0.4830096 -0.4696388 -0.6904562 0.5501906 -0.1170922 0.2059719 -0.9715272 0.1679572 0.003137409 -0.9857893 0.6149528 -0.3964499 -0.6816602 -0.3163297 -0.7409068 -0.5924463 0.6558268 0.5958917 0.4634699 -0.5593753 0.2668935 -0.7847722 0.4530456 -0.671611 0.5862495 -0.7337523 0.6553882 0.1790924 0.7682984 0.6147839 -0.1782087 0.6213355 0.7521696 0.2195071 -0.2230795 0.3199467 -0.9207984 0.7045983 0.7054644 -0.0765587 0.8489721 -0.5133346 -0.1254351 -0.7253691 0.6881911 -0.01526051 -0.8569404 0.2109891 -0.470252 -0.5908533 -0.3633845 0.7203084 -0.7050118 -0.5934401 0.3883133 -0.4600809 0.6233687 -0.6322476 0.3607801 0.1820962 0.9147015 0.9645003 0.2596175 0.04835528 -0.643688 0.4413875 0.6251743 -0.2636036 -0.4907582 -0.8304634 -0.8362018 -0.3531006 -0.4196267 0.5787263 -0.1273976 0.8055096 0.6417971 0.4589387 -0.6143874 -0.8269534 0.5622493 -0.004913091 -0.8857752 -0.4621353 -0.04281836 -0.797347 -0.5083137 0.3253536 0.9005416 -0.4347537 0.003787338 0.7316246 -0.6723991 -0.1122714 -0.321649 -0.708495 -0.6281536 -0.4274405 0.3390223 -0.8380683 -0.09417164 0.9414004 0.3238782 0.3254554 -0.5332465 -0.7808502 0.6435017 0.4765366 -0.5990145 0.7203209 0.5109674 -0.4690951 0.5312399 0.3178471 -0.7853391 -0.5886532 -0.7223246 -0.3629527 -0.7506383 -0.5682139 -0.3371574 -0.4579231 -0.01952123 -0.8887775 0.5708874 0.7094863 0.4131789 -0.5769891 -0.7592609 -0.3010095 -0.2271119 -0.9519947 0.205247 0.06965273 0.908571 0.4118829 -0.5578051 -0.2977136 -0.7747387 -0.6805513 0.7044014 -0.2016646 -0.1879885 0.09783667 0.9772863 -0.5397347 0.07463866 -0.8385199 0.5785725 -0.1244398 0.8060823 0.9336939 -0.356033 -0.03816074 -0.1109955 0.9938111 0.004422068 0.9266905 0.2964576 0.2309927 -0.9354504 -0.2880057 -0.2049034 0.2992021 0.4442636 -0.8444573 -0.8506686 -0.3620944 -0.3811177 0.8479399 0.1286411 0.5142468 0.8355213 0.4517654 0.3127495 -0.1999084 -0.3101003 -0.9294485 0.5333641 0.6067118 -0.5894265 -0.1607378 -0.3805197 0.9106965 0.8341345 0.3572794 -0.4202038 0.7198104 0.6201396 0.3119295 0.5978876 -0.6913932 0.4055932 0.001635909 0.4876768 0.8730227 0.4002267 0.3626506 0.8416076 -0.5103407 0.7656007 0.3916733 -0.8928946 0.417172 -0.1694313 0.5021168 0.6217335 0.6011041 0.6115043 0.6941356 0.3797875 0.1179777 -0.1805389 -0.9764666 0.5380313 0.3608911 -0.7617611 0.7045959 0.6999782 -0.1165128 0.6674908 0.4317884 -0.6066423 -0.4484589 -0.6081333 -0.6550257 -0.5930698 -0.7128735 -0.3742721 -0.4894036 -0.2323107 0.8405449 -0.1230615 0.09885358 0.9874634 0.4943378 -0.8682929 -0.04120451 -0.8043678 -0.08809161 -0.5875648 -0.09947556 0.8693417 0.484097 0.3142434 0.3033956 0.8995568 -0.7928897 -0.6090881 0.01837736 -0.9599338 -0.02863192 -0.2787604 0.7499783 -0.3042556 -0.5873339 0.7497553 -0.3180284 -0.5802801 -0.68641 0.6540856 -0.3178263 0.8644589 -0.494616 0.0898109 -0.5262522 -0.186719 -0.8295751 -0.9953942 0.01435774 0.09478533 0.8809652 0.359835 0.307277 -0.1317675 0.9479493 -0.2898784 0.1015606 -0.5135061 -0.8520546 -0.7305944 0.6186243 -0.2890257 -0.4271821 -0.8997113 0.08963912 0.245922 -0.3884711 -0.8880386 -0.3786208 -0.378283 -0.8447179 -0.5740321 -0.7925658 0.2057349 0.6956877 0.7070043 -0.1271357 0.7384063 -0.5757513 0.3510935 0.7017992 0.7096593 0.06214106 -0.07963097 -0.5695788 0.8180702 0.02805227 0.1292399 0.9912165 0.8207306 0.5685071 0.05657756 0.9373877 0.2905513 -0.1920536 -0.4253061 -0.2252892 -0.8765612 -0.7106201 -0.1360362 -0.6902994 -0.5786836 0.1465459 0.8022778 -0.6991609 0.465226 0.5428986 0.1229433 -0.5435035 -0.8303548 -0.2780091 0.6939913 0.6641439 0.3924605 -1.34969e-4 -0.9197689 -0.4215167 0.264315 -0.8674453 0.4932233 0.1767164 -0.8517642 -0.7936923 0.277059 0.5415633 -0.8435444 0.5221788 -0.1255477 0.558158 -0.6708621 0.488266 0.4538915 0.7227319 0.5211922 0.8155959 0.3409785 -0.4674797 -0.3858894 0.6889416 -0.6135543 0.3079573 -0.5122303 -0.8017372 -0.5080538 0.8470256 0.1562982 0.6530722 0.08688551 -0.7522949 0.8162311 0.536576 0.2141336 0.8262412 0.5480729 -0.1301609 -0.8490073 -0.3433905 0.401584 -0.4868125 -0.2933071 0.8227908 0.1187011 0.05577683 0.9913622 9.43524e-5 -0.03372031 0.9994314 0.2856258 0.3678874 0.8849163 0.4623897 0.7165154 0.5223039 0.6129466 0.5570236 -0.5603759 0.4690876 0.66372 -0.5826086 0.07844412 0.9889116 -0.1260973 0.09665977 -0.7289499 -0.6777087 0.2667996 -0.5808741 -0.7690275 0.2193142 -0.6008021 -0.768725 0.7793232 0.6252477 -0.04148304 0.5528722 -0.7084941 0.4385985 -0.4817523 0.3157504 0.817445 -0.5509735 0.7054824 -0.4457834 0.6595973 -0.3513703 0.6644323 0.8034927 0.2446825 -0.5427063 0.7933282 -0.1235533 -0.596125 -0.354791 0.6494406 0.6725699 -0.4545501 0.3397185 0.8233927 -0.1598384 0.6627854 0.7315513 0.5305952 0.750238 0.3944768 0.5523285 0.7730883 -0.3118781 0.6872856 0.4077286 -0.6011621 0.3445 0.262785 -0.9012569 -0.03063344 0.008223474 -0.9994969 0.06575793 0.1581411 -0.9852246 0.0663824 0.1593859 -0.984982 0.008244156 -0.6580433 0.7529349 0.313745 -0.5354934 0.7840989 -0.5152235 -0.5660088 -0.6435672 0.08592873 -0.9232137 0.3745566 -0.8163049 -0.5211443 0.249109 -0.2226413 0.4424804 0.8687014 0.5163014 0.6854684 0.5133868 0.7235813 0.1370076 -0.676505 0.440178 -0.2504153 -0.8622851 -0.5737297 -0.7045755 -0.4176214 0.5530546 -0.7046756 0.4444805 -0.551104 0.703835 -0.4482197 0.6227212 0.7056514 -0.3380452 0.8355967 0.5044696 -0.2174595 0.8393332 0.4693285 -0.2743186 0.5718514 -0.06128251 -0.8180652 0.4595385 -0.1881413 -0.8680019 0.1686412 -0.4197664 -0.8918275 -0.16437 -0.6199098 -0.7672643 -0.5400781 -0.7051582 -0.4594209 -0.6900838 -0.6875794 -0.2258739 -0.8304449 -0.5111012 0.2216684 -0.8299731 -0.4523012 0.3264482 -0.6412529 -0.008754551 0.7672798 -0.3617003 0.2693087 0.8925501 -0.1241696 0.4567534 0.880885 -0.4206614 0.2581695 0.8697082 0.8276996 0.2932388 -0.4784606 0.822109 0.5593432 -0.1061696 -0.6300846 0.5920914 -0.5024154 -0.3178107 0.9473612 0.03877055 -0.1846922 0.2012065 0.9619796 -0.811643 -0.2335281 -0.5354442 -0.6133462 -0.7878066 -0.05627816 0.5277757 0.05526494 -0.8475841 0.9453889 -0.3144633 0.08574765 0.4884592 -0.7951679 0.3593268 -0.04654633 -0.3188574 -0.946659 0.2558138 -0.9280391 0.2707449 0.4218705 -0.5212371 0.7418472 0.150242 0.9138733 -0.3771776 0.2271648 -0.9362435 -0.2680379 -0.7954953 0.4471001 -0.4090096 -0.2814162 -0.5067555 0.8148643 0.539912 0.6648341 0.5162275 0.6039301 0.5342029 0.5915198 -0.2431949 0.7719913 0.5872698 0.8369244 -0.4390802 0.3267511 0.8514026 -0.007793903 0.5244549 -0.9639624 -0.2618997 -0.04674422 -0.4502899 -0.3136488 0.8359805 0.2089886 0.5907201 0.7793416 0.9353426 0.3037188 0.1813539 0.5209634 0.3017299 -0.7984712 0.4337287 -0.332074 -0.8376194 0.9752331 0.1735495 -0.1371176 -0.8992046 -0.3025078 0.3161016 0.4052081 0.8058608 0.4317346 -0.9124566 0.2749508 -0.3030267 -0.1747072 -0.07178747 0.982 0.9780111 -0.03072637 -0.206277 -0.5833 -0.2154239 0.783169 0.4575774 -0.3215566 0.82899 -0.6781585 -0.3210253 -0.6610929 0.886213 0.1260201 -0.4458088 0.3997075 -0.5932365 -0.6987878 -0.7345201 -0.5763174 -0.3582437 0.1598287 -0.0158953 0.9870169 -0.978592 0.1146434 -0.1709229 0.584566 0.6760147 0.44865 -0.1485373 -0.6934262 -0.7050509 0.5538974 -0.7604486 -0.3389921 -0.2098453 -0.04751563 -0.9765794 0.1050941 -0.6292769 -0.7700428 -0.001568436 0.9203459 0.3911023 0.608308 -0.2959991 -0.7364414 0.636774 0.5772719 0.5111517 0.09174221 -0.6338593 -0.7679882 -0.9604232 -0.09458172 -0.2619955 -0.7905498 -0.3663806 -0.4907099 0.5605714 0.7709885 -0.3022194 0.171045 -0.7082626 -0.6849143 -0.6386241 -0.4027138 0.6557294 -0.2881102 -0.9564024 0.04782152 -0.1958006 0.1678992 0.9661636 -0.9665082 -0.05202203 -0.251308 0.6885496 -0.2102552 0.6940406 -0.6761533 -0.7052081 -0.2133034 -0.3335677 0.703428 -0.6276318 0.6795176 0.7066863 0.1971045 -0.4951679 -0.6871558 -0.5316257 -0.7662504 -0.5940589 -0.2448559 -0.943268 -0.315061 0.1047956 -0.8612084 0.02997106 0.5073675 -0.6406487 0.3286194 0.6939585 -0.3382604 0.4964306 0.7994601 0.466027 0.7230353 0.5099399 0.8031717 0.5520058 0.2240644 0.931813 0.2472565 -0.2656857 0.7894154 -0.1773557 -0.5876804 0.554922 -0.3815892 -0.7392234 -0.09603923 -0.7136611 -0.6938763 0.3319565 0.2743685 -0.9025114 0.3438724 -0.01417291 -0.9389094 -0.6796508 -0.7288743 0.08256608 -0.8985962 0.304453 0.3159639 -0.3373946 0.70463 -0.6242287 0.7110472 0.6249878 0.3221834 0.3715441 0.7080289 0.6005414 -0.8061875 0.5035185 0.3106942 -0.9376571 -0.309336 0.1584631 -0.5128349 -0.4588608 0.7255668 0.4957114 -0.5871519 -0.6399399 -0.7543984 -0.598789 -0.2689514 -0.6987646 0.7023639 -0.135695 -0.7716823 0.5560694 0.3086959 0.004781365 0.6926573 0.7212511 0.241109 0.9520641 0.1882563 0.6400147 -0.6584291 -0.3960459 0.7990656 -0.5879286 -0.1258342 -0.9734684 -0.2168422 -0.07306689 -0.6938677 -0.1303628 0.7082042 -0.338295 0.7049917 -0.6233325 -0.6654106 0.6141894 -0.4242644 -0.3885092 0.6304271 0.6720286 -0.2273868 -0.8678653 -0.441707 0.06821572 0.6783486 0.7315667 0.0378831 0.3669236 0.9294795 -0.9376496 0.3093623 0.1584559 0.6063876 -0.5291821 -0.5935152 0.4033956 0.381805 0.831563 0.8188251 0.5581814 0.1340115 0.339152 0.6950944 0.6338927 -0.6016038 -0.791485 -0.1078169 -0.8252952 0.1122865 0.5534254 0.1798592 -0.7577639 0.6272518 -0.3974776 0.792927 0.4618207 -0.3900943 0.4570921 0.7993081 -0.5694885 -0.6285176 -0.5297628 -0.3270961 0.3086391 -0.8931686 0.1514037 0.8799603 0.4502741 -0.2444572 0.808364 -0.5355263 0.3368424 -0.7070851 0.6217459 0.3129636 -0.5550458 0.7706997 -0.4498013 0.8564342 -0.2533757 0.6673805 -0.3252944 0.6699157 0.06573635 0.5969457 -0.7995842 0.6789504 -0.1173529 0.7247446 0.2340977 0.68165 -0.6932184 0.1886934 -0.8752026 0.4454383 -0.2067336 0.3844509 -0.8996993 -0.630114 0.6151052 -0.4739219 0.1389439 0.8869013 -0.4405687 0.6987262 -0.714411 0.03739982 -0.7560143 -0.1068027 -0.6457831 -0.6229299 -0.4859932 0.6129999 -0.481007 -0.8244716 0.2981259 0.7132598 0.4279771 -0.5550641 -0.3283971 -0.9168235 0.2271344 -0.3244085 -0.9385904 -0.1175049 -0.7575586 0.5004566 0.4191043 -0.2875999 0.9573768 0.02675879 -0.4023427 -0.7551475 -0.5175642 -0.4159884 -0.8590837 0.2982096 -0.02670055 -0.5854017 0.8103037 -0.473305 -0.6509816 0.593469 0.5510684 -0.4707092 -0.6890257 0.3635386 0.7049876 -0.60896 0.6778361 0.6702311 0.302206 0.2738782 0.6893382 -0.6706741 0.2570652 -0.3157102 0.91337 0.9971076 -0.02815032 0.07059735 -0.8255335 -0.5394775 0.165706 0.4277433 -0.6854333 -0.5892511 -0.4277493 -0.5883814 -0.6861763 -0.2464705 -0.6632624 0.7066367 0.07413578 -0.7057528 0.7045686 0.04735505 0.6857714 0.7262749 0.2815964 -0.6631253 -0.6935188 0.3026115 0.6574536 -0.6900588 -0.7451406 0.3711799 -0.5540678 -0.8859849 0.4030416 0.2293215 -0.6592494 0.7095412 -0.2488809 -0.3562399 -0.5933325 -0.7218378 0.1611998 0.4111822 0.8971868 -0.5113149 0.04001194 -0.8584614 0.8599038 0.388606 -0.3309847 -0.3453918 -0.6810521 -0.6456567 -0.8634093 0.06063169 -0.5008475 -0.9654103 -0.2278386 -0.1267773 -0.2815427 -0.6926873 -0.6640167 -0.6628543 0.6088063 0.4358659 0.3238591 0.651353 -0.6861884 0.9339143 0.2968615 0.1991922 0.8267685 0.2495322 0.5041701 0.05392903 0.6461007 -0.7613447 -0.07419663 0.7055919 -0.7047234 -0.8470749 -0.4024925 -0.3470792 -0.9906003 -0.1355792 0.01815426 -0.2911077 0.6334645 0.7169234 0.2548881 0.7162224 0.6496596 0.7414776 0.4919829 0.4562497 0.9942562 0.1009188 -0.0356369 0.9395408 -0.2134378 -0.2677826 -0.2460708 0.2917571 0.9242981 0.941048 0.02998203 -0.3369418 0.8645809 0.3397007 -0.3702747 -0.9768965 0.0277667 0.211902 0.3628873 0.2846196 0.8873019 0.01645451 0.4752923 0.8796741 0.08124697 -0.7052221 0.7043159 -0.07398951 0.7055935 -0.7047436 -0.07333123 0.7060223 -0.7043827 0.5161382 -0.692317 0.5042804 0.1534532 -0.9731091 -0.1717868 0.8856772 0.07067871 0.4588907 0.3845714 0.9229614 -0.01571989 0.8389742 -0.4822039 -0.2521944 -0.7630091 0.5935145 0.2560431 -0.6673478 0.1407344 0.7313281 -0.9935729 -0.1128594 -0.008695542 -0.3816124 0.6952902 0.6090515 0.3713664 -0.6968001 -0.6136422 0.6197029 0.4415566 0.648842 -0.8827787 0.01531833 -0.4695394 0.07502347 -0.7049303 0.7052977 -0.04541885 0.5815463 0.8122444 -0.07366544 0.7053891 -0.7049821 0.5369125 0.5948991 -0.5981807 0.7400702 0.3448041 0.5774135 0.7534779 0.5024908 0.4239979 -0.07336074 0.7025154 0.7078775 -0.7336204 -0.05231779 -0.6775427 0.3928198 0.8796128 0.2682801 0.7110655 -0.6249768 0.3221642 0.3975956 0.692759 -0.6016666 -0.3690587 -0.9062057 -0.2063662 0.966113 0.2136623 0.1448248 0.8916572 -0.2816094 -0.3544625 0.5857837 -0.5246872 -0.6177061 -0.9937523 -0.07060003 0.08644229 -0.6487106 -0.5459079 -0.5302445 -0.915135 -0.3766924 0.1436347 0.9398532 0.2822617 0.1923649 0.08970564 -0.6773639 -0.7301583 0.2227308 -0.6669409 -0.711042 -0.03248852 0.3763134 -0.9259227 -0.07074415 0.7057687 -0.7049014 -0.03203594 0.6375647 -0.7697306 0.03271013 -0.9990295 0.02949774 0.5873004 0.4212933 -0.691079 0.845577 -0.1314604 0.5174145 -0.3574674 0.9227464 0.1440705 -0.5206868 -0.1981456 0.8304358 -0.6511049 -0.09826773 -0.7525995 -0.04366892 -0.6839908 0.7281824 0.9385389 0.1077364 -0.3279292 0.06511127 -0.7968012 0.6007233 -0.5204352 0.8535553 -0.02430421 0.6119561 0.05795514 0.7887656 -0.9639298 -0.213502 0.1589227 -0.00344187 0.7742347 -0.6328893 -0.08400273 0.9949017 -0.05580699 -0.1086923 0.2915982 0.9503455 0.7492842 -0.6091852 -0.2597434 -0.5717275 -0.4033008 0.7144762 0.2437128 0.6606118 0.7100677 -0.662549 0.5212087 -0.5379317 0.5253353 -0.8168665 0.2382267 0.5282893 -0.8186688 0.2251486 0.05306768 0.6465814 0.760997 0.9412664 0.03169786 -0.3361738 0.8627156 -0.3487726 -0.3661686 -0.2448808 -0.6442099 -0.7245875 -0.725841 -0.6517974 -0.2198069 -0.6469625 0.7517229 0.1278759 0.4588895 -0.6497532 -0.6060043 0.864431 -0.4976876 -0.07117617 0.6121956 0.5566464 0.5615705 -0.3234158 0.6152235 0.7189592 -0.9542931 0.1091067 -0.278245 -0.833362 -0.2806136 -0.4761971 0.2958829 0.7170361 -0.6311201 -0.3450887 -0.6822594 -0.6445432 -0.02998912 0.9831919 0.1800959 0.07171279 0.9221252 -0.3801876 -0.2098685 -0.7018949 0.6806606 0.7259488 -0.5394477 -0.4266083 -0.5232426 0.6116728 -0.593358 -0.7776636 -0.5107091 -0.3666273 0.4990138 -0.3146837 0.8074401 -0.4957832 -0.543436 -0.6774042 -0.5440131 -0.7010344 0.4610862 0.8930085 -0.3241892 0.3121492 0.60067 -0.6711745 0.4344196 0.8780292 0.4384181 0.1919747 -0.1684005 0.8252469 0.5390817 0.3646781 0.8652067 0.3441326 -0.9585956 -6.85634e-4 -0.2847704 -0.2430124 0.7047266 -0.6665624 0.356382 0.5932978 0.7217961 0.3995503 -0.1294191 0.9075298 0.5429278 -0.823468 0.1647124 -0.9690757 0.1792717 -0.1695697 0.8807761 -0.4339026 -0.1896373 -0.5499868 -0.4774255 -0.6852586 0.3382906 -0.02183479 -0.9407884 -0.9509113 0.2628414 -0.1633465 0.0251649 0.2965993 0.9546704 0.6477388 0.1700914 0.7426328 0.1553002 0.610814 -0.7763943 0.779376 -0.1402596 -0.6106556 -0.3525888 0.6795263 -0.6433702 -0.9120594 0.3865573 0.1368259 -0.9195472 0.3753203 0.1164807 0.2903762 0.6492068 0.7030023 0.08134716 -0.707881 -0.7016319 -0.864489 -0.4986022 -0.0636776 -0.07362949 0.6695797 0.7390817 0.1609219 -0.872281 -0.4617684 0.2004167 0.7061749 -0.6790805 -0.6631583 0.247484 -0.7063801 0.7492464 -0.09489375 0.6554579 0.7493672 -0.6447632 -0.1507624 0.3931663 0.4953296 -0.774641 -0.5046303 0.2514545 -0.825905 -0.9376547 0.3093518 0.1584464 -0.5569805 -0.1245372 -0.8211353 -0.7230875 -0.1874586 0.6648336 -0.8604669 0.4588205 0.2215414 -0.3431069 -0.821676 0.4551114 0.8252087 0.376734 0.4208351 0.4420638 0.2269718 0.8677924 0.3418018 -0.5533756 -0.7595704 -0.5727218 -0.8175931 0.05942511 -0.7715858 0.6208506 -0.1385638 -0.2147896 0.6563267 -0.7232571 0.1950931 0.7068936 -0.6798825 -0.4773201 -0.8738858 -0.09213721 -0.7839046 0.6056088 -0.1368644 -0.7077175 -0.1203723 -0.6961656 -0.9233742 -0.1808301 0.3386453 0.4448281 -0.3600085 0.8200744 0.4813125 0.03987401 -0.8756417 -0.5840002 0.64331 0.4950718 -0.8325564 -0.5175715 -0.197407 -0.6043574 -0.007270097 0.7966802 0.9971121 0.07583832 0.004027664 0.8659359 -0.4278236 -0.2590794 -0.06598234 -0.6855147 -0.7250628 -0.9230518 -0.07229363 -0.3778215 -0.2175436 -0.631347 -0.7443627 -0.4822726 -0.5337586 -0.694633 -0.968979 0.1066853 -0.2229304 -0.5692878 0.629222 0.5291419 0.06946951 0.69792 0.7127985 0.9740165 -0.07013064 0.2153453 0.9769281 -0.1110982 0.1823973 0.8416549 -0.4871962 -0.2329314 0.7472001 0.2366881 -0.6210241 0.551214 0.7045057 0.4470289 0.1339343 -0.7353155 -0.664359 0.4316958 -0.05108594 -0.9005715 0.4524537 -0.07800173 0.8883702 0.3198979 0.9429026 0.09273761 -0.8880868 -0.2310456 0.3973914 -0.997938 -0.06418305 -7.25947e-4 0.3445776 0.6641678 -0.6634362 -0.05400907 -0.6884359 0.7232835 -0.02840578 -0.3716706 0.9279301 -0.1778774 0.5465739 -0.8183012 -0.2785932 -0.2728028 0.9208499 0.5576531 0.7330364 -0.3894619 -0.1914919 -0.941801 0.2763003 -0.4703463 0.5299841 -0.7056141 -0.506233 0.1514043 0.8490023 0.643851 0.6906052 -0.3294245 0.6837895 -0.4127616 -0.601714 -0.06514501 0.7293745 0.6810058 -0.4004089 0.4405049 0.8035099 0.08404028 0.2937328 -0.9521861 0.3118959 -0.5206771 0.794743 -0.9738555 0.1404954 -0.1785122 -0.3236908 -0.7961701 0.5112119 0.5711262 0.7447542 0.3451899 0.3966262 -0.7235381 -0.5649605 -0.6614155 0.5833379 0.4714305 0.287485 -0.6728754 -0.6816092 -0.4462688 0.608528 0.6561538 0.8088648 -0.5083105 -0.2955642 -0.7147916 -0.2342429 -0.658941 0.9042284 -0.2389081 -0.353969 0.7273896 -0.2761775 0.6281962 0.6097186 0.170623 0.7740357 -0.707834 -0.692135 -0.1411393 -0.5634194 -0.7450327 -0.3570503 0.6088092 -0.1263068 0.7831973 -0.3661099 -0.6843012 -0.630631 -0.9641217 -0.2652646 -0.01020246 -0.6131114 -0.3369292 0.7145441 0.81023 -0.4343885 0.3934897 -0.6045738 0.7757269 0.1809377 -0.6675029 0.6720643 0.320577 -0.5210648 -0.3242248 0.7895377 -0.7295833 -0.02897012 -0.6832782 -0.7051231 -0.08509814 -0.70396 0.6717595 -0.1926108 0.7152904 0.8790291 -0.4171019 0.2309412 0.7151226 -0.6273988 -0.3081728 0.2591837 -0.7220668 -0.6414386 0.4193361 0.3711054 0.8285155 0.7292535 -0.3184049 0.6056464 0.8022113 -0.5472681 0.2386522 -0.558192 -0.04857552 0.8282887 0.3284114 -0.2075536 0.9214486 -0.8150377 -0.5624353 0.1392118 -0.1518077 0.01510173 -0.9882947 0.6752387 0.04286384 -0.7363528 -0.9571256 0.2456508 0.1535129 -0.9809106 0.1199253 -0.1530768 -0.9702498 0.236135 -0.05343854 -0.4881507 0.116985 0.8648834 0.9479021 0.2088786 -0.2405232 0.5469976 -0.6360914 -0.5442256 -0.5866842 -0.5585663 -0.5863493 0.5554109 0.3275298 0.764358 0.8942137 0.2243245 0.3873763 -0.8962206 -0.1641441 0.4121229 0.964475 -0.1764826 -0.1965758 0.8195554 -0.4143638 -0.3957673 0.3795131 -0.7704837 -0.5121765 -0.2299749 -0.8842311 -0.4065057 0.4608895 -0.6592001 -0.5941686 -0.7605604 0.3352644 -0.5560089 -0.55684 0.1049773 -0.8239594 -0.2143439 0.0115059 0.9766905 -0.5619197 0.3812234 0.7341083 -0.4546097 -0.6994065 0.5515077 -0.4489501 -0.7047792 0.5492996 0.3874772 -0.5079959 0.7692865 0.1123858 0.6018298 0.7906773 0.725614 0.05701994 0.6857354 0.7738092 -0.6001383 -0.2026161 0.09589821 -0.6709812 -0.7352468 -0.8304319 0.1150599 -0.5451094 -0.5703406 -0.2064893 -0.7950308 -0.7053574 0.654868 0.2713283 -0.6076858 -0.5545547 -0.5684955 -0.4459351 -0.70563 0.5506616 0.3627916 0.7937723 -0.4881676 -0.1180018 -0.5557564 -0.822928 -0.4594066 -0.3525213 -0.8152756 -0.7672563 -0.008782744 -0.6412805 -0.8695032 0.1857485 -0.4576701 -0.8539159 0.5191298 -0.0364958 -0.7691155 0.6170162 0.1665902 -0.5788711 0.702947 0.4132478 -0.1374713 0.6552939 0.7427594 0.2197627 0.5080544 0.8328176 -0.4913892 0.7241378 0.483902 0.8355642 -0.07773995 0.5438649 0.8774417 -0.2150376 0.4287834 0.8976996 -0.3721289 0.2359144 0.7581824 -0.6337498 -0.1533652 -0.2820623 -0.4890795 -0.825374 0.221666 -0.6813625 -0.6975739 0.369318 0.5974016 -0.7118396 0.6654476 0.531567 -0.5240383 0.6568311 0.6226444 -0.4253079 0.3145379 -0.8039888 -0.5046465 0.455852 0.4638077 0.7596588 0.402953 0.2849652 0.8697264 -0.7807233 0.4674272 -0.4147085 0.1673245 -0.9493966 -0.2657983 -0.5387306 -0.6450267 0.5419502 -0.5924313 -0.7947922 0.1316461 -0.6095147 -0.1793032 0.7722319 -0.1948071 -0.1509164 0.9691618 0.8469057 -0.03757309 -0.530414 -0.8480913 0.01768082 -0.5295552 -0.07412987 0.6939297 0.7162167 0.09815621 -0.9035044 0.4171872 -0.3383523 -0.7059051 -0.6222667 0.9901477 -0.05428129 0.1290786 0.3877127 -0.369841 0.844332 -0.525039 0.4623473 0.7145411 0.8217044 -0.2384824 -0.5176177 -0.001860678 0.942934 0.3329747 -0.8420715 -0.4235845 0.3339039 0.9166189 -0.3917389 -0.07969135 0.8198348 -0.4795236 0.3129346 -0.6156511 0.1543891 -0.772747 -0.01692241 -0.9581976 -0.2856065 -0.5852315 0.8045495 -0.1010161 -0.4478358 0.6159307 0.6481301 0.3119503 -0.5926347 -0.7426111 0.6409617 -0.4952653 -0.5864133 0.4400295 -0.6211983 -0.6484494 0.328804 -0.8226869 -0.4637609 0.5974771 -0.7929363 -0.1194707 0.4424328 0.7070011 -0.5517271 0.4424344 0.7070192 -0.5517027 0.458832 0.5879849 0.6661435 0.4588418 0.587976 0.6661444 0.7537979 -0.3836085 -0.5335103 -0.9247291 -0.1638932 0.3435335 0.2425845 -0.2303456 -0.9423873 0.2106176 0.9113839 0.3535813 0.5143755 0.5793287 0.6322945 0.8995921 0.4366607 -0.00784713 0.32946 0.8690416 0.369084 0.7135806 -0.5269544 0.4616513 0.1998654 -0.7661186 0.6108323 0.4632209 -0.8640225 0.1972094 0.455623 -0.6985279 0.5517848 -0.8142119 -0.5265821 -0.2444798 -0.07429701 -0.7056037 -0.704701 0.07384264 0.7056356 0.7047168 0.07541745 0.705551 0.7046347 0.06503355 0.702027 0.7091748 0.422276 0.6900531 -0.5878009 0.9597526 -0.2565796 -0.1142019 0.6664748 -0.4618993 -0.5852012 -0.6993362 0.7115549 0.0679599 -0.7069545 0.7035007 0.07281619 -0.7047294 -0.7056087 0.07397925 -0.705262 -0.7051938 0.07285135 -0.7049043 -0.7056364 0.07202345 -0.7030819 -0.7075465 0.07109093 -0.7046011 -0.7057178 0.07416051 -0.7047325 -0.7055425 0.07457858 -0.7054219 -0.7048614 0.07450139 -0.8337281 -0.4138209 -0.3655813 0.7955474 0.3176801 -0.5159301 0.8714979 -0.336619 0.356622 0.09341341 0.3456868 0.9336887 -0.09037172 0.1400474 -0.986012 0.662586 0.7446378 -0.08058762 0.6797342 -0.701893 -0.2128558 -0.1392064 -0.653907 0.7436581 -0.05904221 -0.933418 0.3538995 -0.1735942 -0.1568195 0.9722514 0.9529422 -0.2479615 -0.1744028 -0.04570829 -0.5291818 -0.8472765 0.6795251 -0.7057269 0.2004877 -0.5411292 0.7035292 -0.4606798 -0.5342094 0.6405329 -0.5516684 -0.6339907 -0.2728065 -0.7236247 -0.5508407 0.7056531 -0.4456773 -0.5506272 0.7056066 -0.4460146 -0.5503987 0.7049622 -0.4473139 -0.5269677 0.7160371 -0.4578165 -0.5509126 0.7043662 -0.44762 -0.4734473 0.7873677 0.3948416 -0.5515773 0.7042022 -0.4470591 -0.5525569 0.7036752 -0.4466791 -0.5506272 0.7056015 -0.4460228 -0.5383489 0.6724664 -0.507907 0.9580147 0.140754 -0.2497925 -0.01804465 0.6767718 0.7359717 -0.6211061 0.7067365 0.3387488 -0.6200753 0.7080025 0.3379927 -0.6206536 0.7080787 0.3367696 -0.6214478 0.7083154 0.3348014 -0.6237742 0.70631 0.3347117 -0.6241965 0.7054409 0.3357557 -0.6245815 0.7036893 0.3387024 -0.6245282 0.7038287 0.3385109 0.68015 -0.7073391 0.1925289 0.2787849 0.5415197 -0.7931175 0.277598 0.8405417 -0.4652194 0.7545346 0.5032431 -0.4212172 -0.01784491 0.8021407 -0.5968683 -0.9111014 0.1311765 -0.390752 -0.772935 -0.632178 -0.05406123 -0.6147003 -0.7795214 0.1203749 -0.742893 -0.6482198 0.1670959 0.5978771 -0.7646098 0.2406551 -0.4497255 0.5763108 -0.6823584 -0.4497321 0.576296 -0.6823664 -0.01072096 -0.06122899 0.9980662 0.513072 0.3094392 -0.8006276 0.4468767 -0.7074476 -0.5475574 0.9524641 0.1391721 0.2710045 -0.8160352 0.545106 -0.1922137 0.1794407 0.589596 -0.7875136 0.07325941 -0.7056422 0.704771 -0.8775274 0.3105941 0.365345 -0.4709197 -0.6041502 -0.6428353 0.337378 0.3034093 0.8911336 0.7157972 0.2933618 0.6336981 0.6347139 0.7009281 0.3253277 -0.3860769 0.9049044 0.1791441 0.6469502 -0.5901357 0.4829031 -0.3626083 0.6834341 -0.6335875 -0.2471717 -0.5175836 -0.8191541 -0.7283201 0.3704839 -0.5764474 0.9359419 0.2303767 0.2663444 0.4670581 -0.3638631 -0.8058912 -0.6099167 -0.6898591 0.389995 -0.6056455 0.6619898 -0.4415462 -0.6873871 0.2668637 0.6754871 -0.8446118 0.5313534 0.06553381 -0.4562466 0.7018186 -0.5470739 -0.6264921 0.7047052 0.333014 0.6548589 -0.5922669 0.4694463 -0.6085179 -0.6901972 0.3915788 0.9889957 -0.1359597 0.05833101 0.7292961 -0.4763081 -0.4911801 0.7219563 -0.6518077 0.2322195 -0.6076076 -0.7900968 -0.08099544 -0.7558395 -0.6496438 -0.08166795 -0.7436605 -0.6463648 0.1708267 -0.5748673 0.2830037 -0.7677477 0.8101779 0.5859147 0.01777386 0.7027483 0.3434736 0.6230335 0.651553 -0.6796629 0.3369529 0.2068294 0.6627079 0.7197498 -0.7269291 0.2277913 0.6478313 -0.8567651 0.3449936 0.3833186 -0.7154567 -0.3663573 -0.5948985 0.7920172 -0.5747495 -0.2058441 -0.5388832 -0.8159122 0.2095049 -0.1301839 0.6682711 0.7324384 0.5655397 -0.4529437 0.6892074 0.3097147 0.726477 0.6134396 0.3535014 0.7103587 0.6086273 -0.3851107 -0.9116591 -0.1434142 -0.1041583 0.2382055 -0.9656134 0.5758805 -0.6437915 0.5038792 0.3888689 0.1312143 0.9119012 -0.755119 -0.1933138 0.6264385 0.5927866 0.6643427 -0.4552505 -0.8057931 0.5218923 -0.2798678 -0.7064125 -0.5807936 -0.4045494 0.03515374 0.6908773 0.722117 -0.7806428 -0.531368 -0.3290059 -0.411354 -0.7753118 0.479249 -0.03914862 -0.192471 0.9805215 0.9543313 0.2975103 -0.02719408 -0.1719042 -0.1223176 0.9774904 -0.4587878 0.7084653 0.536275 -0.3997979 -0.4643132 0.7903006 0.04931187 0.4786389 0.876626 0.748679 -0.6577028 -0.08310741 0.7402829 0.6596657 0.1297011 0.4604859 0.6026393 -0.6517505 0.900898 0.3404498 -0.2692153 0.07084262 -0.6001529 -0.7967421 0.1088883 0.7964246 0.5948539 0.9914686 0.08489149 0.09891259 -0.7555742 -0.6291499 -0.1824232 0.904528 -0.1684792 -0.391719 -0.6926582 0.4043051 0.5972957 -0.2456582 0.5730849 0.7818093 -0.4334759 0.620117 0.6538759 -0.2032252 0.8373515 0.5074861 -0.5685883 0.7860476 0.2425626 -0.5458338 0.6978252 0.4637947 0.3403815 0.7628046 -0.5497906 -0.2501299 0.09867066 -0.9631715 -0.8944755 0.2654992 0.3597552 -0.1728518 0.3613448 -0.9162709 0.1894577 0.6756962 -0.7124188 -0.5299443 -0.5928555 0.6063674 0.6086546 -0.3702799 0.7017353 0.1764608 -0.5693877 0.8029068 0.1985316 0.3172746 0.9273198 -0.1314473 -0.9494132 0.2851951 0.5205565 -0.6909444 -0.5016142 -0.340654 0.8022962 0.4901793 -0.5900505 -0.6943898 0.411902 0.8805947 0.1563917 -0.4473192 -0.8995075 0.4026768 0.1695221 0.5374202 0.400084 0.7423695 0.5234838 -0.5436664 0.6560423 -0.7047445 -0.7056273 0.07365715 -0.7050987 -0.7052526 0.07385563 -0.7052668 -0.7051882 0.0728591 0.5004097 0.174988 -0.8479207 0.8049628 0.5484395 0.2263826 0.5592998 0.2605816 0.786944 0.9760782 -0.05418872 0.2105587 -0.5893198 0.7965056 0.1352076 0.7723027 0.6046055 0.1949378 -0.2161648 0.0797438 -0.9730949 -0.1899418 -0.6551941 -0.7311929 -0.1996626 -0.4218848 0.8843914 0.1081865 -0.9936154 0.03200495 0.1513175 0.7657688 0.6250609 -0.6310711 0.6775905 -0.3776513 0.909188 0.3620741 0.2056201 -0.7569892 -0.2856357 0.5876902 -0.06436818 -0.5909029 -0.8041707 -0.1998487 -0.7064568 0.6789546 0.8962772 -0.3569071 0.2632575 0.2564501 -0.4886633 0.8339315 -0.4514013 0.5684922 -0.6877889 0.414144 0.4352817 -0.7993839 -0.1256774 0.6983321 0.7046542 0.5953508 -0.162795 -0.7868006 0.1844182 -0.9416992 -0.281412 -0.5542265 0.3276069 0.7651841 -0.389951 0.6823324 0.6183533 0.5005248 -0.3656355 0.7847202 0.6109321 -0.7915778 -0.01291334 -0.8072264 -0.5432404 -0.2308146 -0.4568585 0.6521285 -0.6049867 -0.6682295 0.4906136 0.5592563 0.0887165 0.6050233 0.7912499 0.1804267 -0.7001292 -0.690844 0.09047418 -0.6949691 -0.7133249 0.4490912 0.3557152 0.8196243 -0.3944739 0.7984499 0.4548276 0.816577 0.5718914 -0.07837277 0.9029219 0.1293992 0.4098632 -0.757434 -0.6300721 -0.1711816 -0.5233905 -0.708059 -0.4740411 0.3298237 -0.8552394 0.3997274 0.5483487 -0.2828033 -0.7869791 0.67246 0.01393115 0.7400024 0.5865587 0.5253225 -0.6164295 0.9431049 -0.2645248 -0.2014449 -0.7106655 0.6765454 -0.1929792 -0.2190666 0.5533784 -0.8036058 0.7609881 0.0416308 -0.6474289 0.8813521 -0.4649256 0.08404123 0.7477707 0.2395548 0.6192354 -0.2206701 0.1511032 0.9635729 -0.4595471 0.409766 -0.7879774 0.1301941 0.66826 -0.7324467 0.3640208 -0.09499889 0.9265334 -0.6521495 0.4723076 0.5929812 0.5392512 -0.7469003 -0.3890349 -0.04325586 0.8604115 -0.5077608 -0.2838255 0.7058646 0.648998 -0.6226867 -0.7055178 0.3383874 -0.442263 0.7070859 0.5517545 -0.4416283 0.7091911 0.5495566 -0.4441661 0.7063351 0.5511872 -0.4387109 0.706022 0.5559368 -0.4460254 0.7055888 0.5506412 -0.4475287 0.7054699 0.549573 -0.4455047 0.7057983 0.5507943 -0.1011031 -0.1145552 -0.9882587 -0.7876169 0.5368778 -0.3023607 0.5864828 0.2961407 0.7538825 -0.3890094 -0.191795 -0.9010474 -0.09779316 0.2828288 -0.9541721 -0.7350589 0.6756708 0.05619132 -0.5874248 0.7968737 -0.1411548 -0.1384946 -0.2390878 0.9610704 -0.5980684 -0.6730939 0.4350389 -0.1772239 0.6390402 0.748478 0.6585342 -0.6117421 0.438297 -0.6403431 -0.7079207 0.2980086 0.320841 0.5324046 0.7833304 0.9958221 -0.06565648 -0.06346368 0.5540048 0.482123 0.6787019 0.6274228 -0.7085129 -0.3230327 -0.6487708 -0.4290824 -0.6284782 -0.4375943 -0.04404795 -0.8980931 -0.2790432 0.08369714 -0.9566242 0.6374531 -0.7644013 0.0966649 -0.2053313 0.08057171 0.9753704 -0.3128011 0.7686545 0.5579658 0.5529342 0.6915746 -0.4647455 0.6241131 0.7042659 -0.3383674 0.6105482 0.710631 -0.3496206 0.6224603 0.7051897 -0.339486 -0.7076619 0.7035 0.06559252 0.8938201 0.4282912 -0.1328628 0.1653806 0.03164237 0.9857222 0.6174481 0.7069023 -0.3450319 0.6201058 0.7076045 -0.3387695 0.6222013 0.7068555 -0.336483 -0.6225028 -0.7053331 0.3391101 -0.622272 -0.7052007 0.3398081 -0.6236272 -0.7039175 0.3399842 0.7809138 0.5872572 0.2128448 0.2561299 -0.5921071 -0.7640725 0.4520296 0.7623615 0.4631136 0.7276415 -0.363516 0.5817165 -0.6023275 0.008285284 -0.7982062 -0.1528942 0.9640599 0.2172831 -0.4764123 0.3627578 0.8008983 -0.6033672 0.7081782 0.3666492 -0.4565203 0.8758143 0.1566476 0.6224139 0.7050763 -0.3398064 0.6207361 0.7063577 -0.340214 0.6198869 0.7075474 -0.3392888 0.6211067 0.7075619 -0.3370204 0.6249414 0.7049655 -0.3353684 -0.6220317 -0.7064456 0.3376554 -0.6217378 -0.7066378 0.3377946 -0.621254 -0.7066058 0.3387503 -0.6213155 -0.706108 0.3396743 -0.6225267 -0.7051419 0.3394637 -0.623629 -0.704792 0.3381643 -0.6222792 -0.7059636 0.3382072 -0.6237252 -0.7054135 0.336688 -0.6231934 -0.7050209 0.33849 0.6227741 0.7056156 -0.3380223 0.6234055 0.7037509 -0.3407351 0.6235449 0.7061363 -0.3355045 0.6240335 0.7054136 -0.3361157 0.6222466 0.7050185 -0.3402324 0.6214087 0.7083843 -0.3347283 -0.7789722 0.5996279 -0.1834365 -0.7824064 -0.5640329 -0.264021 0.502272 0.5698397 -0.6503888 -0.5574234 0.01794141 -0.8300346 -0.6033735 -0.708174 0.3666471 0.5120125 0.5780005 -0.63542 0.2872934 0.1956706 0.9376437 0.3204001 -0.4095539 -0.8541719 0.7830168 -0.07431977 0.6175445 0.1128656 0.008529365 0.9935737 0.634685 -0.6798694 -0.3673589 -0.6794783 -0.7055768 -0.201173 -0.679379 -0.7056006 -0.2014248 -0.6018442 -0.4809956 -0.6375162 0.6172538 0.7094838 -0.3400449 -0.3398712 -0.6775011 -0.6522883 0.4973704 0.7581131 -0.4217668 0.5449669 0.828279 -0.1302497 0.7057085 0.5845596 -0.400332 -0.5266335 -0.6161535 0.5856724 -0.5731035 -0.5127241 0.6392703 -0.5551466 -0.8279901 -0.07902264 -0.3845427 -0.7388356 0.5533975 0.08378183 -0.506307 0.8582738 0.6627647 -0.7248504 -0.1879755 0.6599449 -0.620305 -0.4239038 0.8943986 -0.4322293 -0.1150184 -0.8534923 -0.391134 0.3443331 0.5878854 0.482723 -0.6491296 0.905939 0.3555198 0.2299575 0.247832 0.9271179 -0.281126 0.5048398 0.817383 -0.2775282 0.7930593 0.5766829 -0.1961985 0.6002709 0.7487136 -0.2812526 -0.7046926 0.7055754 0.0746451 0.8616679 -0.4751645 -0.1781778 -0.7413028 -0.167733 0.6498736 0.5609887 0.5433366 0.6245615 0.700326 -0.7097092 -0.07652688 0.706312 -0.7042861 -0.07144618 0.7060101 -0.7037191 -0.07955622 0.7013155 -0.7096024 -0.06797969 0.6979259 -0.6530573 -0.2939653 -0.6293865 -0.1368209 -0.7649527 0.5182681 -0.3514239 0.7796791 0.1645175 0.2639732 -0.9503958 -0.9597927 0.2768352 0.04648083 -0.1894221 -0.3156241 -0.9297853 0.8835656 0.1840441 0.4306272 0.4722791 0.3399453 0.8132587 -0.07973361 -0.0798338 0.9936143 0.5809261 -0.8125336 -0.0481047 0.05776345 0.05783736 -0.9966535 -0.3974099 0.894979 0.2026772 -0.2088936 0.5798565 0.7874833 0.6994962 -0.626179 -0.3443907 0.6961359 -0.6970054 -0.1719837 0.7047021 0.705612 -0.07420724 0.7047753 0.7056847 -0.07280778 0.7046575 0.7065808 -0.06481868 0.6522748 -0.6853922 -0.3236899 0.06161606 0.6768845 0.7335059 -0.2054727 0.3036004 -0.9303805 0.3402166 0.3497035 0.8729032 -0.5156567 -0.2639316 0.8151309 -0.5721086 -0.7399519 0.3537837 0.2525325 -0.7625272 0.5956338 -0.7518606 -0.1252518 0.6473158 0.6122285 0.6963344 0.3745595 -0.5649331 0.6953611 -0.4442113 -0.7246942 -0.6021801 0.334959 0.1307218 0.940501 0.3136396 0.5353596 -0.2890328 -0.793631 -0.2886094 -0.5092263 -0.8107979 0.6919366 -0.707391 0.1442973 0.8938369 -0.2040902 0.3992527 0.7730769 -0.4170717 0.4779157 -0.7093575 -0.7003259 0.0797224 -0.7047307 -0.7056794 0.07328969 -0.7047232 -0.7056743 0.07340985 -0.7067798 -0.7044622 0.06477183 -0.7023231 -0.7117802 0.01054781 -0.711264 -0.6992766 0.07152581 -0.3956742 -0.6694276 -0.6287357 0.5333185 -0.7138366 -0.4538819 0.1466512 -0.138262 -0.979478 -0.740074 0.5639424 0.3664144 -0.1911143 0.2892212 0.9379907 -0.358681 -0.558702 -0.7477968 0.6245134 -0.7697017 0.1324483 -0.8837186 -0.4646429 -0.05611181 0.6701184 0.7084199 0.2215459 0.6524142 0.4553161 -0.6058409 0.4979819 -0.2418717 -0.8327739 0.6701053 -0.7084261 0.2215656 -0.4077545 0.6696979 -0.620678 0.6984327 0.7122321 -0.07012313 0.7091379 0.701412 -0.07172691 0.70476 0.705576 -0.07399976 0.704729 0.7056056 -0.07401233 0.7027108 0.7076787 -0.07340604 0.7017716 0.7083848 -0.07554852 0.7063314 0.7035558 -0.07813614 -0.7034286 -0.7066857 0.07604986 -0.7047032 -0.7057486 0.07288509 -0.7056139 -0.7046594 0.07459384 -0.7042016 -0.7062939 0.07245159 0.6786876 -0.7048565 0.2063019 -0.7200178 -0.6939513 -0.002443492 0.2215158 -0.7084224 -0.6701258 -0.2128488 -0.7018866 -0.6797431 0.7332859 0.6428172 -0.2215356 0.8220973 -0.3116154 0.4764997 0.6305277 -0.02833527 0.7756493 -0.4268878 0.4443635 0.7875964 -0.9491157 -0.1106133 0.2948632 0.2255473 -0.6765003 -0.7010533 0.352842 -0.2951894 -0.8878996 -0.7043846 -0.7060058 0.07347303 0.6972555 0.7113901 -0.08808565 0.7074288 0.7036523 -0.06646901 0.01727437 0.2057848 0.9784449 -0.8831526 0.4192426 0.2104216 0.2981895 0.8912425 0.3417162 -0.710267 -0.7005135 0.06929403 -0.7041341 -0.7061529 0.07445454 -0.705586 -0.7046341 0.07509464 0.6268861 -0.7009642 -0.3400928 0.2825584 0.905925 -0.3153738 0.6862539 0.6863113 0.2408992 0.7349004 0.6675992 0.1193017 -0.3095551 -0.9471342 -0.08433568 -0.2573763 0.9592003 0.1170141 0.6291295 0.2313807 -0.7420641 0.6486486 0.7427261 -0.1661717 -0.2039321 0.4879115 0.8487367 0.07981199 -0.1155586 -0.990089 0.4016161 -0.5684414 0.7180383 0.5412228 0.1015967 0.8347191 -0.6434277 -0.7378576 -0.2038798 0.6193193 -0.6939535 0.3672496 0.645312 -0.7327855 0.2158659 -0.2145845 0.3928029 0.8942369 0.6016337 -0.6711776 0.4330792 0.6286473 -0.6693646 -0.3959212 -0.9545736 -0.0594232 0.2919899 0.8775072 -0.4397669 0.1912752 -0.617206 0.7038742 -0.3515935 -0.6787553 -0.7049632 -0.205714 0.2851552 -0.9111289 -0.2975413 -0.6793215 -0.7058613 -0.2007046 -0.4356014 0.06459987 -0.8978187 -0.4804165 0.6228937 -0.6174167 0.1095246 0.9907232 -0.08044815 0.3399638 0.9328434 0.1192807 -0.7118217 0.6573432 -0.2474061 -0.1863789 0.3976699 0.8983995 0.6475866 0.6725896 -0.3581269 -0.6793915 -0.7056152 -0.201332 0.679442 0.7056762 0.2009473 0.6795794 0.7053987 0.2014559 -0.7133282 0.570831 0.4065893 -0.4999816 -0.4791854 -0.7213874 -0.7346709 -0.6114174 -0.2939856 -0.7218423 0.6245416 0.2981469 -0.1469219 0.7075088 0.6912636 0.9110988 0.3351573 0.2399349 0.3529511 -0.5183691 -0.7789217 -0.6987903 0.7083554 0.0996229 0.9411022 0.2588941 -0.2174872 0.9930524 0.1169687 0.01286131 -0.936567 -0.349949 0.01944041 -0.05445927 0.1792528 0.9822947 0.3633713 -0.01368826 0.9315439 0.8730974 -0.3853103 0.2987257 0.6811594 0.3975785 0.614779 -0.3547512 -0.8361979 0.4182401 0.7567394 -0.6340245 -0.1592437 0.9632901 -0.1401093 0.2290014 -0.3192908 -0.6862275 -0.6535636 0.1131678 -0.9596908 -0.2572682 -0.8745886 0.2200763 -0.4320434 -0.6783194 -0.7068361 -0.2006629 -0.6750438 -0.7127396 -0.1905736 -0.6693094 -0.713595 -0.2068987 0.8567304 0.2403761 0.4563251 0.6838591 0.7025771 0.1967798 0.1205126 -0.06640827 0.9904881 0.682834 0.7025982 0.2002338 0.6798799 0.7053252 0.2006983 0.6801858 0.7051432 0.2003006 -0.651075 0.3027999 -0.6959982 0.6792083 0.7058955 0.2009671 0.6795236 0.7057018 0.2005807 0.8830628 0.2312144 0.4083382 0.6781787 0.7068977 0.2009211 0.842413 0.3523715 -0.4076454 0.6785849 0.7058982 0.2030527 0.2847848 0.9540203 0.0935046 0.6789163 0.7064772 0.1999067 0.9343586 0.2518194 0.2521135 0.5567841 0.6281316 0.543546 -0.3664078 0.5639514 -0.7400705 -0.3413595 0.5286551 0.7771727 0.3203892 0.4095628 -0.8541716 0.6545133 -0.458704 -0.6010017 0.225547 -0.6765078 -0.7010462 0.7332724 -0.6428242 -0.2215595 0.7223961 -0.5950432 -0.3522321 -0.6199066 -0.6648344 -0.4167867 0.6701136 -0.708422 0.2215538 0.3884841 0.6712338 0.6312886 -0.6800674 -0.7059057 -0.198004 -0.68147 -0.7045567 -0.1979865 -0.6814992 -0.7037636 -0.2006881 -0.6796682 -0.7047268 -0.2034978 -0.6783519 -0.7072645 -0.1990371 -0.6795272 -0.7058588 -0.2000154 -0.6776136 -0.7066697 -0.2036123 -0.6801982 -0.7045596 -0.2023023 -0.6789541 -0.7065736 -0.1994369 0.6823971 0.7032412 0.1994644 -0.6666892 -0.1171179 -0.7360767 -0.8076819 0.436734 -0.3961232 0.5453913 -0.7012876 -0.4590688 0.7680252 0.283483 0.5742602 -0.8061003 -0.5585997 -0.1953682 0.2290788 -0.3928961 0.8905929 -0.8573595 0.5087549 0.07812279 -0.2831768 -0.375365 0.88256 0.6494526 -0.6153846 -0.4466689 -0.8562446 0.4357146 0.2774854 0.6819939 0.7006917 0.2095604 -0.7606228 0.4083894 -0.5046495 -0.3360721 0.7066628 -0.6226422 -0.3258228 0.7080394 -0.626514 0.1551138 0.2012189 -0.967187 0.1316205 -0.677506 -0.7236447 -0.6763291 -0.6694284 -0.3073185 -0.9603476 -0.1629087 -0.2262596 -0.5750729 -0.7844862 0.2321052 0.5852494 0.3615905 0.7257655 0.5815017 0.7592964 0.292104 0.01934278 0.9962353 0.08450621 0.6524528 0.7517383 0.09589064 0.5722948 0.7415916 0.3500295 -0.9284335 -0.05180126 0.3678693 -0.8546785 -0.514868 -0.06660032 -0.06626015 -0.7132433 -0.6977776 -0.08752304 -0.7061071 -0.7026752 -0.0276975 0.6882496 0.7249451 0.8854416 -0.2641234 0.3824028 -0.8931452 -0.4427634 0.07907158 0.9271857 0.05220711 0.3709465 -0.5451308 0.2737724 -0.7923896 0.4863932 -0.09622651 0.8684251 -0.5527809 0.512845 -0.6568282 0.6714515 -0.2608911 -0.6936056 -0.6979428 0.5222622 -0.4900184 0.1816268 0.3172214 0.9307966 0.6886238 0.4760542 0.5469641 -0.6829104 0.7026505 -0.1997894 -0.8037537 0.400213 0.4402382 0.7952019 -0.05453717 -0.6038872 0.165595 0.7809777 0.6022061 0.2530049 -0.6895079 -0.6786513 -0.6511266 -0.3724956 0.6612725 0.6220247 0.7829518 -0.008488178 -0.5509613 -0.7060201 -0.4449464 -0.5509452 -0.7060269 -0.4449555 0.07483851 -0.7055928 0.7046546 0.06635993 -0.7115765 0.6994678 -0.5113404 -0.8152136 0.2719521 0.07171076 -0.7058696 0.7047026 -0.002144157 -0.992989 0.1181879 0.07353812 -0.7048649 0.7055194 0.07290899 -0.7050639 0.7053858 0.0745601 -0.7045155 0.7057611 0.07347744 -0.7049817 0.7054091 0.4933698 0.7071205 -0.5065243 0.2206158 -0.9693905 -0.1077543 0.5679519 0.4822549 -0.666979 -0.271081 -0.08556222 -0.9587462 0.008835792 -0.9183666 0.3956324 -0.7565448 0.4206933 0.5006569 -0.5496834 -0.7049798 -0.4481648 -0.5507689 -0.7057029 -0.4456871 -0.5500298 -0.7048609 -0.4479269 -0.5507293 -0.7057539 -0.4456553 -0.08098232 -0.1816014 -0.9800322 0.5897189 0.6650454 0.458199 0.615114 0.7882643 0.01656466 0.4060174 0.5203083 0.7512851 0.5578596 0.2372045 0.7953156 0.4000831 0.3102071 0.8623834 0.7796068 -0.5973649 -0.1880652 -0.6010212 -0.7701691 -0.213572 -0.9379477 -0.3467769 -3.53383e-4 -0.2868062 -0.9570968 -0.04132854 -0.6010094 -0.7701768 -0.2135775 -0.1389746 0.249005 0.9584794 -0.5490375 -0.7035567 -0.4511827 -0.5490285 -0.7035698 -0.4511734 -0.8219977 0.4704578 0.3209194 0.6520223 0.3572893 -0.6687387 0.4224839 0.6963712 0.5801505 -0.4233518 0.9032175 0.07050901 0.6362926 -0.3165008 0.7035333 0.3692489 0.4683145 0.802706 0.3096138 -0.8780806 -0.3648474 0.7436683 -0.6538952 0.1392073 -0.5508922 -0.7057704 -0.4454279 -0.5503045 -0.712733 -0.4349444 -0.5506427 -0.7056001 -0.446006 -0.5064101 0.4453755 -0.7383695 -0.5535781 -0.6954494 -0.4581502 -0.5899774 -0.7155309 -0.3740885 -0.7911473 0.001226842 0.6116245 -0.5640894 -0.7141616 -0.4144593 -0.5517784 -0.7049863 -0.4455726 -0.549299 -0.7072948 -0.4449773 -0.5522753 -0.7037995 -0.4468315 -0.03758418 -0.2329659 -0.9717584 -0.5510355 -0.7058935 -0.4450554 -0.5507004 -0.7070249 -0.4436721 -0.6720147 -0.721837 0.1653711 -0.5444256 -0.7175418 -0.4344359 0.08326214 -0.7027875 0.7065106 0.07832336 -0.7285034 0.6805501 0.6801077 0.4074442 0.6094611 0.605963 0.7764977 0.172801 0.5520516 0.7074447 0.4413176 -0.6523991 -0.6970819 -0.2974095 -0.5513983 -0.7090224 -0.4395989 -0.5481173 -0.7044525 -0.4509039 -0.5519444 -0.7025275 -0.4492355 -0.5601032 -0.6947427 -0.4512395 -0.5533887 -0.697028 -0.4559748 -0.549255 -0.706979 -0.445533 0.09761536 -0.5717619 0.8145918 -0.2013397 -0.7056151 0.6793891 -0.4194329 -0.3076298 0.8540727 -0.1052645 -0.9898957 0.09500533 0.5864833 0.703732 0.4009972 0.5497223 0.7131212 0.4350444 0.5353879 0.7136995 0.4516557 0.5506374 0.7056123 0.4459931 -0.1983051 -0.7004618 0.6855862 -0.2026711 -0.703185 0.6815097 -0.1987118 -0.7047939 0.6810134 -0.2017729 -0.7068862 0.6779378 -0.2007192 -0.707295 0.6778242 -0.2038024 -0.7060423 0.6782101 -0.2043358 -0.7057045 0.6784011 -0.177786 -0.7327412 0.6568732 -0.2057789 -0.7003157 0.6835299 -0.1971088 -0.705565 0.6806807 0.3458742 0.5180566 0.782297 -0.8677522 0.1789981 -0.4636442 0.1963076 0.7094233 -0.6768915 0.1958054 0.7062132 -0.6803845 0.2054792 0.7049837 -0.6788051 -0.8739125 0.3905739 -0.2893597 -0.6961014 -0.4690032 -0.5435796 0.7809166 -0.1778621 -0.5987774 0.1193423 0.6660898 0.736262 -0.03390979 -0.7097699 0.703617 0.6585541 0.005451381 0.7525137 0.7008566 0.4740287 0.5330075 0.1322959 0.9663882 0.2204357 0.7653105 0.6136336 0.1943028 0.9312629 0.3585975 -0.06447774 -0.04910218 0.8816741 0.4692971 -0.4400212 -0.6444073 -0.6253964 0.3585244 0.8258967 -0.4351492 0.0745787 0.6972566 -0.7129315 -0.1227176 -0.5019268 -0.8561599 0.9655672 0.234178 -0.1133176 -0.8189764 -0.3358757 0.4652583 0.4199818 -0.6188905 -0.6637695 -0.357801 -0.7068549 0.6101923 -0.6011921 0.5553066 0.5746325 0.0337634 0.8157784 -0.5773783 -0.9284752 0.1876227 -0.3205175 -0.07356899 -0.7056219 -0.7047591 -0.07384425 -0.7057015 -0.7046505 -0.07753098 -0.705416 -0.7045405 -0.3305295 -0.7939565 -0.5102779 -0.6788179 -0.6402572 -0.3595511 -0.5096274 0.8567123 -0.07952392 -0.3377839 -0.7056906 -0.6228185 0.3383717 0.7055238 0.6226884 0.3381307 0.7057741 0.6225355 0.5683494 0.1515887 -0.8087025 0.08966434 -0.1311644 0.9872975 -0.03841483 0.3349524 -0.9414516 0.2921205 -0.7076988 0.6432946 -0.6132224 0.5894665 -0.525821 -0.9380316 0.1989781 0.2837333 0.4245626 0.6171404 -0.6624836 -0.1794721 -0.7084304 0.6825805 -0.4103606 0.2750738 0.8694474 0.7604848 0.5513017 0.3431172 0.2881267 -0.6085199 -0.7393826 -0.2822961 -0.6055966 0.7440173 -0.9653202 -0.1267269 0.2282479 -0.2783644 0.5017079 -0.8190253 -0.2129116 0.2754141 -0.9374518 0.0186066 0.3211066 -0.9468604 0.2285044 0.2491942 0.94111 -0.1777906 -0.9572687 0.2280952 -0.1255205 0.9496076 -0.287211 -0.3365018 -0.7056614 -0.6235452 -0.3299986 -0.7118319 -0.619997 -0.3087407 -0.7019054 -0.6418786 -0.9135481 0.3962147 -0.09189075 -0.5293948 0.1902334 -0.8267723 0.328092 0.7121773 0.6206119 0.3554466 0.668493 0.6532801 0.3366686 0.7002876 0.6294853 0.3388358 0.7045311 0.6235593 0.3386654 0.7047678 0.6233844 0.4501738 0.7039754 -0.5493288 0.2228428 0.9121219 -0.3440563 0.6796118 0.5783178 -0.4513054 0.0599454 0.163871 -0.9846588 0.3289839 0.7047979 0.6285139 -0.3338705 -0.7065773 -0.6239224 -0.3386859 -0.7050594 -0.6230435 -0.3381657 -0.7070336 -0.6210857 -0.3412551 -0.7047417 -0.6220001 0.3397204 0.7059279 0.6214948 0.3382796 0.7062813 0.6218792 0.3374952 0.7047975 0.6239852 0.3383951 0.7049512 0.6233238 0.3381848 0.705085 0.6232867 0.335145 0.7055455 0.6244064 -0.5136156 0.6928065 -0.50618 0.9409308 0.04706239 0.3353127 -0.5051774 0.6943464 -0.5125222 -0.661758 0.5634021 -0.4946256 -0.2128565 0.7018936 -0.6797334 -0.8541801 0.4095537 -0.3203784 0.6434236 0.081891 0.7611176 -0.8327807 0.241855 -0.4979786 -0.6312798 0.6712231 0.3885171 0.620121 0.3307656 -0.7113678 -0.3459836 -0.7079401 -0.6157242 -0.3449654 -0.703307 -0.6215771 -0.3358855 -0.7101278 -0.6187887 -0.3380016 -0.7057226 -0.6226642 -0.3380845 -0.7057192 -0.6226231 -0.3373504 -0.7055149 -0.6232525 -0.3342526 -0.7079513 -0.6221576 -0.3423427 -0.7024899 -0.6239468 -0.3362082 -0.7033905 -0.6262635 0.3428267 0.7046229 0.6212701 0.3326843 0.7070508 0.6240196 0.5775921 -0.175579 -0.7972198 0.336961 0.7065067 0.6223388 0.3381642 0.7038475 0.6246949 0.3414599 0.7046953 0.6219402 0.3346239 0.7044836 0.6258832 -0.5562979 -0.1570177 0.8160136 -0.1152954 0.6877763 -0.7167084 0.5705685 0.6466586 -0.5062454 -0.2215503 0.6428222 -0.7332771 -0.1261261 -0.7046362 0.6982693 0.7842681 0.1371064 -0.6050831 -0.2498119 -0.9122021 0.3247789 0.3885014 -0.6712179 0.6312949 0.4481514 -0.2972003 0.8431088 -0.3282389 -0.937838 0.1127801 0.4390784 -0.8801982 0.18017 -0.3374547 -0.705435 -0.6232864 -0.334671 -0.7016133 -0.629074 -0.3376157 -0.7054852 -0.6231423 -0.2716847 -0.8643987 -0.4230868 -0.5610199 -0.4926685 -0.6652326 -0.5514644 -0.5207277 -0.6517129 0.2050926 -0.8997339 -0.385248 -0.06567251 -0.8864331 -0.458174 -0.2338849 -0.6492692 -0.723704 -0.2484909 -0.683247 -0.6866046 -0.4033117 -0.2939962 -0.8665483 0.4490813 0.7676236 0.4572526 0.1597281 0.8749848 0.4570432 0.4149353 0.7408251 0.5282111 0.2397139 0.6912534 0.6816936 0.5290606 0.5560625 0.6410066 -0.5651016 -0.720862 -0.4012707 -0.1956129 -0.8168554 -0.5426628 -0.3947264 -0.4604003 -0.7951244 -0.1884703 -0.9672664 -0.1699259 0.164879 0.6464568 0.7449218 0.2939921 0.6502107 0.7005674 -0.4140276 0.9015221 -0.125853 -0.04921549 0.7221097 -0.6900256 -0.03032487 0.6437599 -0.7646266 -0.4619709 -0.2821006 -0.8408342 0.1107859 -0.8459944 -0.5215554 -0.363103 -0.05888497 0.9298865 0.07440233 0.7049083 0.7053854 0.07370221 0.7054624 0.7049048 0.0738098 0.7052721 0.705084 0.07426041 0.7055907 0.7047178 0.07380306 0.705628 0.7047285 -0.1156607 -0.4800639 0.8695755 -0.5407891 0.6311584 -0.5560453 0.3250777 0.7131896 0.6210356 -0.1864758 0.9496039 0.251951 -0.5655488 0.4957164 -0.6591054 -0.8357301 -0.2847911 0.46952 0.4481366 0.7272388 -0.5199013 -0.761023 -0.08256292 -0.6434496 -0.9289358 -0.3575577 0.09607779 -0.8010433 0.2963897 0.5200798 -0.9467099 0.2515829 -0.2011132 0.3819921 0.4952067 -0.78029 -0.8548114 -0.1111648 0.5068925 -0.5652449 -0.3387237 0.7521733 -0.5534099 -0.7581825 0.3448145 0.4917324 -0.1784368 -0.8522674 -0.07359641 -0.7056412 -0.704737 -0.07407051 -0.7054171 -0.7049115 0.07397037 0.70561 0.704729 0.7673153 0.4987608 -0.4030697 0.9415898 0.118305 -0.3152976 0.9214859 -0.3185705 0.2222086 -0.4402424 -0.06608998 -0.8954434 -0.8529251 0.2798716 -0.440671 -0.3603454 0.6778204 -0.6408672 -0.5667033 -0.6369621 -0.5226154 0.3529733 0.8729853 0.3366104 -0.1303684 0.5196008 0.8444047 -0.9795143 -0.1418813 -0.1429046 -0.9970788 0.03889137 0.06573736 -0.6714193 0.7037866 0.232122 -0.5911669 0.141312 -0.7940736 0.2420366 -0.3397518 -0.9088383 -0.4444213 0.5522917 -0.7053111 0.7279487 0.5718711 -0.3782251 0.9795109 0.148904 0.1355959 -0.2565641 -0.6694026 0.6971908 0.777591 0.5103029 0.3673465 0.07382869 0.705614 0.7047398 0.07394552 0.7056965 0.704645 -0.07285636 -0.7050141 -0.7054412 -0.07048356 -0.7060111 -0.7046847 -0.07589226 -0.7055068 -0.704628 -0.07508152 -0.7048767 -0.7053451 -0.07471436 -0.705621 -0.7046396 0.08347535 0.7041666 0.7051109 0.07830411 0.6960239 0.7137361 0.7281094 -0.5681948 -0.3834209 -0.4507306 -0.6998225 -0.5541576 -0.5642589 -0.7085407 -0.4237712 -0.07298892 -0.7056601 -0.7047811 0.5028617 -0.48878 -0.7128985 -0.5550225 -0.3395968 -0.7593576 0.2320263 0.9716588 0.0452013 0.07580977 0.7051792 0.7049648 0.6253288 0.6858903 0.3721805 0.07324355 0.7076266 0.7027802 0.07773119 0.7038126 0.7061203 0.0741598 0.7053503 0.7049691 -0.07500886 -0.7055509 -0.7046784 -0.08706659 -0.707882 -0.7009441 -0.07455718 -0.7055749 -0.7047023 0.07235252 0.7065692 0.7039355 -0.4957245 -0.2927287 0.8176594 -0.8281025 -0.3005568 -0.4731934 -0.8529231 0.02538406 0.5214193 0.927173 0.261201 0.2685598 0.2373347 0.6738955 -0.6996693 -0.3635308 -0.7987475 0.4794246 -0.9567693 -0.1691114 -0.2366306 -0.6601719 -0.2419974 -0.7110628 0.7192949 -0.3643099 0.5915177 -0.9498756 0.2441558 -0.1952549 -0.2255543 0.7001855 -0.6773961 -0.07426476 -0.7047598 -0.7055483 -0.0735805 -0.7051823 -0.7051978 -0.07605892 -0.70455 -0.7055667 -0.07006692 -0.706207 -0.7045298 0.07457858 0.7058594 0.7044151 0.07407402 0.7058789 0.7044487 0.07322913 0.7056624 0.704754 0.8320654 0.2225518 0.5080727 0.8891884 -0.1592743 0.428924 -0.9005733 -0.2765647 -0.3353799 0.2872595 -0.1956827 0.9376515 0.2255373 0.6765118 -0.7010455 -0.3833926 0.101403 -0.918002 -0.3664237 -0.5639461 -0.7400666 0.6403443 -0.7079229 -0.2980011 -0.9872521 0.04802751 0.1517457 0.7809144 -0.5872553 0.2128468 -0.07479423 -0.7074096 -0.7028354 -0.07241189 -0.7049444 -0.7055565 -0.07430106 -0.708216 -0.7020751 0.01386517 0.7000088 0.7139996 0.07644176 0.6980462 0.7119609 0.1822574 -0.981527 -0.0581988 -0.6364954 -0.4528009 -0.6243757 0.2950943 -0.2853329 -0.9118688 -0.1139859 -0.6245538 -0.7726188 0.00449568 0.8232551 0.5676538 0.4002455 0.879153 0.2586381 0.2310577 0.7446544 0.6261807 0.005899846 0.5973767 0.8019391 0.312106 -0.1423439 0.9393232 0.6443246 0.6066231 0.4656761 0.179487 0.6614226 0.7282201 -0.3822666 -0.1166425 0.9166607 -0.1203089 0.612032 0.7816283 0.7270029 0.6848034 0.05011254 0.3751248 -0.4077525 0.8324778 -0.2674719 -0.9044712 -0.3322513 -0.1580927 -0.5836931 -0.7964353 -0.06514233 -0.5654534 -0.8222038 -0.4471662 -0.7051572 0.5502688 -0.7367596 -0.5330599 0.4159718 -0.7832359 -0.03170847 0.6209157 0.05644875 -0.7037182 -0.7082332 -0.06269371 0.8049104 -0.5900754 0.4900259 0.5455584 -0.6798829 -0.7306452 -0.4425975 0.5198703 -0.2877174 0.6955788 0.6583229 -0.9228035 -0.384477 0.0247237 -0.5761526 -0.5114071 0.6375823 -0.4502586 0.3058305 -0.8388891 -0.02423244 0.7055886 0.7082073 -0.1621305 0.8508008 0.4998518 -0.2024991 0.7054293 0.6792376 0.2005799 -0.7057278 -0.6794969 -0.3818598 0.3427398 0.8583197 0.1967488 -0.7064456 -0.679871 0.1951886 -0.7027434 -0.6841441 0.2037516 -0.7033525 -0.6810144 0.6790775 -0.3045272 -0.6679199 -0.4092792 -0.2958858 -0.8631005 0.1992021 -0.7059193 -0.6797032 -0.9726322 -0.2261421 -0.05335366 -0.7652358 0.2418021 -0.596612 -0.3675705 0.7081416 -0.6028494 0.1840094 -0.287852 0.9398307 -0.2305337 -0.7850932 -0.5748764 0.1532955 0.3658354 0.9179679 0.5521414 0.8325402 -0.04490911 0.8426039 0.5273658 0.1091059 -0.7962701 -0.2048422 0.5692044 -0.4292478 0.05308747 -0.9016253 0.7057133 -0.3200389 0.6320948 -0.1908726 0.9424721 -0.274434 -0.8923915 0.3503547 0.2844101 -0.16242 0.05893951 -0.9849599 -0.2297312 -0.7082598 0.6675264 -0.1303931 -0.02630704 -0.9911133 -0.09461688 -0.00987786 -0.9954648 0.5828096 -0.3983494 -0.7082731 0.2020555 -0.7067551 -0.6779903 0.1754519 -0.7100568 -0.6819355 0.2019054 -0.7065149 -0.6782853 0.1977665 -0.7043257 -0.6817725 0.1974953 -0.7125879 -0.6732119 0.6528865 -0.519649 -0.5510936 0.4404235 -0.5928664 -0.6741935 0.1217782 -0.850719 -0.5113192 0.00469774 -0.6155549 -0.7880801 -0.6310738 0.7577481 -0.1660239 0.2229685 0.7312719 -0.6446135 -0.2246157 0.6880346 0.6900407 -0.1981648 0.6986497 0.6874732 -0.1787792 0.7099673 0.6811641 -0.3002238 -0.4844181 -0.8217086 -0.7225671 -0.01247912 0.6911882 0.7019022 -0.5130907 -0.4940358 -0.2812488 -0.4209491 -0.8623811 -0.2021668 0.7069084 0.6777972 -0.3171902 0.9483395 0.006521046 -0.1991859 0.705846 0.6797842 -0.2018125 0.7039047 0.6810213 -0.1988191 0.7075334 0.6781353 -0.2001017 0.7080593 0.6772086 -0.7121613 0.6650239 0.2248771 -0.6929302 0.6631966 0.2828748 0.3037886 0.487747 0.8184224 0.06075322 0.93148 0.3586838 -0.1617389 -0.9820759 0.09678655 0.9194726 -0.2799837 0.2760062 0.4185138 0.6654725 -0.6180556 0.388488 -0.6712284 0.6312921 0.2331189 0.7081791 -0.6664367 -0.6601726 0.2420179 -0.7110553 0.7010474 0.6765024 0.2255592 -0.6007613 0.4588801 -0.6546106 0.1296516 0.9915422 -0.005874156 0.1979718 -0.7062252 -0.679745 0.1953647 -0.7028251 -0.6840099 0.200755 -0.7039853 -0.6812505 0.1971246 -0.7059749 -0.680251 0.1978708 -0.7045246 -0.6815368 0.1991779 -0.7071517 -0.6784281 0.2018268 -0.7076802 -0.6770929 -0.203987 0.7002608 0.6841229 -0.1973522 0.6995436 0.6867976 -0.2031382 0.7053481 0.679131 -0.2026834 0.7081786 0.6763154 0.3815956 -0.582295 0.7178561 0.4335097 0.8972247 0.08400684 0.2215481 0.7084292 -0.670108 0.1953703 -0.5586138 -0.8060901 0.2931608 0.60003 0.7443257 -0.286477 -0.8354442 -0.4690032 -0.1764582 -0.1771268 0.96824 0.6234856 0.1865314 0.7592574 -0.7156279 0.1995128 -0.6693813 -0.2793416 0.467817 -0.8385199 0.2017689 -0.7046407 -0.6802726 0.1998605 -0.7058352 -0.6795973 0.2096922 -0.7233576 -0.6578625 0.2052373 -0.7064176 -0.6773861 -0.1975277 0.7079287 0.6781003 -0.200554 0.7080554 0.6770787 -0.0897091 0.7210491 0.6870521 -0.2006814 0.7031488 0.6821355 -0.4797126 -0.3148416 0.8189938 -0.415858 0.7992557 0.4338808 -0.1837087 0.831087 0.5249243 -0.5088562 0.6457114 0.5693174 -0.2231009 0.4202132 0.879572 0.2510403 -0.4519023 -0.8560158 0.4899737 -0.6425896 -0.5890708 0.2400075 -0.7817431 -0.5755642 -0.02238202 -0.7068721 -0.7069873 0.01360899 -0.6988553 -0.7151337 0.3006336 -0.6142389 -0.7296096 -0.2632297 -0.2745515 -0.9248415 -0.05039316 0.7605512 0.6473196 -0.1618568 0.5660979 0.8082918 -0.2661971 0.3835876 0.8843074 0.4610971 0.5335816 0.7089995 -0.6477762 -0.2493439 0.7198706 0.06905877 -0.8573909 0.5100115 -0.9885835 0.07542705 0.1304361 -0.4452059 0.7059294 0.5508679 -0.4451891 0.7059434 0.5508637 0.1442127 0.9795826 -0.1400743 -0.5546759 -0.5513815 0.6231477 -0.6810857 -0.7042136 -0.200513 -0.6802626 -0.7046214 -0.2018702 -0.4235236 -0.8359302 0.3490681 -0.9057092 -0.2253324 0.3590491 -0.6790029 -0.7052188 -0.2040137 -0.6763021 -0.7075456 -0.2049261 -0.7434321 -0.4915661 0.4535104 -0.436008 -0.7573202 -0.4861722 -0.07546007 0.7619784 0.6431912 -0.6135327 0.704388 -0.3569526 -0.7048461 0.7082013 0.04053312 0.1746255 -0.5041364 0.8457852 -0.4558668 0.7085153 0.5386943 0.2012169 -0.6130471 0.7639929 -0.8353489 -0.4416449 0.3273258 0.1772156 -0.7758911 -0.6054648 0.1771967 -0.7759042 -0.6054536 0.4449091 -0.7060536 -0.5509486 0.4448891 -0.7060518 -0.550967 -0.6219549 -0.7076928 0.3351761 -0.6213119 -0.7071147 0.3375805 -0.01189494 -0.3559822 -0.9344171 -0.6862915 -0.04481095 0.7259449 0.1538054 -0.131339 -0.9793335 0.3821606 -0.8387781 -0.3878203 0.7688387 -0.504117 -0.3933869 0.445621 -0.7057653 -0.5507425 0.4226691 -0.7571134 -0.4981266 -0.1731981 0.7764568 0.6059021 -0.1732178 0.7764605 0.6058916 -0.7544927 0.5174136 0.4037624 -0.444361 0.7062613 0.5511245 -0.4460347 0.7045957 0.551904 -0.5805646 -0.05254799 -0.8125169 0.6585544 0.7112835 0.2457273 0.4444507 -0.7062254 -0.5510982 0.463605 -0.673635 -0.5755748 0.4444651 -0.7062263 -0.5510855 0.4508353 -0.7194252 -0.5283703 0.4530113 -0.7028369 -0.5484534 0.4529911 -0.7028509 -0.5484522 -0.4337674 0.7062137 0.5595605 -0.4472256 0.7042698 0.5513559 -0.4494773 0.7067332 0.5463501 -0.4487497 0.7052414 0.5488702 -0.4350837 0.706996 0.5575473 -0.4473357 0.7064905 0.5484178 -0.4442945 0.7069082 0.5503484 -0.4447331 0.7059999 0.5511594 -0.4318277 0.7073861 0.55958 -0.4353417 0.6961404 0.570847 -0.4470542 0.7047814 0.5508411 -0.4466283 0.7047765 0.5511927 -0.4453667 0.7056888 0.5510461 -0.4498115 0.7148329 0.5354285 -0.4475413 0.707017 0.547571 -0.4448623 0.7071151 0.5496234 -0.4485126 0.7059134 0.5481997 -0.4436097 0.7068101 0.5510263 -0.2433887 -0.687639 0.6840429 -0.1986456 0.4398509 0.8758261 0.5343275 -0.686568 -0.4930706 0.4553591 -0.701829 -0.5477994 -0.2698128 -0.3465577 -0.8983868 0.4711201 -0.7046896 -0.5305265 -0.1410971 -0.6477096 -0.7487083 0.4344377 -0.7130722 -0.5502653 0.4460142 -0.7056245 -0.5506048 0.4295694 -0.7163555 -0.5498226 0.4487673 -0.7047998 -0.5494225 0.4524953 -0.7013474 -0.5507811 0.45832 -0.6842529 -0.567222 0.4460033 -0.7056149 -0.5506258 -0.280659 -0.05189794 -0.9584035 0.4459885 -0.7056274 -0.5506218 0.4472039 -0.707845 -0.5467761 0.4490582 -0.704957 -0.5489832 0.4469478 -0.7072032 -0.547815 0.4383637 -0.7181277 -0.5404904 0.4514508 -0.7040151 -0.5482289 -0.5583121 0.6540641 0.5103801 -0.6055997 0.7421171 0.2872478 -0.5583021 0.6540603 0.5103958 -0.6474826 0.3420816 0.6809894 0.4464409 -0.7054889 -0.5504326 0.4463129 -0.7046061 -0.5516657 0.4443072 -0.7043057 -0.5536649 0.4442456 -0.7059754 -0.5515838 0.447709 -0.7002189 -0.5561027 0.4511759 -0.701444 -0.5517396 0.4480748 -0.7059113 -0.5485602 -0.4192889 -0.4750633 -0.7736354 -0.4403907 0.7055033 0.5552667 -0.4439977 0.7067557 0.5507836 -0.4459676 0.7064899 0.5495317 -0.7258982 -0.4697793 0.5023736 -0.6789343 -0.7086493 -0.1920011 -0.7808535 0.5222176 0.3428655 -0.4966905 0.7239376 0.4787619 -0.291786 0.6185595 0.7295513 -0.573431 0.3319886 0.748973 0.09396582 0.9722034 0.2144553 0.5598495 -0.7993041 0.2183616 0.4199389 -0.7832177 -0.4584991 -0.02933681 -0.7705484 -0.6367061 -0.04097163 -0.9893262 -0.1398392 0.5960789 -0.5140091 -0.6168345 -0.6951361 -0.6568255 -0.2921749 -0.7942767 -0.02844703 -0.6068897 0.7467645 0.5299039 0.4019263 0.04507368 -0.6151306 -0.7871358 0.7824071 0.02967911 0.6220598 -0.9361643 0.2989625 -0.1849808 -0.5517943 -0.5522721 -0.6249149 -0.5254946 -0.7081453 -0.471578 -0.5921121 -0.6892464 -0.4175437 0.6226197 -0.7054194 -0.3387157 0.2390335 -0.6061557 0.7585766 0.21138 -0.5018281 -0.8387415 -0.6332344 -0.7154843 0.295121 -0.6117673 -0.7086213 0.351563 -0.6275731 -0.7013593 0.3380047 -0.6248816 -0.699369 0.3469957 0.6226927 -0.7055035 -0.3384058 -0.3225247 -0.3540377 0.8778583 -0.6518405 0.738548 -0.1721943 -0.7720306 0.6182399 -0.1474729 -0.6225408 0.7057366 0.3381996 0.6222202 -0.7056974 -0.3388708 0.6226933 -0.7064064 -0.3365162 0.8281576 -0.3598864 -0.429694 0.3650748 0.6442024 -0.672104 0.3340201 0.9129318 -0.2344914 -0.1736001 -0.9337263 -0.313079 -0.6969447 0.6689705 -0.2583534 0.5061171 -0.5730701 -0.6445435 0.6638038 0.7052019 -0.2491081 -0.5245624 0.16538 0.835155 -0.2735492 0.2084302 -0.9390037 -0.7812805 -0.5376175 -0.3171249 0.6123386 0.17062 0.7719653 -0.09940153 0.005071759 -0.9950345 -0.6325597 0.7022547 -0.32666 0.6439001 0.6798798 -0.3509362 -0.3361942 -0.2381403 0.9111876 0.2159184 -0.5091726 0.8331401 0.1172611 -0.9819936 0.1481167 0.6631901 0.5250661 0.5333709 0.139136 -0.05853152 0.988542 -0.6261801 0.7055105 0.3318939 -0.6177429 0.7148304 0.3277365 -0.4463613 0.6788643 0.5830137 0.62426 -0.7063124 -0.3338001 0.6220438 -0.7049948 -0.3406521 0.6231471 -0.7048757 -0.3388776 0.6188434 -0.7100588 -0.3359307 0.6120984 -0.7125181 -0.3430066 -0.6387764 0.6889699 0.3424695 0.6201806 -0.7042748 -0.3455042 0.6220619 -0.7057135 -0.3391276 -0.2157411 -0.7861754 0.5791236 0.6227925 -0.7056073 -0.3380058 0.6238711 -0.7078017 -0.3313633 0.6213012 -0.7039471 -0.3441559 0.6227318 -0.7056171 -0.3380972 0.6252922 -0.7037069 -0.337352 0.606701 -0.7774269 0.1658954 0.5501695 -0.7049883 0.4475547 -0.6924292 0.5541049 0.462071 -0.7310876 0.6822834 -5.79709e-4 -0.6758097 0.3950741 0.6222522 -0.6104806 -0.6851958 0.3972662 0.1953773 0.5586166 -0.8060865 0.09958678 -0.04279547 -0.9941082 -0.08826786 0.583225 -0.8075007 0.3203973 0.4095558 -0.854172 0.4013693 -0.3105216 0.8616723 -0.1350415 -0.7676745 0.6264501 -0.631284 0.6712249 0.3885071 -0.1036652 -0.5026521 0.8582509 0.05198794 0.6444215 -0.7629013 0.5792745 0.8048052 0.1293435 -0.6270163 0.7045326 0.3323921 -0.6248419 0.704048 0.3374745 -0.6221829 0.7049242 0.3405442 -0.6206548 0.7062546 0.3405764 -0.6257134 0.7045156 0.3348737 -0.6224226 0.706593 0.3366253 -0.6232081 0.7063327 0.3357169 -0.6214469 0.706417 0.3387903 -0.1901317 -0.9210947 -0.3397564 0.2149812 0.5697339 -0.7932127 0.3365517 0.8440608 0.4174856 0.7415984 -0.04605507 0.6692613 0.5725089 -0.5039805 0.6467127 -0.8541682 -0.4095577 -0.3204049 -0.2128473 0.7018877 -0.6797425 -0.7334508 -0.6448469 0.2149944 0.0777328 0.4479004 0.890698 0.5883105 -0.727455 -0.3531291 -0.6121364 0.7197774 0.3274288 -0.6216905 0.706725 0.3376992 0.64752 0.5604246 0.5163741 0.4860423 0.7075341 -0.5129897 -0.3142141 0.8431124 0.436384 -0.2793092 0.2383684 -0.9301435 -0.8717224 -0.4830139 0.08244991 -0.7507216 -0.5321537 0.3914455 -0.4355248 -0.8551021 0.2812801 -0.6131549 0.7125809 0.3409833 0.6227957 -0.7056438 -0.3379237 0.6227392 -0.7056336 -0.3380489 0.07024115 -0.9330472 0.3528303 -0.4447019 0.4328936 -0.7841195 -0.1867794 0.9241408 -0.3332828 -0.6343995 0.6189147 0.463122 -0.8684418 0.4432545 -0.2221131 -0.7978337 0.6027987 -0.009762287 -0.48695 0.8216369 0.296298 0.1627079 -0.6073612 -0.7775851 0.5069661 -0.8535665 -0.1200409 0.5330851 -0.6591179 -0.5304564 -0.3722853 0.7547956 -0.5400809 0.4703812 0.3793464 -0.7967672 0.6913667 -0.7052507 0.1569505 0.9775171 0.1915821 0.08807128 0.9327213 0.1054509 0.3448352 -0.6702597 0.3493755 -0.6547433 -0.8155507 0.2977436 0.4962115 -0.321682 0.4670441 0.8236447 0.7047111 -0.7055872 -0.07435762 0.4346998 -0.104803 -0.8944565 -0.3384491 -0.8382365 0.4275649 0.7833875 -0.2552645 -0.5666958 -0.6924686 -0.706773 0.1447733 0.6742849 -0.6336694 0.3792138 -0.8780928 0.3905128 -0.2765014 0.3468205 0.2516412 0.9035443 0.5761374 0.5082831 0.6400892 -0.5458254 0.5781791 0.6064518 0.7957146 -0.5391713 -0.2759216 -0.6052404 0.6154921 -0.5048304 -0.5269156 -0.2903025 -0.798802 0.03971832 0.2385924 -0.9703073 -0.02360481 0.1275371 0.991553 0.05554449 -0.6195067 0.7830238 -0.7091123 0.5730435 0.4108297 0.7804718 -0.3989291 -0.4813725 -0.6605723 -0.7075999 -0.2508917 0.09069561 -0.656149 -0.7491614 0.3715038 -0.2781593 0.8857834 0.7257625 0.6057422 -0.3261062 0.5551486 0.3148751 -0.7698466 0.7094608 -0.7012788 -0.06981152 0.7046682 -0.7055776 -0.07485443 0.7046723 -0.7055822 -0.0747711 0.7058032 -0.7045513 -0.07381957 0.9870525 -0.1584171 -0.02513015 -0.07978338 -0.1342518 -0.9877303 0.7085203 -0.6982694 -0.1020728 0.6988759 -0.7070879 -0.1077 -0.7046438 0.7056014 0.0748583 -0.7388692 0.667564 0.09181851 -0.7044542 0.7047182 0.08436024 -0.704711 0.7056698 0.07357025 -0.7704539 0.6330701 -0.07498794 0.7051547 -0.7060342 -0.06536549 0.7020359 -0.7076991 -0.07942152 -0.7067381 0.7034651 0.07522094 -0.7056964 0.7044425 0.07585245 -0.70444 0.7056397 0.07639992 -0.7102949 0.6997734 0.07614839 -0.7110716 0.6971712 0.09126722 -0.7049065 0.7052637 0.0755645 0.7024498 -0.7074899 -0.07760483 0.7063642 -0.704322 -0.0705704 0.7040976 -0.7049676 -0.08524793 0.7066091 -0.7037997 -0.073278 -0.7047408 -0.7056068 0.07388836 -0.7671262 0.3194702 0.556288 -0.1158053 -0.7930788 0.5980093 0.4913877 0.2337631 -0.8389834 -0.07014781 0.4506622 -0.8899343 -0.3416346 0.02330923 0.9395438 0.6835716 0.1290027 0.7183929 -0.6312879 -0.671221 0.3885076 0.1333822 -0.2341856 -0.9629986 0.1953521 0.5586035 -0.8061016 -0.9592247 0.1285255 -0.2517325 0.705144 -0.7056854 -0.0691384 0.7080709 -0.7022371 -0.07415306 0.7046288 -0.7064538 -0.06649249 -0.7046698 0.7055436 0.0751574 -0.7043297 0.7056247 0.07754766 -0.706005 0.7045885 0.07149887 -0.7047295 0.7056065 0.07399988 -0.7034137 0.7072754 0.07050365 -0.7027523 0.7074303 0.07537657 0.5028626 -0.5703256 -0.649506 -0.7363288 0.03000092 0.6759586 0.3891037 0.4715933 -0.7913269 -0.854072 0.4101874 -0.3198551 0.3204073 -0.4095801 -0.8541566 -0.6628636 0.1433117 0.734897 -0.1998128 0.09733468 -0.9749876 0.004206061 -0.06731516 -0.9977229 -0.05342245 0.9310165 -0.3610463 0.1128498 -0.00853753 0.9935754 0.7032096 -0.7086417 -0.05764925 0.7047296 -0.7055697 -0.07434868 0.7090104 -0.6992622 -0.09130591 -0.7065361 0.7038125 0.07385617 -0.7048964 0.7051905 0.07633882 -0.7055279 0.7049305 0.07282549 -0.7047747 0.7055956 0.07367205 -0.574227 0.0887674 0.8138697 -0.7893112 0.5774227 0.2087368 -0.8548163 0.4845924 0.1856321 -0.8272689 0.5526676 -0.1009204 -0.5319377 0.8463098 0.02832466 -0.2300171 0.535565 0.8125652 0.5877062 -0.7069434 -0.3934878 0.2971992 -0.7326881 0.6122425 0.3867434 -0.2746597 -0.8803361 0.6859741 -0.69419 0.2180363 -0.2125456 -0.5850229 0.7826703 -0.5953062 -0.7153512 -0.3659006 -0.4017155 -0.5440096 -0.7366669 -0.6679485 0.7117114 -0.2175127 -0.1814697 0.1380937 0.9736524 -0.6746162 0.711109 -0.1980329 0.3541474 -0.8836612 0.3061414 0.6501488 -0.6872715 -0.3239822 0.6577576 -0.6374812 -0.4012141 0.5778818 -0.8025469 -0.1482275 0.5343287 -0.7781751 -0.3300554 0.2895488 0.2899105 0.9122025 -0.733885 -0.06499737 -0.6761569 0.8078278 -0.506569 0.3013341 -0.1932528 -0.7124189 0.6746205 -0.6187745 -0.7243023 -0.3041451 0.239495 -0.2435905 -0.9398435 -0.9908292 -0.1084184 0.08064091 -0.3427242 -0.7029542 0.623214 0.9014943 0.05277502 -0.4295614 0.7291617 -0.2418776 0.6401707 -0.3575738 -0.09149706 0.929392 -0.5752526 -0.4302321 0.6956902 -0.5176442 -0.5715817 -0.6366622 -0.7100917 0.6279384 -0.3185327 -0.7005224 0.6430392 -0.3094658 0.6634981 0.6185187 0.4209573 -0.5116317 0.2450904 -0.823507 0.8541038 -0.06980234 0.5153972 -0.5865422 0.4722186 0.6580106 -0.673254 0.7085515 -0.2113859 -0.7411236 0.6706924 0.03012585 -0.7444385 0.6668101 -0.03428637 -0.679519 0.7057238 -0.2005191 -0.2539259 0.8354619 0.4873656 -0.6794052 0.7056075 -0.2013127 -0.4121799 0.8497864 -0.3285893 -0.1054323 -0.2318528 -0.9670204 -0.2247355 0.960219 0.165751 -0.7567126 0.2789614 -0.5912416 0.297634 -0.7048634 -0.6438801 -0.9578361 -0.2325239 0.1687685 0.2998141 -0.5173674 0.8015252 0.7601937 0.1853832 -0.6226868 0.1915757 0.9625468 -0.19184 -0.105949 0.1584653 -0.9816637 -0.7550463 -0.3300529 -0.5665423 0.5640931 -0.3267977 -0.7582892 0.6058686 -0.3431974 -0.7177318 -0.2711496 0.5606367 0.7824094 -0.5276475 -0.3549197 -0.7717644 -0.6931738 -0.5444384 -0.4723314 0.06002146 0.4503722 -0.8908213 -0.8483502 0.5241321 -0.07475066 0.7728201 -0.3117351 0.5527843 -0.5247196 0.2753983 0.8054968 -0.1969043 -0.8693141 0.4533452 -0.6267138 -0.08774423 -0.7742937 0.3764252 0.9196147 -0.1123079 0.7051803 0.7060479 -0.06493997 0.7070782 0.7031572 -0.07490295 0.7065385 0.7032687 -0.07884585 0.6965754 0.7132046 -0.07824337 0.7009865 0.7095627 -0.07168561 0.7030187 0.7076441 -0.07074368 0.7049757 0.7055898 -0.07177996 0.7053214 0.705316 -0.0710715 -0.579977 -0.7485406 -0.3214246 -0.3442235 0.1721273 -0.9229748 0.6773755 -0.7072761 0.2022945 0.6782121 -0.7069585 0.2005941 0.9268836 -0.3469491 -0.143224 0.214161 -0.975885 0.04223293 0.6774631 -0.7081069 0.199069 0.6773568 -0.7068238 0.2039308 0.6789581 -0.7048656 0.2053791 0.6800624 -0.706287 0.1966567 0.7303987 -0.6830067 0.004438161 0.6701438 0.741342 -0.03632432 -0.6802458 0.7040584 -0.2038813 -0.680567 0.7043765 -0.201699 -0.6810582 0.7041718 -0.2007533 -0.6810829 0.7048032 -0.1984404 -0.8962512 0.2001003 -0.3958456 -0.3737025 0.4741472 -0.797202 -0.6779718 0.7068517 -0.2017797 -0.6787687 0.7064772 -0.2004073 -0.3779283 -0.4860618 0.787981 -0.4681378 -0.5978449 -0.650714 0.8947792 -0.1721265 0.4119985 -0.08447611 -0.1973186 0.976693 0.212858 -0.5872473 -0.7809175 0.1994088 0.4415949 0.8747744 0.8679598 -0.3935599 0.3029133 -0.7534886 -0.4233741 0.5030004 0.714357 0.5733682 -0.4011772 -0.399691 -0.7067155 -0.583781 0.9260157 -0.3739582 0.05148065 0.679665 -0.7050817 0.2022756 0.6807679 -0.7039034 0.20267 0.6802716 -0.7046733 0.2016583 -0.6800109 0.7052595 -0.2004852 -0.6794793 0.7058333 -0.2002683 -0.6792984 0.705493 -0.2020729 0.5816353 0.6768569 0.451182 -0.07723385 0.2040868 0.9759014 0.905371 0.3438091 0.2491961 0.0281915 -0.7102583 0.7033765 0.3815944 0.582304 0.7178495 0.732901 -0.6391504 -0.2331159 -0.5894253 0.3613752 0.7224859 -0.6903074 0.7076534 -0.1506732 -0.7178463 0.5822912 0.3816197 0.6774353 -0.7072717 0.2021093 -0.4918644 -0.7136284 -0.4988026 0.5501583 -0.7049888 0.4475677 0.5501502 -0.7050005 0.447559 0.868443 -0.3766762 0.3223696 -0.6845335 0.7036213 -0.1906064 0.6777569 -0.7074799 0.2002944 0.6804903 -0.7051433 0.1992639 0.6778379 -0.7063959 0.2038153 0.680157 -0.7049416 0.2011068 0.6788021 -0.7065048 0.2001969 0.6745743 -0.709561 0.2036489 -0.6746753 0.7101305 -0.2013157 -0.6820505 0.7017865 -0.2056767 -0.6780169 0.7067158 -0.2021038 -0.679518 0.7054248 -0.201572 -0.6808882 0.7041594 -0.2013725 -0.6798444 0.7060654 -0.1981999 -0.678577 0.7051064 -0.2058112 0.5506709 -0.7044196 0.4478331 0.4888925 -0.8710684 0.04716217 0.5725115 -0.8181726 0.05314302 0.5544227 -0.7041445 0.443617 -0.5327988 -0.7477387 -0.3962479 0.2783985 -0.955397 -0.09854364 0.8001432 -0.5953797 -0.0727598 0.668932 -0.743103 -0.01810652 0.5265829 -0.5708281 0.6299729 0.6069874 -0.7398177 0.2902349 0.5517311 -0.8334093 0.0319671 0.7834534 -0.5871322 0.2036584 0.3017485 -0.9013262 -0.3107394 -0.7100551 0.6859323 0.1591187 -0.7420568 0.6701984 -0.01363378 -0.3167987 0.9032369 -0.2894851 -0.5043262 0.8387874 -0.2051602 0.2035735 -0.4360457 0.8765969 0.8312075 -0.5555087 -0.02245777 -0.644535 -0.4970072 0.5809979 -0.9312676 -0.3371215 0.1381664 -0.5573254 -0.7565328 -0.3421207 -0.5215158 -0.7951529 0.3094401 -0.8943795 -0.4364321 0.09804284 -0.6608273 0.7478669 -0.06326586 -0.2023556 -0.06402403 0.9772171 -0.627295 0.7776124 0.04266083 -0.5010083 0.8505991 -0.1595999 -0.7311149 0.6386907 -0.2398858 0.3884111 -0.4977599 0.7754818 0.388413 -0.4977449 0.7754906 -0.4763357 -0.7632522 -0.4365209 0.7727586 0.6122418 -0.1673451 0.8495759 0.404634 0.3383668 0.7780422 0.6208191 -0.09609329 -0.6902812 0.697351 -0.192908 -0.7332364 0.4693443 -0.4920166 -0.6731515 0.7098951 -0.2071617 0.6637595 0.4311133 0.6111994 0.2216106 -0.4024516 -0.8882126 0.4510746 -0.7189091 -0.5288681 -0.5124905 0.3030462 -0.8034405 0.4098479 0.401902 -0.8188404 -0.06381565 0.5917099 0.8036211 -0.7615062 0.2381074 0.6028378 -0.6581783 0.2388514 -0.7139688 0.6977657 -0.6823319 0.218051 0.5728724 0.7080376 0.4129166 0.805271 0.5297868 -0.2662039 0.5503385 -0.7052723 0.4468988 0.5503569 -0.7052682 0.4468827 -0.5503253 0.7051978 -0.4470328 -0.5503087 0.7052046 -0.4470424 -0.4095922 0.6741375 -0.6146323 0.8239007 -0.3735415 -0.4262095 0.8908513 -0.2905839 0.3492064 -0.6657367 0.7081244 -0.2352752 0.4792027 -0.7046763 0.5232554 -0.6136997 0.7864581 -0.06968981 -0.5501704 0.7050483 -0.4474588 0.6477577 0.268245 -0.7130601 -0.4770424 0.4186943 -0.7727391 0.8621239 0.3802726 -0.3348659 -0.5497741 0.7045453 -0.4487366 -0.3958494 0.5072681 -0.765495 0.05179446 0.6047589 -0.7947226 0.5528892 -0.7084842 0.4385929 -0.1946566 -0.5197847 0.8318249 -0.5520327 0.7057524 -0.4440422 -0.550903 0.7055914 -0.4456982 -0.5446887 0.7049054 -0.4543377 -0.5539494 0.686125 -0.4715639 0.2938486 0.696551 -0.654576 0.7682575 -0.2194144 -0.6013633 -0.1241924 0.4867874 -0.864647 0.5228782 -0.1434708 0.8402468 0.2407897 -0.4781686 0.8446153 -0.1295662 -0.8985251 -0.419363 0.3175097 -0.5326315 0.7845326 0.2864956 -0.5863693 0.7576882 -0.6116484 -0.4731008 0.6340835 0.5514397 -0.7058287 0.4446575 0.08619117 -0.560328 0.8237741 0.3914155 -0.4833158 0.7830709 -0.6124993 0.7849028 -0.09365993 -0.3624486 0.9319596 -0.009076476 -0.5951851 0.7627446 -0.2529338 -0.3185592 -0.6714802 -0.6690549 0.6035381 -0.7056327 0.3712469 0.5509145 -0.7045664 0.4473024 0.554309 -0.7071193 0.4390033 0.5465126 -0.7071936 0.4485546 0.5488599 -0.7080055 0.4443885 -0.5506035 0.7056322 -0.4460035 -0.5527552 0.7034665 -0.4467624 -0.550651 0.7056005 -0.4459949 -0.5506374 0.7056001 -0.4460124 -0.550616 0.7056255 -0.4459984 -0.5514135 0.703923 -0.4477003 -0.5506513 0.7056101 -0.4459795 -0.5482884 0.7074421 -0.4459884 0.6263131 0.689661 -0.3634551 0.626213 0.7039858 -0.3350542 0.622774 0.7056131 -0.3380278 -0.7119211 0.6163816 -0.3365148 -0.7006135 0.7125616 -0.03737384 0.2198412 0.9281895 -0.3002236 -0.5150465 0.7840998 -0.346287 -0.617041 0.6624518 -0.4247567 0.3670827 -0.6066011 0.7051847 0.7083543 -0.05390059 0.7037961 0.752202 -0.5365782 0.3824605 0.6478974 -0.6136239 0.4513255 -0.5076982 0.6970691 0.5062977 0.07179075 -0.70206 0.7084898 0.07393699 -0.705659 0.7046834 -0.617263 -0.2769271 0.7364088 -0.4601709 0.7394351 -0.4914045 0.3976109 0.1301417 -0.9082779 -0.2147914 -0.7042259 -0.6767057 0.7413056 -0.075244 0.6669366 -0.8978081 0.1235926 -0.4226886 -0.8279731 0.141197 -0.5427006 0.3386616 -0.7057483 0.6222763 0.2460679 0.4420213 0.8625937 0.3388056 -0.7054082 0.6225835 -0.3380841 0.7056099 -0.622747 -0.3379009 0.7056099 -0.6228465 -0.3377702 0.7056952 -0.6228207 0.6807581 0.7031198 0.2054047 0.679392 0.7056134 0.201336 0.6831619 0.7027682 0.1985111 0.673601 0.7120622 0.1980634 0.6705126 0.712719 0.206021 0.3358122 -0.7049415 0.6247301 0.3386171 -0.705418 0.6226749 0.3359736 -0.7073068 0.6219639 0.3373371 -0.7058103 0.6229249 -0.8266376 0.09369891 0.5548792 0.9140675 -0.01525503 0.4052752 0.9472793 0.1673029 0.2732612 0.8360624 0.5323643 -0.1326191 0.2327947 -0.6993547 0.6758031 0.42843 0.6871758 -0.5867174 -0.4648705 -0.7871463 0.4053349 0.9342874 0.1719289 -0.312326 0.8876765 -0.4588873 0.0381149 -0.04750943 0.9923772 0.1137117 -0.6147084 0.2107706 0.7600721 -0.9309238 -0.1535135 0.3313829 0.2647638 0.5636848 -0.7824063 -0.5102673 -0.6934289 -0.508708 -0.7176077 -0.565019 0.4071767 0.3867537 -0.6310447 -0.6724613 -0.8312801 -0.08636909 0.5491028 -0.9527149 0.1588295 0.2590512 -0.7030981 0.6292127 -0.3312768 0.1020493 0.7083025 0.6984938 0.3488735 -0.7072646 0.6148692 0.3376898 -0.710859 0.6169645 0.3381237 -0.7054703 0.6228836 0.429389 -0.5269215 0.7334704 0.3440365 -0.701717 0.6238848 -0.331566 0.4742183 0.8155863 -0.6792211 -0.7055814 -0.2020239 -0.7065361 -0.6806789 -0.1936053 -0.3332287 0.7118651 -0.6182288 -0.3245019 0.7114395 -0.6233397 0.6927025 0.6959623 0.1892088 0.6975138 -0.701753 0.1449736 0.3311295 -0.7074625 0.6243798 0.7936716 -0.00772041 0.6082976 0.8535446 -0.4904483 0.1758468 -0.3387391 0.7042697 -0.6239072 -0.1266255 0.3898398 -0.9121354 0.01527941 0.8537333 -0.5204864 -0.5292251 -0.7733958 -0.3489694 -0.5688776 -0.7954901 -0.2087434 0.5490536 0.3980141 -0.734932 -0.00367856 -0.1171176 0.9931113 -0.9211879 -0.1125836 0.3724753 -0.4603008 0.8480201 0.2626505 0.3666421 0.7081756 0.6033747 0.9384068 0.2024198 -0.2800342 0.8293752 -0.4998518 -0.2495694 0.800015 -0.5999012 0.0097301 -0.5335712 -0.6887869 -0.4907895 -0.8276358 -0.4376882 -0.3513516 0.3381977 -0.7051402 0.6232173 0.3378115 -0.7050923 0.6234809 0.3373724 -0.7055102 0.6232458 0.3374684 -0.7057463 0.6229264 0.3346269 -0.7086093 0.6212068 0.3363448 -0.7053894 0.6239374 0.3341765 -0.7084128 0.6216731 0.3396667 -0.7071068 0.6201827 0.3347046 -0.7046056 0.6257027 0.3325998 -0.7073901 0.6236799 0.3414479 -0.7025909 0.6243231 -0.3382628 0.7050181 -0.6233199 -0.3396711 0.7044875 -0.6231541 -0.3365885 0.7062835 -0.6227936 -0.3377736 0.7049189 -0.6236974 -0.2539268 0.9395181 -0.2298411 -0.336767 0.7053701 -0.6237315 -0.3376021 0.7057309 -0.6228713 -0.3392699 0.7044362 -0.6234306 0.7484408 -0.6631933 0.003350079 0.3383322 -0.7055352 0.6226969 0.3376912 -0.7057747 0.6227735 -0.3388518 0.7069157 -0.6208459 -0.3368117 0.7079856 -0.620737 -0.3442237 0.7039282 -0.6212852 -0.2331174 0.6391507 -0.7329002 0.1694752 0.9260064 0.3373281 -0.6456229 -0.5724706 -0.5054193 -0.2119398 0.2767097 0.9372904 0.3666397 0.7081729 0.6033793 -0.84786 -0.4165449 -0.3280608 -0.2373275 -0.6988129 -0.6747862 -0.6810732 0.2038636 0.7032631 0.8278802 -0.5066564 -0.2406525 -0.3360247 0.6313865 0.6988839 0.3397213 -0.7055712 0.6218994 -0.6564462 -0.6375287 -0.403281 -0.6355792 -0.6313057 -0.4444011 -0.3579323 -0.9299827 -0.08376663 0.5027172 -0.5855805 -0.6359016 0.9507369 0.07890135 0.2997899 0.8137902 0.484714 0.3206213 0.6712153 0.7389774 -0.05815863 0.7144842 0.6978572 0.05007737 0.5510519 -0.7114378 0.4361171 0.4096202 -0.5633721 0.7175118 0.3507578 -0.6073287 0.712826 0.3718602 -0.7655487 0.525029 0.1416297 -0.5981655 0.788758 0.07561981 -0.9319874 0.3545155 -0.02095246 0.457163 0.8891361 -0.5299582 0.7342265 -0.4243298 -0.203366 0.8270451 -0.5240598 -0.05414998 0.6414673 -0.7652369 -0.2688843 0.6398868 -0.7198932 -0.5588867 0.2943089 -0.77526 -0.4721992 0.6853172 -0.5544081 0.2363649 -0.723453 0.6486504 0.3366314 -0.7080046 0.6208131 0.3303454 -0.842277 0.4259593 -0.05581259 -0.968783 0.2415463 -0.313398 -0.9167911 0.2475395 -0.4359485 0.8984513 0.05229026 -0.4650354 0.5548979 -0.6898047 -0.4686604 0.5435388 -0.6963642 0.3487764 0.6676663 -0.6577057 -0.6728062 -0.6830435 0.2842242 -0.4888704 -0.4404482 -0.7530016 0.9382753 -0.307871 0.1576553 0.931811 -0.2920054 0.2155484 -0.7300701 -0.6452878 0.2249476 0.9502817 -0.2153282 0.2249412 -0.4439161 0.798508 -0.4066 0.1491066 -0.6091815 0.778887 0.4512181 0.7309228 -0.51201 0.744607 0.6631984 0.07568538 0.4780406 0.7201291 -0.502883 0.9424441 -0.3191458 0.09972536 -0.7916564 -0.4016195 0.4604149 0.3674559 0.5607958 -0.7419463 -0.7294113 -0.2217178 0.647148 0.07433527 -0.7055832 0.7047175 0.07413852 -0.7055958 0.7047256 -0.07434368 0.7056017 -0.7046981 -0.890532 0.09356665 0.4451944 -0.9397882 -0.3137803 0.1354255 -0.7054367 -0.6857811 -0.179063 -0.8997623 0.4073693 0.1564545 -0.176721 0.6861979 0.7056218 -0.7622107 0.5266901 0.3763408 0.2616305 0.15065 0.9533384 0.8095881 -0.5103083 -0.2900905 0.4581768 0.6251946 -0.6318274 -0.996871 -0.03261023 0.07200616 -0.08313745 -0.2509844 -0.9644144 0.6699381 0.6236985 0.4027197 -0.07570797 0.5568557 0.8271518 0.8341823 0.2400437 0.4965068 -0.4513306 -0.2841949 -0.8458924 -0.9776741 -0.1031423 -0.1830708 -0.8430581 -0.2438781 0.4793505 0.01413536 -0.7111312 0.7029173 0.07326799 -0.7056425 0.7047699 0.06938332 -0.7042051 0.7065983 0.07257068 -0.7013106 0.7091523 0.08367222 -0.6981903 0.7110059 -0.07298165 0.7056567 -0.7047853 -0.07957434 0.7071225 -0.7025992 -0.06880283 0.7183681 -0.6922525 -0.08325082 0.7020323 -0.7072623 -0.05869525 0.7070906 -0.7046828 -0.1167513 0.7773775 -0.6181046 0.6585613 0.355356 -0.6633394 0.07715928 -0.7072488 0.7027415 0.06778126 -0.7063127 0.7046476 0.07187455 -0.7054356 0.7051203 0.07672303 -0.7054756 0.7045693 0.07362782 -0.703451 0.7069198 0.07229441 -0.7065262 0.7039846 -0.07810181 0.7072973 -0.7025886 -0.07464259 0.7075514 -0.7027088 -0.06672912 0.7059674 -0.7050938 -0.06992197 0.7076683 -0.7030765 0.5485897 0.4377413 -0.7123426 -0.07403951 0.705594 -0.7047377 -0.07399368 0.705267 -0.7050698 -0.07485109 0.707159 -0.7030815 -0.07366997 0.706166 -0.7042034 -0.07399493 0.7055919 -0.7047446 -0.07262802 0.7056009 -0.7048777 -0.07270652 0.7050999 -0.7053708 -0.07460194 0.7047699 -0.7055026 -0.07363861 0.7060281 -0.7043449 -0.4356999 -0.7465825 0.5027725 0.3768013 -0.460591 -0.8036646 0.9935724 -0.008552014 -0.1128751 -0.3942331 0.6933091 0.6032436 0.513424 -0.3828507 -0.7679981 -0.9462293 0.1734718 0.2730526 -0.379414 0.5832751 -0.7182168 -0.9357226 0.3482607 0.05601483 0.9126799 0.325883 -0.2466087 0.7344654 -0.673986 -0.07939487 0.1998658 0.47204 0.8586221 0.5501368 0.7069257 0.4445285 -0.3707459 0.5143325 0.7733108 0.6928024 0.6606163 -0.2891555 0.203267 0.551699 0.8088948 -0.6467196 0.5517 0.5266696 0.5506441 0.7058488 0.4456105 0.755976 0.1686024 -0.6325138 0.5507307 0.7059076 0.4454103 0.5557065 0.7035757 0.4429128 0.550597 0.7059441 0.4455175 0.5503057 0.7060707 0.4456771 0.5510065 0.7061232 0.4447269 0.550526 0.6976869 0.458426 0.6401586 0.7140735 0.2833657 0.172873 0.4894989 0.8546964 0.5231771 0.5089108 0.6835902 0.3326804 -0.1840438 -0.9249063 0.8170644 0.3054637 -0.4889764 -0.3804895 0.5619178 0.7344905 -0.3284538 -0.6048093 -0.7254818 0.5130728 0.4348344 0.740051 0.9944581 0.05722594 0.08819484 0.8385232 0.213446 -0.5013182 -0.7400562 0.5639646 0.3664165 0.9197719 -0.3213844 0.2252374 -0.5499462 -0.7047128 -0.4482625 -0.5499356 -0.7047266 -0.4482536 -0.07747209 0.7097318 -0.7001991 -0.9729687 -0.1991006 -0.117008 0.6074848 0.7784744 0.1579242 0.6074978 0.7784644 0.1579226 -0.6170252 0.1922301 -0.7631039 -0.1196652 0.6688164 -0.7337336 0.3450962 0.5896044 -0.7302571 0.03879982 0.6350299 -0.7715126 -0.2290728 -0.9274753 0.2954916 0.1213007 -0.7841559 0.6085932 0.7849335 -0.5387963 0.3059055 -0.4334299 0.7898716 0.4338681 0.1802902 -0.6174939 0.7656349 0.109552 -0.8298946 0.5470589 -0.1138915 -0.6877605 0.7169479 -0.2640224 -0.8016831 0.5362803 0.3390778 -0.8576712 0.3865573 0.2387134 -0.6394758 0.7308123 -0.6855214 0.3028185 -0.6620888 0.1729093 0.4257342 -0.8881739 -0.1978659 0.6559358 -0.7284211 -0.1196052 0.6697843 -0.73286 -0.1021466 0.6179088 -0.7795863 -0.8115969 0.579747 0.0721386 -0.5282031 0.5995395 0.6012936 0.3944118 0.8496206 0.3501203 0.483812 0.6199942 0.6176838 0.4838247 0.61999 0.6176781 0.6222568 -0.7409515 -0.2525613 0.3459258 -0.4785176 -0.8070666 -0.32317 -0.6841072 -0.6538797 -0.5071373 -0.8614894 0.02545553 -0.3968372 0.8904948 -0.2225741 0.9775408 -0.07831823 0.1956536 -0.8436698 -0.05999827 -0.5334993 0.7373361 -0.6393778 -0.2180176 -0.158001 0.6188433 -0.76946 -0.5102761 0.5914222 -0.6243703 -0.7236669 -0.1769928 0.6670681 0.4954374 -0.3190103 0.8079445 -0.7276139 -0.6597672 0.1878436 0.9981173 0.04418492 -0.04254227 0.09222841 -0.9061634 -0.4127491 -0.6816816 -0.3345608 0.650676 0.6053416 -0.5733792 0.5520851 0.391981 -0.4432154 0.8061707 0.327867 -0.4247223 -0.8438686 -0.4432719 0.8142747 -0.3747888 0.2003138 0.7057706 -0.679531 0.8315258 0.539925 -0.1305596 0.1687493 -0.01589924 0.9855309 0.7683157 0.4101852 -0.4913646 0.05729216 0.6839249 0.7272995 0.2138586 -0.7019991 0.6793098 -0.3820054 0.5821129 -0.7177858 -0.1678059 -0.4443421 -0.8800007 0.5482968 -0.6374205 0.5413557 -0.8475537 0.4910584 0.2012823 0.8402664 -0.5243249 0.1379708 0.7823044 -0.5686915 0.2541456 -0.978794 0.171693 -0.1117309 0.3699899 0.9290335 -0.002053856 -0.03491377 -0.9817454 -0.1869684 -0.2996751 -0.6159734 -0.7285407 0.03918254 0.9741416 -0.2225149 0.8854255 0.198809 0.4201154 0.06503355 0.7680712 -0.6370536 -0.8151628 -0.4046784 -0.4144214 0.9970696 -0.03855282 -0.06607663 0.5161302 0.7223315 0.4602683 -0.6543318 -0.7543776 -0.05257916 -0.1998322 -0.7053183 0.6801422 -0.2000488 -0.7053632 0.6800318 -1.30952e-4 -0.8216273 -0.5700252 -0.1916849 -0.7024565 0.6854282 -0.1918241 -0.7100101 0.6775612 0.1972509 0.706561 -0.6796056 -0.05176067 -0.6642428 -0.7457228 0.04998379 0.4180085 -0.907067 -0.2121551 -0.7039718 0.677801 -0.184151 -0.7086734 0.6810804 -0.1956793 -0.7029764 0.6837644 -0.2078844 -0.7010923 0.6820951 0.2156317 0.7358457 -0.6418989 0.2008918 0.706439 -0.6786652 0.2007715 0.7066626 -0.678468 -0.0520811 -0.6751829 -0.7358095 -0.8693453 0.4112852 -0.2740135 -0.9076583 -0.4103509 0.08813959 0.2414954 -0.7275674 -0.6421259 0.2010825 0.7063426 -0.678709 0.2048215 0.704116 -0.6799036 0.09374761 0.937625 -0.3347699 -0.221541 -0.6428285 -0.7332743 0.9759028 -0.2040737 0.07725071 0.93765 -0.1956897 -0.2872598 0.6546565 -0.06528145 -0.7531024 0.8257161 -0.4953768 -0.2698053 -0.6120822 0.1783178 0.7704273 -0.2215177 -0.6428268 -0.7332828 -0.9683085 -0.1182069 0.220013 -0.9957897 -0.08986401 0.01809877 0.3666524 -0.7081683 0.603377 0.1932228 0.7065024 -0.6808226 0.1986638 0.7076252 -0.6780851 0.3579712 0.2188878 -0.9077141 0.758287 0.4689812 -0.4528327 -0.01496428 0.3228793 -0.9463219 -0.433742 0.7859526 0.4406203 -0.07557225 0.8153786 -0.5739744 -0.3518438 0.289193 -0.890266 0.2068073 0.7047829 -0.6786103 0.2027927 0.7025296 -0.6821491 0.2028262 0.7062637 -0.6782722 0.3815945 -0.582296 0.7178558 -0.4231793 0.6620948 -0.6185061 -0.2316635 -0.1302881 -0.9640318 -0.7072868 -0.6905067 -0.151479 -0.03375041 -0.6521933 0.757301 0.2128584 0.5872372 -0.7809251 -0.5757383 -0.6030457 0.5521426 -0.7400669 -0.5639528 0.3664128 -0.9345032 0.1732493 0.3109478 0.4296532 -0.7044469 0.5649361 0.7795649 0.2436701 -0.576978 0.5533277 0.7039329 0.4453167 -0.07412093 0.7056149 -0.7047083 -0.07413125 0.7054536 -0.7048686 -0.19852 -0.8506526 0.4868059 -0.320921 -0.9266304 -0.1958718 -0.4835237 -0.4800404 0.7319604 -0.243654 -0.6037259 0.759044 0.6654181 0.6894279 0.2861958 0.1032212 -0.2084494 -0.972571 0.1105939 0.638823 -0.7613635 0.7297541 0.6813352 -0.05693322 -0.3007476 0.8534971 -0.4255509 0.1997736 0.7921039 -0.5767685 -0.07291883 -0.8433073 0.5324618 -0.0527361 -0.688897 0.7229385 -0.2664762 -0.3298485 0.9056437 -0.2668406 -0.7782196 0.5684807 -0.04418271 -0.9962306 0.07465106 -0.3135336 0.4803421 -0.8191266 0.2638452 0.768662 -0.5827046 0.2988241 0.5763545 -0.7606049 0.2656015 0.5961573 -0.7576625 -0.02595657 0.3990698 -0.9165532 0.2008018 0.7023784 -0.6828933 0.1549565 0.8632255 -0.480448 -0.4086496 0.8467736 -0.3405584 0.04560852 0.9262816 -0.3740618 0.04908734 -0.633566 -0.7721299 0.71688 -0.5869444 0.3762705 -0.6969174 -0.6789669 0.2308897 -0.982231 0.1866288 0.01979726 0.3616238 0.7375106 -0.5703564 0.5800446 -0.7076506 0.403459 -0.8151937 0.3939536 0.42457 0.6454162 -0.1912348 -0.7395048 0.632972 -0.2947087 -0.7158864 0.8140497 0.3356924 -0.4739556 0.4782058 0.7045736 0.5243046 -0.140353 -0.3478754 0.9269757 -0.6805941 -0.5776141 0.4507257 -0.6805958 -0.5775988 0.4507427 -0.4471879 -0.7051386 0.5502751 -0.4471874 -0.7051579 0.5502506 0.7045324 0.5594833 -0.436592 0.7045268 0.5594887 -0.4365941 0.7810395 0.01918071 -0.6241871 -0.5383347 -0.653672 -0.5318917 -0.3932889 -0.7541584 -0.5258984 -0.9649876 0.2010828 0.1684185 0.4473983 0.7050672 -0.5501955 0.4474095 0.7050616 -0.5501937 0.5335592 -0.703546 -0.4694013 0.0379877 0.8774433 -0.478174 0.08705747 -0.9708104 -0.2234907 0.003762185 -0.9939647 -0.1096366 0.9703953 -0.087682 -0.225044 -0.8088574 -0.3190073 0.4939476 -0.3094188 -0.6988279 0.6449028 -0.8217443 -0.5266515 -0.2176572 -0.5230478 -0.259108 0.8119632 -0.04377764 -0.7875934 0.6146382 -0.4469733 -0.7052174 0.5503485 0.4468858 0.7052708 -0.550351 0.09405457 0.7848751 -0.6124744 0.5118145 -0.3036326 0.8036499 -0.8643226 -0.3403916 0.3702434 -0.5124632 -0.6647496 -0.5435896 -0.4454555 -0.705831 0.5507922 -0.6105687 -0.7467659 -0.2637172 -0.4454494 -0.7058324 0.5507953 -0.4191117 0.8991002 0.1263502 0.08063566 0.6925848 -0.7168154 0.4465469 0.7055457 -0.5502737 0.6616556 0.7478529 -0.05411219 0.7025685 0.7071674 -0.07944762 0.5410792 -0.7026176 -0.4621276 -0.3672713 -0.430729 0.8243691 -0.3886725 -0.7153485 0.5806982 -0.3040682 0.9267808 0.2204993 -0.4191094 -0.7265188 0.5445345 -0.4278272 -0.711198 0.5578184 -0.4486159 -0.7039745 0.550603 -0.4499235 -0.7054633 0.5476226 -0.4481523 -0.7041973 0.5506957 -0.4485448 -0.7033402 0.551471 -0.4494168 -0.6999002 0.5551255 -0.9330987 -0.1474519 -0.3280009 -0.4459691 -0.7056102 0.5506595 -0.4413328 -0.719595 0.5361049 -0.4534497 -0.705919 0.5441156 -0.4445344 -0.7062262 0.5510298 -0.4459618 -0.7056383 0.5506294 0.4916405 0.8258898 -0.2760355 0.6785202 0.6418593 -0.3572494 0.447687 0.7054522 -0.5494667 0.4452047 0.7055957 -0.5512962 0.4463638 0.7052885 -0.5507518 -0.5062825 -0.7350497 0.4509768 -0.448525 -0.7052152 0.5490873 -0.448235 -0.70416 0.5506762 -0.4460267 -0.7056127 0.5506097 -0.4644516 -0.7032508 0.5382592 -0.4516437 -0.7039636 0.5481362 -0.7399582 -0.4490727 -0.500795 -0.4439249 -0.7069565 0.5505846 0.3583798 -0.7042739 0.6128314 -0.4460126 -0.7056145 0.5506187 -0.4482755 -0.7017203 0.5537489 0.3727725 0.61296 -0.6966496 0.2507418 0.8456175 -0.4712322 0.7248004 0.5840632 -0.3654239 -0.9846758 -0.006238639 -0.1742835 -0.2251871 -0.8323318 0.5064727 -0.5246394 -0.5141704 0.6785148 -0.5751485 -0.5906228 0.5660114 -0.1611121 -0.8388245 0.5200158 -0.5829306 -0.80432 -0.1151577 -0.420391 -0.8111615 0.4065568 -0.3386216 -0.8932378 0.2957391 -0.5165775 -0.5926898 0.6179536 -0.5058468 -0.8036507 0.3134717 -0.6809732 -0.3246366 0.6564195 0.1269086 0.5933361 -0.7948878 0.4453256 0.7059553 -0.550738 0.4296067 0.7076552 -0.5609477 0.3538215 0.7426522 -0.5685755 0.3862557 0.72841 -0.5658847 -0.1837859 -0.02814948 -0.9825632 -0.007150948 0.5535266 -0.8328009 0.007113099 0.7003341 -0.7137798 0.4353253 0.6960767 -0.5709371 -0.006020367 0.8286681 -0.559708 0.4413503 0.7056482 -0.55432 0.4460133 0.7056179 -0.5506138 -0.3366643 -0.7052154 -0.6239619 -0.3371438 -0.7058977 -0.6229306 -0.3375371 -0.7059996 -0.6226021 -0.338023 -0.7056161 -0.6227732 0.338063 -0.7056212 0.6227457 -0.3349046 -0.7860342 0.5196046 0.3982765 0.7636865 -0.5080932 0.05691164 -0.9540268 0.2942686 0.3210229 0.946803 0.02254623 0.2654009 -0.2402279 -0.9337307 -0.3484984 0.5926319 -0.7261793 -0.9460024 0.07481509 0.315408 -0.975928 -0.0238893 0.2167809 0.6484681 -0.2742047 -0.7101415 -0.8385493 -0.5266011 0.1397373 0.9508339 0.2975255 -0.08598589 0.986066 0.1147882 0.1204058 -0.3862609 -0.7690326 -0.5093048 -0.01771396 0.9641389 0.2648067 0.2403013 0.8306424 0.5022833 0.8552827 -0.0218687 0.5177001 0.5927222 0.7938082 -0.1361949 -0.1482943 -0.9521755 -0.267153 -0.8343102 0.5489857 -0.05041128 -0.8722512 0.4701327 0.1347332 0.629718 -0.7258957 0.2766419 0.1535779 0.9557052 -0.2510805 -0.09120476 0.9032526 -0.4193049 -0.6987844 0.534931 0.4749203 -0.04595637 0.7874154 0.6147073 0.5723268 -0.3143261 -0.7573911 0.1211313 -0.9821617 -0.1438247 -0.07469213 0.9345846 -0.3478115 -0.2654299 0.9022 0.3399741 0.9155749 -0.03371644 -0.4007318 0.6106506 -0.1920866 0.7682504 0.6104573 -0.1491047 0.7778881 -0.1542833 0.2876188 0.9452366 -0.2366035 -0.7876541 0.568876 -0.1488441 -0.539621 0.8286464 -0.494396 0.8641669 -0.09374558 -0.4039765 0.8726415 -0.274408 0.510589 -0.755542 0.4104329 -0.3380855 -0.7056214 -0.6227332 0 1 0 -0.3005108 0.793926 0.5285593 -0.9565594 -0.2275665 0.1822297 0.05716931 0.9934679 -0.09875845 0.7258883 -0.5782431 0.3724528 -0.1084462 0.5682024 -0.8157117 0.007334291 0.9633386 -0.2681886 0.07391965 -0.9566743 0.2816205 0.9709318 0.2390235 -0.01261812 -0.4638904 -0.691572 -0.5536551 0.1465875 -0.6562451 0.740172 -0.1044735 0.9383345 -0.3295661 0.7252483 -0.6499708 0.2270528 0.5126708 -0.7767471 0.3658314 -0.6914443 -0.2093466 0.6914324 -0.8144933 -0.5302408 0.2354684 -0.766526 0.6347308 -0.09774887 0.2374769 -0.7558876 0.6101137 0.5456266 -0.04231411 -0.8369596 0.01516324 0.9979743 0.06178534 0.5934222 -0.7040917 -0.3900063 0.8469767 0.5314856 0.01239776 0.8264569 -0.5182114 -0.2200593 0.6734043 -0.446862 -0.588932 -0.7610003 -0.4790009 -0.4375345 0.8630196 -0.4998563 -0.0730822 -0.8097737 -0.2066624 -0.5491424 0.6738219 0.6143531 -0.4105293 -0.2604818 0.6355667 -0.7267767 -0.420707 -0.9008957 -0.1067363 -0.502751 0.7199041 0.4785181 -0.08807641 0.7384781 0.6685003 0.2077149 -0.9635618 0.1685329 0.5252524 -0.6720165 -0.5220191 0.6179146 -0.6362387 -0.4619327 -0.3973894 -0.7490866 -0.5300482 0.421823 -0.655952 0.6259332 0.7039561 -0.6974396 0.1342532 0.5403466 -0.2169491 -0.8129936 -0.7295649 -0.613448 -0.3023519 0.6431444 0.7001547 0.3100786 0.5665616 -0.8194552 0.08660894 -0.8967453 -0.2095038 0.3898156 0.137422 -0.5059012 -0.8515746 0.2472905 -0.2947604 -0.9230189 0.614227 -0.4953435 -0.6142964 0.9598855 0.1116848 0.2571896 0.532458 0.6580124 0.532455 0.8945698 -0.4393454 0.08198016 0.202494 -0.6227626 0.7557533 -0.2291811 -0.4646551 0.8553197 -0.705739 -0.06211584 0.7057437 -0.8771207 0.3587532 0.3193046 -0.9169183 0.3144861 0.2456814 -0.9656592 0.02385407 -0.2587149 -0.6872628 -0.2349988 -0.6873467 0.4406617 -0.7820427 -0.4407115 0.9638458 -0.06570059 0.2582338 0.6801168 -0.2734831 0.6801825 0.255445 -0.1604164 0.9534225 0.2062824 -0.1186694 0.9712699 -0.229973 -0.4587627 0.8582827 -0.615211 -0.492907 0.6152709 -0.9454972 -0.2046105 0.2533174 -0.3651333 0.1524492 0.9183883 -0.6361232 0.4365808 -0.6361954 -0.2498602 -0.2607918 -0.9325007 -0.2871677 -0.4040891 0.8684738 0.7030519 0.5592208 -0.4393064 0.7794024 0.5074213 0.367499 -0.614656 -0.6231968 0.4835532 0.09012186 0.7890361 -0.6077007 -0.1002859 -0.7877382 0.6077922 -0.4801982 0.8371594 -0.2618661 0.8160899 -0.5481514 -0.1831045 0.8555313 -0.5131754 0.06868171 0.278544 -0.8979431 0.3407514 -0.9624384 0.2529532 -0.09862613 -0.5910344 0.71912 -0.3654379 -0.7754518 0.584191 0.2395734 0.3355337 -0.6951231 0.6357838 0.2831573 -0.5391173 0.7932052 0.642795 -0.6234555 0.4451044 -0.4635803 0.8807287 0.09700697 0.524111 0.72239 -0.4510659 0.3353751 -0.708527 0.620897 -0.3674705 0.5727466 -0.7327529 0.6312448 0.7749911 -0.03031265 0.3728608 0.823745 0.4271056 0.155219 -0.6977702 -0.6993024 0.06681603 0.7455095 0.6631374 -0.3084548 -0.6404334 -0.7033497 0.8912403 0.3788819 -0.2492777 -0.4551054 0.7593882 -0.4649825 0.6184219 0.7164137 0.3229644 -0.9264902 0.1659654 0.3377445 0.5525736 0.3045251 -0.7758395 -0.5499609 0.8023511 0.2318965 0.1567373 0.6798235 -0.7164311 0.06982111 0.7732806 -0.6302081 0.6354589 0.6820446 -0.3619491 0.6589377 0.6861647 -0.3081869 -0.6228345 0.7508649 -0.2197251 -0.4627932 0.6904835 -0.5559272 -0.4789917 0.7048541 -0.523209 -0.6361237 0.007849097 0.7715472 -0.3550479 0.6829021 -0.6384244 0.205051 -0.953678 0.2201192 0.3182108 0.7120201 -0.6259148 0.168591 -0.6890733 -0.7048086 0.5145733 0.5865606 0.6254286 -0.01766908 0.6880057 -0.7254902 -0.3514119 -0.4099332 0.8417033 -0.3294246 -0.6423007 -0.6920472 0.8577009 0.09618031 0.5050728 -0.8680443 -0.4914632 0.07045024 0.004882097 0.7085031 0.7056909 -0.3731502 0.8052225 0.4608424 0.74088 0.6691918 0.05726575 -0.2241262 0.97324 0.05071109 -0.07384687 -0.9966378 -0.03549206 0.02688801 -0.9883912 0.149533 0.1108108 0.9537479 -0.2794385 0.561173 0.8264688 -0.0451017 0.09460562 0.9728457 -0.211237 0.1017373 0.9906229 -0.09119158 0.3973319 -0.9009632 0.1743355 -0.09833878 -0.9793251 -0.1767823 -0.1449056 0.4829183 -0.8635928 0.2410823 -0.944647 -0.2225344 0.09084624 -0.9415194 0.3244814 0.3751267 0.5908495 0.7142667 -0.3961549 0.7655233 -0.5069867 0.7440991 0.5906344 -0.3121982 -0.5873357 -0.01514762 -0.8092017 -0.5401597 0.6026082 -0.5874445 -0.8742608 -0.4081063 0.2629019 0.5038144 -0.8352408 0.2203273 -0.2690954 -0.9285179 -0.2558169 -0.7109579 -0.6988092 0.07876974 0.4796033 -0.8375585 0.2616804 -0.5205621 0.7236902 0.4530869 0.06319713 0.7389746 0.6707628 -0.3136979 0.2649984 -0.9117947 -0.4561181 0.8218239 -0.3414116 0.8890321 -0.1902753 -0.4164342 0.5805241 -0.7763836 -0.2453984 -0.5293245 0.74293 -0.4097203 0.5051602 -0.68603 0.5236183 -0.180128 -0.6201685 -0.7635084 0.6220617 0.6255117 -0.4709293 -0.1920586 0.7866701 -0.5867398 -0.4123837 0.7064709 -0.5751857 -0.1738729 0.7435853 -0.6456386 0.4552612 0.524043 -0.719803 0.2125768 0.7334118 -0.6456921 0.717593 0.4564308 0.5260525 0.7356729 0.6772997 0.007114768 0.4264973 0.6996623 -0.5732128 -0.2602941 0.9311878 0.2552181 0.3036214 -0.5688078 -0.7643767 -0.06221824 0.6978874 -0.7134999 -0.7940729 0.3685878 0.4833129 0.3420925 0.5980014 -0.7248222 0.3774137 -0.6990299 -0.6073848 0.01907724 0.8131055 0.5818038 0.7565315 0.47941 -0.4447768 -0.550938 0.2251723 -0.803595 -0.7224246 -0.6867945 0.08010011 0.5781438 0.6982079 0.422203 0.4696114 0.3625541 -0.8049967 0.5340408 -0.6129647 0.5823013 0.5233733 -0.809341 -0.2665479 0.4242096 0.7379295 0.5248871 0.3512288 0.7842356 -0.5114811 -0.05072611 0.5050979 0.8615702 0.7462975 0.6003933 0.2873465 0.04530608 0.9825378 -0.1804632 -0.261536 0.9648333 -0.0263766 0.4157682 0.8583332 -0.3006677 -0.03374302 0.4634293 0.8854913 -0.4181478 0.1168283 0.900835 -0.8262286 -0.07734292 0.5580005 -0.314661 -0.06417328 0.9470323 0.3163969 -0.8118166 0.4907614 0.3620573 -0.8536103 0.3745183 0.3896996 -0.8994384 0.1978508 0.8735355 0.3665601 -0.3202647 0.7137632 -0.593537 -0.371828 0.8593288 0.01636612 -0.5111617 0.2952088 -0.6804494 -0.6707014 0.6842939 -0.3299611 -0.6502826 0.036035 0.3072179 -0.9509568 0.8973251 0.4393012 -0.04268693 0.7115398 0.5240393 0.4680748 0.2631489 0.6617933 0.7019847 -0.7368878 -0.4008538 -0.5443461 -0.6763266 0.3120106 0.6672569 -0.8421599 -0.1870689 0.505739 -0.8874535 -0.457129 0.05881887 -0.904431 -0.38682 0.1799307 -0.2547039 -0.680915 -0.6866446 0.2209218 -0.9698725 0.1026693 0.5262393 -0.8341172 0.1652893 0.8462501 -0.497447 0.1908069 0.9602793 0.256792 0.1091868 0.5144624 0.8553146 -0.0613628 0.8818174 0.4638876 0.08489137 0.2621079 0.6527749 0.7107633 -0.2615928 0.7046021 0.6596249 -0.5166987 0.7326257 0.4430374 -0.707244 0.4858493 0.5135723 -0.9385133 0.01606261 0.3448694 -0.9572184 -0.2747996 -0.09065359 -0.6940856 -0.2956804 -0.6563675 -0.8671793 -0.4001811 -0.296404 -0.1369853 -0.9905651 -0.003990173 0.2600917 -0.6836771 -0.6818636 0.6507352 -0.699664 -0.2949815 0.9325972 -0.3607441 -0.01123762 0.9624658 0.252857 0.09860527 0.8486101 0.5258315 0.05798572 0.7211754 0.5615988 0.4056019 0.2425971 0.5945142 0.7666156 -0.2747414 0.6226511 0.732682 -0.6673063 0.6645392 0.3362887 -0.7478112 -0.5759001 0.3303294 -0.3774229 -0.7831175 0.4942459 -0.2498964 -0.8222402 0.5113443 0.6269887 -0.7336056 0.2621223 0.4187979 -0.2573606 -0.8708466 -0.3517434 -0.6046259 -0.7146357 0.1025761 -0.98222 0.1572323 0.2682505 -0.8556506 0.4426105 0.4446623 -0.5567373 0.7016546 0.2693133 -0.8369557 0.4764195 -0.06592434 -0.5152936 0.8544744 -0.2234035 -0.2726905 0.935805 -0.4331285 0.2059904 0.877478 0.3376502 0.9133443 -0.2275843 -0.7472283 0.6400195 -0.1789548 -0.8980078 0.1222604 -0.4226517 -0.181524 -0.423153 -0.8876885 0.6706928 -0.6804766 0.2951657 0.6502712 -0.3298804 0.6843438 0.5806588 0.2853842 0.7624902 0.5283777 0.5539264 0.6434149 0.1867288 0.5886549 0.7865226 -0.404237 0.6090882 0.6823518 -0.7328752 0.6198533 0.2804924 -0.7116661 0.6451657 -0.2780159 -0.7455755 -0.6235427 -0.2351843 -0.6042395 -0.7935914 0.07146656 -0.5174336 -0.8383583 0.1715165 0.3316271 -0.7548458 0.5658898 0.6866363 -0.6809325 -0.2546793 0.9681825 -0.1775472 0.1763516 0.6815121 0.5356748 0.4985919 -0.8355758 4.61568e-4 -0.5493751 -0.7010356 -0.4786297 -0.5286424 -0.5181736 -0.7186936 -0.4636548 -0.7038964 0.6604341 0.2614511 -0.7569985 0.603511 -0.2504554 -0.1143534 0.246789 -0.9622986 0.05390244 -0.3100898 -0.949178 0.3824407 -0.6115245 -0.6926594 0.7766168 -0.5707116 -0.2667486 -0.4367558 -0.8926894 -0.1111317 -0.4770252 -0.8759572 0.07173687 0.06902933 0.3929722 0.9169558 -0.4946805 0.4932114 0.7155655 -0.731114 0.6207253 -0.2831475 -0.6745877 0.6916638 -0.2579393 -0.2129112 0.7608382 -0.6130205 0.2873895 -0.07422137 -0.9549338 0.545147 -0.4492186 -0.7078259 -0.3018155 0.5936448 -0.7459849 0.8918074 0.3623691 0.270866 -0.4111421 0.9111067 -0.02910012 0.5887188 0.5538505 0.5887781 0.8958438 0.3739746 0.2400141 0.6897118 0.2202388 -0.6897772 0.2158989 0.5513107 -0.805881 -0.1950329 0.6573662 -0.7278956 -0.5511292 0.6264574 -0.5511876 -0.8731022 0.4277541 -0.2339213 -0.4699347 0.6685554 -0.5763636 -0.09859675 0.9947769 0.0264154 -0.06998658 0.9950894 0.06999284 -0.03383278 0.9914189 0.1262696 0.2373068 0.3988924 0.8857598 0.6565064 -0.3714916 0.6565008 0.6752899 -0.610886 0.4132818 0.9257146 -0.2855384 0.2480335 0.921976 0.2982375 -0.2470116 0.6188337 0.4837386 -0.6189038 0.2436254 0.3373309 -0.9093155 -0.1013139 -0.04095953 -0.994011 -0.2540203 0.1915391 -0.9480436 -0.582777 0.5662662 -0.5828496 -0.7614162 0.6153304 -0.203995 -0.8805913 0.4109593 0.2359477 -0.1725821 0.7452008 0.6441206 0.1493473 -0.5600674 0.8148742 0.02474999 0.1403439 -0.9897934 0.1368038 -0.9819387 -0.1306948 -0.4643072 -0.8618943 0.2038558 -0.7098383 -0.5803352 0.399175 -0.09839373 -0.9903979 -0.09711176 -0.1440904 -0.7124239 -0.6867971 -0.1269261 -0.8552355 -0.5024561 -0.08800709 -0.9645078 -0.2489568 -0.1878454 -0.5214471 -0.8323504 -0.6266695 -0.5016274 -0.5963686 -0.4991573 -0.5000274 -0.7076827 -0.03331238 -0.3500524 -0.9361376 0.6578372 -0.6715084 -0.3410672 0.2754808 0.6398099 -0.7174634 0.6321141 0.2236688 -0.7418922 0.907523 -0.07672983 -0.4129343 0.9693326 -0.170943 0.1765587 0.7274973 -0.04468208 0.6846541 0.9354859 -0.3037098 0.180628 0.2229361 -0.7456175 0.6279761 -0.2258145 -0.5363463 0.8132285 0.08030772 -0.8559059 0.5108578 -0.6973109 -0.7167686 5.34474e-4 -0.8522581 -0.4834637 -0.1997981 -0.9101475 -0.1434009 -0.3886744 -0.7361702 0.4061883 -0.5413544 -0.0311641 0.9181058 -0.3951085 -0.06267666 0.9489639 -0.309094 0.4676188 -0.8731455 0.1376574 -0.548354 -0.709827 -0.4421014 0.7043265 0.6053365 -0.3707991 0.9534955 0.07183152 -0.2927227 0.7090274 -0.4555523 0.5382865 0.2611731 -0.2600815 0.9295947 0.7163537 -0.6466762 0.2620067 -0.2294664 -0.972285 -0.04479962 -0.5418698 -0.8293745 -0.1360707 -0.8372277 -0.507188 -0.2044754 -0.3886135 -0.9131222 -0.1232377 -0.2373614 -0.6554244 -0.7169927 -0.207862 -0.5895284 -0.7805446 -0.1519113 -0.4491248 -0.8804601 0.2650123 0.6645289 -0.6986916 0.938912 0.3429375 -0.02895236 0.9662712 -0.1533945 0.2068576 0.7033109 -0.4289799 0.5668599 0.1836875 0.7800812 0.5981072 -0.2600619 -0.6836389 0.6819133 -0.6508269 -0.699612 0.2949023 -0.9325519 -0.36086 0.01126933 -0.6990345 0.4111099 -0.5850978 -0.2174611 0.5095742 -0.8324931 0.2166832 0.7083328 -0.6717984 0.6968659 0.5600898 -0.4479705 0.8894079 0.4562414 0.02824008 0.3718452 -0.9106074 -0.1803478 0.6631748 -0.7209339 -0.2011308 0.4930869 -0.8183897 -0.2951332 -0.1920712 0.4705528 -0.8612136 0.09648764 -0.9440385 -0.3154069 -0.9686011 -0.1986889 0.1494486 0.1482915 -0.9227104 -0.3558304 -0.4232383 -0.5680599 -0.7058168 -0.7673814 0.4913418 -0.4119573 -0.5021807 0.862335 0.06475287 -0.7114284 0.633806 -0.303578 0.698715 0.6645022 0.2650174 -0.3352318 0.7615937 0.5546122 0.02897071 0.3429864 0.9388936 -0.2068948 -0.153459 0.9662531 -0.5668237 -0.4289628 0.7033505 0.5981107 0.7800807 -0.1836786 0.423546 -0.8996104 0.1063479 0.4731518 -0.8776867 -0.07611572 0.49715 -0.7501441 -0.4360343 0.1800134 -0.3868728 0.904392 0.5852504 0.4111349 -0.6988921 0.8325088 0.5095477 -0.2174636 -0.6668112 -0.743774 -0.04650938 0.2136016 0.9667326 -0.140721 0.1698287 -0.9796302 -0.1071581 -0.0554502 -0.7100106 -0.7020046 0.7624784 0.2854311 -0.5806512 0.5155288 -0.65248 -0.5554279 -0.6625829 -0.7198472 -0.2068913 0.1060814 0.832569 0.5436689 -0.3472395 -0.7406026 -0.5752674 -0.3846662 0.7008773 -0.6006689 0.6785589 0.7061474 0.2022719 0.5393345 0.8350133 0.1089552 -0.6780487 0.7309268 0.07743471 -0.7440765 -0.3518167 -0.5679571 4.90494e-7 -1 -7.59319e-7 0.7813789 0.592123 0.1970721 0.3077331 -0.5372182 0.7853005 0.4430896 -0.8381273 -0.3181421 -0.4162347 -0.6475818 0.6382684 0.05073219 -0.5768004 0.8153083 -0.0224415 -0.6763342 0.736253 -0.3892034 0.8891072 0.2408509 -0.3736824 0.903487 -0.2099357 0.8669911 0.4376531 0.2382992 -0.8835606 -0.07860469 0.4616731 0.1752913 -0.6086394 -0.7738417 -0.478366 -0.8781567 -0.002606034 0.02187687 -0.974736 -0.2222861 -0.06647777 0.6923719 0.718472 0.9659315 -0.002229809 -0.2587882 -0.295168 -0.04926747 0.9541743 -0.467087 -0.218923 0.8566811 -0.8077932 0.5440483 -0.2268963 0.1364592 0.6573853 0.7410961 -0.251077 -0.8188555 0.5161744 -0.9328188 0.0488342 -0.3570215 -0.07369327 -0.2087773 0.9751828 0.7639798 -0.5998867 0.237636 0.3345833 0.7467492 -0.5748215 0.6966152 -0.6918273 0.1900064 0.1163153 0.7068462 -0.6977387 -0.6641191 0.7441995 0.0715053 0.3221597 0.7238392 0.6101393 -0.3581869 0.6444502 0.6755635 0.7353312 0.4075428 0.5414767 -0.773844 0.3894249 0.4995136 0.6352111 -0.6918858 0.3432214 0.4460771 -0.7055354 -0.550668 0.7397005 -0.1303423 -0.6601925 -0.182008 0.7052981 -0.6851479 -0.6264125 -0.7040741 0.3344954 0.283124 -0.7377137 -0.6128779 -0.5208498 -0.206055 -0.8284063 -0.8525077 0.4828143 -0.2003026 -0.4296768 0.5768797 0.6946852 0.05679786 0.4549048 0.8887271 0.6257603 -0.3546882 0.6947088 0.8157505 -0.5331752 0.2242215 0.4734696 0.1066708 0.8743273 0.5412495 -0.6726525 0.5045669 -0.8845912 -0.3032917 -0.3542777 0.05003648 0.9971621 0.05625212 -0.4552729 0.7484177 0.4822836 -0.6271186 0.6712167 -0.3952093 0.05102956 0.8996904 0.4335358 0.1210574 0.6338869 -0.763893 -0.7055434 -0.7046584 0.07526665 0.5996276 -0.760265 -0.2498881 0.5022692 -0.4961116 -0.7082365 -0.6207447 -0.3344271 -0.7091083 -0.9614356 0.2059326 -0.1823002 -0.836911 -0.3958666 0.3779813 -0.1719895 0.1935303 0.9659015 0.140352 -0.8406455 -0.5230837 -0.2094281 -0.8395039 0.5013713 -0.624098 0.6520479 0.4305059 0.3687201 0.6806124 -0.6330975 -0.5995194 0.7828747 0.1663848 -0.4775069 -0.7416105 0.4711698 -0.1523195 0.8721314 0.4649577 0.3015168 0.68295 -0.6653323 0.6356483 -0.7202201 -0.2779109 0.500331 -0.4884895 -0.7148755 0.4293852 0.5872574 0.6861174 -0.1312727 0.23426 -0.9632704 -0.7214046 0.6370447 -0.2715686 -0.6926481 0.6710649 0.2644061 -0.3617408 -0.003262937 0.932273 0.3722626 -0.6312881 0.6803645 -0.6210759 0.4557448 0.6376217 0.2121965 -0.138975 0.9672945 -0.5114297 -0.6705392 0.5374169 -0.6449723 -0.7244454 -0.2432891 -0.4988148 0.6921791 -0.5216053 0.6640866 -0.739902 -0.1073964 0.908102 0.3343006 -0.2521784 -0.1220265 -0.730686 0.6717199 -0.3292165 0.5944129 -0.7336825 -0.1516814 0.2184833 0.9639802 0.7073141 0.0568 0.7046138 -0.5488601 -0.7089284 -0.4429145 0.7574876 -0.5871596 -0.2854053 0.6892986 -0.2596823 -0.6763375 -0.2304055 -0.8993681 -0.3715513 0.004532516 0.4242897 -0.9055152 -0.426279 0.5950208 -0.681349 0.7564576 -0.4455691 0.4787903 -0.9128845 0.3781473 0.1537749 -0.5669237 -0.3137756 0.7616708 0.2627565 -0.7953417 0.5462517 -0.301826 -0.6974942 -0.6499254 0.7337784 -0.6330335 0.2466537 0.2526257 -0.7817684 -0.5701041 0.3114244 0.7162982 0.6244451 0.00368005 -0.8635179 0.5043047 -0.1057987 0.6688925 0.7357918 -0.03340977 0.2480956 0.9681593 -0.08436334 0.9313974 -0.354093 -0.3072312 0.5464202 -0.779124 -0.9476436 0.3124257 -0.06604307 -0.7332265 -0.6245764 0.2688555 -0.6946013 -0.3545808 0.6259405 -0.2241759 -0.5329413 0.8159158 0.6301773 -0.7115272 0.3108147 0.9266 -0.3758234 0.01301717 0.6147944 0.1925678 -0.7648174 0.2977381 -0.6402842 0.7080876 0.5346623 0.7354242 -0.4162782 -0.288148 0.7337433 -0.615298 -0.392566 -0.2087785 0.895714 0.4714077 -0.809871 0.3491187 -0.3670353 0.870737 -0.327265 0.09678834 0.003044366 0.9953004 -0.1883625 0.9531522 -0.2366864 0.02841687 -0.9939543 -0.1060549 0.8142991 0.3444097 0.4672248 -0.6232821 0.04322546 -0.7808015 -0.6859765 0.6832066 -0.2503302 -0.6211042 -0.6506611 -0.4368864 -0.6513747 -0.2321758 0.722361 0.08277016 -0.974137 -0.210253 -0.8255664 -0.542988 0.1536372 0.951852 -0.2996165 0.06486731 0.9659134 0.1719425 -0.1935124 0.9128791 -0.4073359 -0.02700704 0.1510114 0.06261211 -0.9865472 0.5170117 -0.642086 0.5660605 0.5877301 0.526439 -0.6143578 -0.6406426 0.7661156 0.0514214 -0.1228486 0.8479685 -0.515614 -0.6600446 -0.7361177 0.1499062 -0.6692307 0.618822 -0.4113268 -0.04469895 -0.8901169 -0.4535349 -0.1657575 0.9816321 0.09446179 0.2023344 -0.7047744 -0.679966 -0.233103 0.5618987 -0.7936831 -0.9211001 -0.03170877 -0.3880325 -0.6683102 -0.6622572 0.3387876 0.27233 -0.6997539 0.6604399 0.9610011 -0.1064119 0.2552517 0.7084215 0.5246887 -0.4720602 -0.2319166 0.8485797 -0.4755285 -0.6864827 0.6994187 -0.1988843 -0.968583 -0.02052229 -0.2478424 0.4149463 -0.8205866 -0.3930104 0.767462 -0.6311215 -0.1126407 -0.4781768 -0.01816165 -0.8780758 0.1997199 0.9494499 0.2421921 -0.7642479 -0.3058531 0.5677843 -0.5876244 0.1184579 -0.8004157 -0.8882702 -0.1403204 -0.4373629 -0.1941292 -0.9777868 -0.07903712 0.4624662 -0.8371527 0.2920624 0.8016058 -0.5365999 -0.263607 0.3445546 0.9369878 -0.05775749 0.4974153 -0.1736665 -0.8499518 -0.04107719 0.5854911 -0.8096375 -0.8085094 -0.5858214 0.05590987 0.7185829 -0.1001319 0.6881949 -0.4432594 0.7886449 0.4260991 -0.6056625 0.7132275 0.3528166 -0.6174259 -0.7078112 0.3432032 0.6715546 -0.7123045 0.204051 -0.4432426 -0.6877663 -0.5749032 0.2405512 -0.3482812 0.9059997 0.612566 0.6533951 0.4447895 0.7844029 -0.3856875 -0.4857545 -0.03615021 -0.2933593 -0.9553186 0.2049205 0.713631 -0.6698793 -0.8570218 0.01452332 -0.5150756 -0.07454681 0.7138726 0.6962966 0.01696157 0.9601477 0.2789784 -0.3805537 -0.7398265 0.5548294 0.08991044 0.003605365 0.9959434 0.3868526 0.7287568 0.5650298 -0.7787553 0.5953823 -0.1976369 0.6027207 0.7590451 0.2461266 0.5237984 0.7261257 0.4453952 0.3908961 -0.5910995 -0.7055506 -0.04394567 -0.5677488 -0.8220282 0.1648092 -0.4040755 -0.8997561 -0.9470136 0.1018998 -0.3046008 -0.4144706 -0.7783003 0.4716596 0.4622936 -0.8848717 0.05733174 0.6950143 -0.6866739 -0.2131531 0.8333702 0.5517886 -0.03199285 -0.6954892 -0.5877411 0.4133464 0.1593207 -0.8853515 0.4367719 0.616421 -0.7569656 -0.2168598 -0.09223747 0.7579006 -0.6458165 0.8181763 0.5297439 -0.2235153 0.4444314 -0.09510648 -0.89075 -0.3243356 -0.6749741 -0.662734 -0.663979 -0.6967149 0.271515 -0.6455164 -0.3474872 0.6801186 0.09192532 0.9954613 -0.02463042 0.1161473 0.2508338 0.9610371 0.3717552 0.6317936 0.6801728 -0.3528936 0.03268206 0.9350925 0.5768074 -0.5835556 0.571626 -0.1122852 -0.9351655 -0.3359429 0.4312494 -0.8111768 0.3949887 0.02838063 -0.3607358 -0.9322361 0.9966225 -0.01735448 0.08026617 0.7050477 -0.5660879 -0.4271442 0.3171718 -0.9432088 0.0987901 -0.6547377 -0.2996866 0.6939067 -0.9979459 -0.01335889 -0.06265449 -0.03106129 -0.6700777 0.7416409 -0.4464604 -0.6481614 0.6168953 -0.008249938 0.4294388 0.9030584 0.331884 0.7222588 0.6067909 -0.05225533 -0.5719553 -0.8186188 -0.5853924 0.02812957 0.810262 0.7616881 0.6378578 0.1138805 0.9728614 -0.1947265 0.1249894 -0.2372186 0.9399375 0.2454483 -0.761746 0.6417933 0.08857035 -0.377762 -0.7706621 -0.5132016 -0.6787993 -0.7088541 -0.191722 -0.679781 -0.7028114 -0.209652 0.6290731 0.7168597 -0.3006314 -0.7002143 -0.2253379 -0.6774385 -0.1911771 -0.8009329 -0.5674133 -0.6123679 -0.7384686 -0.2822586 -0.8578858 -0.1639155 0.4869948 -0.1949143 0.4712927 0.8601695 0.290337 0.5942381 0.7500571 0.9517001 0.2967443 0.07880234 0.7114321 -0.399204 -0.5783602 0.09702795 -0.83815 -0.5367404 -0.3874083 0.5063188 0.770426 -0.3257623 0.7829413 0.5299829 -0.05489987 -0.6329868 -0.7722136 0.1707616 -0.7887874 -0.5904701 0.6608658 0.7134457 -0.2329199 0.895092 0.03183114 0.4447439 -0.8003008 -0.3047924 -0.5163528 -0.619392 -0.7212743 -0.3100274 -0.4623762 0.4462876 0.7661826 -0.4691035 -0.829329 0.3035711 0.3515761 -0.04397225 -0.9351261 -0.7987534 0.2674077 -0.5389679 0.05227243 -0.7121445 0.7000842 -0.5133655 -0.8558349 0.06326705 -0.7642789 -0.2770329 0.5823493 -0.4832066 -0.8596318 0.1659654 -0.2498768 0.5991448 0.7606491 0.2534186 0.7349053 0.6290416 0.3818781 0.8528179 0.3561891 0.6136404 -0.4437344 0.6531044 0.682015 -0.3346303 -0.6502908 0.1914945 -0.9435844 0.2701451 -0.1250101 -0.7140278 -0.6888664 0.8571379 0.3936878 0.3321514 0.7840606 0.5301861 0.3227256 -0.7665814 0.3301576 0.5507714 -0.5301188 0.7700622 0.3549342 -0.9983276 -0.03006726 -0.04937779 -0.5552636 0.5044884 0.6611914 0.2323663 0.5634316 0.792812 -0.198955 0.6429838 0.7395869 0.7911787 0.3253045 -0.5178931 -0.4676575 -0.6147273 -0.6351432 -0.2609854 -0.8074513 -0.5290645 0.958771 -0.007086813 0.2840915 -0.001743793 -0.9999983 7.30536e-4 -0.201302 -0.7056143 0.6794012 0.2733767 0.7368357 -0.6183351 0.8704637 0.4500066 -0.1994674 -0.01594376 0.9975374 0.06829947 -0.6302124 0.1866348 -0.7536576 -0.2720018 -0.6984314 -0.6619734 -0.9613186 -0.1082633 -0.2532701 -0.7089624 0.5211068 0.4752054 0.2325717 0.5603473 0.7949348 0.9219154 -0.02982455 0.3862416 0.6695591 -0.6592129 -0.3422411 0.6122643 -0.7734499 -0.1640361 -0.1434531 0.6581093 0.7391302 0.4025389 -0.04122954 0.9144739 0.1090582 -0.8702872 0.4803193 0.3828944 -0.6552496 0.6511835 -0.4628298 -0.7592146 -0.4575825 0.5238147 -0.8516504 0.01760184 -0.3254485 0.6922303 -0.6441278 -0.4488937 -0.7118458 0.5401576 -0.4482266 -0.6989546 0.5572751 -0.6743001 -0.2560174 -0.6926575 0.5231995 -0.8097043 0.2657844 -0.903068 0.4294177 -0.008300781 -0.272138 0.6166133 0.7387348 -0.2758623 -0.5725038 -0.7721006 0.5873211 0.1179716 0.8007102 0.8153295 -0.567255 0.1160165 0.1846461 -0.7540534 -0.6303248 0.5515261 -0.7132258 0.432583 0.004735708 -0.06299525 -0.9980027 -0.5065622 0.8310551 0.2296567 0.3380159 -0.7055592 0.6228415 0.3144521 0.208831 -0.9260182 0.3380743 -0.7056265 0.6227336 0.3397963 0.2543827 -0.9054436 -0.4000371 0.8864201 0.2328729 -0.03402531 0.9941124 0.1028737 -0.02396506 0.9951791 0.09510105 0.3380604 -0.7055951 0.6227767 0.4497505 0.7550132 -0.477158 -0.2611505 -0.6361714 0.7260072 -0.1235633 -0.5504654 0.8256635 0.09004026 -0.7729374 0.6280609 -0.3410071 -0.7042579 -0.6226838 0.7434388 0.5300614 -0.4078404 -0.3406078 -0.7054201 -0.6215857 -0.3411929 -0.7069404 -0.6195343 0.9635487 0.2542014 -0.08340024 0.9427981 0.04915982 0.3297196 -0.3430736 -0.7094316 -0.6156358 -0.3379298 -0.7055544 -0.6228936 0.9708072 0.06912928 0.2296839 -0.3380741 -0.7056208 -0.6227401 -3.37764e-7 1 -4.55654e-6 0.5211375 0.4989929 -0.692403 0.4341646 0.5462614 -0.7163097 -0.5181927 -0.7415019 -0.4262058 0.5434163 0.7469117 -0.3831732 0.02653652 -0.9976093 -0.06380879 -0.1134896 -0.9927029 0.04075884 0.5350231 -0.8431487 -0.05339294 0.6667871 -0.7418962 -0.07060492 0.1944752 -0.965987 0.170436 0.3577738 -0.8527094 -0.3806375 0.4765157 -0.7686647 -0.426717 -0.09217745 -0.9936745 0.06414395 0.03449892 -0.9990075 0.02817809 -0.302177 -0.9367201 -0.1767608 0.0271815 -0.9990622 -0.03370314 0.05098551 -0.9982597 -0.02963227 -0.02446663 -0.9995107 -0.01948928 0.02929908 -0.9982174 -0.05199724 0.3127588 -0.03058117 0.9493402 -0.9134044 0.09187597 0.3965492 -0.02597236 -0.9979603 0.05831509 -0.2789131 -0.9297292 -0.2404397 -0.9716851 -0.200746 0.1246165 -0.9305854 0.141303 0.3377048 0.7101274 0.07138454 0.7004451 -0.1572687 0.8920184 -0.423757 0.2654278 -0.9116299 0.3138141 -0.6673893 0.7312647 0.1408672 -0.1523398 -0.6627137 0.7332143 0.6675768 -0.7412454 -0.06997597 0.4735745 -0.8087103 0.3488767 -0.2020099 0.9217846 -0.3309155 -0.39596 0.7428047 -0.5398677 -0.6471998 0.7600486 -0.05880951 -0.4206397 -0.5681766 -0.7072747 -0.1791632 0.8480985 -0.4986275 -0.4694479 0.7845174 -0.4051559 8.51197e-4 -0.8634955 -0.5043559 -0.9080657 0.3845061 0.166047 -0.5277629 0.815388 0.2379263 0.1568834 -0.951061 -0.2662155 0.1386655 0.9839184 -0.1125908 -0.5706872 0.7948836 0.2060973 -0.3134465 0.5636502 0.7642315 -0.3421667 0.8240655 0.4514842 -0.2062761 0.9330804 0.2946372 -0.3096627 0.8718351 -0.37949 0.03506952 0.8479256 0.528954 0.3512145 0.9357063 -0.03319996 0.3085759 0.9510161 0.01869261 -0.08458703 0.9962188 -0.01983201 -0.05518007 0.9984765 1.43049e-4 -0.04135227 0.9941861 -0.09941858 -0.01956433 0.9950184 0.0977534 -0.03474348 0.9992837 0.01500409 0.1202098 0.9713435 -0.2050406 0.0376656 0.9992836 -0.003702998 -0.4077139 0.8972261 0.1695721 -0.3690379 0.906161 -0.2065994 0.08398967 0.9741165 0.2098643 0.3533244 0.8416559 0.4083837 -0.1299081 0.9861794 0.1028309 0.534767 -0.02305114 0.8446852 0.8669149 0.01175785 0.4983177 0.3887311 0.03263241 0.9207732 0.6109773 -0.7293347 -0.3078597 0.04211944 -0.5306195 -0.846563 -0.3407779 -0.7486881 0.5686271 -0.245224 -0.6725593 0.698233 0.3078415 0.05989664 0.9495504 0.1733963 -0.5398249 -0.823725 0.2051802 0.9768626 0.0603376 -0.2260429 -0.8711903 0.4358122 -0.6817072 0.1751271 -0.7103562 -0.7842051 -0.6094638 -0.1165174 -0.05103486 0.9981675 -0.03251582 -0.2702342 -0.1705293 0.9475723 -0.5939599 -0.4194409 0.6864991 -0.5744444 0.723374 -0.3830713 -0.6423288 -0.7402096 -0.1987547 -0.04449814 -0.822229 -0.5674145 -0.8363525 0.01389002 -0.5480161 -0.6415348 -0.6746278 -0.3651171 -0.2037025 -0.76431 -0.6118296 0.3324147 -0.6819094 0.6515367 -0.3559663 0.475916 -0.8042338 -0.3504535 0.8237217 -0.4457187 -0.03618943 -0.9961261 0.08014452 -0.09995758 -0.9905072 0.0943616 0.4205 -0.8939707 0.1549067 -0.9166176 0.1283244 -0.3786095 0.06841558 -0.9947981 -0.07547301 0.06144928 -0.9967619 -0.05186504 -0.0303421 0.7145279 0.6989488 0.07619655 -0.9910072 -0.1099946 -0.1382307 -0.9903938 0.003525435 -0.2157308 -0.3198426 0.9225838 -0.08411175 -0.9918586 0.095613 0.67265 -0.598494 0.4351401 -0.2831605 -0.9424224 -0.1779333 0.02907544 -0.6528775 0.7569053 0.1296908 -0.8611655 -0.491502 3.00613e-4 -0.9999996 -9.50833e-4 -0.4581815 0.7324141 0.5036262 -0.4060311 0.7467112 0.5268406 -0.4205219 0.7389336 0.5264395 -0.003158688 -0.8372718 -0.546778 0.3351836 -0.4736093 -0.8144608 0.3225325 0.6352045 0.7017749 -0.1706242 -0.8865385 -0.4300431 0.3866899 -0.724889 -0.5700937 0.931832 -0.3607909 -0.03897637 0.1917258 -0.8508293 0.4892147 0.3696644 0.1279894 -0.9203081 0.5101954 0.7600131 -0.4025926 -0.2974242 0.8822313 -0.364975 -0.5568984 0.69501 -0.4547806 0.642822 -0.7060892 0.2970151 -0.2872113 0.8872252 0.361028 -0.1800879 -0.9375326 0.2976595 0.714748 0.1234067 -0.6884084 0.3173789 -0.5958344 0.7377344 -0.1421151 0.9528931 0.2679517 -0.002271533 -0.9948436 -0.1013963 -0.4134909 0.2610678 -0.872278 -0.6104313 -0.7085092 -0.3541022 -0.4607664 -0.8269791 -0.3221799 -0.5668338 -0.1420605 0.8114914 0.7314649 0.6758269 -0.09064871 0.1146877 -0.5584686 -0.8215594 0.3550997 0.7462041 0.5631017 -0.3629114 0.3170275 0.8762357 0.3332096 0.7192029 0.6096873 0.2148923 0.7091733 0.6714867 0.3120231 0.7171802 0.6231325 0.3209954 0.7512447 0.5767091 0.2782866 0.7597707 0.5876268 0.3249162 0.7181267 0.6154052 -0.3215683 0.754053 0.572711 -0.3117977 0.8098816 0.4968643 0.344788 0.7214258 0.6005548 -0.352057 0.5758627 0.7378605 0.6787911 -0.2318711 0.6967629 0.712476 -0.6985087 -0.06680965 -0.6340314 -0.7439038 0.2112143 -0.9287967 0.3609414 -0.0840125 0.009308695 -0.9996504 -0.02474552 0.1337082 0.680761 0.720199 0.5519829 0.7705613 0.3186694 0.3269681 0.7046972 0.6296775 -0.5977032 0.7067245 -0.3785385 -0.5475174 0.6836448 -0.48255 -0.5966176 0.6925601 -0.4054725 -0.5731108 0.6916436 -0.4395148 -0.5875552 0.7188414 -0.3715453 -0.625878 0.655609 -0.4224378 -0.5655695 0.6905139 -0.4509122 -0.5593198 0.6887291 -0.4613175 -0.6079907 0.6887836 -0.394873 0.9952345 -0.03614908 0.09056276 0.5523645 -0.651261 0.520339 -0.4791558 0.5255056 0.7030317 -0.5494199 0.8300236 0.09590947 0.9096602 -0.1320019 -0.3938196 0.6419008 0.5176679 -0.5656707 0.1131429 -0.014611 -0.9934713 -0.2376376 -0.7059155 -0.6672418 0.8647068 0.4964956 0.07599043 -0.4790263 -0.8261277 0.2967271 -0.4452341 0.7739568 0.4502862 0.7654202 0.2521806 0.5920616 0.01930338 0.6913179 0.7222929 0.7618891 0.1063021 0.6389248 -0.4600079 -0.2267723 -0.8584679 0.5690972 -0.8070523 -0.157464 -0.7457811 -0.4764834 0.4655902 0.0623039 0.6616785 0.7471946 0.4393168 0.7097929 0.5506315 -0.3425289 -0.6112312 -0.7134918 0.4921565 0.7195468 0.4899331 0.8776977 0.4090552 -0.2496414 -0.3665717 0.8442224 -0.3910418 0.8375723 0.2591755 -0.4809374 -0.3797518 0.7658323 -0.5189313 0.6871011 0.7029131 0.183862 0.260656 -0.6424965 0.7205947 0.05109477 0.9328522 -0.3566176 -0.1736228 0.7354471 0.6549601 -0.1468873 0.7045337 -0.6943028 -0.168376 0.8271773 -0.5361225 0.3155916 0.6958635 -0.6451171 0.4639518 0.8606833 -0.209698 -0.07375663 0.9484987 -0.3080751 0.2210528 0.7091767 -0.6694805 0.1805232 0.6483535 0.7396277 0.6621634 0.6848586 -0.3041521 0.6511639 0.7101427 -0.2677367 0.6370322 0.7105932 -0.2987429 -0.6138926 0.3984623 0.6814423 -0.6723662 0.6800068 -0.2924287 -0.6810798 0.6676974 -0.3005172 -0.6715681 0.7325215 -0.1113937 -0.6550977 0.7379854 -0.1619402 -0.6511942 0.7065176 -0.2770903 -0.6240826 0.7366276 -0.2605777 -0.6431735 0.7424104 -0.1874958 -0.6002088 0.7600533 -0.2491353 -0.1532418 -0.5657957 0.8101803 0.2984643 0.8280184 -0.4746628 0.3362405 0.8274091 -0.4498185 0.3558906 -0.8262383 0.4366606 0.2186558 -0.9497609 0.2239286 -0.2824283 0.6993365 0.6566298 0.0600633 -0.04598569 0.9971348 0.2205787 -0.1402457 -0.9652338 0.3590892 -0.8747537 -0.3253628 0.114494 -0.6688036 0.7345698 0.1335878 -0.7955995 0.590911 -0.2746934 -0.0160436 -0.961398 -0.6118685 0.5661874 -0.5523123 0.4662306 0.590531 -0.6587125 -0.3105419 -0.5758948 -0.7562465 -0.7882748 -0.5994652 -0.1387963 -0.5485032 -0.0841431 -0.8319041 0.4134101 0.1110813 -0.903744 0.2945598 -0.5163722 0.8041108 -0.8818807 -0.4512926 0.1364608 -0.07778877 0.9544671 0.2879961 0.3008778 0.8096544 -0.503917 0.7128756 -0.7011328 0.01487237 0.6221529 -0.5855476 -0.5196728 -0.8828897 -0.0760076 0.4633882 -0.3325522 0.9181268 0.2155278 -0.3986068 0.8405621 0.3668351 0.03635555 0.7084046 -0.7048698 0.7830005 -0.4535347 0.4256953 0.5687581 -0.7809314 -0.2581873 0.2106926 0.5807206 0.7863666 -0.2833742 0.9259149 -0.2497614 -0.6825779 -0.2710344 -0.6786957 -0.1596112 0.7820593 -0.6024181 0.09949755 -0.6471555 0.7558373 -0.4733951 0.8084847 -0.3496421 0.6439586 -0.2564635 -0.7207938 0.1597454 -0.04553002 -0.9861078 0.7798383 -0.625787 -0.01559102 0.459194 -0.8403697 0.2879577 -0.5496154 -0.7927156 -0.2636763 0.002935767 -0.9971659 0.07517749 0.0273084 -0.9968934 0.07387721 -0.7094835 -0.7006342 0.07579565 0.5436414 0.2342097 0.8059775 -0.04281741 0.9982397 0.04104042 -0.08358705 -0.7243986 -0.6842952 0.7945599 6.18165e-4 -0.6071856 0.9716804 0.2346988 -0.0274589 0.3357588 0.8107853 0.479472 -0.3342998 0.680794 0.6517387 -0.3596951 0.7270689 0.5847994 -0.2675561 0.7104814 0.6508687 -0.02137458 0.4006277 -0.9159916 -0.8566638 -0.5053284 0.1037802 0.3092269 0.7044701 0.6388276 0.1456235 0.915189 0.3757965 0.06690567 0.7036207 0.7074189 0.1130204 0.7321405 -0.6717119 0.01237261 0.9874236 -0.1576124 -0.2089796 0.9148367 -0.345545 0.1626006 0.7374578 -0.655528 0.1876842 0.7417929 -0.6438307 -0.4108916 0.7729433 -0.483453 -0.4092156 0.7557349 -0.5112802 0.2194418 0.7501429 -0.6238036 -0.3440604 0.3967961 -0.850985 -0.3798758 0.5543528 -0.7405318 0.518961 -0.8332639 0.1906589 -0.2857414 -0.8321962 -0.4751858 0.4849982 0.8538414 0.1890287 0.3079732 0.6906552 -0.6543301 0.102856 -0.7721457 -0.6270659 0.6733779 -0.6436057 -0.3637773 -0.7920179 0.6089152 0.04393315 -0.5040068 0.7491589 -0.4298117 -0.5535665 0.7385411 -0.3848652 -0.9677618 -0.0434274 0.2480953 -0.9902804 -0.03640133 0.1342376 0.6238587 -0.7450243 -0.2360914 0.2611147 -0.6251335 -0.7355456 -0.2450654 0.8905578 -0.3832098 0.3953835 0.8888456 -0.2315717 0.7892532 0.6125279 0.04346221 0.6097429 0.6387562 -0.4692593 -0.1408574 0.7465023 -0.6503025 -0.4414936 0.896985 -0.02239125 -0.629724 0.7416377 -0.2311305 -0.2522062 0.9561634 0.1488081 -0.009521543 0.7196455 -0.6942765 -0.04367238 0.7279934 -0.6841917 -0.09245246 0.7521504 -0.652474 -0.05318623 0.7588473 -0.6490932 -0.06333452 0.7335276 -0.6767023 0.02736186 0.7749879 -0.6313835 -0.3853071 0.6138848 -0.6889731 -0.5476546 0.8273397 -0.1248335 -0.3802172 0.5928304 -0.7099204 0.1806695 0.7358071 -0.6526458 0.327752 0.7044159 -0.6295847 -0.392713 0.7568417 -0.5224627 0.2404277 0.7265688 -0.6436555 -0.6540243 -0.6858358 -0.3191891 0.4893935 0.8632379 0.1237515 0.6528927 0.7564743 0.03844195 0.9188544 0.3817868 -0.09972709 0.9104193 0.4027939 -0.09430706 0.4617836 0.6963233 -0.5494452 0.4306315 0.7471429 -0.5062946 0.4114751 0.7412035 -0.5303827 0.4528159 0.6981855 -0.5545223 0.3877983 0.7370692 -0.5534813 0.3022345 0.7253316 -0.618505 0.448259 0.698859 -0.5573689 0.4431009 0.6992831 -0.5609498 -0.3557261 0.4356058 -0.8268656 0.01465469 -0.7337472 -0.6792646 0.5686472 0.7426768 -0.3536547 -0.04779827 0.6327446 -0.7728841 0.01923716 0.7438523 -0.6680672 0.05070608 0.9933629 -0.1032438 0.6686171 0.7092893 -0.2232934 0.6229918 0.7283831 -0.2852007 0.5809115 0.7473295 -0.322553 0.5908215 0.7553653 -0.2834667 0.6045041 0.7353842 -0.3062435 0.05000883 0.0324164 -0.9982227 0.08565062 -0.2882567 -0.953715 0.02051073 0.9089231 -0.4164592 0.004162073 0.3301939 -0.9439041 0.6596176 0.7402735 -0.1299991 0.2407522 0.7471715 -0.6194943 -0.1360405 0.9583802 -0.250999 0.6917606 0.7221179 0.003612577 0.6799309 0.7323123 -0.03758561 0.6610395 0.7449848 -0.08958047 0.65794 0.7509569 -0.05638116 0.6710308 0.7388981 -0.06121671 0.6425141 0.7661615 0.01312977 0.5373401 0.1593154 -0.8281814 0.1347689 0.8291264 -0.5425743 0.519288 0.2225894 -0.8251024 -0.6238355 -0.5750195 -0.5293221 -0.7196651 -0.694163 0.01483267 -0.7725094 -0.6212831 0.1312884 0.2416571 -0.2636576 0.9338558 -0.6983278 -0.7156783 -0.01195406 -0.1148624 0.8746889 -0.4708779 -0.450164 0.8188896 0.356051 -0.3292538 -0.3801901 -0.864319 -0.0295695 -0.7007063 -0.7128369 -0.03424274 -0.7004078 -0.712921 0.04669821 0.8207888 0.5693199 0.8917968 -0.3842046 -0.2389254 0.3684732 0.4199507 0.8293786 0.3450827 0.9362214 0.06638938 0.2010928 0.6335837 0.7470833 0.5320283 0.7239478 -0.4391418 0.5456753 0.7393879 -0.3943908 0.6549342 0.6877842 -0.3130722 -0.3340807 0.6356828 -0.6959149 0.1052983 0.9862265 -0.1275527 -0.654457 -0.7510772 -0.0870012 -0.6616952 -0.7464346 0.07067441 0.5614684 0.69896 0.4429541 0.5132174 -0.1729621 -0.8406497 -0.3757095 0.8083639 0.4532002 -0.04351097 0.9020996 0.4293287 -0.5166979 0.6328101 0.5766929 -0.9170138 0.1141144 -0.3821827 0.03297126 0.7022515 -0.7111651 -0.6551622 0.6502641 -0.3846027 -0.7015922 0.7122853 -0.02044868 0.1774277 0.4343539 -0.8830946 0.6168028 -0.2184097 0.7562087 0.8473843 -0.05044603 -0.5285783 0.9070699 0.4176709 -0.0526809 0.9828857 -0.1485624 -0.1089265 0.2675216 0.7505077 -0.6042934 0.1765903 0.4760096 -0.8615282 -0.2874204 0.7262938 0.6244093 -0.4253064 0.7599096 0.4915811 -0.4044043 0.7480967 0.5261261 -0.3816158 0.740163 0.5536498 -0.4077702 0.7448244 0.5281668 -0.03983646 0.5337522 0.8447023 -0.3844624 0.7387498 0.5535681 -0.4288872 0.7513957 0.5014583 -0.06731253 0.4908158 0.8686593 0.08444398 0.6929185 0.7160539 -0.1985911 0.2275182 0.9533085 0.7183775 0.6953173 -0.02162539 0.9332509 0.3591912 0.00495851 0.5150948 0.8223066 -0.2418454 0.5603371 0.6676342 -0.4901908 0.7220233 -0.5639641 0.400783 0.6950329 -0.5179151 0.4986915 0.581024 0.7937533 -0.179908 -0.03207808 -0.6906018 -0.7225235 -0.3109159 -0.8496711 -0.4258996 0.8371771 -0.5431986 -0.0637955 0.9178219 0.1462599 -0.3690679 0.9463863 -0.3201422 0.04314959 0.01166808 0.3451723 -0.9384669 -0.6921256 -0.3457036 -0.6336019 -0.06960731 -0.5610937 0.8248204 0.2529059 0.9548409 -0.1559407 0.3922213 -0.5156358 0.7617626 -0.2241284 -0.6064605 0.762871 0.8297294 -0.34668 0.4374497 -0.6500811 0.5876917 -0.4816772 -0.1701987 0.5754817 -0.7999083 0.04288566 -0.5269027 0.848843 -0.6638034 -0.6091604 0.4339223 -0.4129086 -0.8352596 -0.3631086 -0.3388071 -0.9383341 -0.06884014 -0.25906 0.9656254 -0.02134484 -0.06855911 -0.812561 0.5788302 0.1046765 -0.0100097 -0.994456 0.4703966 0.02365374 -0.8821381 0.07065618 0.7877415 0.6119404 0.1365935 -0.005696654 0.9906109 0.4621196 0.01151561 0.886743 0.4584996 -0.8606052 -0.2216682 -0.06714898 0.7721592 -0.6318713 -0.4225755 0.7677434 0.481664 0.6119424 0.7877396 -0.07066029 0.08452272 -0.3344787 0.9386053 -0.6833646 -0.7300589 0.00519979 0.1238784 -0.9609301 -0.2475229 0.5844957 -0.6857472 -0.433723 -0.7009199 -0.330346 -0.6321256 0.2491739 0.9490951 -0.192694 0.7775416 -0.4278261 0.4608621 0.1356334 -0.9776553 0.160604 0.1093621 -0.6949109 0.7107313 -0.07995408 -0.7211465 -0.6881535 -0.07243347 -0.7060181 -0.7044799 -0.07289743 -0.7054314 -0.7050196 -0.09790545 0.9659098 -0.2396515 -0.07397472 -0.7056156 -0.704723 -0.07287663 -0.7049583 -0.7054948 -0.0739963 -0.7055733 -0.7047631 -0.07391428 -0.7056274 -0.7047175 -0.08011317 -0.7213633 -0.6879076 -0.07154375 -0.7123416 -0.6981769 -0.05650478 -0.7099568 -0.7019749 -0.06736016 -0.7105875 -0.7003771 0.4155706 0.9015723 0.1202855 -0.2431311 0.01211631 0.9699178 0.7246462 0.3921564 -0.5666581 -0.6286571 -0.7546469 0.1878788 -0.7079862 -0.4922403 -0.5064139 -0.4908522 -0.7117506 -0.5024691 -0.1834186 -0.6184819 -0.7640928 0.4154011 -0.909396 0.02099806 0.2490391 -0.1753588 -0.9524856 -0.2300174 -0.3536032 0.9066736 -0.1514551 0.5932613 -0.7906343 -0.4169437 -0.6476129 -0.6377739 0.1371092 -0.7718462 0.6208498 0.309505 -0.72179 0.6190524 0.3195544 -0.88098 0.3489402 -0.4066066 0.732174 -0.546436 -0.3422139 0.7545572 -0.5599404 -0.3531484 0.7415792 -0.5703917 -0.2784543 0.7310931 -0.6228693 -0.3022125 0.7389969 -0.6021221 -0.3518333 0.7382642 -0.5754819 -0.3244603 0.7424842 -0.5860399 -0.2867255 0.8246328 -0.487616 -0.2896672 0.7500194 -0.5946124 -0.3532862 0.731596 -0.5830576 -0.3701873 0.7188488 -0.5884028 -0.4115575 0.6690393 -0.6188755 0.6787172 0.7061921 0.2015832 0.6823272 0.7067405 0.1869429 0.145866 0.7819126 0.6060824 -0.08848989 0.8701172 0.4848356 -0.1473125 0.7490882 0.6458838 -0.9889793 0.1376827 -0.05443733 0.1714379 -0.6749676 0.7176544 -0.03716748 -0.7030205 0.7101978 -0.2060387 -0.9775864 0.04327821 -0.6614452 0.7347922 0.1502352 0.8245254 0.5641264 0.04381233 0.3781843 -0.7962954 0.4721126 0.5985153 0.8005964 -0.02872288 4.24869e-7 -1 -2.56954e-6 0.4379279 0.898904 -0.01380944 0.3380948 0.7787705 0.5284017 0.3315064 0.9004342 0.2816412 0.6621127 0.7185844 0.212705 0.2239294 -0.5736548 0.7878934 0.3138913 -0.7535796 -0.5775727 0.6272177 -0.6983598 0.3448066 -0.09995055 0.9538174 0.2832709 -0.7337049 -0.6471146 -0.2071712 0.01487332 -0.1421355 -0.9897356 0.09694749 -0.5716487 0.8147509 0.7232297 -0.02029693 -0.6903093 0.3688789 0.6257454 0.6872927 -0.02629965 -0.8921357 -0.4510015 0.1164135 -0.8807141 -0.4591196 -0.1141955 -0.8257547 -0.5523484 -0.4649617 -0.728209 0.5035101 -0.01103723 -0.7105545 0.7035555 -0.6535972 0.7258445 -0.214384 -0.6610035 0.711758 -0.2376449 -0.471941 0.8344958 0.2844092 -0.7949842 0.5924767 0.1302752 -0.4618506 0.8604389 0.215265 -0.1311271 0.7845503 0.6060418 -0.4251651 -0.7442955 -0.5150329 -0.2619822 -0.6719037 -0.6927559 -0.1167955 -0.7678295 -0.629918 -0.9186349 -0.1416075 -0.3688594 -0.5491572 -0.59164 -0.5902445 0.5464489 -0.7898979 -0.2783076 -0.7129584 -0.6996069 -0.04733365 0.4777206 -0.1681752 -0.8622647 -0.1380517 -0.9898539 0.03363204 -0.633869 -0.6268243 -0.4531021 -0.369567 0.7398816 0.5621347 -0.6160793 0.7110891 -0.3388192 -0.8534082 -0.5102955 -0.1062691 -0.1281597 -0.5601446 -0.8184212 0.6223917 0.01321059 0.7825946 0.7787978 -0.3092694 0.545735 0.5581417 -0.4808656 0.6761997 0.8801843 5.68337e-4 0.4746318 0.9003889 -0.1458132 -0.4099247 -0.7497653 -0.5432811 0.3777537 -0.7198676 -0.4559592 0.5233469 -0.7695568 0.6343537 0.07333421 -0.6539855 0.7027947 0.2799692 0.2787541 0.7318311 0.6218677 -0.9493576 0.02305901 0.3133505 -0.8041046 0.03659969 0.5933602 -0.2586924 -0.8784592 0.4017311 -0.1196527 -0.8294115 0.5456738 -0.5603985 -0.7704813 0.303829 0.3918405 -0.5426223 -0.7429819 0.9569872 -0.003791749 -0.2901056 0.1916864 -0.6718521 -0.7154518 -0.7882733 -0.03009212 -0.6145892 0.4356443 -0.8294141 -0.3496946 0.01222604 0.769088 -0.6390261 0.4888976 0.8693372 -0.07233273 0.328522 0.9403908 -0.08796864 0.7015457 0.7029035 -0.1173048 0.91202 0.1658456 -0.3751198 -0.1805469 0.1295939 -0.9749915 0.679221 -0.6392783 -0.3605304 0.5146569 -0.7722316 -0.3725408 0.5110481 -0.8301444 0.2229127 0.6457794 -0.7316742 0.2182244 -0.7023901 0.6612706 0.2633807 0.5385457 0.7706964 0.3405817 -0.3760462 0.8443263 -0.38171 0.9153056 0.08676475 0.3933033 -0.7030425 0.6988611 0.1316226 -0.3281646 -0.4897922 -0.80772 0.4460067 -0.7055904 -0.5506544 0.4460047 -0.7055943 -0.550651 -0.4921168 -0.8522086 -0.1776556 -0.4485597 -0.8904313 -0.07698291 -0.3224567 0.3928298 -0.8612239 -0.6260673 -0.7020988 0.3392595 -0.6302201 -0.6945844 0.3469514 -0.6256564 -0.7034999 0.3371081 0.6727375 0.3385304 0.6578917 0.2430036 0.7323246 0.636121 0.2948138 0.6849794 0.6662493 -0.6234256 -0.7044722 0.3392043 0.6380726 0.3697634 0.6753802 -0.7619926 0.5775535 -0.2929155 -0.9206207 -0.3900396 -0.01807487 -0.0124672 -0.999916 0.003566682 0.5173923 -0.6722164 0.5295569 -0.6584089 -0.6159452 -0.4325613 -0.1419969 -0.9284034 -0.3433718 0.7794979 -0.01347649 -0.62626 0.9751998 0.0451132 -0.2166797 -0.3403785 0.9400087 0.02293932 -0.06905657 0.9864872 0.1485744 0.005097091 0.9996789 0.02482289 0.2479572 0.8487094 0.4671292 0.2564734 0.8401269 0.4779208 -0.033252 0.9994181 0.00759387 0.1911268 0.9804759 0.04623377 -0.09432965 0.9933817 0.06553328 -0.1806304 0.9688546 0.1693919 -0.1230018 0.9910252 -0.05234438 0.1134721 0.9914849 -0.06388974 -0.2385076 0.9705021 0.03521442 -0.1245826 -0.9900451 0.06549894 -0.04207324 0.9990603 0.01040548 -0.3799933 -0.9181219 -0.1125048 -0.4440347 0.8484225 -0.2881193 -0.1508508 -0.674225 -0.7229556 -0.661647 0.6995177 -0.2699968 -0.6225828 0.5180016 0.5865706 -0.7047309 -0.7056039 0.07401072 -0.7046947 -0.7056414 0.07399737 0.9444673 -0.3104556 -0.1076993 -0.708164 -0.7020238 0.07527649 -0.7088752 -0.7016064 0.07241892 0.8409779 -0.1940667 0.5050687 -0.704751 -0.705587 0.07398021 -0.7099393 -0.7010519 0.0671761 -0.7140181 -0.6979451 0.05523508 0.7948416 -0.1000655 0.5985097 0.9346883 -0.2939496 0.1998785 -0.7038603 -0.7060981 0.07749921 -0.7049651 -0.7051986 0.07562518 -0.1639991 -0.6233294 0.7645685 -0.6154331 0.1937894 0.7639946 0.1782283 -0.8193476 -0.5448891 0.9017283 0.07533144 -0.4256892 -0.7937008 -0.5972991 0.1152086 -0.8718618 -0.3421834 0.350382 -0.4474325 -0.5059641 0.7374312 -0.8352308 -0.007199943 0.5498525 0.02657812 0.7027639 -0.7109266 0.5446462 -0.005681097 -0.8386467 0.2728759 0.3301095 -0.9036408 0.6190704 0.1262705 -0.7751179 -0.3689731 0.918833 -0.1400173 0.05476605 0.648662 0.7591036 0.1460896 0.04135513 -0.9884066 0.08646017 0.3917528 0.9159991 -0.2016401 -0.07044231 -0.9769234 -0.5149828 -0.2712663 0.8131467 0.5929648 0.8038448 0.04718548 0.7099967 0.6511037 0.26827 -0.8579897 -0.3250949 -0.3977023 0.2107024 0.9766679 0.04152768 0.530358 -0.7957796 -0.2923274 0.9520235 0.01490318 -0.3056623 0.958294 -0.01583439 -0.2853451 -0.5085082 -0.6837704 0.5233331 0.4547907 -0.347011 0.8202127 -0.2361544 -0.6392468 0.7318434 0.3654925 0.8849182 -0.2886779 -0.8009935 0.2243192 -0.5550591 0.6110094 -0.7879139 -0.07654637 -0.1188213 -0.4279529 -0.8959565 0.2712936 0.6380933 -0.7205809 0.04409331 -0.5696738 0.8206872 0.7123517 0.671467 0.2041746 -0.6470046 -0.7419009 -0.1759777 -0.8273247 -0.03335571 -0.560733 -0.8451943 -0.1625168 -0.5091511 -0.6521174 0.02602726 -0.7576711 -0.6362414 -0.004618346 -0.7714763 0.6301009 -0.768951 0.1081082 0.7012511 0.7008723 0.1304801 0.6787973 0.7062531 0.2010992 0.6788572 0.706383 0.2004398 0.6790169 0.7077208 0.1951088 0.6775799 0.7082372 0.1982061 0.6359019 0.7231296 -0.2696523 0.5711049 0.7724365 -0.2778147 0.6763471 0.7088692 0.2001477 0.6736524 0.7105264 0.203334 0.7507523 0.6045972 -0.2661453 0.923308 0.2910147 -0.2506245 -0.7060401 -0.6639447 0.2463428 -0.1896961 -0.9535714 0.2339166 -0.3655624 0.6884797 0.6263864 -0.4414028 0.790331 0.4249008 -0.5582326 -0.6959249 -0.4517354 -0.5507283 -0.7066331 -0.4442613 -0.5562446 -0.7000276 -0.4478318 -0.5538088 -0.70482 -0.443311 -0.5515388 -0.7059771 -0.4442987 -0.2271825 -0.9126326 -0.3398382 0.7226219 -0.4843937 0.4931334 -0.784025 0.1646979 -0.5984809 -0.6718341 0.6146308 0.4133619 0.6572016 0.7119237 0.2474891 -0.6997702 -0.5799008 -0.4171774 -0.2786664 -0.7872593 0.5500618 -0.7766737 -0.6215941 -0.1019743 -0.5062118 -0.7701389 -0.3881183 -0.7655292 -0.6349236 0.1041023 -0.1406812 -0.0583772 0.9883325 0.8964497 0.4428014 -0.01746529 -0.4329126 0.8674291 0.245262 0.3812037 0.8261913 -0.4148396 -0.2767386 -0.1300479 0.9521048 0.02091073 -0.8175309 0.575505 0.6940782 -0.4564653 -0.5566821 0.3322904 -0.8503894 -0.4079476 0.07699954 0.7653107 -0.6390389 -0.01036441 0.9839901 -0.1779218 0.09247159 0.7399364 0.6662907 -0.1838347 -0.4896656 -0.85231 0.7020643 -0.5318611 -0.4735288 0.036215 -0.8419095 0.5384022 0.1319683 0.7414854 0.6578631 -0.08710551 0.6772004 0.7306245 -0.08177226 0.2154402 0.9730873 -0.00134617 0.7216919 0.6922131 0.0385366 0.7316472 0.6805934 0.09006291 0.7462633 0.6595301 0.05595672 0.7522523 0.6564948 0.06151503 0.7381282 0.6718502 -0.01520854 0.7674311 0.6409511 -0.1374145 0.7880604 0.6000651 -0.09682214 0.5744166 0.8128168 -0.120306 0.7380811 0.6638997 -0.346687 -0.6970697 -0.6276162 -0.3386748 0.9373295 -0.0819326 0.3473112 0.7858172 -0.511729 -0.2720336 0.6350439 0.7229917 -0.61784 -0.7484443 -0.2410497 0.5748189 0.7403659 -0.3484851 -0.5626342 -0.718688 0.4085713 0.2339329 -0.07738256 0.9691684 0.3232913 -0.7873066 0.5250059 -0.3161975 -0.9486911 0.00211519 -0.7436075 -0.6450461 0.1759642 -0.1210553 -0.65955 0.7418487 0.2030506 0.792028 -0.5757276 0.6941228 0.6817573 -0.2310855 0.3769794 -0.7705615 0.5139276 -0.331425 -0.7449419 0.5789811 -0.3410961 -0.6227461 0.7041597 -0.3862845 0.8154381 -0.4310977 -0.295189 0.9530414 0.06764346 -0.6484758 0.6520265 0.3928622 -0.6550534 0.646663 -0.3908094 -0.3892796 0.7637177 -0.5149725 -0.8749522 -0.001091659 0.484208 -0.4482922 0.005635738 0.8938694 0.6420385 0.01057052 -0.7665996 0.7702138 0.006297707 -0.6377549 -0.5054844 0.8331183 0.2244982 -0.1042323 0.9472324 0.3031275 -0.3148828 0.5670387 0.7611281 -0.8643743 -0.4988724 0.06311392 0.004942119 0.03405386 0.9994078 0.3109969 0.02469342 0.9500902 0.7458543 -0.5412408 0.3882781 -0.2366483 -0.5964425 0.7669771 -0.5875526 0.8054602 -0.0775637 -0.5970845 0.7992361 -0.06864219 -0.3003169 -0.7556516 -0.5820656 6.05408e-7 -1 0 -0.2142862 -0.9529768 -0.2142819 -0.1678241 -0.9847909 -0.04496765 -0.14493 -0.9886797 0.03882962 -0.1229815 -0.9847577 0.122995 -0.07866603 -0.9526782 0.2936258 -0.0383827 -0.897289 0.4397715 0.06322044 -0.9697057 0.2359537 0.1188438 -0.9857734 0.1188578 0.1554635 -0.9869633 0.04164934 0.2010253 -0.9781043 -0.05386012 0.322473 -0.8899562 -0.3224735 0.367595 -0.8234586 -0.4321922 0.4321773 -0.3342662 0.8375494 0 -1 0 0.1401047 -0.9801718 0.1401215 0.08504939 -0.9961162 0.02278643 0.06641083 -0.9976338 -0.01779347 0.05153828 -0.99734 -0.05154335 -0.2957211 -0.8897588 0.3476757 -0.2549141 -0.93275 0.2549435 -0.1571034 -0.9866848 0.04209023 -0.1223354 -0.9919475 -0.03277635 -0.09454435 -0.9910202 -0.09455329 -0.05156773 -0.9799458 -0.1924756 -0.02928781 -0.9694181 -0.243661 -0.46257 0.5359128 -0.7062765 -0.8636972 -0.4832808 0.1430627 0.8858535 -0.1179983 -0.4487093 0.3825801 -0.6314041 0.6745083 -0.3570126 -0.7928453 -0.4939013 -0.7477736 0.6091622 -0.2641139 -0.3633108 0.8279827 0.4271419 -0.350124 0.86879 0.3501674 0.3824328 0.5517665 0.7411471 0.1526023 0.9764322 0.1526196 0.09799516 0.9948405 0.02625489 -0.2917199 0.9533055 0.07815587 -0.2547687 0.9645901 -0.06825703 0.07797253 0.9967367 -0.02089065 0.06141573 0.9962207 -0.06142193 -0.2156587 0.9523517 -0.2156797 0.03463077 0.9910079 -0.1292445 -0.1314576 0.861379 -0.4906579 -0.5930126 -0.8022738 0.06850457 -0.6666463 -0.492367 0.5596047 -0.2929517 -0.5023078 0.8135517 -0.7826889 -0.6020745 0.1578118 -0.5590721 -0.8192386 0.1276184 0.2605381 -0.9575647 -0.1232469 -0.6316414 0.7565652 -0.1692284 0.6245867 0.7728537 -0.1121996 0.2939279 -0.6394277 0.7104497 0.5130531 0.7106079 -0.4814697 0.3102903 -0.551165 0.7745561 0.2017824 -0.703545 -0.6814017 0.2018914 -0.7040029 -0.6808964 0.2030109 -0.7050673 -0.6794606 0.6746301 0.2893328 0.6790882 0.2013215 -0.7056439 -0.6793647 0.2013344 -0.7056232 -0.6793824 0.2094621 -0.7060129 -0.6765142 0.546965 -0.06045997 0.8349695 -0.9226697 0.04790288 0.3826043 0.2013821 -0.7055956 -0.679397 0.1769489 -0.3773021 0.9090282 -0.9246315 0.06389272 0.3754655 -0.3017095 -0.4674701 0.8309291 -0.7183613 -0.2952284 0.6299185 0.9219183 -0.3870861 0.01519888 0.7192929 0.2561238 -0.6457697 -0.1324658 -0.5350113 -0.8343955 -0.6845446 0.6980469 -0.21007 -0.6855098 0.6989932 -0.2036787 -0.7129786 0.6958233 -0.08655309 -0.6884446 0.6997125 -0.19091 -0.9960947 0.01008558 0.08771342 -0.3776049 -0.7795521 -0.499713 0.5354254 -0.0400384 -0.843633 0.6579637 -0.7238793 -0.2075633 0.6764755 -0.6624402 0.3217979 0.2313376 -0.9266223 0.296402 0.774505 -0.617244 -0.1383906 -0.6329618 -0.6325535 0.446358 -0.4262631 -0.8387219 0.3388884 -0.6964955 -0.5075674 0.5072174 -0.9573763 -0.2488642 -0.1466191 -0.5315013 -0.808573 -0.2524207 0.6300788 -0.7633959 0.1422238 0.2002131 -0.123975 0.971877 0.7180236 0.4552726 0.5264685 0.6005372 -0.7829073 0.1625156 -0.4534091 0.0228604 -0.8910093 0.2933554 -0.6764963 -0.6754964 0.4460031 -0.7055929 -0.5506541 0.4460229 -0.7055737 -0.5506628 0.4460033 -0.7056573 -0.5505715 0.002624332 -0.09734869 0.9952469 0.4460235 -0.7055665 -0.5506715 0.4456812 -0.7055866 -0.5509227 -0.007729887 -0.1082261 0.9940963 -0.4030891 -0.3085522 0.861577 -0.8649703 0.4552351 -0.2111576 -0.9685587 0.228594 -0.09817802 -0.9725562 -0.1013361 0.2094407 0.7097678 0.5301021 0.4639196 0.9608227 0.2522174 -0.1149182 0.06442707 -0.4347707 -0.8982337 0.2814788 0.9579631 0.05546683 0.2855035 0.9573584 -0.04419213 -0.5566664 0.1195113 0.8220947 0.4098985 0.8773833 -0.2493625 0.208815 0.9692292 -0.1303502 0.3961982 -0.8346915 -0.3825145 -0.2666953 0.7287479 0.6307139 0.3928954 -0.8548787 -0.3388446 0.3862788 -0.8636445 -0.3238933 -0.5336075 -0.4597872 0.7098301 -0.4753282 0.6944926 0.5401327 0.720134 -0.6006639 -0.3472895 0.3546704 0.6356322 0.6856973 -0.3476423 -0.03531241 0.9369621 0.2471094 0.6081731 0.7543622 -0.6235384 -0.7047879 0.3383399 -0.6210185 -0.7058663 0.3407182 -0.6215274 -0.7053756 0.3408064 -0.6250987 -0.7014909 0.3422894 -0.6226863 -0.7043882 0.3407332 -0.6239487 -0.7047579 0.3376453 0.6508755 -0.7226178 0.2327764 0.6487559 -0.7236589 0.2354436 0.6733108 -0.7120794 0.1989864 -0.0184226 -0.8383894 0.5447605 -0.5268473 -0.6748842 -0.516685 -0.4052823 -0.8038923 -0.4353202 -0.7606824 -0.6490562 0.009401023 -0.2858808 -0.9444445 -0.1621634 -0.571581 0.6343089 0.5205261 0.6331189 0.7481906 0.1984223 0.6441224 0.7175878 0.264904 -0.2522537 -0.6927845 -0.6755869 0.2871587 -0.887088 -0.3614068 -0.02700567 -0.8482823 -0.5288553 -0.1645584 -0.9156796 -0.3666763 0.06565582 0.7419549 -0.6672273 0.345302 0.8461582 -0.4059347 0.1665553 0.7935243 -0.5853021 0.1887639 0.4348136 0.8805143 -0.2014429 -0.717314 0.6669945 -0.5333025 -0.4339325 -0.7261482 -0.5200197 0.6205284 0.5869618 0.6556748 -0.6942314 0.2968728 0.02431386 0.8425295 0.5381011 0.5220998 0.7273913 0.4453245 0.2384063 0.799548 0.5512581 0.1877259 0.8839144 0.4283161 0.3526142 -0.7008993 0.6200028 -0.06133043 -0.7794665 0.6234346 -0.5575357 -0.5597029 0.6130959 0.4880306 -0.5710245 0.6601191 -0.9212926 0.3300257 -0.205677 -0.9115892 0.3669301 -0.1853848 -0.7284753 -0.1249694 -0.6735773 0.6334878 0.4182742 -0.6509531 0.5574111 0.6988112 0.448281 0.5544306 0.6984043 0.4525907 0.4418902 0.8554469 -0.2700806 0.180024 0.9807903 -0.07511317 0.4051543 0.6337144 0.6589812 0.5495517 0.6971772 0.4603662 -0.2718459 0.960883 0.05294972 0.1847331 0.9826835 0.01438075 0.4053855 0.6318284 0.6606478 0.365028 0.7950004 0.4844884 0.9971258 0.03440636 -0.06750082 0.9679399 -0.04913735 0.2463293 0.9957692 -0.001404762 -0.09187906 -0.7185667 0.6785798 -0.1522874 0.6545581 0.2138723 -0.7251292 0.129751 -0.9402163 -0.3148937 -0.001590728 -0.9997764 0.02108806 -0.05276519 -0.9985689 -0.008717715 0.3626288 -0.818394 -0.4457934 0.09658879 -0.8935865 0.4383763 -0.007336139 -0.9991173 -0.04136359 -0.03785324 -0.999282 -0.001635611 0.4643817 -0.8815943 0.08450567 0.4889346 -0.8659976 0.1048395 -0.04889267 -0.9983528 0.03001791 0.2325903 -0.9716974 -0.04130524 0.05506324 -0.993317 -0.1014373 -0.04120278 -0.9987668 -0.02769684 2.84921e-4 -0.9630263 0.2694074 -0.4182896 -0.8949694 -0.1551256 0.2348157 -0.9719035 -0.01628589 0.3986502 0.253961 -0.8812389 -0.2683642 -0.9615244 -0.05875045 -0.04152935 -0.9984726 0.03644233 0.7655954 0.6413929 0.04978924 0.5159931 0.7191723 0.4653412 0.3986628 -0.5300992 -0.7483736 -0.2863982 -0.009066402 -0.9580678 0.09914708 0.01641237 -0.9949374 -0.1288021 -0.8461132 -0.5172065 -0.1358727 -0.5246033 -0.8404345 -0.2479705 0.2863941 -0.925467 -0.2891191 -0.2599944 -0.9213106 -0.4009594 -0.8439347 0.3563789 0.5361862 -0.6235343 -0.5689546 0.04206168 -0.5908163 0.805709 -0.6157381 0.7810532 -0.1040313 -0.2488772 -0.7822837 0.5710451 -0.2584607 -0.8156273 0.5176392 0.5701873 -0.659823 -0.489408 0.5036646 -0.5902429 -0.6308211 0.3480223 -0.8607419 -0.3714889 0.7796567 -0.6070871 0.1535605 0.3736003 -0.868627 -0.3254383 0.2969884 0.4981383 0.814651 0.8797041 -0.001823723 0.4755181 -0.7231065 -0.35088 0.5949793 -0.1207588 -0.9722591 -0.2003242 0.1608604 -0.8724062 0.4615532 0.7720169 -0.5900221 0.2363558 -0.8916066 -0.281497 -0.3546788 0.6789341 -0.7056955 0.2025892 0.6794867 -0.7052696 0.2022193 0.6727534 -0.7150029 0.190194 0.6798794 -0.7048838 0.2022446 -0.1444352 0.7012857 0.6980952 -0.2229481 0.573916 0.7879814 -0.8996044 -0.2992892 -0.318022 -0.9249333 -0.3420148 0.1659045 -0.5160679 0.1812015 0.8371618 -0.7801611 -0.1647066 0.6035069 0.669584 0.3169872 0.6716966 -0.840745 0.05195844 0.5389325 -0.6805635 0.4846377 0.5495086 0.3454355 0.8460032 -0.406144 0.23009 0.9455778 -0.23009 -0.2155795 0.8825789 -0.4178278 0.03282111 0.9841584 -0.1742269 -0.2835404 0.9160844 -0.2835387 -0.3721252 0.924335 -0.08442604 -0.3858541 0.9167486 -0.1033856 -0.2585051 0.9635241 0.06925719 -0.1762747 0.9684253 0.1762946 -0.0801236 0.9508646 0.2990599 -0.09423041 0.9551075 0.2808741 0.02261137 0.9961763 0.08438992 0.04592067 0.9978889 0.04592591 0.0641663 0.9977912 0.01719123 -0.3269605 0.8377668 0.4373142 -0.322937 0.8450908 0.4260672 -0.5600212 0.6922156 0.4552075 -0.936885 0.002666592 -0.3496277 0.6728586 0.5593082 -0.4841856 0.4055684 0.8907132 -0.2052913 -0.6694869 0.3167136 -0.6719224 0.2699148 -0.6306043 0.7276567 0.08029413 -0.03519201 0.9961498 -0.2819309 -0.01286917 0.9593485 0.2205582 0.3921148 0.8930846 0.9854324 -0.159896 0.05793362 0.670771 -0.5186701 -0.5301394 0.5748268 -0.6685523 -0.4718179 0.5823887 -0.6227851 -0.5224578 -0.0915876 -0.8417956 -0.5319699 0.4748995 -0.008484125 -0.8799992 0.6509549 0.02240294 -0.7587859 -0.9856913 0.007732033 -0.1683838 0.0114547 -0.6705836 0.7417455 0.1361118 -0.9652678 -0.2230059 0.05907839 -0.8065231 -0.5882434 -0.3507043 0.08142471 0.9329398 -0.05226856 0.9158005 0.3982179 0.5969336 0.4729066 0.6480969 0.06794917 0.6942127 0.7165554 0.728932 -0.6812915 0.06708282 0.5840223 -0.7521427 -0.3052858 0.7090364 -0.4547456 0.5389563 -0.9313591 0.02171111 0.3634543 -0.4326106 -0.6314162 0.6435539 -0.2288475 -0.4553639 0.8603909 -0.2566449 -0.5740376 0.7775695 0.8780884 -0.4757116 -0.05156928 0.08160203 0.9952419 -0.05324304 0.276519 0.959245 -0.05819141 0.04460781 0.9947904 0.09166479 0.09235697 0.9946262 -0.04678547 -0.2828162 0.9497776 0.1339311 -0.1869539 0.9790495 0.08068805 -0.06415367 0.9342519 -0.3507961 0.6640958 0.2826824 -0.692147 0.288294 -0.9372838 0.1959228 0.2582978 0.9594897 0.1125252 -0.1084782 0.9940939 -0.003139197 -0.02890241 -0.9896219 -0.1407598 -0.008651494 -0.9998918 -0.01190805 -0.2150112 -0.9695121 -0.1175433 -9.31689e-4 -0.9999902 -0.00433892 -0.007727622 -0.999929 -0.009077191 -0.08642119 -0.9958911 -0.02706402 0.6955726 0.3831035 -0.6077915 -0.1053718 -0.9938382 -0.03438681 0.02486646 -0.9899122 -0.1394833 -0.003503382 -0.9999938 -3.30947e-4 0.2107234 -0.8478621 0.4865446 0.1319344 -0.9881954 -0.07786667 0.04022043 -0.996811 0.06892216 -0.4168496 0.8427017 -0.3407203 -0.1514063 0.6954585 -0.7024342 -0.02893745 0.9957299 0.0876621 0.03468096 0.9954975 -0.08821529 0.05467569 0.980416 0.1891959 -0.3659038 0.9251772 -0.1008048 -0.02298903 0.9996765 -0.01088738 0.7806252 0.01630932 0.6247866 0.2830302 -0.01325106 0.9590194 0.5709376 -0.2891559 0.7683874 0.9968365 0.02314776 -0.07603478 0.5911817 -0.3801441 -0.711333 -0.5070773 -0.5045263 -0.6988032 0.4832736 -0.552724 -0.6789278 -0.6749159 -0.7119812 -0.1938333 -0.6757615 -0.7151453 -0.1786442 -0.6806443 -0.7054414 -0.1976757 -0.6730679 -0.7123326 -0.1989018 -0.6663211 -0.7167012 -0.2058053 -0.6495476 -0.7282898 -0.2183619 -0.6732456 -0.7094776 -0.2082837 0.9637227 -0.2474543 0.1000254 0.7205808 -0.136689 0.6797644 0.911426 -0.2582791 0.3203042 -0.6816563 -0.7041627 -0.1987452 -0.6851763 -0.7005683 -0.1993425 -0.6771745 -0.7058818 -0.2077633 -0.726991 -0.6226627 -0.2894396 0.6686544 0.739013 -0.08222669 -0.3865215 -0.2186941 -0.8959767 0.3380348 -0.7056317 0.6227492 -0.7449499 -0.1986625 -0.6368539 0.3380568 -0.7055896 0.6227849 0.8165792 -0.2487537 0.5208838 0.08050334 -0.8050853 -0.5876709 0.2669146 0.863228 0.4284787 -0.06420457 0.7548918 0.6526991 -0.3068365 0.7999577 0.5156735 0.5529321 -0.7012362 0.4500377 -0.6624511 0.4704658 0.5829412 0.5896708 -0.773451 0.2325124 0.265808 -0.8961279 -0.3553887 -0.7072032 -0.692052 0.1446644 0.0989896 -0.698588 0.7086437 -0.5782605 -0.6460384 0.4982461 0.2579819 -0.7670175 -0.5874773 0.4025437 -0.8315687 -0.382691 0.785995 -0.03897702 0.617003 0.0355125 0.9636552 0.2647783 -0.2557072 0.06636339 -0.9644738 -0.2691375 0.6983151 0.6632654 -0.6485185 -0.6950538 -0.3103614 -0.1569405 -0.9784638 -0.1340836 -0.4185472 -0.6959696 0.5834763 -0.4016576 0.9061664 0.1324151 -0.7658829 0.5378761 -0.3522963 -0.446739 0.04786407 -0.8933831 0.07795011 -0.7025935 0.7073091 0.07494044 -0.7054209 0.7048159 0.06257903 0.9166498 0.3947619 0.07267957 -0.7047683 0.7057049 0.08633852 -0.7236695 0.6847249 0.07801073 -0.7159901 0.6937381 0.07481133 -0.7056956 0.7045545 0.07500982 -0.706295 0.7039325 0.5835343 0.7787034 0.2304534 0.2174034 0.8948147 0.3899263 0.07165318 -0.7119017 0.6986142 0.07319116 -0.7034446 0.7069717 0.06666284 -0.7111663 0.6998561 0.03532129 -0.7144034 0.6988421 0.07190161 -0.7053408 0.7052124 -0.5181267 -0.8448286 0.1334514 0.3445752 0.9049907 -0.2495189 0.2205629 -0.650626 -0.7266622 -0.1522359 0.7454684 0.648923 -0.7238323 0.451178 0.5220203 -0.2003988 0.7081584 0.677017 -0.2234974 0.7063466 0.6716573 -0.2049297 0.7076259 0.676217 -0.1842309 0.7505884 0.6345677 -0.2234224 0.7598711 0.610474 -0.2022242 0.7078891 0.6767559 -0.5158161 0.7897389 0.3320338 -0.5015986 0.8050742 0.31663 -0.1977801 0.7086511 0.6772714 -0.6327804 0.6371044 0.4400989 0.1915072 0.8466875 -0.4964326 0.561814 0.8233772 -0.0800957 -0.2370406 0.2811952 0.9299146 0.06736743 -0.9971601 -0.03366458 -0.2785137 0.9335058 -0.2258257 -0.0786156 0.9961502 0.03878688 -0.036318 0.7384303 -0.6733512 0.03990215 0.9618306 0.2707208 0.0428493 0.9935593 -0.1048998 -0.04405987 0.9989966 0.008043706 -0.0311957 0.9864383 0.1611405 -0.08000588 0.9956582 0.04758042 0.002478659 0.998054 0.06230777 -0.2359697 0.9453896 0.2248485 -0.8564416 0.04704898 -0.5140955 -0.6958078 0.6785371 0.2354545 -0.6930063 0.7168228 0.07685959 -0.7242155 0.616211 0.3095094 0.1622548 0.7829602 0.6005387 0.4103184 0.8575047 0.3103621 -0.1763835 -0.672427 0.7188399 -0.9025056 -0.06112271 0.4263188 -0.7884113 -0.5748614 -0.218957 0.09971421 0.7735379 0.6258563 0.4526728 -0.6362486 0.62472 0.9689887 -0.2430535 0.044564 0.2052712 -0.9783464 0.02650088 0.1868271 -0.9812554 -0.04726135 0.03238582 -0.9787811 0.2023338 0.05112498 -0.9986757 -0.005760014 0.006693184 -0.9999405 0.008612751 -0.03832477 -0.9979381 -0.0514878 0.02602601 -0.9961695 -0.0834822 -0.003367185 -0.9999941 7.77469e-4 0.03180462 -0.9989231 0.03378242 0.2236969 -0.9741193 0.03242599 -0.09181672 -0.9944528 0.0513159 0.04214161 -0.9964741 0.0725497 -0.7396289 -0.4723634 -0.4793974 -0.1955262 -0.7157037 0.6704757 -0.2013391 -0.7055859 0.6794198 -0.1890969 -0.7049893 0.6835442 -0.1974537 -0.7067416 0.6793588 -0.5559874 -0.7023546 -0.4444954 -0.5583642 -0.7036609 -0.439421 0.7625204 0.4210174 -0.4912303 0.6702277 0.4856622 -0.5611836 -0.3931323 0.9192312 -0.02146917 -0.1275085 0.9001576 -0.416483 0.07595837 -0.2976016 -0.9516636 -0.1981124 -0.7083966 0.6774406 -0.1967024 -0.7071757 0.679125 -0.1950076 -0.7228994 0.662864 -0.1942542 -0.7115666 0.6752321 -0.1989 -0.7121907 0.6732186 -0.1918788 -0.7087733 0.6788394 -0.1364096 -0.2492075 -0.9587951 -0.1803714 -0.704547 0.6863525 -0.5095255 6.61025e-4 -0.8604553 0.2325828 -0.7731446 -0.5900447 -0.2317441 -0.7756325 0.5871022 -0.2648189 0.6754798 -0.6881846 -0.903927 0.1107093 -0.4131096 0.5637323 0.8242011 -0.0538398 0.7567322 -0.3738542 0.5362738 0.8175038 -0.1459948 -0.5571114 0.3983457 0.7035927 0.588454 0.1471546 0.744081 -0.6516817 -0.70896 -0.4551107 -0.5387485 0.3651852 -0.6098908 0.70333 0.22459 -0.6395802 0.7351847 0.3301052 -0.5473932 0.7690197 0.07451897 -0.6614263 0.746299 0.1018834 -0.4072999 0.9075939 0.639223 -0.2139887 0.7386494 -0.0804755 -0.6204831 0.7800799 0.4457308 -0.6553204 0.6098192 0.8803275 -0.04094356 -0.4725961 0.5456566 0.04234147 -0.8369386 0.6667983 -0.697556 0.2622896 0.2987936 -0.8364673 0.4593964 -0.1488062 0.5543559 -0.8188689 -0.09212529 0.9929039 0.0751993 0.2280488 0.9650895 -0.1288259 0.03906011 0.9641199 -0.2625778 -0.5783139 -0.1257141 0.8060701 0.09782546 0.9947454 -0.03019642 -0.3287194 -0.9380183 0.1098417 -0.05087471 0.9986984 -0.003687441 -0.5149059 -0.779887 0.3558769 -0.6528412 0.7079 -0.2695851 -0.2163261 -0.6259827 -0.7492321 0.5557077 -0.7217264 -0.4126743 -0.1623376 -0.7953442 -0.5840157 -0.9004821 0.1544114 0.406558 0.3996865 0.7560473 0.5183082 0.754576 0.4394162 0.4873691 -0.4569347 -0.6992226 0.5498168 -0.848613 -0.4526875 0.2737335 0.9698326 0.1073511 0.218862 -0.4836046 -0.697 0.5294504 -0.454794 -0.7081558 0.5400721 0.9727552 -0.1276292 -0.1935411 0.7734131 -0.1973358 -0.6024041 0.6810529 -0.1694267 -0.7123634 -0.4408049 -0.7205443 0.5352635 -0.4509899 -0.7001862 0.5534867 0.4581589 0.703293 0.5435711 -0.717218 0.5027268 -0.48256 0.5455906 -0.8174046 0.1848808 0.607243 0.3413556 -0.7174486 -0.9613218 0.2489828 0.117762 0.9521963 -0.0432046 -0.3024165 -0.912554 0.1245089 0.3895418 0.553799 -0.7024791 0.4470232 0.555949 -0.7023801 0.4445032 -0.9904863 -0.1372908 0.00939548 -0.8743647 -0.2326536 -0.4258624 0.6377875 -0.6737546 0.373205 0.5968196 -0.6924787 0.4053144 -0.8268432 -0.2161991 -0.5192191 0.5412765 -0.7226626 0.4298589 0.5589039 -0.7087253 0.4305054 -0.9249758 0.2319132 -0.3010584</float_array>
          <technique_common>
            <accessor source="#Test_011-mesh-normals-array" count="6090" stride="3">
              <param name="X" type="float"/>
              <param name="Y" type="float"/>
              <param name="Z" type="float"/>
            </accessor>
          </technique_common>
        </source>
        <vertices id="Test_011-mesh-vertices">
          <input semantic="POSITION" source="#Test_011-mesh-positions"/>
        </vertices>
        <triangles material="wheel_dark-material" count="4048">
          <input semantic="VERTEX" source="#Test_011-mesh-vertices" offset="0"/>
          <input semantic="NORMAL" source="#Test_011-mesh-normals" offset="1"/>
          <p>1058 0 1040 0 1039 0 1411 1 1413 1 1412 1 1161 2 1148 2 1146 2 928 3 973 3 972 3 1696 4 1695 4 1649 4 1018 5 1013 5 1017 5 992 6 995 6 996 6 1826 7 1811 7 1823 7 2181 8 2209 8 2188 8 1116 9 1111 9 1118 9 1158 10 1157 10 1159 10 1327 11 1325 11 1321 11 698 12 692 12 693 12 1529 13 1536 13 1530 13 727 14 748 14 750 14 711 15 709 15 708 15 813 16 812 16 809 16 811 17 813 17 810 17 628 18 647 18 641 18 1338 19 1398 19 1392 19 1955 20 1947 20 1951 20 1659 21 1651 21 1653 21 786 22 787 22 783 22 1490 23 1474 23 1484 23 2252 24 2230 24 2249 24 790 25 784 25 788 25 1894 26 1854 26 1892 26 2170 27 2164 27 2165 27 1769 28 1764 28 1756 28 2064 29 2056 29 2062 29 1750 30 1751 30 1745 30 1146 31 1163 31 1161 31 1914 32 1916 32 1917 32 920 33 919 33 918 33 1432 34 1431 34 1436 34 2014 35 1992 35 2004 35 914 36 927 36 937 36 2178 37 2175 37 2176 37 1263 38 1255 38 1269 38 1949 39 1946 39 1947 39 938 40 981 40 933 40 1355 41 1345 41 1357 41 1070 42 1082 42 1060 42 1858 43 1853 43 1859 43 1902 44 1892 44 1915 44 961 45 925 45 954 45 936 46 981 46 969 46 2161 47 2184 47 2162 47 704 48 734 48 705 48 1329 49 1341 49 1351 49 2188 50 2210 50 2181 50 1654 51 1656 51 1674 51 2175 52 2221 52 2220 52 1166 53 1131 53 1169 53 1645 54 1642 54 1646 54 944 55 943 55 939 55 1689 56 1705 56 1709 56 706 57 708 57 709 57 1015 58 1017 58 1020 58 1743 59 1744 59 1742 59 2093 60 2071 60 2084 60 2007 61 2004 61 2005 61 2171 62 2227 62 2221 62 1126 63 1123 63 1124 63 1166 64 1192 64 1176 64 1635 65 1633 65 1634 65 1106 66 1081 66 1108 66 2210 67 2208 67 2205 67 1392 68 1390 68 1342 68 1752 69 1747 69 1750 69 1399 70 1346 70 1350 70 2196 71 2193 71 2195 71 1760 72 1743 72 1767 72 1542 73 1575 73 1541 73 1357 74 1349 74 1356 74 2123 75 2127 75 2126 75 1447 76 1451 76 1450 76 1327 77 1323 77 1319 77 838 78 846 78 849 78 597 79 602 79 601 79 1949 80 1947 80 1953 80 2182 81 2200 81 2209 81 1019 82 1014 82 1021 82 757 83 747 83 772 83 1748 84 1742 84 1747 84 1124 85 1165 85 1152 85 1689 86 1687 86 1688 86 2169 87 2170 87 2168 87 1645 88 1643 88 1642 88 1763 89 1790 89 1768 89 1152 90 1165 90 1154 90 771 91 769 91 747 91 1951 92 1948 92 1949 92 1341 93 1342 93 1340 93 1539 94 1541 94 1540 94 1487 95 1483 95 1447 95 1351 96 1341 96 1358 96 1350 97 1400 97 1387 97 962 98 942 98 934 98 2104 99 2066 99 2102 99 2153 100 2157 100 2159 100 1657 101 1649 101 1651 101 760 102 757 102 733 102 953 103 983 103 975 103 1892 104 1914 104 1915 104 2229 105 2183 105 2222 105 2154 106 2153 106 2155 106 1932 107 1931 107 1912 107 984 108 966 108 945 108 940 109 962 109 935 109 1956 110 2008 110 2007 110 923 111 922 111 918 111 1084 112 1085 112 1083 112 1324 113 1326 113 1325 113 2200 114 2176 114 2193 114 2112 115 2088 115 2115 115 828 116 838 116 848 116 812 117 810 117 808 117 1121 118 1123 118 1122 118 1379 119 1349 119 1369 119 710 120 711 120 708 120 1539 121 1546 121 1544 121 2019 122 2014 122 2018 122 2183 123 2173 123 2179 123 1188 124 1187 124 1186 124 1944 125 1943 125 1945 125 800 126 803 126 799 126 1533 127 1529 127 1530 127 1392 128 1396 128 1395 128 1916 129 1912 129 1915 129 1123 130 1150 130 1157 130 1193 131 1190 131 1188 131 1688 132 1687 132 1686 132 855 133 815 133 853 133 2205 134 2182 134 2210 134 1358 135 1344 135 1354 135 2089 136 2097 136 2082 136 1446 137 1496 137 1497 137 702 138 703 138 708 138 1743 139 1769 139 1755 139 907 140 909 140 905 140 598 141 596 141 602 141 702 142 701 142 710 142 708 143 703 143 710 143 943 144 935 144 931 144 600 145 601 145 599 145 599 146 598 146 600 146 2163 147 2164 147 2167 147 601 148 600 148 596 148 601 149 596 149 597 149 916 150 913 150 914 150 1010 151 1006 151 1011 151 1325 152 1319 152 1324 152 800 153 805 153 804 153 1342 154 1389 154 1383 154 604 155 596 155 600 155 598 156 599 156 597 156 604 157 599 157 601 157 607 158 608 158 609 158 607 159 609 159 610 159 1403 160 1362 160 1364 160 608 161 607 161 617 161 1473 162 1449 162 1460 162 1466 163 1448 163 1454 163 1470 164 1451 164 1457 164 636 165 608 165 618 165 637 166 615 166 608 166 628 167 607 167 615 167 1567 168 1557 168 1551 168 1474 169 1449 169 1458 169 630 170 607 170 616 170 739 171 723 171 722 171 1467 172 1456 172 1448 172 1678 173 1662 173 1652 173 1464 174 1448 174 1455 174 1565 175 1558 175 1551 175 633 176 619 176 608 176 1576 177 1551 177 1563 177 635 178 618 178 608 178 735 179 716 179 719 179 729 180 715 180 721 180 1670 181 1660 181 1651 181 638 182 624 182 623 182 1433 183 1436 183 1434 183 640 184 635 184 634 184 637 185 638 185 629 185 629 186 638 186 623 186 629 187 623 187 631 187 631 188 623 188 639 188 1582 189 1581 189 1579 189 640 190 620 190 635 190 635 191 620 191 626 191 635 192 626 192 637 192 637 193 626 193 638 193 606 194 641 194 642 194 642 195 641 195 643 195 642 196 643 196 644 196 642 197 644 197 645 197 645 198 644 198 606 198 606 199 644 199 641 199 642 200 645 200 618 200 1468 201 1500 201 1496 201 614 202 651 202 660 202 1489 203 1480 203 1462 203 624 204 655 204 658 204 1600 205 1557 205 1568 205 656 206 613 206 621 206 654 207 610 207 627 207 619 208 648 208 642 208 858 209 843 209 827 209 651 210 605 210 652 210 651 211 652 211 653 211 653 212 652 212 654 212 654 213 652 213 655 213 654 214 655 214 651 214 651 215 655 215 605 215 643 216 641 216 630 216 652 217 605 217 660 217 627 218 652 218 656 218 1472 219 1494 219 1498 219 1556 220 1594 220 1603 220 1590 221 1576 221 1563 221 1463 222 1491 222 1485 222 1574 223 1584 223 1591 223 625 224 659 224 654 224 731 225 766 225 757 225 868 226 821 226 839 226 1564 227 1592 227 1586 227 661 228 641 228 662 228 662 229 641 229 663 229 662 230 663 230 664 230 664 231 663 231 665 231 664 232 665 232 661 232 661 233 665 233 641 233 684 234 690 234 661 234 821 235 819 235 820 235 668 236 662 236 666 236 666 237 662 237 664 237 666 238 664 238 667 238 667 239 664 239 651 239 667 240 651 240 641 240 1768 241 1760 241 1771 241 677 242 681 242 676 242 678 243 676 243 682 243 682 244 676 244 680 244 681 245 665 245 683 245 681 246 683 246 676 246 676 247 683 247 679 247 679 248 665 248 681 248 665 249 679 249 682 249 686 250 689 250 685 250 684 251 689 251 687 251 686 252 661 252 689 252 689 253 661 253 690 253 689 254 690 254 687 254 687 255 690 255 691 255 687 256 691 256 686 256 686 257 691 257 661 257 1524 258 1526 258 1521 258 630 259 629 259 631 259 1803 260 1765 260 1809 260 2055 261 2047 261 2049 261 695 262 693 262 692 262 694 263 695 263 692 263 694 264 697 264 693 264 693 265 695 265 699 265 700 266 695 266 694 266 1627 267 1629 267 1630 267 1573 268 1599 268 1596 268 700 269 697 269 696 269 700 270 696 270 695 270 699 271 697 271 700 271 706 272 707 272 708 272 1450 273 1448 273 1449 273 2186 274 2213 274 2180 274 703 275 706 275 709 275 711 276 701 276 707 276 651 277 668 277 641 277 702 278 708 278 701 278 1337 279 1334 279 1335 279 707 280 702 280 709 280 1336 281 1335 281 1330 281 2068 282 2065 282 2066 282 2174 283 2171 283 2172 283 746 284 726 284 716 284 1873 285 1862 285 1855 285 1768 286 1756 286 1763 286 741 287 716 287 727 287 1684 288 1666 288 1652 288 1574 289 1561 289 1562 289 1672 290 1653 290 1658 290 624 291 609 291 614 291 1261 292 1238 292 1246 292 740 293 715 293 723 293 1879 294 1856 294 1866 294 838 295 821 295 820 295 1683 296 1661 296 1653 296 843 297 818 297 827 297 847 298 828 298 831 298 1158 299 1133 299 1144 299 1675 300 1656 300 1655 300 1950 301 1976 301 1983 301 739 302 732 302 730 302 739 303 730 303 746 303 746 304 730 304 728 304 746 305 728 305 743 305 743 306 728 306 736 306 743 307 736 307 745 307 745 308 736 308 734 308 713 309 747 309 748 309 748 310 747 310 749 310 748 311 749 311 750 311 750 312 749 312 751 312 1675 313 1698 313 1700 313 2083 314 2121 314 2114 314 725 315 751 315 753 315 1074 316 1032 316 1047 316 1690 317 1679 317 1662 317 1665 318 1694 318 1687 318 1676 319 1685 319 1693 319 836 320 871 320 863 320 757 321 712 321 758 321 757 322 758 322 759 322 759 323 758 323 760 323 760 324 758 324 761 324 1668 325 1688 325 1690 325 2079 326 2109 326 2106 326 1862 327 1910 327 1903 327 1658 328 1702 328 1696 328 763 329 719 329 735 329 1687 330 1681 330 1667 330 1691 331 1680 331 1668 331 1700 332 1659 332 1669 332 1977 333 2013 333 2008 333 1697 334 1660 334 1671 334 767 335 747 335 768 335 767 336 768 336 769 336 767 337 769 337 770 337 771 338 747 338 767 338 747 339 757 339 768 339 768 340 757 340 773 340 774 341 770 341 772 341 774 342 772 342 747 342 1531 343 1534 343 1529 343 940 344 927 344 935 344 1468 345 1496 345 1493 345 785 346 787 346 786 346 785 347 769 347 787 347 787 348 769 348 789 348 787 349 789 349 783 349 783 350 789 350 790 350 783 351 790 351 785 351 785 352 790 352 769 352 796 353 767 353 791 353 791 354 767 354 797 354 791 355 797 355 793 355 793 356 797 356 798 356 793 357 798 357 796 357 796 358 798 358 767 358 806 359 799 359 802 359 802 360 799 360 803 360 800 361 804 361 806 361 799 362 805 362 800 362 802 363 800 363 806 363 805 364 801 364 804 364 804 365 801 365 802 365 804 366 802 366 803 366 804 367 803 367 806 367 807 368 809 368 810 368 810 369 809 369 811 369 984 370 975 370 970 370 1063 371 1061 371 1062 371 704 372 732 372 739 372 1025 373 1022 373 1023 373 816 374 817 374 818 374 816 375 818 375 819 375 819 376 818 376 820 376 925 377 930 377 931 377 829 378 854 378 860 378 833 379 819 379 850 379 828 380 815 380 818 380 822 381 814 381 816 381 835 382 823 382 822 382 627 383 607 383 610 383 1877 384 1860 384 1859 384 842 385 817 385 830 385 1983 386 1971 386 1959 386 1889 387 1864 387 1857 387 732 388 718 388 714 388 1974 389 1963 389 1958 389 1887 390 1858 390 1867 390 1977 391 1961 391 1964 391 1874 392 1859 392 1862 392 1254 393 1237 393 1243 393 2084 394 2073 394 2067 394 1981 395 1958 395 1962 395 2083 396 2067 396 2070 396 1975 397 1958 397 1963 397 1991 398 1969 398 1960 398 1973 399 1958 399 1965 399 1841 400 1844 400 1843 400 841 401 848 401 835 401 841 402 835 402 851 402 851 403 835 403 852 403 852 404 835 404 850 404 852 405 850 405 844 405 844 406 850 406 849 406 844 407 849 407 846 407 854 408 855 408 856 408 856 409 855 409 857 409 856 410 857 410 853 410 856 411 853 411 815 411 843 412 857 412 855 412 827 413 862 413 854 413 1994 414 1986 414 1970 414 1563 415 1591 415 1584 415 834 416 865 416 869 416 1968 417 2002 417 1998 417 823 418 869 418 865 418 833 419 866 419 870 419 1879 420 1893 420 1901 420 829 421 861 421 856 421 1969 422 2003 422 1994 422 863 423 814 423 864 423 864 424 814 424 865 424 864 425 865 425 866 425 864 426 866 426 867 426 867 427 866 427 863 427 863 428 866 428 814 428 814 429 823 429 865 429 1909 430 1861 430 1876 430 867 431 826 431 833 431 621 432 652 432 657 432 1996 433 1987 433 1969 433 1868 434 1901 434 1893 434 1076 435 1031 435 1040 435 1999 436 1984 436 1971 436 1572 437 1597 437 1601 437 2086 438 2116 438 2117 438 1897 439 1881 439 1868 439 877 440 853 440 873 440 873 441 853 441 874 441 873 442 874 442 875 442 873 443 875 443 876 443 876 444 875 444 877 444 877 445 875 445 853 445 874 446 879 446 878 446 874 447 878 447 880 447 880 448 878 448 876 448 881 449 876 449 863 449 881 450 863 450 853 450 1879 451 1888 451 1891 451 890 452 893 452 889 452 875 453 893 453 892 453 894 454 875 454 895 454 895 455 875 455 889 455 895 456 889 456 896 456 896 457 889 457 893 457 896 458 893 458 894 458 894 459 893 459 875 459 890 460 895 460 896 460 895 461 890 461 891 461 897 462 901 462 899 462 902 463 877 463 897 463 902 464 897 464 903 464 903 465 897 465 904 465 904 466 897 466 900 466 904 467 900 467 902 467 902 468 900 468 877 468 1147 469 1146 469 1148 469 906 470 905 470 910 470 1941 471 1942 471 1944 471 905 472 906 472 911 472 907 473 908 473 906 473 905 474 911 474 908 474 907 475 912 475 909 475 911 476 910 476 908 476 908 477 910 477 909 477 908 478 909 478 906 478 906 479 909 479 912 479 915 480 916 480 917 480 917 481 916 481 918 481 1746 482 1749 482 1744 482 2166 483 2164 483 2163 483 919 484 913 484 915 484 1565 485 1583 485 1567 485 921 486 917 486 923 486 1636 487 1639 487 1637 487 2021 488 1992 488 2014 488 1913 489 1915 489 1914 489 1957 490 1958 490 1956 490 2174 491 2175 491 2173 491 928 492 929 492 930 492 930 493 929 493 931 493 1652 494 1649 494 1650 494 1977 495 2008 495 2004 495 1770 496 1760 496 1764 496 1353 497 1344 497 1347 497 1350 498 1340 498 1346 498 2189 499 2178 499 2182 499 937 500 932 500 936 500 1960 501 1956 501 1961 501 2047 502 2052 502 2049 502 941 503 944 503 937 503 941 504 937 504 927 504 2177 505 2161 505 2162 505 931 506 939 506 943 506 925 507 945 507 946 507 949 508 950 508 951 508 949 509 951 509 952 509 2171 510 2212 510 2211 510 929 511 953 511 954 511 954 512 953 512 955 512 954 513 955 513 956 513 954 514 956 514 957 514 954 515 957 515 958 515 2213 516 2216 516 2215 516 954 517 959 517 960 517 954 518 960 518 961 518 952 519 929 519 949 519 1763 520 1788 520 1789 520 2179 521 2228 521 2183 521 1338 522 1382 522 1381 522 967 523 965 523 968 523 968 524 965 524 969 524 970 525 965 525 971 525 2194 526 2172 526 2192 526 924 527 965 527 964 527 973 528 974 528 975 528 965 529 967 529 966 529 976 530 974 530 977 530 977 531 974 531 978 531 928 532 971 532 965 532 965 533 924 533 981 533 981 534 966 534 969 534 1764 535 1791 535 1773 535 982 536 980 536 979 536 983 537 945 537 966 537 983 538 960 538 945 538 2118 539 2112 539 2114 539 2129 540 2112 540 2122 540 945 541 964 541 947 541 947 542 964 542 966 542 947 543 966 543 948 543 948 544 966 544 968 544 948 545 968 545 951 545 951 546 968 546 970 546 951 547 970 547 953 547 953 548 970 548 972 548 953 549 972 549 956 549 956 550 972 550 975 550 956 551 975 551 958 551 958 552 975 552 977 552 958 553 977 553 960 553 960 554 977 554 979 554 960 555 979 555 945 555 945 556 979 556 964 556 1674 557 1682 557 1654 557 2158 558 2159 558 2160 558 991 559 989 559 993 559 996 560 953 560 993 560 996 561 993 561 994 561 994 562 993 562 989 562 994 563 989 563 995 563 995 564 989 564 953 564 995 565 953 565 996 565 999 566 997 566 1000 566 1000 567 998 567 1002 567 1000 568 1002 568 1001 568 1003 569 983 569 997 569 1003 570 997 570 1004 570 1004 571 997 571 999 571 999 572 983 572 1003 572 1009 573 1006 573 1008 573 1009 574 1005 574 1006 574 1005 575 1009 575 1010 575 1005 576 1010 576 1007 576 1010 577 1011 577 1008 577 1008 578 1011 578 1012 578 1008 579 1012 579 1009 579 1009 580 1012 580 1010 580 1010 581 1012 581 1006 581 1013 582 1018 582 1014 582 1013 583 1014 583 1015 583 1015 584 1014 584 1016 584 1234 585 1230 585 1229 585 1148 586 1159 586 1150 586 1951 587 1990 587 1978 587 1017 588 1013 588 1020 588 1334 589 1330 589 1335 589 1954 590 1953 590 1947 590 1549 591 1553 591 1552 591 1024 592 1025 592 1026 592 1024 593 1026 593 1027 593 606 594 607 594 605 594 1833 595 1834 595 1835 595 1032 596 1024 596 1027 596 1023 597 1034 597 1025 597 1040 598 1024 598 1031 598 1156 599 1133 599 1142 599 1580 600 1552 600 1564 600 1057 601 1034 601 1026 601 1154 602 1138 602 1135 602 1055 603 1036 603 1026 603 1146 604 1140 604 1132 604 1255 605 1242 605 1237 605 1056 606 1026 606 1036 606 1052 607 1026 607 1038 607 626 608 610 608 609 608 1482 609 1458 609 1449 609 1152 610 1139 610 1135 610 848 611 824 611 820 611 1147 612 1132 612 1140 612 1480 613 1459 613 1462 613 1252 614 1239 614 1244 614 639 615 612 615 607 615 1151 616 1135 616 1137 616 1054 617 1026 617 1037 617 1057 618 1044 618 1049 618 1049 619 1044 619 1029 619 1049 620 1029 620 1051 620 1051 621 1029 621 1041 621 1051 622 1041 622 1053 622 1053 623 1041 623 1058 623 1053 624 1058 624 1039 624 1053 625 1039 625 1055 625 1055 626 1039 626 1046 626 1055 627 1046 627 1059 627 1059 628 1046 628 1044 628 1059 629 1044 629 1057 629 1061 630 1063 630 1060 630 1061 631 1060 631 1064 631 1064 632 1060 632 1023 632 1050 633 1063 633 1062 633 1035 634 1062 634 1066 634 1172 635 1162 635 1145 635 1042 636 1071 636 1078 636 1156 637 1167 637 1174 637 1030 638 1078 638 1071 638 1144 639 1174 639 1167 639 1598 640 1555 640 1572 640 737 641 765 641 759 641 1043 642 1075 642 1079 642 1070 643 1022 643 1071 643 1070 644 1071 644 1072 644 1072 645 1071 645 1073 645 1074 646 1075 646 1070 646 1070 647 1075 647 1022 647 1072 648 1076 648 1040 648 1074 649 1070 649 1079 649 1106 650 1107 650 1104 650 1286 651 1243 651 1254 651 1040 652 1073 652 1077 652 1079 653 1033 653 1045 653 1242 654 1287 654 1283 654 1586 655 1578 655 1560 655 1180 656 1139 656 1153 656 1285 657 1244 657 1252 657 1145 658 1175 658 1169 658 645 659 636 659 618 659 1169 660 1160 660 1143 660 1081 661 1060 661 1082 661 1081 662 1082 662 1083 662 1083 663 1082 663 1084 663 1085 664 1060 664 1081 664 1070 665 1085 665 1081 665 1082 666 1087 666 1088 666 1088 667 1087 667 1083 667 1088 668 1083 668 1086 668 1088 669 1086 669 1060 669 1060 670 1086 670 1070 670 1098 671 1095 671 1101 671 1103 672 1084 672 1097 672 1102 673 1097 673 1099 673 1102 674 1099 674 1103 674 1103 675 1099 675 1084 675 1100 676 1102 676 1103 676 1102 677 1101 677 1097 677 1104 678 1108 678 1109 678 1110 679 1105 679 1109 679 1110 680 1109 680 1106 680 1107 681 1081 681 1104 681 1104 682 1081 682 1110 682 1104 683 1110 683 1108 683 1108 684 1081 684 1107 684 1112 685 1115 685 1113 685 1119 686 1111 686 1113 686 1116 687 1113 687 1111 687 1117 688 1112 688 1113 688 1114 689 1112 689 1111 689 1111 690 1112 690 1118 690 1113 691 1115 691 1119 691 1112 692 1114 692 1115 692 1111 693 1119 693 1114 693 1178 694 1177 694 1184 694 1115 695 1118 695 1117 695 1115 696 1117 696 1119 696 1119 697 1116 697 1114 697 1114 698 1116 698 1118 698 1114 699 1118 699 1115 699 1120 700 1121 700 1122 700 1542 701 1543 701 1541 701 1125 702 1126 702 1120 702 1120 703 1126 703 1121 703 1519 704 1504 704 1503 704 1789 705 1770 705 1764 705 1598 706 1588 706 1609 706 1240 707 1235 707 1239 707 1750 708 1746 708 1752 708 937 709 933 709 926 709 1127 710 1126 710 1128 710 1129 711 1122 711 1128 711 1838 712 1841 712 1836 712 1121 713 1126 713 1129 713 1134 714 1135 714 1132 714 931 715 934 715 942 715 1573 716 1551 716 1554 716 1149 717 1132 717 1136 717 1157 718 1144 718 1133 718 1260 719 1239 719 1241 719 1164 720 1134 720 1141 720 1161 721 1145 721 1134 721 1258 722 1239 722 1245 722 1472 723 1453 723 1452 723 1264 724 1240 724 1247 724 629 725 616 725 607 725 1257 726 1245 726 1239 726 1163 727 1141 727 1134 727 623 728 614 728 607 728 638 729 611 729 609 729 744 730 716 730 725 730 1259 731 1241 731 1239 731 1263 732 1247 732 1240 732 1253 733 1243 733 1239 733 1165 734 1142 734 1134 734 1143 735 1167 735 1169 735 2087 736 2101 736 2089 736 916 737 914 737 920 737 1479 738 1453 738 1471 738 1131 739 1166 739 1167 739 1167 740 1166 740 1168 740 1167 741 1168 741 1169 741 1169 742 1168 742 1170 742 1178 743 1180 743 1179 743 1174 744 1168 744 1166 744 1175 745 1168 745 1160 745 1549 746 1562 746 1561 746 1171 747 1158 747 1144 747 1181 748 1138 748 1155 748 1179 749 1140 749 1147 749 1176 750 1136 750 1149 750 1173 751 1164 751 1141 751 1464 752 1502 752 1495 752 1258 753 1284 753 1288 753 642 754 632 754 617 754 1137 755 1182 755 1177 755 1176 756 1130 756 1177 756 1176 757 1177 757 1178 757 1176 758 1178 758 1179 758 1278 759 1266 759 1248 759 1250 760 1275 760 1278 760 1272 761 1262 761 1249 761 1462 762 1492 762 1485 762 1151 763 1183 763 1180 763 1461 764 1484 764 1488 764 1669 765 1703 765 1697 765 616 766 641 766 647 766 1981 767 2007 767 2010 767 615 768 649 768 645 768 1192 769 1186 769 1187 769 1187 770 1188 770 1190 770 1187 771 1190 771 1189 771 1189 772 1190 772 1192 772 1192 773 1190 773 1186 773 1202 774 1190 774 1204 774 1186 775 1176 775 1191 775 1186 776 1191 776 1188 776 1188 777 1191 777 1189 777 1188 778 1189 778 1193 778 1193 779 1189 779 1166 779 1166 780 1189 780 1192 780 1204 781 1207 781 1203 781 1209 782 1190 782 1207 782 1207 783 1190 783 1202 783 1207 784 1202 784 1208 784 1208 785 1202 785 1206 785 1208 786 1206 786 1209 786 1209 787 1206 787 1190 787 1214 788 1210 788 1215 788 1217 789 1192 789 1213 789 1213 790 1212 790 1216 790 2018 791 2043 791 2038 791 1215 792 1217 792 1213 792 1220 793 1221 793 1222 793 1222 794 1218 794 1220 794 1218 795 1222 795 1219 795 1219 796 1220 796 1223 796 1223 797 1220 797 1224 797 1220 798 1218 798 1225 798 1749 799 1747 799 1752 799 1219 800 1226 800 1220 800 1220 801 1226 801 1221 801 1219 802 1222 802 1226 802 1226 803 1225 803 1223 803 1226 804 1223 804 1221 804 1221 805 1223 805 1224 805 1221 806 1224 806 1222 806 1222 807 1224 807 1225 807 1232 808 1227 808 1228 808 1228 809 1229 809 1230 809 1228 810 1230 810 1231 810 1231 811 1230 811 1232 811 1232 812 1230 812 1227 812 1134 813 1130 813 1135 813 2160 814 2152 814 2156 814 2154 815 2156 815 2153 815 1231 816 1232 816 1234 816 2185 817 2180 817 2173 817 1343 818 1344 818 1342 818 1237 819 1238 819 1239 819 1239 820 1238 820 1240 820 1303 821 1302 821 1306 821 1236 822 1246 822 1238 822 1270 823 1250 823 1240 823 625 824 609 824 611 824 1053 825 1037 825 1026 825 1465 826 1454 826 1448 826 1673 827 1653 827 1661 827 1262 828 1240 828 1249 828 1478 829 1450 829 1463 829 1572 830 1553 830 1555 830 632 831 608 831 617 831 1677 832 1652 832 1666 832 1469 833 1457 833 1451 833 631 834 617 834 607 834 1266 835 1240 835 1248 835 1267 836 1240 836 1250 836 734 837 719 837 716 837 1268 838 1246 838 1240 838 1571 839 1555 839 1553 839 743 840 725 840 716 840 634 841 608 841 619 841 1317 842 1318 842 1315 842 1256 843 1255 843 1257 843 1263 844 1269 844 1253 844 1263 845 1253 845 1265 845 1265 846 1253 846 1251 846 1265 847 1251 847 1270 847 1270 848 1251 848 1259 848 1670 849 1678 849 1657 849 1268 850 1257 850 1238 850 1238 851 1257 851 1255 851 1272 852 1273 852 1274 852 1274 853 1273 853 1275 853 747 854 750 854 751 854 1274 855 1275 855 1271 855 1274 856 1271 856 1236 856 1236 857 1276 857 1274 857 1266 858 1275 858 1273 858 1274 859 1264 859 1247 859 754 860 744 860 725 860 1276 861 1267 861 1250 861 1473 862 1483 862 1490 862 1155 863 1185 863 1179 863 617 864 650 864 642 864 1570 865 1602 865 1598 865 1254 866 1283 866 1287 866 1281 867 1235 867 1282 867 1282 868 1235 868 1283 868 1282 869 1283 869 1284 869 1285 870 1284 870 1281 870 1945 871 1939 871 1940 871 1281 872 1284 872 1235 872 1281 873 1282 873 1256 873 1260 874 1289 874 1285 874 1288 875 1241 875 1260 875 1256 876 1290 876 1281 876 622 877 660 877 651 877 646 878 634 878 619 878 1485 879 1476 879 1461 879 1499 880 1452 880 1472 880 1460 881 1487 881 1489 881 1488 882 1474 882 1458 882 657 883 612 883 622 883 1295 884 1291 884 1292 884 1292 885 1291 885 1293 885 1292 886 1293 886 1294 886 1294 887 1293 887 1295 887 1295 888 1293 888 1296 888 1295 889 1296 889 1291 889 1295 890 1281 890 1294 890 1293 891 1297 891 1296 891 1242 892 1235 892 1284 892 1296 893 1294 893 1291 893 1291 894 1294 894 1281 894 1291 895 1281 895 1271 895 1271 896 1281 896 1292 896 1016 897 1017 897 1015 897 1314 898 1313 898 1295 898 1304 899 1308 899 1306 899 1306 900 1293 900 1304 900 1304 901 1293 901 1309 901 1304 902 1309 902 1302 902 1302 903 1309 903 1310 903 1302 904 1310 904 1306 904 1306 905 1310 905 1293 905 1308 906 1293 906 1307 906 1315 907 1311 907 1312 907 1316 908 1295 908 1317 908 1317 909 1295 909 1313 909 1317 910 1313 910 1318 910 1318 911 1313 911 1312 911 1318 912 1312 912 1316 912 1316 913 1312 913 1295 913 1353 914 1400 914 1347 914 1320 915 1323 915 1322 915 1324 916 1321 916 1322 916 1325 917 1322 917 1321 917 1421 918 1423 918 1402 918 1322 919 1326 919 1320 919 1321 920 1324 920 1319 920 1320 921 1319 921 1323 921 1324 922 1322 922 1323 922 1848 923 1850 923 1852 923 1232 924 1233 924 1234 924 1330 925 1331 925 1332 925 1330 926 1332 926 1333 926 1333 927 1332 927 1335 927 1845 928 1852 928 1851 928 934 929 963 929 949 929 705 930 703 930 702 930 1130 931 1180 931 1178 931 1336 932 1331 932 1335 932 2178 933 2171 933 2177 933 1131 934 1132 934 1130 934 1236 935 1237 935 1235 935 615 936 606 936 642 936 1340 937 1351 937 1352 937 621 938 607 938 613 938 1755 939 1761 939 1765 939 1358 940 1352 940 1351 940 1358 941 1354 941 1352 941 2203 942 2176 942 2201 942 1360 943 1361 943 1362 943 1360 944 1362 944 1363 944 1360 945 1363 945 1364 945 1360 946 1364 946 1365 946 1360 947 1365 947 1366 947 1360 948 1366 948 1367 948 1780 949 1758 949 1773 949 1369 950 1370 950 1371 950 1369 951 1371 951 1372 951 1369 952 1372 952 1373 952 1369 953 1373 953 1374 953 1369 954 1374 954 1375 954 1369 955 1375 955 1376 955 1363 956 1365 956 1364 956 1373 957 1372 957 1379 957 1349 958 1380 958 1377 958 1363 959 1377 959 1380 959 980 960 932 960 936 960 1379 961 1369 961 1378 961 1382 962 1383 962 1384 962 1385 963 1383 963 1386 963 1387 964 1383 964 1388 964 1388 965 1383 965 1389 965 1391 966 1392 966 1393 966 1393 967 1392 967 1394 967 1394 968 1392 968 1395 968 1396 969 1392 969 1397 969 1397 970 1392 970 1398 970 1401 971 1399 971 1396 971 910 972 911 972 912 972 1393 973 1368 973 1402 973 1402 974 1368 974 1359 974 1359 975 1381 975 1362 975 1362 976 1381 976 1384 976 1362 977 1384 977 1364 977 1364 978 1384 978 1386 978 1364 979 1386 979 1366 979 1366 980 1386 980 1388 980 1366 981 1388 981 1368 981 1368 982 1388 982 1390 982 1368 983 1390 983 1371 983 1371 984 1390 984 1393 984 1371 985 1393 985 1373 985 1373 986 1393 986 1395 986 1373 987 1395 987 1375 987 1375 988 1395 988 1397 988 1375 989 1397 989 1359 989 1359 990 1397 990 1381 990 615 991 606 991 608 991 1416 992 1418 992 1419 992 1417 993 1368 993 1412 993 1417 994 1412 994 1418 994 1418 995 1412 995 1414 995 1418 996 1414 996 1419 996 1419 997 1414 997 1368 997 1419 998 1368 998 1417 998 879 999 873 999 878 999 1420 1000 1425 1000 1421 1000 1426 1001 1402 1001 1423 1001 1426 1002 1423 1002 1425 1002 1425 1003 1423 1003 1422 1003 1422 1004 1402 1004 1426 1004 1427 1005 1428 1005 1431 1005 1429 1006 1427 1006 1432 1006 1432 1007 1427 1007 1431 1007 1430 1008 1429 1008 1434 1008 1434 1009 1429 1009 1433 1009 1428 1010 1430 1010 1434 1010 1427 1011 1429 1011 1435 1011 1427 1012 1435 1012 1428 1012 1429 1013 1430 1013 1435 1013 1430 1014 1436 1014 1433 1014 1430 1015 1433 1015 1435 1015 1435 1016 1433 1016 1432 1016 1435 1017 1432 1017 1436 1017 1435 1018 1436 1018 1428 1018 1428 1019 1436 1019 1430 1019 1437 1020 1438 1020 1439 1020 1439 1021 1438 1021 1440 1021 1439 1022 1440 1022 1441 1022 1441 1023 1440 1023 1442 1023 1441 1024 1442 1024 1437 1024 1437 1025 1442 1025 1438 1025 710 1026 709 1026 702 1026 1441 1027 1444 1027 1439 1027 1329 1028 1333 1028 1335 1028 1752 1029 1746 1029 1751 1029 1445 1030 1440 1030 1438 1030 715 1031 712 1031 713 1031 1760 1032 1753 1032 1759 1032 1448 1033 1450 1033 1451 1033 1650 1034 1653 1034 1654 1034 1448 1035 1451 1035 1453 1035 845 1036 818 1036 832 1036 1471 1037 1452 1037 1451 1037 1578 1038 1552 1038 1560 1038 1468 1039 1451 1039 1456 1039 745 1040 724 1040 716 1040 736 1041 717 1041 716 1041 1477 1042 1463 1042 1450 1042 1476 1043 1450 1043 1461 1043 1479 1044 1462 1044 1450 1044 1671 1045 1657 1045 1660 1045 1475 1046 1461 1046 1449 1046 1579 1047 1564 1047 1552 1047 835 1048 825 1048 816 1048 1583 1049 1560 1049 1552 1049 731 1050 714 1050 720 1050 1568 1051 1550 1051 1557 1051 834 1052 822 1052 825 1052 1566 1053 1551 1053 1558 1053 1464 1054 1453 1054 1465 1054 1482 1055 1481 1055 1467 1055 1482 1056 1467 1056 1475 1056 1479 1057 1471 1057 1459 1057 1459 1058 1471 1058 1469 1058 1459 1059 1469 1059 1482 1059 1482 1060 1469 1060 1481 1060 1483 1061 1484 1061 1485 1061 1485 1062 1486 1062 1487 1062 1485 1063 1487 1063 1447 1063 1466 1064 1501 1064 1493 1064 1495 1065 1454 1065 1466 1065 762 1066 720 1066 731 1066 1568 1067 1603 1067 1594 1067 724 1068 747 1068 754 1068 1485 1069 1478 1069 1463 1069 726 1070 755 1070 750 1070 1692 1071 1677 1071 1666 1071 1470 1072 1497 1072 1499 1072 1701 1073 1661 1073 1673 1073 1493 1074 1446 1074 1494 1074 1493 1075 1494 1075 1495 1075 1495 1076 1494 1076 1496 1076 1496 1077 1494 1077 1497 1077 1995 1078 1996 1078 1994 1078 1446 1079 1456 1079 1501 1079 1586 1080 1577 1080 1559 1080 1456 1081 1493 1081 1501 1081 1589 1082 1580 1082 1564 1082 1496 1083 1457 1083 1470 1083 733 1084 761 1084 763 1084 1971 1085 2001 1085 1993 1085 1048 1086 1066 1086 1062 1086 1667 1087 1689 1087 1691 1087 753 1088 742 1088 726 1088 1520 1089 1503 1089 1493 1089 1493 1090 1503 1090 1504 1090 1504 1091 1519 1091 1487 1091 1504 1092 1487 1092 1520 1092 1520 1093 1487 1093 1503 1093 1487 1094 1493 1094 1506 1094 1506 1095 1493 1095 1504 1095 1506 1096 1504 1096 1507 1096 1507 1097 1504 1097 1505 1097 1507 1098 1505 1098 1487 1098 1487 1099 1505 1099 1493 1099 1946 1100 1948 1100 1953 1100 2019 1101 2021 1101 2017 1101 1444 1102 1442 1102 1440 1102 1447 1103 1460 1103 1449 1103 974 1104 976 1104 975 1104 1353 1105 1401 1105 1396 1105 1509 1106 1510 1106 1508 1106 1508 1107 1510 1107 1509 1107 1511 1108 1514 1108 1516 1108 683 1109 665 1109 677 1109 1503 1110 1506 1110 1519 1110 1513 1111 1519 1111 1517 1111 1513 1112 1517 1112 1514 1112 1514 1113 1517 1113 1518 1113 1514 1114 1518 1114 1516 1114 1516 1115 1518 1115 1519 1115 1516 1116 1519 1116 1513 1116 1512 1117 1517 1117 1519 1117 1525 1118 1524 1118 1523 1118 1520 1119 1524 1119 1521 1119 1526 1120 1520 1120 1522 1120 1526 1121 1522 1121 1527 1121 1527 1122 1522 1122 1523 1122 1527 1123 1523 1123 1528 1123 1528 1124 1523 1124 1520 1124 1528 1125 1520 1125 1526 1125 1527 1126 1528 1126 1525 1126 1841 1127 1837 1127 1836 1127 1532 1128 1530 1128 1531 1128 1536 1129 1529 1129 1534 1129 692 1130 696 1130 694 1130 1535 1131 1530 1131 1536 1131 1529 1132 1533 1132 1537 1132 1529 1133 1537 1133 1531 1133 1530 1134 1532 1134 1533 1134 1533 1135 1535 1135 1536 1135 1533 1136 1536 1136 1537 1136 1537 1137 1536 1137 1534 1137 1537 1138 1534 1138 1535 1138 1537 1139 1535 1139 1532 1139 1532 1140 1535 1140 1533 1140 1538 1141 1545 1141 1539 1141 1545 1142 1543 1142 1544 1142 705 1143 706 1143 704 1143 1539 1144 1540 1144 1538 1144 699 1145 698 1145 697 1145 1257 1146 1270 1146 1259 1146 1642 1147 1640 1147 1641 1147 1062 1148 1023 1148 1060 1148 1530 1149 1535 1149 1531 1149 811 1150 807 1150 813 1150 1546 1151 1539 1151 1545 1151 925 1152 926 1152 924 1152 1551 1153 1552 1153 1553 1153 1856 1154 1853 1154 1854 1154 1569 1155 1556 1155 1550 1155 728 1156 721 1156 715 1156 1355 1157 1341 1157 1348 1157 1575 1158 1559 1158 1551 1158 1575 1159 1563 1159 1561 1159 1577 1160 1552 1160 1559 1160 742 1161 716 1161 726 1161 837 1162 820 1162 824 1162 846 1163 831 1163 818 1163 730 1164 720 1164 715 1164 833 1165 816 1165 826 1165 738 1166 722 1166 724 1166 1985 1167 1970 1167 1959 1167 1682 1168 1665 1168 1664 1168 737 1169 715 1169 717 1169 1680 1170 1654 1170 1668 1170 739 1171 727 1171 715 1171 1674 1172 1655 1172 1653 1172 639 1173 640 1173 633 1173 1583 1174 1565 1174 1582 1174 1583 1175 1582 1175 1579 1175 1549 1176 1588 1176 1584 1176 1584 1177 1588 1177 1585 1177 1584 1178 1585 1178 1586 1178 1586 1179 1585 1179 1587 1179 1586 1180 1587 1180 1588 1180 1586 1181 1588 1181 1549 1181 1586 1182 1590 1182 1563 1182 1574 1183 1585 1183 1588 1183 856 1184 847 1184 831 1184 1666 1185 1693 1185 1685 1185 859 1186 845 1186 832 1186 752 1187 740 1187 723 1187 1601 1188 1554 1188 1573 1188 2115 1189 2074 1189 2090 1189 1560 1190 1593 1190 1586 1190 729 1191 758 1191 762 1191 1458 1192 1490 1192 1483 1192 750 1193 741 1193 727 1193 1598 1194 1548 1194 1594 1194 1594 1195 1548 1195 1595 1195 1596 1196 1595 1196 1597 1196 1596 1197 1597 1197 1598 1197 1598 1198 1597 1198 1548 1198 1570 1199 1598 1199 1594 1199 1556 1200 1597 1200 1602 1200 738 1201 748 1201 756 1201 1599 1202 1558 1202 1566 1202 1566 1203 1595 1203 1600 1203 759 1204 721 1204 729 1204 723 1205 756 1205 748 1205 760 1206 717 1206 737 1206 727 1207 749 1207 752 1207 854 1208 842 1208 830 1208 870 1209 825 1209 834 1209 735 1210 764 1210 760 1210 1604 1211 1605 1211 1606 1211 1606 1212 1605 1212 1607 1212 1606 1213 1607 1213 1608 1213 1608 1214 1607 1214 1609 1214 1608 1215 1609 1215 1604 1215 1604 1216 1609 1216 1605 1216 1588 1217 1604 1217 1611 1217 1611 1218 1604 1218 1606 1218 1611 1219 1606 1219 1612 1219 1612 1220 1606 1220 1610 1220 1612 1221 1610 1221 1607 1221 1607 1222 1610 1222 1609 1222 1609 1223 1610 1223 1598 1223 1588 1224 1598 1224 1604 1224 1567 1225 1583 1225 1575 1225 1613 1226 1615 1226 1614 1226 1614 1227 1615 1227 1613 1227 1621 1228 1617 1228 1616 1228 1620 1229 1621 1229 1622 1229 1622 1230 1621 1230 1618 1230 1617 1231 1607 1231 1616 1231 1616 1232 1622 1232 1619 1232 1619 1233 1622 1233 1607 1233 1619 1234 1607 1234 1617 1234 1625 1235 1623 1235 1624 1235 1626 1236 1628 1236 1624 1236 1624 1237 1628 1237 1629 1237 1624 1238 1629 1238 1604 1238 1604 1239 1629 1239 1627 1239 1625 1240 1604 1240 1630 1240 1630 1241 1604 1241 1623 1241 1628 1242 1630 1242 1623 1242 1634 1243 1633 1243 1631 1243 1636 1244 1632 1244 1635 1244 1636 1245 1631 1245 1632 1245 1637 1246 1631 1246 1638 1246 1637 1247 1632 1247 1631 1247 1631 1248 1633 1248 1638 1248 1636 1249 1634 1249 1631 1249 1635 1250 1638 1250 1639 1250 1636 1251 1637 1251 1634 1251 1634 1252 1637 1252 1638 1252 1634 1253 1638 1253 1635 1253 1640 1254 1642 1254 1643 1254 1644 1255 1645 1255 1641 1255 1644 1256 1641 1256 1640 1256 1345 1257 1338 1257 1344 1257 1874 1258 1905 1258 1909 1258 1643 1259 1648 1259 1640 1259 1011 1260 1005 1260 1007 1260 1751 1261 1750 1261 1744 1261 1542 1262 1581 1262 1571 1262 602 1263 599 1263 603 1263 699 1264 694 1264 693 1264 817 1265 814 1265 815 1265 1651 1266 1652 1266 1653 1266 1653 1267 1652 1267 1654 1267 815 1268 820 1268 818 1268 718 1269 712 1269 761 1269 1672 1270 1657 1270 1683 1270 1623 1271 1627 1271 1626 1271 1668 1272 1654 1272 1652 1272 1676 1273 1652 1273 1665 1273 2082 1274 2070 1274 2067 1274 836 1275 820 1275 823 1275 851 1276 827 1276 817 1276 1051 1277 1038 1277 1025 1277 840 1278 817 1278 829 1278 1681 1279 1664 1279 1667 1279 2089 1280 2074 1280 2069 1280 844 1281 832 1281 818 1281 1882 1282 1869 1282 1856 1282 1888 1283 1866 1283 1858 1283 1885 1284 1858 1284 1870 1284 1980 1285 1962 1285 1961 1285 1042 1286 1029 1286 1028 1286 839 1287 819 1287 821 1287 1883 1288 1858 1288 1869 1288 733 1289 716 1289 718 1289 841 1290 830 1290 817 1290 1871 1291 1865 1291 1864 1291 1639 1292 1633 1292 1632 1292 1684 1293 1683 1293 1657 1293 1684 1294 1657 1294 1678 1294 1663 1295 1670 1295 1656 1295 1477 1296 1465 1296 1453 1296 1467 1297 1477 1297 1475 1297 1682 1298 1683 1298 1684 1298 1650 1299 1689 1299 1685 1299 1685 1300 1689 1300 1686 1300 1685 1301 1686 1301 1687 1301 1687 1302 1689 1302 1650 1302 1686 1303 1689 1303 1676 1303 1699 1304 1655 1304 1675 1304 642 1305 630 1305 616 1305 658 1306 611 1306 625 1306 1866 1307 1899 1307 1895 1307 1672 1308 1698 1308 1701 1308 1153 1309 1178 1309 1181 1309 1147 1310 1184 1310 1176 1310 1671 1311 1696 1311 1702 1311 1872 1312 1903 1312 1910 1312 1697 1313 1696 1313 1698 1313 1697 1314 1698 1314 1699 1314 1699 1315 1698 1315 1695 1315 1876 1316 1905 1316 1907 1316 1673 1317 1704 1317 1699 1317 1979 1318 2007 1318 2011 1318 1898 1319 1885 1319 1870 1319 863 1320 824 1320 837 1320 2080 1321 2111 1321 2105 1321 837 1322 866 1322 868 1322 832 1323 857 1323 858 1323 839 1324 872 1324 867 1324 1705 1325 1706 1325 1707 1325 1705 1326 1707 1326 1708 1326 1708 1327 1707 1327 1709 1327 1709 1328 1707 1328 1689 1328 1689 1329 1695 1329 1710 1329 1710 1330 1695 1330 1705 1330 1710 1331 1705 1331 1711 1331 1711 1332 1705 1332 1708 1332 1711 1333 1708 1333 1689 1333 1689 1334 1708 1334 1695 1334 1798 1335 1810 1335 1797 1335 1720 1336 1718 1336 1721 1336 1720 1337 1707 1337 1724 1337 1720 1338 1724 1338 1719 1338 1719 1339 1724 1339 1723 1339 1723 1340 1724 1340 1725 1340 1723 1341 1725 1341 1720 1341 1720 1342 1725 1342 1707 1342 1719 1343 1718 1343 1720 1343 1731 1344 1728 1344 1730 1344 1731 1345 1730 1345 1726 1345 1727 1346 1709 1346 1729 1346 1730 1347 1729 1347 1732 1347 1730 1348 1732 1348 1727 1348 1727 1349 1732 1349 1709 1349 1726 1350 1732 1350 1729 1350 1735 1351 1734 1351 1737 1351 1736 1352 1735 1352 1739 1352 1739 1353 1735 1353 1737 1353 792 1354 793 1354 796 1354 1736 1355 1739 1355 1733 1355 1733 1356 1734 1356 1736 1356 798 1357 797 1357 795 1357 1736 1358 1740 1358 1741 1358 1736 1359 1741 1359 1735 1359 1735 1360 1741 1360 1734 1360 1734 1361 1741 1361 1738 1361 1734 1362 1738 1362 1740 1362 1734 1363 1740 1363 1736 1363 1744 1364 1745 1364 1746 1364 1847 1365 1849 1365 1848 1365 1746 1366 1747 1366 1749 1366 2162 1367 2167 1367 2161 1367 1749 1368 1751 1368 1744 1368 1355 1369 1377 1369 1363 1369 1837 1370 1841 1370 1839 1370 939 1371 913 1371 914 1371 608 1372 605 1372 609 1372 927 1373 928 1373 926 1373 1756 1374 1757 1374 1755 1374 1758 1375 1759 1375 1757 1375 938 1376 930 1376 933 1376 939 1377 932 1377 930 1377 2191 1378 2181 1378 2178 1378 1771 1379 1755 1379 1769 1379 1771 1380 1767 1380 1755 1380 1783 1381 1758 1381 1781 1381 1773 1382 1774 1382 1775 1382 1773 1383 1775 1383 1776 1383 1773 1384 1776 1384 1777 1384 1773 1385 1777 1385 1778 1385 1773 1386 1778 1386 1779 1386 1773 1387 1779 1387 1780 1387 1370 1388 1343 1388 1368 1388 1782 1389 1783 1389 1784 1389 1782 1390 1784 1390 1785 1390 1782 1391 1785 1391 1786 1391 1782 1392 1786 1392 1787 1392 1782 1393 1787 1393 1788 1393 1757 1394 1802 1394 1801 1394 1758 1395 1764 1395 1773 1395 1733 1396 1737 1396 1734 1396 1775 1397 1774 1397 1790 1397 811 1398 812 1398 808 1398 1348 1399 1378 1399 1369 1399 940 1400 949 1400 947 1400 1793 1401 1794 1401 1795 1401 1796 1402 1794 1402 1797 1402 1797 1403 1794 1403 1798 1403 1799 1404 1794 1404 1800 1404 1367 1405 1343 1405 1360 1405 1802 1406 1803 1406 1804 1406 1804 1407 1803 1407 1805 1407 1805 1408 1803 1408 1806 1408 1806 1409 1803 1409 1807 1409 1807 1410 1803 1410 1808 1410 1361 1411 1339 1411 1359 1411 1806 1412 1807 1412 1809 1412 1765 1413 1794 1413 1810 1413 938 1414 982 1414 979 1414 1792 1415 1812 1415 1777 1415 1792 1416 1777 1416 1801 1416 1801 1417 1777 1417 1811 1417 1801 1418 1811 1418 1806 1418 1806 1419 1811 1419 1812 1419 1806 1420 1812 1420 1792 1420 1806 1421 1804 1421 1801 1421 1812 1422 1788 1422 1772 1422 668 1423 663 1423 641 1423 1772 1424 1792 1424 1775 1424 1775 1425 1792 1425 1795 1425 1775 1426 1795 1426 1777 1426 1777 1427 1795 1427 1797 1427 1777 1428 1797 1428 1779 1428 1779 1429 1797 1429 1799 1429 1779 1430 1799 1430 1781 1430 1781 1431 1799 1431 1801 1431 1781 1432 1801 1432 1784 1432 1784 1433 1801 1433 1804 1433 1784 1434 1804 1434 1786 1434 1786 1435 1804 1435 1806 1435 1786 1436 1806 1436 1788 1436 1788 1437 1806 1437 1808 1437 1788 1438 1808 1438 1772 1438 1772 1439 1808 1439 1792 1439 1832 1440 1833 1440 1792 1440 1820 1441 1811 1441 1826 1441 1820 1442 1826 1442 1822 1442 1822 1443 1826 1443 1825 1443 1825 1444 1826 1444 1827 1444 1825 1445 1827 1445 1811 1445 1825 1446 1811 1446 1820 1446 1829 1447 1828 1447 1833 1447 1832 1448 1831 1448 1834 1448 1834 1449 1831 1449 1828 1449 1831 1450 1792 1450 1833 1450 1833 1451 1835 1451 1829 1451 1829 1452 1835 1452 1792 1452 1829 1453 1792 1453 1831 1453 1836 1454 1840 1454 1838 1454 1840 1455 1839 1455 1838 1455 1838 1456 1839 1456 1843 1456 1842 1457 1838 1457 1843 1457 1839 1458 1840 1458 1837 1458 1824 1459 1827 1459 1823 1459 1840 1460 1843 1460 1837 1460 1837 1461 1843 1461 1844 1461 1837 1462 1844 1462 1836 1462 1836 1463 1844 1463 1842 1463 1836 1464 1842 1464 1840 1464 1845 1465 1846 1465 1847 1465 1845 1466 1847 1466 1848 1466 1219 1467 1225 1467 1218 1467 1849 1468 1845 1468 1851 1468 2168 1469 2167 1469 2166 1469 1847 1470 1846 1470 1852 1470 1851 1471 1846 1471 1850 1471 1547 1472 1543 1472 1538 1472 1359 1473 1386 1473 1402 1473 1852 1474 1850 1474 1847 1474 1855 1475 1856 1475 1857 1475 1857 1476 1856 1476 1858 1476 1857 1477 1858 1477 1859 1477 1875 1478 1861 1478 1859 1478 2094 1479 2068 1479 2076 1479 1872 1480 1855 1480 1863 1480 1881 1481 1856 1481 1868 1481 1150 1482 1137 1482 1132 1482 1251 1483 1244 1483 1239 1483 1878 1484 1857 1484 1860 1484 1880 1485 1868 1485 1856 1485 1041 1486 1028 1486 1024 1486 1982 1487 1959 1487 1968 1487 1876 1488 1859 1488 1861 1488 1886 1489 1867 1489 1858 1489 1039 1490 1031 1490 1024 1490 1884 1491 1870 1491 1858 1491 2090 1492 2067 1492 2074 1492 1972 1493 1965 1493 1958 1493 1044 1494 1033 1494 1027 1494 1978 1495 1966 1495 1961 1495 1046 1496 1032 1496 1027 1496 1976 1497 1964 1497 1958 1497 877 1498 863 1498 876 1498 1884 1499 1883 1499 1882 1499 853 1500 875 1500 881 1500 1891 1501 1873 1501 1880 1501 1880 1502 1873 1502 1890 1502 1880 1503 1890 1503 1882 1503 1882 1504 1890 1504 1865 1504 1882 1505 1865 1505 1884 1505 1884 1506 1865 1506 1889 1506 1884 1507 1889 1507 1886 1507 1886 1508 1889 1508 1877 1508 1886 1509 1877 1509 1888 1509 1888 1510 1877 1510 1875 1510 1888 1511 1875 1511 1891 1511 1891 1512 1875 1512 1873 1512 1893 1513 1894 1513 1895 1513 1895 1514 1894 1514 1896 1514 1895 1515 1896 1515 1892 1515 1895 1516 1892 1516 1854 1516 1896 1517 1883 1517 1900 1517 1907 1518 1860 1518 1878 1518 1895 1519 1883 1519 1869 1519 1869 1520 1894 1520 1897 1520 1908 1521 1863 1521 1872 1521 1870 1522 1900 1522 1895 1522 2008 1523 1966 1523 1979 1523 1895 1524 1887 1524 1867 1524 1871 1525 1905 1525 1908 1525 1970 1526 1995 1526 1999 1526 1902 1527 1853 1527 1903 1527 1902 1528 1903 1528 1904 1528 1904 1529 1903 1529 1905 1529 1904 1530 1905 1530 1906 1530 1906 1531 1905 1531 1902 1531 1902 1532 1905 1532 1853 1532 1879 1533 1894 1533 1892 1533 1844 1534 1841 1534 1842 1534 2010 1535 1965 1535 1973 1535 1982 1536 1993 1536 2001 1536 1906 1537 1864 1537 1871 1537 1878 1538 1911 1538 1906 1538 1065 1539 1050 1539 1035 1539 1998 1540 1989 1540 1967 1540 618 1541 644 1541 646 1541 1912 1542 1913 1542 1914 1542 1912 1543 1892 1543 1913 1543 899 1544 904 1544 902 1544 1913 1545 1917 1545 1916 1545 1926 1546 1913 1546 1927 1546 1929 1547 1926 1547 1923 1547 1929 1548 1923 1548 1930 1548 1930 1549 1923 1549 1928 1549 1928 1550 1923 1550 1913 1550 1214 1551 1192 1551 1210 1551 1922 1552 1930 1552 1928 1552 1912 1553 1914 1553 1917 1553 1931 1554 1932 1554 1935 1554 1934 1555 1933 1555 1937 1555 1937 1556 1933 1556 1935 1556 1937 1557 1935 1557 1936 1557 1932 1558 1912 1558 1938 1558 1932 1559 1938 1559 1933 1559 1933 1560 1938 1560 1931 1560 1937 1561 1931 1561 1938 1561 1931 1562 1937 1562 1936 1562 1942 1563 1940 1563 1939 1563 1943 1564 1940 1564 1942 1564 1943 1565 1941 1565 1940 1565 1943 1566 1939 1566 1941 1566 1944 1567 1940 1567 1941 1567 1943 1568 1944 1568 1939 1568 1939 1569 1944 1569 1942 1569 1942 1570 1941 1570 1945 1570 1942 1571 1945 1571 1943 1571 1007 1572 1008 1572 1006 1572 1952 1573 1947 1573 1946 1573 1437 1574 1445 1574 1443 1574 1953 1575 1954 1575 1946 1575 1376 1576 1339 1576 1369 1576 1952 1577 1955 1577 1948 1577 1329 1578 1330 1578 1328 1578 1757 1579 1800 1579 1794 1579 1403 1580 1393 1580 1386 1580 1383 1581 1387 1581 1386 1581 1929 1582 1913 1582 1926 1582 1754 1583 1755 1583 1753 1583 1958 1584 1959 1584 1960 1584 1958 1585 1960 1585 1961 1585 1026 1586 1022 1586 1027 1586 1962 1587 1958 1587 1961 1587 2091 1588 2077 1588 2079 1588 1979 1589 1961 1589 1966 1589 1153 1590 1135 1590 1139 1590 1581 1591 1562 1591 1552 1591 2087 1592 2075 1592 2069 1592 1990 1593 1968 1593 1960 1593 2088 1594 2069 1594 2075 1594 1679 1595 1663 1595 1662 1595 622 1596 607 1596 612 1596 2093 1597 2076 1597 2068 1597 1986 1598 1960 1598 1970 1598 1988 1599 1967 1599 1960 1599 1987 1600 1960 1600 1969 1600 1984 1601 1959 1601 1971 1601 2086 1602 2069 1602 2072 1602 1155 1603 1132 1603 1138 1603 1989 1604 1960 1604 1967 1604 2085 1605 2071 1605 2073 1605 1045 1606 1027 1606 1033 1606 1950 1607 1983 1607 1982 1607 1983 1608 1976 1608 1985 1608 1985 1609 1976 1609 1974 1609 1991 1610 1974 1610 1972 1610 1991 1611 1972 1611 1988 1611 1988 1612 1972 1612 1980 1612 1988 1613 1980 1613 1990 1613 1990 1614 1980 1614 1978 1614 1957 1615 1992 1615 1993 1615 1993 1616 1992 1616 1994 1616 1994 1617 1992 1617 1995 1617 1996 1618 1997 1618 1998 1618 1998 1619 1997 1619 1957 1619 1957 1620 1997 1620 1992 1620 1968 1621 1957 1621 1993 1621 1992 1622 2002 1622 1982 1622 1987 1623 2000 1623 1997 1623 1061 1624 1052 1624 1038 1624 718 1625 757 1625 766 1625 1967 1626 2000 1626 1996 1626 2090 1627 2113 1627 2119 1627 2117 1628 2075 1628 2088 1628 1973 1629 2005 1629 2009 1629 1252 1630 1284 1630 1286 1630 2009 1631 1963 1631 1975 1631 2119 1632 2070 1632 2083 1632 2106 1633 2098 1633 2081 1633 2004 1634 1956 1634 2005 1634 2006 1635 2007 1635 2008 1635 1981 1636 2006 1636 2011 1636 957 1637 956 1637 962 1637 1992 1638 2015 1638 2019 1638 2081 1639 2103 1639 2108 1639 2108 1640 2096 1640 2080 1640 2011 1641 1962 1641 1981 1641 2105 1642 2094 1642 2076 1642 2078 1643 2104 1643 2107 1643 1562 1644 1588 1644 1589 1644 1067 1645 1054 1645 1037 1645 1281 1646 1245 1646 1258 1646 2076 1647 2110 1647 2103 1647 1141 1648 1170 1648 1172 1648 2014 1649 2015 1649 2016 1649 2014 1650 2016 1650 2017 1650 2017 1651 2016 1651 2018 1651 2018 1652 2016 1652 2019 1652 1294 1653 1271 1653 1292 1653 2019 1654 2017 1654 2020 1654 2019 1655 2020 1655 2004 1655 2019 1656 2004 1656 1992 1656 747 1657 713 1657 750 1657 1964 1658 2005 1658 1956 1658 2045 1659 2046 1659 2040 1659 2030 1660 2016 1660 2032 1660 2032 1661 2016 1661 2036 1661 2032 1662 2036 1662 2034 1662 2034 1663 2036 1663 2037 1663 2034 1664 2037 1664 2030 1664 2030 1665 2037 1665 2016 1665 2036 1666 2016 1666 2033 1666 2041 1667 2043 1667 2045 1667 2038 1668 2043 1668 2042 1668 2044 1669 2041 1669 2046 1669 2046 1670 2041 1670 2039 1670 2038 1671 2040 1671 2018 1671 2018 1672 2040 1672 2039 1672 2050 1673 2048 1673 2047 1673 2054 1674 2047 1674 2048 1674 2053 1675 2048 1675 2049 1675 2047 1676 2055 1676 2050 1676 2048 1677 2050 1677 2051 1677 770 1678 773 1678 757 1678 2049 1679 2048 1679 2055 1679 2055 1680 2048 1680 2051 1680 2055 1681 2053 1681 2052 1681 2055 1682 2052 1682 2050 1682 2050 1683 2052 1683 2054 1683 2050 1684 2054 1684 2051 1684 2051 1685 2054 1685 2053 1685 2051 1686 2053 1686 2055 1686 2056 1687 2061 1687 2057 1687 2056 1688 2057 1688 2058 1688 2058 1689 2057 1689 2059 1689 2058 1690 2059 1690 2060 1690 2060 1691 2059 1691 2061 1691 2060 1692 2061 1692 2056 1692 2060 1693 2056 1693 2063 1693 1892 1694 1917 1694 1913 1694 712 1695 760 1695 761 1695 1073 1696 1074 1696 1072 1696 2064 1697 2057 1697 2061 1697 853 1698 879 1698 874 1698 1231 1699 1229 1699 1233 1699 1498 1700 1455 1700 1464 1700 1341 1701 1338 1701 1339 1701 2067 1702 2068 1702 2069 1702 1447 1703 1448 1703 1446 1703 2069 1704 2065 1704 2072 1704 1048 1705 1025 1705 1034 1705 1159 1706 1143 1706 1133 1706 2099 1707 2079 1707 2069 1707 1265 1708 1248 1708 1240 1708 2096 1709 2069 1709 2080 1709 1050 1710 1025 1710 1035 1710 2098 1711 2069 1711 2081 1711 1049 1712 1035 1712 1025 1712 620 1713 613 1713 607 1713 2097 1714 2081 1714 2069 1714 2092 1715 2068 1715 2078 1715 1570 1716 1553 1716 1556 1716 2095 1717 2080 1717 2068 1717 1162 1718 1134 1718 1145 1718 1669 1719 1651 1719 1659 1719 2188 1720 2174 1720 2181 1720 1047 1721 1024 1721 1032 1721 1148 1722 1136 1722 1132 1722 1160 1723 1134 1723 1143 1723 2093 1724 2084 1724 2095 1724 2095 1725 2084 1725 2100 1725 2095 1726 2082 1726 2097 1726 2071 1727 2099 1727 2087 1727 2105 1728 2103 1728 2106 1728 2106 1729 2102 1729 2066 1729 1024 1730 1029 1730 1022 1730 2098 1731 2109 1731 2102 1731 2072 1732 2118 1732 2113 1732 2088 1733 2120 1733 2115 1733 1045 1734 1080 1734 1074 1734 1064 1735 1056 1735 1036 1735 2085 1736 2113 1736 2118 1736 1077 1737 1028 1737 1042 1737 2091 1738 2107 1738 2104 1738 1143 1739 1168 1739 1171 1739 2114 1740 2073 1740 2085 1740 1037 1741 1069 1741 1061 1741 2112 1742 2065 1742 2113 1742 2112 1743 2113 1743 2114 1743 2114 1744 2113 1744 2115 1744 2115 1745 2113 1745 2116 1745 2115 1746 2116 1746 2112 1746 2032 1747 2034 1747 2033 1747 2120 1748 2075 1748 2116 1748 1248 1749 1280 1749 1274 1749 1149 1750 1177 1750 1182 1750 1559 1751 1585 1751 1590 1751 1573 1752 1595 1752 1599 1752 1047 1753 1073 1753 1076 1753 1034 1754 1068 1754 1064 1754 2103 1755 2092 1755 2078 1755 1247 1756 1279 1756 1272 1756 1038 1757 1063 1757 1065 1757 1036 1758 1060 1758 1067 1758 2122 1759 2124 1759 2125 1759 2125 1760 2124 1760 2126 1760 2125 1761 2126 1761 2127 1761 2102 1762 2112 1762 2123 1762 2123 1763 2112 1763 2129 1763 2123 1764 2129 1764 2124 1764 2124 1765 2129 1765 2128 1765 2124 1766 2128 1766 2126 1766 2126 1767 2128 1767 2102 1767 2102 1768 2128 1768 2127 1768 2102 1769 2127 1769 2112 1769 1762 1770 1793 1770 1810 1770 948 1771 984 1771 945 1771 2142 1772 2126 1772 2140 1772 2140 1773 2126 1773 2136 1773 2140 1774 2136 1774 2141 1774 2141 1775 2136 1775 2139 1775 2141 1776 2139 1776 2142 1776 2142 1777 2139 1777 2126 1777 2141 1778 2142 1778 2138 1778 2147 1779 2146 1779 2145 1779 2143 1780 2147 1780 2144 1780 2149 1781 2143 1781 2150 1781 2150 1782 2143 1782 2146 1782 2147 1783 2122 1783 2144 1783 2145 1784 2144 1784 2151 1784 2145 1785 2151 1785 2147 1785 2147 1786 2151 1786 2122 1786 2150 1787 2144 1787 2122 1787 2158 1788 2153 1788 2156 1788 1595 1789 1596 1789 1594 1789 2152 1790 2159 1790 2157 1790 1445 1791 1439 1791 1444 1791 2153 1792 2159 1792 2155 1792 1012 1793 1007 1793 1006 1793 2152 1794 2154 1794 2155 1794 2155 1795 2156 1795 2152 1795 2152 1796 2160 1796 2159 1796 2155 1797 2158 1797 2156 1797 2168 1798 2161 1798 2167 1798 1951 1799 1952 1799 1950 1799 920 1800 913 1800 919 1800 1192 1801 1216 1801 1212 1801 1767 1802 1761 1802 1759 1802 2169 1803 2167 1803 2170 1803 1766 1804 1809 1804 1808 1804 1549 1805 1550 1805 1548 1805 999 1806 1003 1806 1001 1806 2173 1807 2184 1807 2185 1807 1766 1808 1759 1808 1762 1808 1256 1809 1239 1809 1242 1809 1043 1810 1027 1810 1030 1810 1352 1811 1347 1811 1340 1811 2178 1812 2190 1812 2191 1812 2186 1813 2177 1813 2180 1813 2187 1814 2186 1814 2185 1814 2191 1815 2185 1815 2184 1815 2191 1816 2184 1816 2174 1816 1357 1817 1329 1817 1344 1817 2190 1818 2177 1818 2187 1818 2190 1819 2187 1819 2191 1819 2191 1820 2187 1820 2185 1820 2193 1821 2194 1821 2195 1821 2193 1822 2196 1822 2197 1822 2193 1823 2197 1823 2198 1823 1794 1824 1796 1824 1795 1824 2193 1825 2199 1825 2200 1825 1774 1826 1754 1826 1772 1826 2202 1827 2203 1827 2204 1827 2202 1828 2204 1828 2205 1828 2202 1829 2205 1829 2206 1829 2202 1830 2206 1830 2207 1830 2202 1831 2207 1831 2208 1831 2202 1832 2172 1832 2210 1832 2188 1833 2192 1833 2202 1833 2186 1834 2229 1834 2225 1834 1753 1835 1793 1835 1792 1835 2212 1836 2213 1836 2214 1836 2214 1837 2213 1837 2215 1837 948 1838 949 1838 946 1838 2216 1839 2213 1839 2217 1839 2217 1840 2213 1840 2218 1840 2218 1841 2213 1841 2219 1841 2219 1842 2213 1842 2220 1842 2220 1843 2213 1843 2175 1843 2222 1844 2221 1844 2223 1844 2224 1845 2221 1845 2225 1845 2225 1846 2221 1846 2226 1846 2226 1847 2221 1847 2227 1847 2230 1848 2222 1848 2220 1848 2228 1849 2215 1849 2216 1849 2229 1850 2222 1850 2225 1850 2230 1851 2192 1851 2231 1851 2231 1852 2192 1852 2199 1852 2231 1853 2199 1853 2220 1853 2220 1854 2199 1854 2241 1854 2220 1855 2241 1855 2230 1855 2230 1856 2241 1856 2206 1856 2230 1857 2206 1857 2192 1857 2257 1858 2254 1858 2255 1858 2216 1859 2214 1859 2231 1859 2241 1860 2199 1860 2201 1860 2192 1861 2211 1861 2195 1861 2195 1862 2211 1862 2214 1862 2195 1863 2214 1863 2197 1863 2197 1864 2214 1864 2216 1864 2197 1865 2216 1865 2199 1865 2199 1866 2216 1866 2218 1866 2199 1867 2218 1867 2201 1867 2201 1868 2218 1868 2220 1868 2201 1869 2220 1869 2204 1869 2204 1870 2220 1870 2222 1870 2204 1871 2222 1871 2206 1871 2206 1872 2222 1872 2224 1872 2206 1873 2224 1873 2208 1873 2208 1874 2224 1874 2226 1874 2208 1875 2226 1875 2192 1875 2192 1876 2226 1876 2211 1876 2236 1877 2238 1877 2237 1877 2241 1878 2236 1878 2240 1878 2242 1879 2239 1879 2240 1879 2241 1880 2243 1880 2236 1880 2236 1881 2243 1881 2238 1881 2238 1882 2243 1882 2244 1882 2238 1883 2244 1883 2241 1883 2242 1884 2243 1884 2241 1884 2250 1885 2248 1885 2245 1885 2239 1886 2244 1886 2243 1886 2251 1887 2246 1887 2248 1887 2247 1888 2230 1888 2252 1888 2247 1889 2252 1889 2245 1889 2250 1890 2245 1890 2230 1890 2250 1891 2230 1891 2247 1891 2254 1892 2253 1892 2256 1892 1066 1893 1023 1893 1061 1893 2253 1894 2254 1894 2259 1894 2259 1895 2254 1895 2258 1895 2255 1896 2253 1896 2259 1896 2251 1897 2245 1897 2252 1897 2255 1898 2260 1898 2253 1898 2255 1899 2256 1899 2260 1899 2256 1900 2257 1900 2259 1900 2256 1901 2259 1901 2260 1901 2260 1902 2259 1902 2258 1902 2260 1903 2258 1903 2253 1903 2253 1904 2258 1904 2256 1904 2256 1905 2258 1905 2257 1905 1413 1906 1416 1906 1412 1906 1416 1907 1415 1907 1414 1907 1412 1908 1416 1908 1414 1908 1412 1909 1368 1909 1411 1909 1368 1910 1415 1910 1411 1910 2171 1911 2180 1911 2213 1911 2213 1912 2179 1912 2175 1912 925 1913 935 1913 927 1913 927 1914 934 1914 929 1914 928 1915 974 1915 973 1915 1696 1916 1697 1916 1695 1916 2198 1917 2199 1917 2193 1917 991 1918 992 1918 996 1918 992 1919 990 1919 995 1919 990 1920 991 1920 995 1920 996 1921 994 1921 991 1921 1823 1922 1827 1922 1826 1922 1824 1923 1821 1923 1811 1923 1821 1924 1823 1924 1811 1924 1811 1925 1827 1925 1824 1925 2181 1926 2193 1926 2209 1926 1132 1927 1137 1927 1130 1927 1123 1928 1157 1928 1156 1928 1156 1929 1165 1929 1123 1929 1161 1930 1160 1930 1159 1930 2146 1931 2148 1931 2151 1931 1321 1932 1320 1932 1327 1932 698 1933 699 1933 695 1933 1585 1934 1577 1934 1587 1934 1577 1935 1593 1935 1587 1935 713 1936 724 1936 754 1936 754 1937 725 1937 750 1937 725 1938 753 1938 750 1938 753 1939 726 1939 750 1939 727 1940 752 1940 748 1940 752 1941 723 1941 748 1941 750 1942 713 1942 754 1942 2103 1943 2102 1943 2106 1943 1284 1944 1285 1944 1282 1944 2169 1945 2168 1945 2166 1945 711 1946 707 1946 709 1946 813 1947 807 1947 812 1947 706 1948 703 1948 704 1948 628 1949 615 1949 647 1949 1338 1950 1381 1950 1398 1950 1949 1951 1955 1951 1951 1951 1655 1952 1656 1952 1653 1952 1656 1953 1659 1953 1653 1953 1660 1954 1657 1954 1651 1954 1658 1955 1653 1955 1649 1955 1770 1956 1785 1956 1783 1956 1785 1957 1788 1957 1787 1957 1788 1958 1768 1958 1782 1958 1768 1959 1790 1959 1774 1959 1768 1960 1774 1960 1772 1960 1791 1961 1770 1961 1781 1961 1785 1962 1784 1962 1783 1962 1778 1963 1791 1963 1779 1963 1768 1964 1772 1964 1782 1964 1780 1965 1779 1965 1791 1965 1781 1966 1780 1966 1791 1966 1783 1967 1781 1967 1770 1967 1785 1968 1787 1968 1786 1968 784 1969 786 1969 783 1969 1740 1970 1738 1970 1733 1970 1476 1971 1491 1971 1486 1971 1484 1972 1476 1972 1486 1972 1491 1973 1478 1973 1486 1973 1478 1974 1492 1974 1486 1974 1492 1975 1480 1975 1486 1975 1486 1976 1480 1976 1487 1976 1473 1977 1490 1977 1484 1977 1487 1978 1473 1978 1484 1978 1695 1979 1708 1979 1709 1979 2249 1980 2246 1980 2252 1980 2246 1981 2251 1981 2252 1981 2251 1982 2249 1982 2230 1982 2230 1983 2245 1983 2251 1983 788 1984 786 1984 769 1984 786 1985 789 1985 769 1985 790 1986 789 1986 784 1986 769 1987 790 1987 788 1987 1730 1988 1727 1988 1726 1988 1758 1989 1764 1989 1760 1989 1760 1990 1763 1990 1754 1990 1894 1991 1893 1991 1854 1991 1117 1992 1116 1992 1119 1992 1335 1993 1331 1993 1329 1993 1955 1994 1952 1994 1954 1994 2163 1995 2170 1995 2165 1995 915 1996 917 1996 921 1996 1976 1997 1951 1997 1977 1997 1991 1998 1985 1998 1974 1998 1949 1999 1953 1999 1955 1999 1544 2000 1540 2000 1547 2000 1540 2001 1543 2001 1547 2001 1769 2002 1770 2002 1764 2002 2062 2003 2057 2003 2064 2003 1146 2004 1154 2004 1163 2004 914 2005 913 2005 927 2005 2178 2006 2177 2006 2175 2006 1263 2007 1238 2007 1255 2007 1949 2008 1948 2008 1946 2008 938 2009 966 2009 981 2009 1355 2010 1348 2010 1345 2010 1070 2011 1087 2011 1082 2011 1858 2012 1854 2012 1853 2012 961 2013 945 2013 925 2013 936 2014 932 2014 981 2014 2161 2015 2174 2015 2184 2015 704 2016 745 2016 734 2016 1329 2017 1328 2017 1341 2017 1165 2018 1163 2018 1154 2018 2188 2019 2208 2019 2210 2019 944 2020 941 2020 943 2020 1538 2021 1546 2021 1547 2021 1546 2022 1545 2022 1547 2022 1689 2023 1706 2023 1705 2023 803 2024 801 2024 805 2024 1743 2025 1745 2025 1744 2025 1334 2026 1337 2026 1333 2026 848 2027 841 2027 828 2027 1767 2028 1771 2028 1760 2028 915 2029 920 2029 922 2029 922 2030 919 2030 915 2030 2093 2031 2077 2031 2071 2031 2007 2032 2006 2032 2004 2032 600 2033 598 2033 603 2033 2171 2034 2211 2034 2227 2034 1126 2035 1125 2035 1123 2035 1088 2036 1060 2036 1084 2036 1088 2037 1084 2037 1082 2037 1110 2038 1106 2038 1108 2038 1392 2039 1391 2039 1390 2039 696 2040 698 2040 695 2040 1399 2041 1401 2041 1346 2041 1760 2042 1742 2042 1743 2042 1542 2043 1569 2043 1575 2043 1357 2044 1345 2044 1349 2044 1948 2045 1955 2045 1953 2045 2123 2046 2122 2046 2127 2046 1447 2047 1446 2047 1451 2047 1327 2048 1326 2048 1323 2048 838 2049 828 2049 846 2049 1484 2050 1486 2050 1485 2050 1646 2051 1644 2051 1647 2051 2182 2052 2189 2052 2200 2052 1021 2053 1013 2053 1019 2053 1013 2054 1015 2054 1019 2054 1542 2055 1539 2055 1544 2055 1748 2056 1743 2056 1742 2056 1124 2057 1123 2057 1165 2057 2249 2058 2251 2058 2248 2058 1842 2059 1843 2059 1840 2059 1794 2060 1799 2060 1798 2060 1954 2061 1947 2061 1955 2061 1645 2062 1644 2062 1643 2062 1763 2063 1773 2063 1790 2063 1413 2064 1411 2064 1417 2064 1411 2065 1415 2065 1419 2065 1417 2066 1411 2066 1419 2066 1415 2067 1416 2067 1419 2067 1418 2068 1416 2068 1413 2068 1417 2069 1418 2069 1413 2069 1632 2070 1633 2070 1635 2070 771 2071 770 2071 769 2071 1951 2072 1950 2072 1948 2072 1546 2073 1538 2073 1540 2073 1341 2074 1343 2074 1342 2074 1539 2075 1542 2075 1541 2075 923 2076 917 2076 919 2076 919 2077 922 2077 923 2077 602 2078 596 2078 604 2078 1487 2079 1484 2079 1483 2079 710 2080 703 2080 709 2080 1788 2081 1785 2081 1789 2081 1350 2082 1346 2082 1400 2082 2104 2083 2103 2083 2066 2083 2062 2084 2056 2084 2058 2084 2153 2085 2158 2085 2157 2085 1657 2086 1658 2086 1649 2086 748 2087 724 2087 713 2087 733 2088 763 2088 760 2088 763 2089 735 2089 760 2089 953 2090 960 2090 983 2090 1892 2091 1916 2091 1914 2091 2229 2092 2179 2092 2183 2092 1335 2093 1332 2093 1337 2093 1543 2094 1540 2094 1541 2094 1428 2095 1434 2095 1431 2095 2256 2096 2255 2096 2254 2096 1010 2097 1008 2097 1007 2097 984 2098 970 2098 966 2098 940 2099 959 2099 962 2099 1956 2100 2004 2100 2008 2100 1084 2101 1060 2101 1085 2101 1324 2102 1323 2102 1326 2102 805 2103 799 2103 806 2103 2200 2104 2201 2104 2176 2104 2117 2105 2088 2105 2112 2105 1121 2106 1124 2106 1123 2106 1379 2107 1356 2107 1349 2107 710 2108 701 2108 711 2108 1540 2109 1544 2109 1546 2109 2019 2110 2015 2110 2014 2110 810 2111 812 2111 807 2111 2183 2112 2184 2112 2173 2112 1330 2113 1334 2113 1328 2113 1328 2114 1334 2114 1333 2114 800 2115 801 2115 803 2115 1648 2116 1642 2116 1641 2116 1916 2117 1892 2117 1912 2117 1123 2118 1124 2118 1150 2118 855 2119 854 2119 815 2119 1647 2120 1645 2120 1646 2120 1210 2121 1211 2121 1216 2121 1216 2122 1217 2122 1210 2122 2205 2123 2189 2123 2182 2123 2170 2124 2167 2124 2164 2124 1358 2125 1357 2125 1344 2125 2089 2126 2101 2126 2097 2126 1446 2127 1493 2127 1496 2127 1743 2128 1742 2128 1769 2128 1748 2129 1750 2129 1745 2129 912 2130 911 2130 906 2130 1011 2131 1006 2131 1005 2131 974 2132 979 2132 978 2132 1271 2133 1273 2133 1272 2133 943 2134 940 2134 935 2134 597 2135 599 2135 602 2135 916 2136 915 2136 913 2136 1013 2137 1021 2137 1020 2137 1021 2138 1018 2138 1020 2138 604 2139 601 2139 602 2139 1325 2140 1327 2140 1319 2140 1342 2141 1390 2141 1389 2141 1547 2142 1545 2142 1544 2142 881 2143 880 2143 876 2143 604 2144 603 2144 599 2144 1337 2145 1332 2145 1336 2145 2069 2146 2066 2146 2065 2146 605 2147 614 2147 609 2147 1401 2148 1347 2148 1338 2148 1392 2149 1401 2149 1338 2149 1342 2150 1346 2150 1392 2150 1346 2151 1401 2151 1392 2151 1364 2152 1366 2152 1403 2152 1366 2153 1368 2153 1403 2153 1403 2154 1359 2154 1362 2154 615 2155 607 2155 606 2155 1473 2156 1482 2156 1449 2156 1466 2157 1467 2157 1448 2157 1470 2158 1471 2158 1451 2158 636 2159 637 2159 608 2159 637 2160 628 2160 615 2160 628 2161 629 2161 607 2161 1567 2162 1568 2162 1557 2162 1474 2163 1475 2163 1449 2163 630 2164 631 2164 607 2164 739 2165 740 2165 723 2165 1467 2166 1468 2166 1456 2166 1678 2167 1679 2167 1662 2167 1464 2168 1465 2168 1448 2168 1565 2169 1566 2169 1558 2169 633 2170 634 2170 619 2170 1576 2171 1575 2171 1551 2171 635 2172 636 2172 618 2172 735 2173 736 2173 716 2173 729 2174 730 2174 715 2174 1670 2175 1671 2175 1660 2175 1431 2176 1434 2176 1436 2176 635 2177 637 2177 636 2177 637 2178 629 2178 628 2178 631 2179 633 2179 632 2179 634 2180 633 2180 640 2180 1577 2181 1575 2181 1583 2181 1225 2182 1226 2182 1222 2182 1582 2183 1571 2183 1581 2183 636 2184 649 2184 644 2184 649 2185 628 2185 644 2185 644 2186 628 2186 641 2186 606 2187 615 2187 645 2187 618 2188 646 2188 642 2188 646 2189 619 2189 642 2189 1468 2190 1456 2190 1500 2190 614 2191 624 2191 651 2191 1489 2192 1487 2192 1480 2192 624 2193 614 2193 655 2193 1600 2194 1595 2194 1557 2194 656 2195 652 2195 613 2195 654 2196 659 2196 610 2196 619 2197 634 2197 648 2197 858 2198 857 2198 843 2198 630 2199 650 2199 643 2199 650 2200 632 2200 643 2200 632 2201 648 2201 643 2201 648 2202 634 2202 643 2202 634 2203 644 2203 643 2203 627 2204 656 2204 653 2204 654 2205 627 2205 653 2205 656 2206 621 2206 653 2206 621 2207 657 2207 653 2207 657 2208 622 2208 653 2208 622 2209 651 2209 653 2209 624 2210 658 2210 651 2210 658 2211 625 2211 654 2211 654 2212 651 2212 658 2212 605 2213 614 2213 660 2213 660 2214 612 2214 652 2214 659 2215 611 2215 652 2215 652 2216 611 2216 655 2216 655 2217 614 2217 605 2217 610 2218 659 2218 652 2218 627 2219 610 2219 652 2219 1472 2220 1452 2220 1494 2220 1556 2221 1570 2221 1594 2221 1590 2222 1585 2222 1576 2222 1463 2223 1478 2223 1491 2223 1574 2224 1562 2224 1584 2224 625 2225 611 2225 659 2225 731 2226 720 2226 766 2226 868 2227 866 2227 821 2227 1564 2228 1580 2228 1592 2228 1504 2229 1520 2229 1505 2229 825 2230 822 2230 816 2230 814 2231 823 2231 820 2231 826 2232 816 2232 819 2232 667 2233 641 2233 665 2233 1768 2234 1763 2234 1760 2234 678 2235 677 2235 676 2235 677 2236 680 2236 681 2236 680 2237 679 2237 681 2237 682 2238 680 2238 665 2238 680 2239 677 2239 665 2239 684 2240 685 2240 689 2240 685 2241 688 2241 687 2241 685 2242 687 2242 686 2242 1515 2243 1519 2243 1518 2243 1518 2244 1517 2244 1511 2244 1515 2245 1518 2245 1511 2245 688 2246 684 2246 687 2246 684 2247 661 2247 685 2247 688 2248 685 2248 691 2248 690 2249 684 2249 688 2249 691 2250 690 2250 688 2250 685 2251 661 2251 691 2251 1551 2252 1559 2252 1552 2252 1552 2253 1562 2253 1549 2253 1524 2254 1528 2254 1526 2254 1803 2255 1761 2255 1765 2255 693 2256 697 2256 698 2256 1599 2257 1566 2257 1596 2257 1566 2258 1600 2258 1594 2258 1596 2259 1566 2259 1594 2259 1596 2260 1601 2260 1573 2260 707 2261 701 2261 708 2261 2186 2262 2228 2262 2213 2262 1271 2263 1272 2263 1236 2263 1553 2264 1573 2264 1554 2264 1019 2265 1016 2265 1014 2265 651 2266 662 2266 668 2266 2068 2267 2067 2267 2065 2267 2174 2268 2173 2268 2171 2268 716 2269 712 2269 718 2269 716 2270 717 2270 715 2270 713 2271 724 2271 715 2271 724 2272 722 2272 715 2272 722 2273 723 2273 715 2273 715 2274 727 2274 716 2274 1556 2275 1553 2275 1548 2275 704 2276 739 2276 738 2276 704 2277 738 2277 745 2277 744 2278 743 2278 745 2278 746 2279 742 2279 726 2279 1873 2280 1874 2280 1862 2280 1768 2281 1771 2281 1756 2281 741 2282 746 2282 716 2282 1684 2283 1677 2283 1666 2283 1574 2284 1575 2284 1561 2284 1672 2285 1683 2285 1653 2285 624 2286 638 2286 609 2286 1656 2287 1669 2287 1659 2287 740 2288 739 2288 715 2288 1657 2289 1672 2289 1658 2289 1879 2290 1880 2290 1856 2290 838 2291 839 2291 821 2291 1683 2292 1673 2292 1661 2292 819 2293 833 2293 826 2293 843 2294 844 2294 818 2294 1158 2295 1159 2295 1133 2295 728 2296 737 2296 736 2296 732 2297 705 2297 733 2297 705 2298 734 2298 733 2298 734 2299 736 2299 735 2299 730 2300 732 2300 731 2300 729 2301 728 2301 730 2301 1950 2302 1951 2302 1976 2302 604 2303 600 2303 603 2303 1675 2304 1655 2304 1698 2304 2083 2305 2070 2305 2121 2305 725 2306 744 2306 751 2306 1662 2307 1679 2307 1692 2307 1074 2308 1080 2308 1032 2308 1690 2309 1688 2309 1679 2309 1665 2310 1676 2310 1694 2310 1676 2311 1665 2311 1685 2311 830 2312 842 2312 860 2312 836 2313 823 2313 871 2313 1176 2314 1186 2314 1166 2314 755 2315 742 2315 751 2315 751 2316 744 2316 747 2316 738 2317 756 2317 747 2317 756 2318 740 2318 747 2318 747 2319 740 2319 749 2319 741 2320 755 2320 751 2320 751 2321 749 2321 741 2321 729 2322 762 2322 759 2322 762 2323 731 2323 757 2323 762 2324 757 2324 759 2324 759 2325 760 2325 737 2325 1685 2326 1665 2326 1650 2326 1668 2327 1680 2327 1688 2327 2079 2328 2091 2328 2109 2328 1862 2329 1874 2329 1910 2329 1658 2330 1672 2330 1702 2330 763 2331 761 2331 719 2331 1687 2332 1694 2332 1681 2332 1691 2333 1689 2333 1680 2333 1700 2334 1698 2334 1659 2334 1977 2335 1964 2335 2013 2335 1697 2336 1703 2336 1660 2336 771 2337 772 2337 770 2337 768 2338 773 2338 769 2338 769 2339 774 2339 747 2339 1531 2340 1535 2340 1534 2340 2166 2341 2167 2341 2165 2341 940 2342 941 2342 927 2342 770 2343 757 2343 767 2343 757 2344 772 2344 767 2344 772 2345 771 2345 767 2345 1466 2346 1493 2346 1495 2346 786 2347 788 2347 785 2347 788 2348 784 2348 785 2348 784 2349 783 2349 785 2349 786 2350 784 2350 789 2350 795 2351 797 2351 794 2351 792 2352 794 2352 767 2352 797 2353 767 2353 794 2353 980 2354 982 2354 974 2354 802 2355 801 2355 800 2355 1296 2356 1297 2356 1294 2356 1443 2357 1442 2357 1444 2357 811 2358 809 2358 812 2358 984 2359 953 2359 975 2359 1745 2360 1751 2360 1746 2360 1746 2361 1750 2361 1748 2361 1745 2362 1743 2362 1748 2362 704 2363 705 2363 732 2363 1850 2364 1846 2364 1849 2364 1025 2365 1024 2365 1022 2365 925 2366 924 2366 930 2366 829 2367 815 2367 854 2367 819 2368 849 2368 850 2368 850 2369 835 2369 833 2369 1823 2370 1821 2370 1820 2370 1823 2371 1820 2371 1822 2371 1824 2372 1823 2372 1825 2372 1825 2373 1823 2373 1822 2373 1821 2374 1824 2374 1825 2374 831 2375 828 2375 818 2375 828 2376 829 2376 815 2376 822 2377 823 2377 814 2377 815 2378 829 2378 817 2378 817 2379 827 2379 818 2379 835 2380 836 2380 823 2380 627 2381 620 2381 607 2381 1877 2382 1878 2382 1860 2382 842 2383 851 2383 817 2383 2071 2384 2086 2384 2072 2384 1983 2385 1984 2385 1971 2385 1889 2386 1871 2386 1864 2386 732 2387 733 2387 718 2387 1865 2388 1872 2388 1863 2388 1974 2389 1975 2389 1963 2389 1887 2390 1888 2390 1858 2390 1977 2391 1978 2391 1961 2391 1874 2392 1875 2392 1859 2392 1254 2393 1255 2393 1237 2393 2084 2394 2085 2394 2073 2394 1981 2395 1972 2395 1958 2395 2083 2396 2084 2396 2067 2396 1975 2397 1976 2397 1958 2397 1991 2398 1987 2398 1969 2398 1973 2399 1974 2399 1958 2399 849 2400 819 2400 839 2400 849 2401 839 2401 838 2401 848 2402 838 2402 837 2402 836 2403 835 2403 848 2403 841 2404 840 2404 828 2404 842 2405 841 2405 851 2405 828 2406 847 2406 846 2406 844 2407 846 2407 845 2407 843 2408 851 2408 852 2408 844 2409 843 2409 852 2409 639 2410 633 2410 631 2410 843 2411 855 2411 862 2411 862 2412 855 2412 842 2412 860 2413 842 2413 855 2413 861 2414 840 2414 853 2414 840 2415 860 2415 855 2415 853 2416 840 2416 855 2416 859 2417 847 2417 853 2417 847 2418 861 2418 853 2418 845 2419 859 2419 857 2419 853 2420 857 2420 859 2420 827 2421 843 2421 862 2421 1994 2422 2003 2422 1986 2422 1563 2423 1576 2423 1591 2423 834 2424 825 2424 865 2424 1968 2425 1982 2425 2002 2425 823 2426 836 2426 869 2426 833 2427 826 2427 866 2427 1879 2428 1866 2428 1893 2428 829 2429 840 2429 861 2429 1969 2430 1987 2430 2003 2430 870 2431 834 2431 864 2431 834 2432 869 2432 864 2432 869 2433 836 2433 864 2433 836 2434 863 2434 864 2434 833 2435 870 2435 867 2435 837 2436 868 2436 863 2436 868 2437 839 2437 867 2437 867 2438 863 2438 868 2438 870 2439 864 2439 867 2439 825 2440 866 2440 865 2440 1909 2441 1905 2441 1861 2441 867 2442 872 2442 826 2442 621 2443 613 2443 652 2443 1996 2444 2000 2444 1987 2444 1868 2445 1881 2445 1901 2445 1076 2446 1073 2446 1031 2446 1999 2447 1995 2447 1984 2447 1572 2448 1555 2448 1597 2448 2086 2449 2072 2449 2116 2449 1897 2450 1894 2450 1881 2450 880 2451 875 2451 874 2451 2221 2452 2224 2452 2223 2452 1880 2453 1879 2453 1891 2453 1887 2454 1886 2454 1888 2454 1569 2455 1567 2455 1575 2455 889 2456 891 2456 890 2456 891 2457 889 2457 875 2457 892 2458 891 2458 875 2458 893 2459 890 2459 892 2459 892 2460 890 2460 896 2460 896 2461 894 2461 892 2461 894 2462 891 2462 892 2462 891 2463 894 2463 895 2463 900 2464 897 2464 899 2464 899 2465 901 2465 904 2465 901 2466 903 2466 904 2466 1155 2467 1154 2467 1146 2467 1150 2468 1149 2468 1148 2468 2100 2469 2082 2469 2095 2469 905 2470 909 2470 910 2470 907 2471 910 2471 912 2471 2166 2472 2165 2472 2164 2472 1344 2473 1350 2473 1346 2473 1444 2474 1441 2474 1443 2474 1333 2475 1336 2475 1330 2475 923 2476 918 2476 921 2476 1747 2477 1742 2477 1744 2477 1636 2478 1635 2478 1639 2478 2064 2479 2063 2479 2056 2479 1640 2480 1647 2480 1644 2480 2021 2481 2016 2481 1992 2481 1913 2482 1916 2482 1915 2482 1957 2483 1959 2483 1958 2483 2174 2484 2176 2484 2175 2484 1652 2485 1651 2485 1649 2485 2048 2486 2053 2486 2054 2486 932 2487 928 2487 930 2487 933 2488 930 2488 924 2488 1979 2489 2011 2489 2006 2489 2008 2490 1979 2490 2006 2490 2012 2491 1977 2491 2004 2491 2009 2492 1975 2492 2004 2492 1975 2493 2012 2493 2004 2493 2010 2494 1973 2494 2006 2494 1973 2495 2009 2495 2004 2495 2006 2496 1981 2496 2010 2496 2004 2497 2006 2497 1973 2497 1356 2498 1349 2498 1341 2498 1353 2499 1354 2499 1344 2499 1350 2500 1351 2500 1340 2500 2189 2501 2190 2501 2178 2501 937 2502 926 2502 932 2502 1960 2503 1957 2503 1956 2503 938 2504 937 2504 944 2504 939 2505 938 2505 944 2505 937 2506 936 2506 914 2506 936 2507 939 2507 914 2507 2049 2508 2052 2508 2053 2508 940 2509 943 2509 941 2509 927 2510 913 2510 942 2510 913 2511 931 2511 942 2511 2177 2512 2190 2512 2161 2512 2171 2513 2213 2513 2212 2513 952 2514 953 2514 929 2514 934 2515 929 2515 962 2515 929 2516 954 2516 962 2516 954 2517 925 2517 962 2517 925 2518 935 2518 962 2518 947 2519 963 2519 946 2519 929 2520 934 2520 949 2520 949 2521 935 2521 925 2521 949 2522 925 2522 946 2522 949 2523 963 2523 947 2523 1763 2524 1768 2524 1788 2524 2179 2525 2213 2525 2228 2525 1338 2526 1383 2526 1382 2526 2194 2527 2193 2527 2172 2527 965 2528 970 2528 969 2528 928 2529 972 2529 971 2529 980 2530 936 2530 972 2530 936 2531 969 2531 971 2531 936 2532 971 2532 972 2532 938 2533 979 2533 974 2533 979 2534 980 2534 978 2534 969 2535 966 2535 967 2535 966 2536 938 2536 965 2536 967 2537 968 2537 969 2537 980 2538 972 2538 973 2538 980 2539 973 2539 975 2539 980 2540 975 2540 976 2540 964 2541 965 2541 938 2541 980 2542 976 2542 977 2542 980 2543 977 2543 978 2543 974 2544 964 2544 938 2544 971 2545 969 2545 970 2545 2020 2546 2017 2546 2018 2546 2018 2547 2004 2547 2020 2547 981 2548 932 2548 965 2548 932 2549 928 2549 965 2549 933 2550 981 2550 924 2550 1764 2551 1770 2551 1791 2551 964 2552 983 2552 966 2552 977 2553 975 2553 983 2553 968 2554 966 2554 970 2554 964 2555 979 2555 983 2555 979 2556 977 2556 983 2556 972 2557 970 2557 975 2557 2078 2558 2107 2558 2103 2558 2107 2559 2079 2559 2066 2559 2103 2560 2107 2560 2066 2560 2103 2561 2105 2561 2076 2561 956 2562 958 2562 953 2562 953 2563 958 2563 960 2563 951 2564 953 2564 984 2564 984 2565 948 2565 951 2565 2090 2566 2119 2566 2115 2566 2119 2567 2083 2567 2115 2567 2085 2568 2118 2568 2114 2568 2118 2569 2086 2569 2112 2569 2086 2570 2117 2570 2112 2570 2114 2571 2115 2571 2083 2571 2128 2572 2125 2572 2127 2572 2125 2573 2128 2573 2129 2573 2122 2574 2125 2574 2129 2574 2112 2575 2127 2575 2122 2575 1674 2576 1683 2576 1682 2576 2158 2577 2155 2577 2159 2577 2121 2578 2070 2578 2113 2578 2073 2579 2121 2579 2113 2579 2113 2580 2065 2580 2072 2580 992 2581 991 2581 953 2581 953 2582 991 2582 993 2582 991 2583 990 2583 989 2583 2116 2584 2065 2584 2112 2584 2139 2585 2138 2585 2126 2585 2138 2586 2135 2586 2126 2586 1000 2587 1001 2587 983 2587 999 2588 1000 2588 983 2588 1001 2589 998 2589 983 2589 983 2590 998 2590 997 2590 998 2591 1000 2591 997 2591 998 2592 1003 2592 1004 2592 2157 2593 2158 2593 2160 2593 2160 2594 2156 2594 2157 2594 1016 2595 1020 2595 1018 2595 1229 2596 1231 2596 1234 2596 1148 2597 1161 2597 1159 2597 1951 2598 1950 2598 1990 2598 1442 2599 1443 2599 1438 2599 1443 2600 1441 2600 1437 2600 1016 2601 1019 2601 1020 2601 1020 2602 1019 2602 1015 2602 1153 2603 1181 2603 1180 2603 1181 2604 1155 2604 1180 2604 1180 2605 1155 2605 1179 2605 1014 2606 1018 2606 1021 2606 1549 2607 1548 2607 1553 2607 1833 2608 1832 2608 1834 2608 1030 2609 1027 2609 1022 2609 1034 2610 1023 2610 1026 2610 1025 2611 1038 2611 1026 2611 1040 2612 1041 2612 1024 2612 1156 2613 1157 2613 1133 2613 1580 2614 1581 2614 1552 2614 1057 2615 1048 2615 1034 2615 1154 2616 1155 2616 1138 2616 1055 2617 1056 2617 1036 2617 1146 2618 1147 2618 1140 2618 1255 2619 1256 2619 1242 2619 1056 2620 1057 2620 1026 2620 1052 2621 1053 2621 1026 2621 626 2622 627 2622 610 2622 1482 2623 1474 2623 1458 2623 1152 2624 1153 2624 1139 2624 848 2625 837 2625 824 2625 1147 2626 1148 2626 1132 2626 1252 2627 1253 2627 1239 2627 639 2628 622 2628 612 2628 1151 2629 1152 2629 1135 2629 1054 2630 1055 2630 1026 2630 1040 2631 1058 2631 1041 2631 1039 2632 1047 2632 1046 2632 1044 2633 1046 2633 1045 2633 1042 2634 1041 2634 1029 2634 1043 2635 1029 2635 1044 2635 1051 2636 1050 2636 1049 2636 1053 2637 1055 2637 1054 2637 1057 2638 1049 2638 1048 2638 1057 2639 1056 2639 1059 2639 1056 2640 1055 2640 1059 2640 2175 2641 2179 2641 2229 2641 2229 2642 2180 2642 2221 2642 2180 2643 2171 2643 2221 2643 2221 2644 2175 2644 2229 2644 1053 2645 1052 2645 1051 2645 1036 2646 1067 2646 1064 2646 1067 2647 1037 2647 1061 2647 1064 2648 1067 2648 1061 2648 1064 2649 1023 2649 1034 2649 1060 2650 1056 2650 1068 2650 1068 2651 1048 2651 1060 2651 1052 2652 1069 2652 1063 2652 1069 2653 1054 2653 1060 2653 1063 2654 1069 2654 1060 2654 1062 2655 1060 2655 1048 2655 1035 2656 1050 2656 1062 2656 1172 2657 1170 2657 1162 2657 1042 2658 1028 2658 1071 2658 1156 2659 1142 2659 1167 2659 1030 2660 1043 2660 1078 2660 1144 2661 1158 2661 1174 2661 1598 2662 1602 2662 1555 2662 1249 2663 1262 2663 1277 2663 737 2664 717 2664 765 2664 1043 2665 1030 2665 1075 2665 1040 2666 1077 2666 1072 2666 1077 2667 1042 2667 1072 2667 1072 2668 1047 2668 1076 2668 1078 2669 1043 2669 1070 2669 1043 2670 1079 2670 1070 2670 1079 2671 1045 2671 1074 2671 1074 2672 1047 2672 1072 2672 1042 2673 1078 2673 1072 2673 1070 2674 1072 2674 1078 2674 1080 2675 1033 2675 1075 2675 1030 2676 1022 2676 1075 2676 2254 2677 2257 2677 2258 2677 1032 2678 1080 2678 1073 2678 1080 2679 1075 2679 1073 2679 1022 2680 1030 2680 1071 2680 1073 2681 1071 2681 1028 2681 1286 2682 1284 2682 1243 2682 1040 2683 1031 2683 1073 2683 1079 2684 1075 2684 1033 2684 1242 2685 1256 2685 1287 2685 1586 2686 1592 2686 1578 2686 1180 2687 1183 2687 1139 2687 1285 2688 1289 2688 1244 2688 1145 2689 1162 2689 1175 2689 645 2690 649 2690 636 2690 1169 2691 1175 2691 1160 2691 1087 2692 1070 2692 1081 2692 1086 2693 1083 2693 1085 2693 1081 2694 1083 2694 1087 2694 1070 2695 1086 2695 1085 2695 1095 2696 1098 2696 1084 2696 1098 2697 1101 2697 1099 2697 1101 2698 1100 2698 1099 2698 1098 2699 1099 2699 1097 2699 1096 2700 1095 2700 1084 2700 1099 2701 1100 2701 1096 2701 1084 2702 1099 2702 1096 2702 1098 2703 1097 2703 1084 2703 1096 2704 1100 2704 1103 2704 1102 2705 1100 2705 1101 2705 1101 2706 1095 2706 1097 2706 1097 2707 1095 2707 1103 2707 1095 2708 1096 2708 1103 2708 1105 2709 1106 2709 1104 2709 1109 2710 1105 2710 1104 2710 1106 2711 1109 2711 1107 2711 1108 2712 1107 2712 1109 2712 1106 2713 1105 2713 1081 2713 1105 2714 1110 2714 1081 2714 1112 2715 1117 2715 1118 2715 1946 2716 1954 2716 1952 2716 1952 2717 1948 2717 1950 2717 2169 2718 2166 2718 2163 2718 2165 2719 2169 2719 2163 2719 1116 2720 1117 2720 1113 2720 1185 2721 1138 2721 1178 2721 1184 2722 1140 2722 1178 2722 1140 2723 1185 2723 1178 2723 1136 2724 1184 2724 1177 2724 1130 2725 1137 2725 1177 2725 1542 2726 1544 2726 1543 2726 702 2727 707 2727 706 2727 1125 2728 1120 2728 1127 2728 1125 2729 1122 2729 1123 2729 713 2730 712 2730 716 2730 1789 2731 1785 2731 1770 2731 1128 2732 1126 2732 1124 2732 1128 2733 1124 2733 1121 2733 1240 2734 1236 2734 1235 2734 937 2735 938 2735 933 2735 813 2736 809 2736 808 2736 1128 2737 1125 2737 1127 2737 1128 2738 1121 2738 1129 2738 1129 2739 1120 2739 1122 2739 1838 2740 1842 2740 1841 2740 805 2741 806 2741 803 2741 1130 2742 1137 2742 1135 2742 1135 2743 1138 2743 1132 2743 1142 2744 1131 2744 1134 2744 1573 2745 1565 2745 1551 2745 1149 2746 1150 2746 1132 2746 1157 2747 1158 2747 1144 2747 1260 2748 1251 2748 1239 2748 1164 2749 1165 2749 1134 2749 1161 2750 1162 2750 1145 2750 1258 2751 1259 2751 1239 2751 1264 2752 1265 2752 1240 2752 629 2753 630 2753 616 2753 1257 2754 1258 2754 1245 2754 1163 2755 1164 2755 1141 2755 623 2756 624 2756 614 2756 638 2757 625 2757 611 2757 744 2758 745 2758 716 2758 1259 2759 1260 2759 1241 2759 1263 2760 1264 2760 1247 2760 1253 2761 1254 2761 1243 2761 1165 2762 1156 2762 1142 2762 1453 2763 1464 2763 1455 2763 1131 2764 1142 2764 1133 2764 1143 2765 1134 2765 1133 2765 1143 2766 1171 2766 1167 2766 1171 2767 1144 2767 1167 2767 1167 2768 1142 2768 1131 2768 1172 2769 1145 2769 1169 2769 1169 2770 1141 2770 1172 2770 1165 2771 1164 2771 1163 2771 1162 2772 1161 2772 1163 2772 2087 2773 2099 2773 2101 2773 921 2774 918 2774 916 2774 920 2775 918 2775 922 2775 1131 2776 1142 2776 1169 2776 1142 2777 1173 2777 1169 2777 1173 2778 1141 2778 1169 2778 1164 2779 1173 2779 1166 2779 1170 2780 1164 2780 1166 2780 1173 2781 1156 2781 1166 2781 1156 2782 1174 2782 1166 2782 1174 2783 1158 2783 1168 2783 1170 2784 1175 2784 1162 2784 1151 2785 1150 2785 1124 2785 1152 2786 1154 2786 1153 2786 1152 2787 1151 2787 1124 2787 1175 2788 1170 2788 1168 2788 1561 2789 1563 2789 1551 2789 1551 2790 1549 2790 1561 2790 1171 2791 1168 2791 1158 2791 1181 2792 1178 2792 1138 2792 1142 2793 1156 2793 1173 2793 1179 2794 1185 2794 1140 2794 1176 2795 1184 2795 1136 2795 1464 2796 1455 2796 1502 2796 1258 2797 1245 2797 1284 2797 642 2798 648 2798 632 2798 1137 2799 1151 2799 1182 2799 1182 2800 1151 2800 1176 2800 1176 2801 1151 2801 1180 2801 1149 2802 1182 2802 1176 2802 1179 2803 1147 2803 1176 2803 1139 2804 1183 2804 1178 2804 1183 2805 1137 2805 1178 2805 1137 2806 1130 2806 1178 2806 1278 2807 1275 2807 1266 2807 1250 2808 1267 2808 1275 2808 1272 2809 1279 2809 1262 2809 1462 2810 1480 2810 1492 2810 1151 2811 1137 2811 1183 2811 1461 2812 1476 2812 1484 2812 1669 2813 1659 2813 1703 2813 616 2814 630 2814 641 2814 1981 2815 1962 2815 2007 2815 615 2816 628 2816 649 2816 1191 2817 1176 2817 1187 2817 1176 2818 1192 2818 1187 2818 1189 2819 1191 2819 1187 2819 1190 2820 1193 2820 1166 2820 1186 2821 1190 2821 1166 2821 1205 2822 1204 2822 1190 2822 1204 2823 1203 2823 1202 2823 1203 2824 1205 2824 1206 2824 1202 2825 1203 2825 1206 2825 1208 2826 1203 2826 1207 2826 1205 2827 1203 2827 1208 2827 1209 2828 1205 2828 1208 2828 1209 2829 1207 2829 1204 2829 1204 2830 1205 2830 1209 2830 1211 2831 1210 2831 1192 2831 1212 2832 1211 2832 1192 2832 1215 2833 1211 2833 1212 2833 1214 2834 1215 2834 1212 2834 1212 2835 1213 2835 1214 2835 2018 2836 2045 2836 2043 2836 1211 2837 1215 2837 1216 2837 1215 2838 1210 2838 1217 2838 1213 2839 1216 2839 1215 2839 2181 2840 2172 2840 2193 2840 2176 2841 2182 2841 2209 2841 2193 2842 2176 2842 2209 2842 1205 2843 1190 2843 1206 2843 1225 2844 1224 2844 1220 2844 1336 2845 1333 2845 1337 2845 1134 2846 1131 2846 1130 2846 2185 2847 2186 2847 2180 2847 1429 2848 1432 2848 1433 2848 1647 2849 1641 2849 1645 2849 1343 2850 1345 2850 1344 2850 1306 2851 1307 2851 1303 2851 1303 2852 1305 2852 1302 2852 1246 2853 1236 2853 1240 2853 1237 2854 1242 2854 1235 2854 1249 2855 1240 2855 1238 2855 1250 2856 1278 2856 1274 2856 1278 2857 1248 2857 1274 2857 1247 2858 1272 2858 1274 2858 1249 2859 1277 2859 1272 2859 1277 2860 1246 2860 1272 2860 1246 2861 1236 2861 1272 2861 1270 2862 1267 2862 1250 2862 625 2863 626 2863 609 2863 1053 2864 1054 2864 1037 2864 1465 2865 1466 2865 1454 2865 1673 2866 1674 2866 1653 2866 1262 2867 1263 2867 1240 2867 1478 2868 1479 2868 1450 2868 632 2869 633 2869 608 2869 1677 2870 1678 2870 1652 2870 1469 2871 1470 2871 1457 2871 631 2872 632 2872 617 2872 1266 2873 1270 2873 1240 2873 1267 2874 1268 2874 1240 2874 734 2875 735 2875 719 2875 1268 2876 1261 2876 1246 2876 1571 2877 1572 2877 1555 2877 743 2878 744 2878 725 2878 634 2879 635 2879 608 2879 1269 2880 1255 2880 1254 2880 1259 2881 1258 2881 1257 2881 1269 2882 1254 2882 1253 2882 1260 2883 1259 2883 1251 2883 1253 2884 1252 2884 1251 2884 1311 2885 1315 2885 1318 2885 1316 2886 1311 2886 1318 2886 1315 2887 1314 2887 1317 2887 1314 2888 1316 2888 1317 2888 1262 2889 1238 2889 1263 2889 1238 2890 1261 2890 1268 2890 1264 2891 1263 2891 1265 2891 1266 2892 1265 2892 1270 2892 1270 2893 1268 2893 1267 2893 1670 2894 1663 2894 1678 2894 1170 2895 1166 2895 1169 2895 1246 2896 1276 2896 1236 2896 1276 2897 1250 2897 1274 2897 1273 2898 1280 2898 1266 2898 1277 2899 1262 2899 1271 2899 1262 2900 1279 2900 1273 2900 1271 2901 1262 2901 1273 2901 1279 2902 1264 2902 1273 2902 1264 2903 1280 2903 1273 2903 1261 2904 1277 2904 1271 2904 1267 2905 1276 2905 1275 2905 1276 2906 1261 2906 1271 2906 1271 2907 1275 2907 1276 2907 1274 2908 1280 2908 1264 2908 754 2909 747 2909 744 2909 1473 2910 1460 2910 1483 2910 1155 2911 1138 2911 1185 2911 1246 2912 1261 2912 1276 2912 617 2913 632 2913 650 2913 1570 2914 1556 2914 1602 2914 1254 2915 1243 2915 1283 2915 1945 2916 1941 2916 1939 2916 1258 2917 1288 2917 1285 2917 1288 2918 1260 2918 1285 2918 1287 2919 1256 2919 1282 2919 1286 2920 1254 2920 1282 2920 1254 2921 1287 2921 1282 2921 1282 2922 1252 2922 1286 2922 1258 2923 1285 2923 1281 2923 1244 2924 1289 2924 1284 2924 1289 2925 1241 2925 1284 2925 1242 2926 1283 2926 1235 2926 1284 2927 1283 2927 1243 2927 1260 2928 1241 2928 1289 2928 1288 2929 1284 2929 1241 2929 1256 2930 1242 2930 1290 2930 622 2931 612 2931 660 2931 646 2932 644 2932 634 2932 1485 2933 1491 2933 1476 2933 1499 2934 1497 2934 1452 2934 1460 2935 1473 2935 1487 2935 1488 2936 1484 2936 1474 2936 657 2937 652 2937 612 2937 1239 2938 1243 2938 1237 2938 1242 2939 1239 2939 1235 2939 1295 2940 1292 2940 1281 2940 1252 2941 1282 2941 1285 2941 1284 2942 1245 2942 1290 2942 1290 2943 1242 2943 1284 2943 1271 2944 1297 2944 1293 2944 1293 2945 1291 2945 1271 2945 1016 2946 1018 2946 1017 2946 1311 2947 1314 2947 1295 2947 1304 2948 1302 2948 1305 2948 1305 2949 1308 2949 1304 2949 1308 2950 1307 2950 1306 2950 1305 2951 1303 2951 1309 2951 1303 2952 1307 2952 1310 2952 1307 2953 1293 2953 1310 2953 1293 2954 1308 2954 1305 2954 1309 2955 1293 2955 1305 2955 1303 2956 1310 2956 1309 2956 1314 2957 1311 2957 1316 2957 1295 2958 1312 2958 1311 2958 1312 2959 1313 2959 1315 2959 1313 2960 1314 2960 1315 2960 1319 2961 1320 2961 1321 2961 1233 2962 1227 2962 1234 2962 1227 2963 1230 2963 1234 2963 1325 2964 1326 2964 1322 2964 1343 2965 1349 2965 1345 2965 1345 2966 1348 2966 1339 2966 1420 2967 1421 2967 1402 2967 859 2968 832 2968 856 2968 832 2969 858 2969 856 2969 858 2970 827 2970 856 2970 830 2971 860 2971 854 2971 831 2972 859 2972 856 2972 829 2973 856 2973 815 2973 827 2974 854 2974 856 2974 1228 2975 1233 2975 1232 2975 1846 2976 1845 2976 1849 2976 1846 2977 1851 2977 1852 2977 934 2978 942 2978 963 2978 705 2979 704 2979 703 2979 1130 2980 1176 2980 1180 2980 2178 2981 2172 2981 2171 2981 1131 2982 1133 2982 1132 2982 1236 2983 1238 2983 1237 2983 1344 2984 1346 2984 1342 2984 1338 2985 1347 2985 1344 2985 1340 2986 1347 2986 1338 2986 1342 2987 1346 2987 1340 2987 616 2988 647 2988 642 2988 647 2989 615 2989 642 2989 1336 2990 1332 2990 1331 2990 1771 2991 1769 2991 1756 2991 1654 2992 1681 2992 1667 2992 621 2993 639 2993 607 2993 1344 2994 1329 2994 1350 2994 1329 2995 1351 2995 1350 2995 1352 2996 1354 2996 1353 2996 1341 2997 1349 2997 1343 2997 1339 2998 1348 2998 1341 2998 1341 2999 1328 2999 1356 2999 1328 3000 1357 3000 1356 3000 1358 3001 1355 3001 1357 3001 2203 3002 2202 3002 2176 3002 1780 3003 1781 3003 1758 3003 1349 3004 1377 3004 1343 3004 1343 3005 1377 3005 1360 3005 1377 3006 1348 3006 1339 3006 1377 3007 1339 3007 1360 3007 1369 3008 1349 3008 1343 3008 1339 3009 1348 3009 1369 3009 1363 3010 1380 3010 1365 3010 1380 3011 1356 3011 1368 3011 1367 3012 1380 3012 1368 3012 1356 3013 1379 3013 1370 3013 1356 3014 1370 3014 1368 3014 1379 3015 1378 3015 1373 3015 1374 3016 1378 3016 1375 3016 1378 3017 1355 3017 1359 3017 1355 3018 1363 3018 1361 3018 1361 3019 1363 3019 1362 3019 1366 3020 1365 3020 1380 3020 1367 3021 1366 3021 1380 3021 1355 3022 1361 3022 1359 3022 1378 3023 1359 3023 1376 3023 1370 3024 1379 3024 1371 3024 1378 3025 1376 3025 1375 3025 1372 3026 1371 3026 1379 3026 1378 3027 1374 3027 1373 3027 1349 3028 1356 3028 1380 3028 980 3029 974 3029 932 3029 1415 3030 1368 3030 1414 3030 1386 3031 1387 3031 1385 3031 1387 3032 1400 3032 1384 3032 1385 3033 1387 3033 1384 3033 1400 3034 1353 3034 1382 3034 1353 3035 1396 3035 1398 3035 1382 3036 1353 3036 1381 3036 1396 3037 1399 3037 1395 3037 1399 3038 1350 3038 1390 3038 1350 3039 1387 3039 1389 3039 1389 3040 1387 3040 1388 3040 1350 3041 1389 3041 1390 3041 1384 3042 1400 3042 1382 3042 1381 3043 1353 3043 1398 3043 1399 3044 1390 3044 1391 3044 1399 3045 1391 3045 1393 3045 1399 3046 1393 3046 1394 3046 1397 3047 1398 3047 1396 3047 1399 3048 1394 3048 1395 3048 1347 3049 1400 3049 1338 3049 1338 3050 1400 3050 1383 3050 1400 3051 1346 3051 1342 3051 1400 3052 1342 3052 1383 3052 1386 3053 1393 3053 1388 3053 1393 3054 1390 3054 1388 3054 1384 3055 1381 3055 1402 3055 1386 3056 1384 3056 1402 3056 1381 3057 1397 3057 1402 3057 1397 3058 1395 3058 1402 3058 1395 3059 1393 3059 1402 3059 614 3060 605 3060 607 3060 1371 3061 1373 3061 1368 3061 1373 3062 1375 3062 1368 3062 1368 3063 1375 3063 1359 3063 1656 3064 1654 3064 1663 3064 879 3065 877 3065 873 3065 1421 3066 1424 3066 1423 3066 1424 3067 1420 3067 1422 3067 1423 3068 1424 3068 1422 3068 1420 3069 1402 3069 1422 3069 1326 3070 1327 3070 1320 3070 1420 3071 1424 3071 1425 3071 1425 3072 1424 3072 1426 3072 1424 3073 1421 3073 1426 3073 1421 3074 1425 3074 1422 3074 1421 3075 1422 3075 1426 3075 1750 3076 1747 3076 1744 3076 1329 3077 1328 3077 1333 3077 1749 3078 1752 3078 1751 3078 1229 3079 1227 3079 1233 3079 1383 3080 1385 3080 1384 3080 715 3081 714 3081 712 3081 1753 3082 1792 3082 1803 3082 1760 3083 1754 3083 1753 3083 1650 3084 1649 3084 1653 3084 1456 3085 1446 3085 1448 3085 1452 3086 1453 3086 1451 3086 1453 3087 1455 3087 1448 3087 639 3088 623 3088 622 3088 638 3089 626 3089 625 3089 639 3090 621 3090 620 3090 627 3091 626 3091 620 3091 1456 3092 1451 3092 1446 3092 1462 3093 1459 3093 1450 3093 1459 3094 1460 3094 1447 3094 1459 3095 1447 3095 1450 3095 1449 3096 1461 3096 1450 3096 1468 3097 1481 3097 1469 3097 1469 3098 1471 3098 1470 3098 845 3099 846 3099 818 3099 1471 3100 1472 3100 1452 3100 1578 3101 1579 3101 1552 3101 1468 3102 1469 3102 1451 3102 745 3103 738 3103 724 3103 736 3104 737 3104 717 3104 1477 3105 1478 3105 1463 3105 1476 3106 1477 3106 1450 3106 1479 3107 1480 3107 1462 3107 1459 3108 1473 3108 1460 3108 1475 3109 1476 3109 1461 3109 1579 3110 1580 3110 1564 3110 835 3111 834 3111 825 3111 1583 3112 1578 3112 1560 3112 731 3113 732 3113 714 3113 1568 3114 1569 3114 1550 3114 834 3115 835 3115 822 3115 1566 3116 1567 3116 1551 3116 1480 3117 1479 3117 1459 3117 1477 3118 1476 3118 1475 3118 1475 3119 1474 3119 1482 3119 1473 3120 1459 3120 1482 3120 1495 3121 1496 3121 1472 3121 1496 3122 1470 3122 1499 3122 1472 3123 1496 3123 1499 3123 1472 3124 1498 3124 1495 3124 1498 3125 1464 3125 1495 3125 1478 3126 1477 3126 1479 3126 1465 3127 1467 3127 1466 3127 1481 3128 1468 3128 1467 3128 1472 3129 1471 3129 1453 3129 1461 3130 1488 3130 1485 3130 1488 3131 1458 3131 1483 3131 1460 3132 1447 3132 1483 3132 1485 3133 1489 3133 1462 3133 1488 3134 1483 3134 1485 3134 1743 3135 1755 3135 1765 3135 1765 3136 1767 3136 1743 3136 1512 3137 1515 3137 1516 3137 1513 3138 1514 3138 1512 3138 1512 3139 1516 3139 1513 3139 651 3140 661 3140 662 3140 1466 3141 1454 3141 1501 3141 1495 3142 1502 3142 1454 3142 762 3143 758 3143 720 3143 1568 3144 1557 3144 1603 3144 724 3145 738 3145 747 3145 1485 3146 1492 3146 1478 3146 726 3147 742 3147 755 3147 1470 3148 1457 3148 1497 3148 1701 3149 1698 3149 1661 3149 1646 3150 1643 3150 1644 3150 1457 3151 1500 3151 1497 3151 1500 3152 1456 3152 1497 3152 1456 3153 1446 3153 1497 3153 1452 3154 1497 3154 1494 3154 1502 3155 1455 3155 1494 3155 1501 3156 1454 3156 1494 3156 1454 3157 1502 3157 1494 3157 1494 3158 1446 3158 1501 3158 1586 3159 1593 3159 1577 3159 1456 3160 1468 3160 1493 3160 1589 3161 1588 3161 1580 3161 1496 3162 1500 3162 1457 3162 733 3163 718 3163 761 3163 1971 3164 1984 3164 2001 3164 1048 3165 1034 3165 1066 3165 1667 3166 1681 3166 1689 3166 753 3167 751 3167 742 3167 1493 3168 1505 3168 1520 3168 1487 3169 1506 3169 1503 3169 1487 3170 1519 3170 1507 3170 2019 3171 2016 3171 2021 3171 1353 3172 1347 3172 1401 3172 1515 3173 1511 3173 1516 3173 1511 3174 1512 3174 1514 3174 677 3175 678 3175 683 3175 678 3176 682 3176 679 3176 683 3177 678 3177 679 3177 1506 3178 1507 3178 1519 3178 1447 3179 1460 3179 1485 3179 1460 3180 1489 3180 1485 3180 1515 3181 1512 3181 1519 3181 1512 3182 1511 3182 1517 3182 680 3183 676 3183 679 3183 1520 3184 1523 3184 1524 3184 1523 3185 1522 3185 1521 3185 1521 3186 1525 3186 1523 3186 1520 3187 1521 3187 1522 3187 1525 3188 1521 3188 1527 3188 1524 3189 1525 3189 1528 3189 1521 3190 1526 3190 1527 3190 692 3191 698 3191 696 3191 1545 3192 1538 3192 1543 3192 705 3193 702 3193 706 3193 1257 3194 1268 3194 1270 3194 1062 3195 1061 3195 1023 3195 811 3196 808 3196 807 3196 925 3197 927 3197 926 3197 1856 3198 1855 3198 1853 3198 1556 3199 1548 3199 1550 3199 1554 3200 1551 3200 1553 3200 1557 3201 1550 3201 1551 3201 696 3202 697 3202 694 3202 1569 3203 1570 3203 1556 3203 728 3204 729 3204 721 3204 1355 3205 1358 3205 1341 3205 1575 3206 1577 3206 1559 3206 1575 3207 1576 3207 1563 3207 1577 3208 1583 3208 1552 3208 742 3209 743 3209 716 3209 837 3210 838 3210 820 3210 2177 3211 2183 3211 2179 3211 846 3212 847 3212 831 3212 730 3213 731 3213 720 3213 833 3214 835 3214 816 3214 738 3215 739 3215 722 3215 1985 3216 1986 3216 1970 3216 1682 3217 1676 3217 1665 3217 737 3218 728 3218 715 3218 739 3219 741 3219 727 3219 1663 3220 1680 3220 1668 3220 1674 3221 1675 3221 1655 3221 1566 3222 1565 3222 1567 3222 1542 3223 1571 3223 1570 3223 1569 3224 1542 3224 1570 3224 1582 3225 1565 3225 1573 3225 1573 3226 1553 3226 1582 3226 1582 3227 1553 3227 1572 3227 1568 3228 1567 3228 1569 3228 1571 3229 1582 3229 1572 3229 1581 3230 1541 3230 1574 3230 1578 3231 1583 3231 1579 3231 1580 3232 1579 3232 1581 3232 1541 3233 1575 3233 1574 3233 639 3234 620 3234 640 3234 1584 3235 1562 3235 1549 3235 1584 3236 1586 3236 1563 3236 1593 3237 1578 3237 1587 3237 1578 3238 1592 3238 1587 3238 1592 3239 1580 3239 1588 3239 1574 3240 1591 3240 1585 3240 1591 3241 1576 3241 1585 3241 1588 3242 1587 3242 1592 3242 1559 3243 1590 3243 1586 3243 1589 3244 1564 3244 1586 3244 1549 3245 1562 3245 1586 3245 1562 3246 1589 3246 1586 3246 714 3247 718 3247 712 3247 714 3248 715 3248 720 3248 856 3249 861 3249 847 3249 1666 3250 1677 3250 1693 3250 752 3251 749 3251 740 3251 1601 3252 1597 3252 1554 3252 2115 3253 2120 3253 2074 3253 1560 3254 1578 3254 1593 3254 729 3255 721 3255 758 3255 1458 3256 1474 3256 1490 3256 750 3257 755 3257 741 3257 1572 3258 1601 3258 1596 3258 1572 3259 1596 3259 1598 3259 1600 3260 1568 3260 1594 3260 1556 3261 1548 3261 1597 3261 1554 3262 1597 3262 1595 3262 1555 3263 1602 3263 1597 3263 1556 3264 1603 3264 1548 3264 1603 3265 1557 3265 1595 3265 1595 3266 1548 3266 1603 3266 738 3267 724 3267 748 3267 1599 3268 1595 3268 1558 3268 1566 3269 1558 3269 1595 3269 759 3270 765 3270 721 3270 723 3271 740 3271 756 3271 760 3272 764 3272 717 3272 727 3273 741 3273 749 3273 854 3274 862 3274 842 3274 870 3275 866 3275 825 3275 735 3276 719 3276 764 3276 1608 3277 1598 3277 1610 3277 1608 3278 1610 3278 1606 3278 1604 3279 1598 3279 1608 3279 1605 3280 1609 3280 1588 3280 1612 3281 1607 3281 1605 3281 1605 3282 1588 3282 1611 3282 1611 3283 1612 3283 1605 3283 1620 3284 1618 3284 1619 3284 1617 3285 1620 3285 1619 3285 1618 3286 1621 3286 1616 3286 1621 3287 1620 3287 1617 3287 1618 3288 1616 3288 1619 3288 1620 3289 1622 3289 1616 3289 1620 3290 1616 3290 1607 3290 1618 3291 1620 3291 1607 3291 1657 3292 1671 3292 1670 3292 1673 3293 1683 3293 1674 3293 1675 3294 1674 3294 1656 3294 1656 3295 1670 3295 1669 3295 1624 3296 1604 3296 1625 3296 1678 3297 1677 3297 1684 3297 1654 3298 1682 3298 1681 3298 1684 3299 1676 3299 1682 3299 1625 3300 1630 3300 1629 3300 1629 3301 1628 3301 1623 3301 1625 3302 1629 3302 1623 3302 1628 3303 1626 3303 1630 3303 1626 3304 1627 3304 1630 3304 724 3305 713 3305 716 3305 1637 3306 1639 3306 1632 3306 596 3307 598 3307 597 3307 2059 3308 2064 3308 2061 3308 2057 3309 2062 3309 2059 3309 1773 3310 1791 3310 1790 3310 1845 3311 1848 3311 1852 3311 1345 3312 1339 3312 1338 3312 1874 3313 1862 3313 1905 3313 1227 3314 1229 3314 1228 3314 2168 3315 2170 3315 2162 3315 2163 3316 2162 3316 2170 3316 1641 3317 1647 3317 1648 3317 916 3318 920 3318 921 3318 920 3319 915 3319 921 3319 1542 3320 1541 3320 1581 3320 598 3321 602 3321 603 3321 699 3322 700 3322 694 3322 817 3323 816 3323 814 3323 815 3324 814 3324 820 3324 1626 3325 1624 3325 1623 3325 1604 3326 1627 3326 1623 3326 1650 3327 1665 3327 1652 3327 1667 3328 1664 3328 1654 3328 1664 3329 1665 3329 1650 3329 1664 3330 1650 3330 1654 3330 1662 3331 1663 3331 1652 3331 1663 3332 1668 3332 1652 3332 1676 3333 1684 3333 1652 3333 2082 3334 2083 3334 2070 3334 836 3335 848 3335 820 3335 851 3336 843 3336 827 3336 1051 3337 1052 3337 1038 3337 840 3338 841 3338 817 3338 1681 3339 1682 3339 1664 3339 2089 3340 2090 3340 2074 3340 844 3341 845 3341 832 3341 1882 3342 1883 3342 1869 3342 1888 3343 1879 3343 1866 3343 1885 3344 1886 3344 1858 3344 1980 3345 1981 3345 1962 3345 1883 3346 1884 3346 1858 3346 733 3347 734 3347 716 3347 1238 3348 1262 3348 1249 3348 841 3349 842 3349 830 3349 1663 3350 1654 3350 1680 3350 1679 3351 1678 3351 1663 3351 1639 3352 1638 3352 1633 3352 712 3353 718 3353 758 3353 718 3354 766 3354 758 3354 766 3355 720 3355 758 3355 721 3356 765 3356 758 3356 765 3357 717 3357 758 3357 717 3358 764 3358 758 3358 764 3359 719 3359 761 3359 764 3360 761 3360 758 3360 1648 3361 1647 3361 1640 3361 1467 3362 1465 3362 1477 3362 1668 3363 1690 3363 1687 3363 1690 3364 1662 3364 1687 3364 1662 3365 1692 3365 1687 3365 1692 3366 1666 3366 1687 3366 1666 3367 1685 3367 1687 3367 1691 3368 1668 3368 1687 3368 1667 3369 1691 3369 1687 3369 1650 3370 1665 3370 1687 3370 1618 3371 1607 3371 1622 3371 773 3372 774 3372 769 3372 1681 3373 1694 3373 1689 3373 1694 3374 1676 3374 1689 3374 1676 3375 1693 3375 1686 3375 1693 3376 1677 3376 1686 3376 1677 3377 1692 3377 1686 3377 1692 3378 1679 3378 1686 3378 1679 3379 1688 3379 1686 3379 1680 3380 1689 3380 1688 3380 1699 3381 1704 3381 1655 3381 642 3382 650 3382 630 3382 658 3383 655 3383 611 3383 831 3384 847 3384 859 3384 1866 3385 1879 3385 1899 3385 1672 3386 1658 3386 1698 3386 1153 3387 1139 3387 1178 3387 1147 3388 1140 3388 1184 3388 1671 3389 1660 3389 1696 3389 1872 3390 1863 3390 1903 3390 1718 3391 1722 3391 1724 3391 1701 3392 1673 3392 1695 3392 1695 3393 1673 3393 1699 3393 1695 3394 1672 3394 1701 3394 1655 3395 1704 3395 1698 3395 1704 3396 1661 3396 1698 3396 1658 3397 1649 3397 1698 3397 1876 3398 1861 3398 1905 3398 1673 3399 1661 3399 1704 3399 1979 3400 1966 3400 2007 3400 863 3401 871 3401 824 3401 2080 3402 2096 3402 2111 3402 840 3403 829 3403 860 3403 837 3404 824 3404 866 3404 832 3405 845 3405 857 3405 839 3406 821 3406 872 3406 1695 3407 1709 3407 1705 3407 1782 3408 1754 3408 1789 3408 1754 3409 1763 3409 1789 3409 1789 3410 1764 3410 1758 3410 1789 3411 1758 3411 1782 3411 1707 3412 1711 3412 1689 3412 1700 3413 1669 3413 1699 3413 1699 3414 1669 3414 1697 3414 1671 3415 1702 3415 1697 3415 1702 3416 1672 3416 1695 3416 1702 3417 1695 3417 1697 3417 1675 3418 1700 3418 1699 3418 1706 3419 1689 3419 1710 3419 1711 3420 1707 3420 1710 3420 1707 3421 1706 3421 1710 3421 1703 3422 1659 3422 1698 3422 1698 3423 1696 3423 1703 3423 1696 3424 1649 3424 1658 3424 1703 3425 1696 3425 1660 3425 1800 3426 1801 3426 1765 3426 1765 3427 1810 3427 1800 3427 1810 3428 1793 3428 1795 3428 1766 3429 1792 3429 1793 3429 1799 3430 1800 3430 1810 3430 1798 3431 1799 3431 1810 3431 1810 3432 1795 3432 1796 3432 1810 3433 1796 3433 1797 3433 1722 3434 1721 3434 1725 3434 1725 3435 1721 3435 1707 3435 1721 3436 1718 3436 1724 3436 1725 3437 1724 3437 1722 3437 1721 3438 1724 3438 1707 3438 1721 3439 1722 3439 1723 3439 1720 3440 1721 3440 1723 3440 1722 3441 1718 3441 1719 3441 1723 3442 1722 3442 1719 3442 1726 3443 1727 3443 1728 3443 1727 3444 1729 3444 1728 3444 1729 3445 1730 3445 1728 3445 795 3446 794 3446 793 3446 794 3447 796 3447 791 3447 793 3448 792 3448 795 3448 794 3449 791 3449 793 3449 1731 3450 1726 3450 1729 3450 1726 3451 1728 3451 1732 3451 1732 3452 1728 3452 1709 3452 1728 3453 1731 3453 1709 3453 1709 3454 1731 3454 1729 3454 1761 3455 1755 3455 1757 3455 1755 3456 1762 3456 1753 3456 794 3457 792 3457 796 3457 1733 3458 1739 3458 1740 3458 795 3459 792 3459 798 3459 798 3460 792 3460 767 3460 1738 3461 1741 3461 1737 3461 1739 3462 1737 3462 1741 3462 1739 3463 1741 3463 1740 3463 1847 3464 1850 3464 1849 3464 1746 3465 1748 3465 1747 3465 2162 3466 2163 3466 2167 3466 1355 3467 1348 3467 1377 3467 1841 3468 1843 3468 1839 3468 808 3469 810 3469 813 3469 939 3470 931 3470 913 3470 608 3471 606 3471 605 3471 927 3472 929 3472 928 3472 1756 3473 1758 3473 1757 3473 1758 3474 1760 3474 1759 3474 1759 3475 1761 3475 1757 3475 1762 3476 1759 3476 1753 3476 1763 3477 1756 3477 1754 3477 1756 3478 1764 3478 1758 3478 938 3479 939 3479 930 3479 939 3480 936 3480 932 3480 2191 3481 2188 3481 2181 3481 828 3482 840 3482 829 3482 942 3483 934 3483 927 3483 1742 3484 1760 3484 1770 3484 1742 3485 1770 3485 1769 3485 1783 3486 1782 3486 1758 3486 1370 3487 1369 3487 1343 3487 1757 3488 1803 3488 1802 3488 1761 3489 1757 3489 1794 3489 1753 3490 1762 3490 1810 3490 1794 3491 1753 3491 1810 3491 1773 3492 1763 3492 1754 3492 1733 3493 1738 3493 1737 3493 1790 3494 1791 3494 1777 3494 1775 3495 1790 3495 1776 3495 1791 3496 1778 3496 1777 3496 1777 3497 1776 3497 1790 3497 1348 3498 1355 3498 1378 3498 940 3499 935 3499 949 3499 1367 3500 1368 3500 1343 3500 1361 3501 1360 3501 1339 3501 1803 3502 1792 3502 1766 3502 1766 3503 1808 3503 1803 3503 1808 3504 1809 3504 1807 3504 1809 3505 1765 3505 1802 3505 1804 3506 1809 3506 1802 3506 1765 3507 1801 3507 1802 3507 1809 3508 1804 3508 1805 3508 1809 3509 1805 3509 1806 3509 1809 3510 1762 3510 1753 3510 1803 3511 1809 3511 1753 3511 1757 3512 1761 3512 1803 3512 1765 3513 1761 3513 1794 3513 938 3514 933 3514 982 3514 1799 3515 1797 3515 1801 3515 1797 3516 1795 3516 1792 3516 1808 3517 1806 3517 1792 3517 1792 3518 1801 3518 1797 3518 1772 3519 1775 3519 1812 3519 1777 3520 1812 3520 1775 3520 1779 3521 1781 3521 1811 3521 1781 3522 1784 3522 1811 3522 1784 3523 1786 3523 1811 3523 1786 3524 1788 3524 1812 3524 1811 3525 1786 3525 1812 3525 1811 3526 1777 3526 1779 3526 666 3527 667 3527 665 3527 666 3528 665 3528 663 3528 668 3529 666 3529 663 3529 1834 3530 1828 3530 1835 3530 1828 3531 1830 3531 1835 3531 1830 3532 1832 3532 1792 3532 1835 3533 1830 3533 1792 3533 1821 3534 1825 3534 1820 3534 1830 3535 1828 3535 1829 3535 1828 3536 1831 3536 1833 3536 1832 3537 1830 3537 1831 3537 1830 3538 1829 3538 1831 3538 2202 3539 2192 3539 2172 3539 2004 3540 2018 3540 2014 3540 2014 3541 2017 3541 2021 3541 1219 3542 1223 3542 1225 3542 924 3543 964 3543 974 3543 958 3544 959 3544 954 3544 1698 3545 1649 3545 1695 3545 1359 3546 1403 3546 1386 3546 2152 3547 2157 3547 2154 3547 2157 3548 2156 3548 2154 3548 1859 3549 1860 3549 1857 3549 1864 3550 1865 3550 1857 3550 1862 3551 1859 3551 1853 3551 1854 3552 1866 3552 1856 3552 1858 3553 1856 3553 1869 3553 1866 3554 1854 3554 1858 3554 824 3555 871 3555 866 3555 871 3556 823 3556 814 3556 871 3557 814 3557 866 3557 826 3558 872 3558 866 3558 872 3559 821 3559 866 3559 1869 3560 1897 3560 1895 3560 1897 3561 1868 3561 1893 3561 1895 3562 1897 3562 1893 3562 1866 3563 1854 3563 1893 3563 1875 3564 1876 3564 1861 3564 2094 3565 2095 3565 2068 3565 1872 3566 1873 3566 1855 3566 1881 3567 1882 3567 1856 3567 1150 3568 1151 3568 1137 3568 1251 3569 1252 3569 1244 3569 1878 3570 1889 3570 1857 3570 1880 3571 1881 3571 1868 3571 1041 3572 1042 3572 1028 3572 1982 3573 1983 3573 1959 3573 1876 3574 1877 3574 1859 3574 1886 3575 1887 3575 1867 3575 1039 3576 1040 3576 1031 3576 1884 3577 1885 3577 1870 3577 2090 3578 2082 3578 2067 3578 1972 3579 1973 3579 1965 3579 1044 3580 1045 3580 1033 3580 1978 3581 1979 3581 1966 3581 1046 3582 1047 3582 1032 3582 1976 3583 1977 3583 1964 3583 1877 3584 1876 3584 1875 3584 1874 3585 1873 3585 1875 3585 1890 3586 1873 3586 1872 3586 1890 3587 1872 3587 1865 3587 1878 3588 1877 3588 1889 3588 1865 3589 1871 3589 1889 3589 878 3590 873 3590 876 3590 877 3591 879 3591 863 3591 1884 3592 1886 3592 1885 3592 1881 3593 1880 3593 1882 3593 875 3594 880 3594 881 3594 1537 3595 1532 3595 1531 3595 1854 3596 1866 3596 1895 3596 1867 3597 1898 3597 1895 3597 1898 3598 1870 3598 1895 3598 1900 3599 1885 3599 1896 3599 1885 3600 1898 3600 1896 3600 1898 3601 1892 3601 1896 3601 989 3602 990 3602 953 3602 990 3603 992 3603 953 3603 1907 3604 1905 3604 1860 3604 1895 3605 1900 3605 1883 3605 1869 3606 1883 3606 1894 3606 1908 3607 1905 3607 1863 3607 1870 3608 1885 3608 1900 3608 1867 3609 1887 3609 1898 3609 2008 3610 2013 3610 1966 3610 1895 3611 1899 3611 1887 3611 1871 3612 1864 3612 1905 3612 1970 3613 1986 3613 1995 3613 1910 3614 1874 3614 1902 3614 1874 3615 1909 3615 1902 3615 1909 3616 1876 3616 1902 3616 1876 3617 1907 3617 1902 3617 1907 3618 1878 3618 1906 3618 1907 3619 1906 3619 1902 3619 1872 3620 1910 3620 1904 3620 1904 3621 1910 3621 1902 3621 1871 3622 1908 3622 1904 3622 1908 3623 1872 3623 1904 3623 1904 3624 1906 3624 1871 3624 1879 3625 1901 3625 1894 3625 1901 3626 1881 3626 1894 3626 1894 3627 1883 3627 1896 3627 1899 3628 1879 3628 1892 3628 1898 3629 1887 3629 1892 3629 1887 3630 1899 3630 1892 3630 1853 3631 1862 3631 1903 3631 1863 3632 1905 3632 1903 3632 1865 3633 1863 3633 1857 3633 1855 3634 1862 3634 1853 3634 1855 3635 1857 3635 1863 3635 1864 3636 1911 3636 1905 3636 1911 3637 1860 3637 1905 3637 1905 3638 1862 3638 1853 3638 1261 3639 1246 3639 1277 3639 2010 3640 2007 3640 1965 3640 1982 3641 1968 3641 1993 3641 1906 3642 1911 3642 1864 3642 1878 3643 1860 3643 1911 3643 1975 3644 1963 3644 2012 3644 1964 3645 1977 3645 2012 3645 1065 3646 1063 3646 1050 3646 1998 3647 2002 3647 1989 3647 618 3648 636 3648 644 3648 1912 3649 1902 3649 1915 3649 901 3650 898 3650 902 3650 903 3651 901 3651 902 3651 898 3652 899 3652 902 3652 2063 3653 2059 3653 2062 3653 899 3654 898 3654 877 3654 900 3655 899 3655 877 3655 898 3656 901 3656 897 3656 877 3657 898 3657 897 3657 1925 3658 1924 3658 1923 3658 1924 3659 1922 3659 1923 3659 1922 3660 1913 3660 1923 3660 1926 3661 1925 3661 1923 3661 1922 3662 1927 3662 1913 3662 1927 3663 1925 3663 1926 3663 1214 3664 1213 3664 1192 3664 1927 3665 1922 3665 1928 3665 1922 3666 1924 3666 1930 3666 1924 3667 1925 3667 1930 3667 1925 3668 1929 3668 1930 3668 1925 3669 1927 3669 1929 3669 1928 3670 1929 3670 1927 3670 1934 3671 1932 3671 1933 3671 1902 3672 1912 3672 1917 3672 1936 3673 1935 3673 1932 3673 1934 3674 1936 3674 1932 3674 1933 3675 1931 3675 1935 3675 1938 3676 1934 3676 1937 3676 1936 3677 1934 3677 1912 3677 1934 3678 1938 3678 1912 3678 1912 3679 1931 3679 1936 3679 651 3680 664 3680 661 3680 1944 3681 1945 3681 1940 3681 1120 3682 1129 3682 1127 3682 1129 3683 1126 3683 1127 3683 1445 3684 1438 3684 1443 3684 2059 3685 2063 3685 2064 3685 1128 3686 1122 3686 1125 3686 1376 3687 1359 3687 1339 3687 1329 3688 1331 3688 1330 3688 1757 3689 1801 3689 1800 3689 1403 3690 1368 3690 1393 3690 1929 3691 1928 3691 1913 3691 1754 3692 1756 3692 1755 3692 1133 3693 1134 3693 1132 3693 1026 3694 1023 3694 1022 3694 1964 3695 1961 3695 1956 3695 1964 3696 1956 3696 1958 3696 1957 3697 1968 3697 1959 3697 1979 3698 1980 3698 1961 3698 1153 3699 1154 3699 1135 3699 1581 3700 1574 3700 1562 3700 2087 3701 2088 3701 2075 3701 1990 3702 1982 3702 1968 3702 2088 3703 2089 3703 2069 3703 622 3704 623 3704 607 3704 2093 3705 2094 3705 2076 3705 1986 3706 1991 3706 1960 3706 1988 3707 1989 3707 1967 3707 1987 3708 1988 3708 1960 3708 1984 3709 1985 3709 1959 3709 2086 3710 2087 3710 2069 3710 2077 3711 2092 3711 2078 3711 1155 3712 1146 3712 1132 3712 1989 3713 1990 3713 1960 3713 1045 3714 1046 3714 1027 3714 1974 3715 1976 3715 1975 3715 1977 3716 1951 3716 1978 3716 1979 3717 1978 3717 1980 3717 1974 3718 1973 3718 1972 3718 1981 3719 1980 3719 1972 3719 1990 3720 1950 3720 1982 3720 1991 3721 1986 3721 1985 3721 1987 3722 1991 3722 1988 3722 1985 3723 1984 3723 1983 3723 1989 3724 1988 3724 1990 3724 1642 3725 1648 3725 1646 3725 1648 3726 1643 3726 1646 3726 1970 3727 1999 3727 1994 3727 1999 3728 1971 3728 1993 3728 1969 3729 1994 3729 1996 3729 1968 3730 1998 3730 1957 3730 1999 3731 1993 3731 1994 3731 1996 3732 1998 3732 1967 3732 1966 3733 2013 3733 2007 3733 2013 3734 1964 3734 2007 3734 1964 3735 1956 3735 2007 3735 2005 3736 1965 3736 2007 3736 2005 3737 2012 3737 1963 3737 2001 3738 1984 3738 1992 3738 1984 3739 1995 3739 1992 3739 1986 3740 2003 3740 1995 3740 2003 3741 1987 3741 1995 3741 1982 3742 2001 3742 1992 3742 2000 3743 1989 3743 1997 3743 1989 3744 2002 3744 1997 3744 2002 3745 1992 3745 1997 3745 1997 3746 1995 3746 1987 3746 1061 3747 1069 3747 1052 3747 718 3748 733 3748 757 3748 1967 3749 1989 3749 2000 3749 2090 3750 2074 3750 2113 3750 2117 3751 2116 3751 2075 3751 1973 3752 1965 3752 2005 3752 1252 3753 1244 3753 1284 3753 2009 3754 2005 3754 1963 3754 2119 3755 2113 3755 2070 3755 2106 3756 2109 3756 2098 3756 962 3757 959 3757 958 3757 959 3758 940 3758 945 3758 940 3759 947 3759 946 3759 945 3760 940 3760 946 3760 942 3761 962 3761 955 3761 955 3762 962 3762 956 3762 963 3763 942 3763 952 3763 948 3764 946 3764 963 3764 950 3765 948 3765 963 3765 959 3766 945 3766 961 3766 951 3767 950 3767 963 3767 952 3768 951 3768 963 3768 959 3769 961 3769 960 3769 953 3770 952 3770 942 3770 953 3771 942 3771 955 3771 962 3772 958 3772 957 3772 2081 3773 2098 3773 2103 3773 2108 3774 2103 3774 2096 3774 2011 3775 2007 3775 1962 3775 2105 3776 2111 3776 2094 3776 2078 3777 2092 3777 2104 3777 1562 3778 1574 3778 1588 3778 1067 3779 1060 3779 1054 3779 1281 3780 1290 3780 1245 3780 2076 3781 2094 3781 2110 3781 1141 3782 1164 3782 1170 3782 928 3783 932 3783 926 3783 933 3784 924 3784 926 3784 2015 3785 1992 3785 2016 3785 1294 3786 1297 3786 1271 3786 931 3787 935 3787 925 3787 929 3788 934 3788 931 3788 1964 3789 2012 3789 2005 3789 2045 3790 2044 3790 2046 3790 2031 3791 2035 3791 2030 3791 2035 3792 2034 3792 2030 3792 2033 3793 2035 3793 2036 3793 2036 3794 2035 3794 2037 3794 2035 3795 2031 3795 2037 3795 2031 3796 2033 3796 2016 3796 2016 3797 2037 3797 2031 3797 2040 3798 2041 3798 2045 3798 2041 3799 2044 3799 2043 3799 2044 3800 2042 3800 2043 3800 2042 3801 2039 3801 2038 3801 2039 3802 2041 3802 2038 3802 2041 3803 2040 3803 2038 3803 2039 3804 2042 3804 2018 3804 2018 3805 2042 3805 2045 3805 2042 3806 2044 3806 2045 3806 2046 3807 2039 3807 2040 3807 2054 3808 2052 3808 2047 3808 770 3809 774 3809 773 3809 982 3810 933 3810 974 3810 933 3811 924 3811 974 3811 974 3812 928 3812 932 3812 2063 3813 2062 3813 2060 3813 2062 3814 2058 3814 2060 3814 1892 3815 1902 3815 1917 3815 1995 3816 1997 3816 1996 3816 712 3817 757 3817 760 3817 2123 3818 2124 3818 2122 3818 1073 3819 1075 3819 1074 3819 853 3820 863 3820 879 3820 1233 3821 1228 3821 1231 3821 918 3822 919 3822 917 3822 1498 3823 1494 3823 1455 3823 1341 3824 1340 3824 1338 3824 1447 3825 1449 3825 1448 3825 2079 3826 2066 3826 2069 3826 2069 3827 2074 3827 2067 3827 2073 3828 2071 3828 2067 3828 2071 3829 2072 3829 2065 3829 2071 3830 2065 3830 2067 3830 2080 3831 2069 3831 2068 3831 2077 3832 2078 3832 2068 3832 2066 3833 2079 3833 2068 3833 2079 3834 2077 3834 2068 3834 1048 3835 1049 3835 1025 3835 1159 3836 1160 3836 1143 3836 2099 3837 2091 3837 2079 3837 1029 3838 1043 3838 1030 3838 1265 3839 1266 3839 1248 3839 2096 3840 2097 3840 2069 3840 1050 3841 1051 3841 1025 3841 2098 3842 2099 3842 2069 3842 1049 3843 1050 3843 1035 3843 620 3844 621 3844 613 3844 2097 3845 2098 3845 2081 3845 2092 3846 2093 3846 2068 3846 1570 3847 1571 3847 1553 3847 2095 3848 2096 3848 2080 3848 1162 3849 1163 3849 1134 3849 1669 3850 1670 3850 1651 3850 2188 3851 2191 3851 2174 3851 1047 3852 1039 3852 1024 3852 1148 3853 1149 3853 1136 3853 1160 3854 1161 3854 1134 3854 2071 3855 2085 3855 2084 3855 2100 3856 2084 3856 2083 3856 2100 3857 2083 3857 2082 3857 2086 3858 2071 3858 2087 3858 2082 3859 2090 3859 2089 3859 2087 3860 2089 3860 2088 3860 2095 3861 2094 3861 2093 3861 2091 3862 2099 3862 2077 3862 2093 3863 2092 3863 2077 3863 2066 3864 2079 3864 2106 3864 2081 3865 2108 3865 2106 3865 2108 3866 2080 3866 2106 3866 2106 3867 2080 3867 2105 3867 2095 3868 2097 3868 2096 3868 2101 3869 2099 3869 2098 3869 2101 3870 2098 3870 2097 3870 2071 3871 2077 3871 2099 3871 1150 3872 1159 3872 1157 3872 1028 3873 1029 3873 1024 3873 1029 3874 1030 3874 1022 3874 2109 3875 2091 3875 2102 3875 2102 3876 2091 3876 2104 3876 2102 3877 2103 3877 2098 3877 2072 3878 2086 3878 2118 3878 2088 3879 2075 3879 2120 3879 1045 3880 1033 3880 1080 3880 1064 3881 1068 3881 1056 3881 2085 3882 2073 3882 2113 3882 1077 3883 1073 3883 1028 3883 2091 3884 2079 3884 2107 3884 1143 3885 1160 3885 1168 3885 2114 3886 2121 3886 2073 3886 1037 3887 1054 3887 1069 3887 2092 3888 2110 3888 2104 3888 2110 3889 2094 3889 2104 3889 2094 3890 2111 3890 2103 3890 2104 3891 2094 3891 2103 3891 2111 3892 2096 3892 2103 3892 2033 3893 2031 3893 2032 3893 2031 3894 2030 3894 2032 3894 2034 3895 2035 3895 2033 3895 2072 3896 2065 3896 2116 3896 2116 3897 2113 3897 2120 3897 2113 3898 2074 3898 2120 3898 1248 3899 1266 3899 1280 3899 1149 3900 1136 3900 1177 3900 1559 3901 1577 3901 1585 3901 1573 3902 1554 3902 1595 3902 1047 3903 1032 3903 1073 3903 1034 3904 1048 3904 1068 3904 2103 3905 2110 3905 2092 3905 1247 3906 1264 3906 1279 3906 1038 3907 1052 3907 1063 3907 1036 3908 1056 3908 1060 3908 1762 3909 1766 3909 1793 3909 947 3910 948 3910 945 3910 1968 3911 1957 3911 1960 3911 1960 3912 1959 3912 1970 3912 2137 3913 2138 3913 2136 3913 2136 3914 2138 3914 2139 3914 2135 3915 2137 3915 2136 3915 2136 3916 2126 3916 2135 3916 995 3917 991 3917 994 3917 2138 3918 2137 3918 2141 3918 2137 3919 2140 3919 2141 3919 2135 3920 2138 3920 2142 3920 2140 3921 2137 3921 2135 3921 2142 3922 2140 3922 2135 3922 2149 3923 2148 3923 2147 3923 2148 3924 2146 3924 2147 3924 2146 3925 2143 3925 2145 3925 2143 3926 2149 3926 2147 3926 2144 3927 2145 3927 2143 3927 2149 3928 2150 3928 2122 3928 2150 3929 2146 3929 2151 3929 2148 3930 2149 3930 2151 3930 2122 3931 2151 3931 2149 3931 2150 3932 2151 3932 2144 3932 2102 3933 2123 3933 2126 3933 1440 3934 1445 3934 1444 3934 2259 3935 2257 3935 2255 3935 1012 3936 1011 3936 1007 3936 2168 3937 2162 3937 2161 3937 808 3938 809 3938 807 3938 1453 3939 1479 3939 1477 3939 1951 3940 1947 3940 1952 3940 2165 3941 2167 3941 2169 3941 920 3942 914 3942 913 3942 1192 3943 1217 3943 1216 3943 1850 3944 1848 3944 1851 3944 1848 3945 1849 3945 1851 3945 1767 3946 1765 3946 1761 3946 1766 3947 1762 3947 1809 3947 1549 3948 1551 3948 1550 3948 2177 3949 2179 3949 2175 3949 2171 3950 2180 3950 2177 3950 2173 3951 2180 3951 2171 3951 2179 3952 2173 3952 2175 3952 2172 3953 2181 3953 2174 3953 2174 3954 2182 3954 2176 3954 998 3955 1001 3955 1003 3955 1001 3956 1002 3956 999 3956 1002 3957 998 3957 999 3957 998 3958 1004 3958 999 3958 2178 3959 2181 3959 2172 3959 2176 3960 2182 3960 2178 3960 2174 3961 2189 3961 2182 3961 1766 3962 1755 3962 1759 3962 1256 3963 1257 3963 1239 3963 1043 3964 1044 3964 1027 3964 908 3965 907 3965 905 3965 1755 3966 1766 3966 1762 3966 1352 3967 1353 3967 1347 3967 1755 3968 1767 3968 1759 3968 2186 3969 2187 3969 2177 3969 2177 3970 2162 3970 2183 3970 2162 3971 2184 3971 2183 3971 2161 3972 2190 3972 2189 3972 2189 3973 2174 3973 2161 3973 1357 3974 1328 3974 1329 3974 1774 3975 1773 3975 1754 3975 1782 3976 1772 3976 1754 3976 2210 3977 2182 3977 2176 3977 2210 3978 2176 3978 2202 3978 2172 3979 2181 3979 2210 3979 2208 3980 2188 3980 2202 3980 2188 3981 2209 3981 2194 3981 2188 3982 2194 3982 2192 3982 743 3983 742 3983 746 3983 746 3984 741 3984 739 3984 2186 3985 2180 3985 2229 3985 1753 3986 1794 3986 1793 3986 948 3987 950 3987 949 3987 906 3988 910 3988 907 3988 2230 3989 2226 3989 2224 3989 2224 3990 2222 3990 2230 3990 2217 3991 2228 3991 2216 3991 2228 3992 2214 3992 2215 3992 2183 3993 2228 3993 2219 3993 2228 3994 2217 3994 2218 3994 2218 3995 2219 3995 2228 3995 1445 3996 1437 3996 1439 3996 2214 3997 2211 3997 2231 3997 2211 3998 2226 3998 2230 3998 2231 3999 2211 3999 2230 3999 2231 4000 2220 4000 2218 4000 2218 4001 2216 4001 2231 4001 2201 4002 2204 4002 2241 4002 2204 4003 2206 4003 2241 4003 2208 4004 2192 4004 2206 4004 2195 4005 2197 4005 2199 4005 2195 4006 2199 4006 2192 4006 2212 4007 2214 4007 2228 4007 2228 4008 2186 4008 2212 4008 2186 4009 2225 4009 2227 4009 2212 4010 2186 4010 2211 4010 2225 4011 2222 4011 2223 4011 2224 4012 2225 4012 2223 4012 2222 4013 2183 4013 2221 4013 2183 4014 2219 4014 2220 4014 2183 4015 2220 4015 2221 4015 2211 4016 2186 4016 2227 4016 2226 4017 2227 4017 2225 4017 2239 4018 2237 4018 2238 4018 2237 4019 2240 4019 2236 4019 2240 4020 2239 4020 2238 4020 2241 4021 2240 4021 2238 4021 2239 4022 2242 4022 2244 4022 2242 4023 2240 4023 2243 4023 2241 4024 2244 4024 2242 4024 2249 4025 2248 4025 2250 4025 2246 4026 2249 4026 2247 4026 2247 4027 2249 4027 2250 4027 2245 4028 2248 4028 2246 4028 2247 4029 2245 4029 2246 4029 2237 4030 2239 4030 2243 4030 2243 4031 2240 4031 2237 4031 2209 4032 2200 4032 2198 4032 2200 4033 2189 4033 2201 4033 2189 4034 2205 4034 2203 4034 2205 4035 2208 4035 2207 4035 2206 4036 2205 4036 2207 4036 2194 4037 2209 4037 2195 4037 2196 4038 2195 4038 2209 4038 2197 4039 2196 4039 2209 4039 2205 4040 2204 4040 2203 4040 2198 4041 2197 4041 2209 4041 2199 4042 2198 4042 2200 4042 2189 4043 2203 4043 2201 4043 1038 4044 1065 4044 1061 4044 1065 4045 1035 4045 1061 4045 1035 4046 1066 4046 1061 4046 1066 4047 1034 4047 1023 4047</p>
        </triangles>
        <triangles material="metallic-material" count="2042">
          <input semantic="VERTEX" source="#Test_011-mesh-vertices" offset="0"/>
          <input semantic="NORMAL" source="#Test_011-mesh-normals" offset="1"/>
          <p>335 4048 329 4048 1920 4048 512 4049 574 4049 511 4049 17 4050 20 4050 18 4050 23 4051 8 4051 3 4051 23 4052 3 4052 24 4052 24 4053 3 4053 9 4053 24 4054 9 4054 25 4054 25 4055 9 4055 8 4055 25 4056 8 4056 23 4056 37 4057 19 4057 20 4057 37 4058 20 4058 17 4058 26 4059 10 4059 13 4059 26 4060 13 4060 27 4060 27 4061 13 4061 11 4061 11 4062 10 4062 26 4062 28 4063 1 4063 29 4063 29 4064 1 4064 4 4064 29 4065 4 4065 23 4065 23 4066 4 4066 14 4066 23 4067 14 4067 28 4067 28 4068 14 4068 1 4068 30 4069 15 4069 10 4069 30 4070 10 4070 31 4070 31 4071 10 4071 6 4071 31 4072 6 4072 15 4072 32 4073 21 4073 16 4073 16 4074 22 4074 32 4074 6 4075 3 4075 11 4075 11 4076 3 4076 5 4076 33 4077 4 4077 7 4077 35 4078 1 4078 0 4078 36 4079 9 4079 37 4079 37 4080 9 4080 18 4080 18 4081 2 4081 37 4081 37 4082 2 4082 27 4082 354 4083 2027 4083 2028 4083 38 4084 12 4084 10 4084 39 4085 10 4085 16 4085 546 4086 547 4086 544 4086 458 4087 457 4087 1091 4087 256 4088 210 4088 211 4088 295 4089 512 4089 274 4089 235 4090 239 4090 173 4090 63 4091 51 4091 55 4091 64 4092 60 4092 50 4092 64 4093 40 4093 60 4093 91 4094 59 4094 58 4094 91 4095 58 4095 44 4095 62 4096 63 4096 45 4096 45 4097 65 4097 61 4097 41 4098 66 4098 92 4098 275 4099 274 4099 273 4099 254 4100 146 4100 145 4100 310 4101 297 4101 577 4101 304 4102 211 4102 212 4102 96 4103 240 4103 233 4103 132 4104 252 4104 202 4104 91 4105 179 4105 78 4105 435 4106 579 4106 450 4106 48 4107 65 4107 42 4107 507 4108 1409 4108 1410 4108 65 4109 45 4109 63 4109 562 4110 431 4110 430 4110 59 4111 41 4111 58 4111 93 4112 229 4112 230 4112 124 4113 105 4113 81 4113 119 4114 84 4114 121 4114 574 4115 583 4115 511 4115 140 4116 138 4116 143 4116 31 4117 15 4117 39 4117 503 4118 504 4118 498 4118 484 4119 479 4119 483 4119 84 4120 116 4120 109 4120 552 4121 388 4121 592 4121 163 4122 96 4122 161 4122 187 4123 184 4123 186 4123 77 4124 76 4124 174 4124 184 4125 183 4125 91 4125 1 4126 35 4126 34 4126 88 4127 143 4127 144 4127 244 4128 187 4128 186 4128 117 4129 199 4129 116 4129 116 4130 199 4130 118 4130 1199 4131 470 4131 1201 4131 204 4132 67 4132 205 4132 205 4133 67 4133 206 4133 207 4134 67 4134 208 4134 208 4135 67 4135 209 4135 209 4136 67 4136 74 4136 209 4137 74 4137 210 4137 210 4138 74 4138 211 4138 211 4139 74 4139 212 4139 212 4140 74 4140 54 4140 212 4141 54 4141 213 4141 213 4142 54 4142 214 4142 214 4143 54 4143 215 4143 217 4144 79 4144 218 4144 219 4145 92 4145 220 4145 220 4146 92 4146 221 4146 221 4147 92 4147 222 4147 222 4148 92 4148 66 4148 222 4149 66 4149 223 4149 223 4150 66 4150 224 4150 224 4151 66 4151 225 4151 292 4152 453 4152 452 4152 226 4153 79 4153 227 4153 227 4154 79 4154 216 4154 154 4155 156 4155 229 4155 154 4156 229 4156 157 4156 163 4157 232 4157 165 4157 163 4158 164 4158 232 4158 175 4159 234 4159 173 4159 173 4160 234 4160 174 4160 178 4161 235 4161 180 4161 180 4162 235 4162 236 4162 180 4163 236 4163 179 4163 179 4164 236 4164 178 4164 571 4165 491 4165 485 4165 313 4166 312 4166 286 4166 561 4167 424 4167 425 4167 480 4168 582 4168 481 4168 136 4169 138 4169 88 4169 779 4170 780 4170 782 4170 167 4171 178 4171 169 4171 196 4172 102 4172 247 4172 542 4173 543 4173 540 4173 586 4174 524 4174 287 4174 182 4175 179 4175 181 4175 81 4176 197 4176 124 4176 573 4177 572 4177 581 4177 253 4178 140 4178 137 4178 477 4179 1199 4179 1200 4179 142 4180 254 4180 140 4180 117 4181 109 4181 250 4181 147 4182 242 4182 151 4182 70 4183 122 4183 123 4183 229 4184 153 4184 157 4184 169 4185 241 4185 232 4185 1815 4186 1813 4186 1814 4186 480 4187 481 4187 479 4187 174 4188 239 4188 178 4188 194 4189 195 4189 189 4189 529 4190 530 4190 524 4190 245 4191 191 4191 238 4191 238 4192 191 4192 190 4192 184 4193 244 4193 237 4193 118 4194 250 4194 200 4194 74 4195 76 4195 94 4195 304 4196 277 4196 262 4196 119 4197 251 4197 120 4197 310 4198 311 4198 287 4198 140 4199 153 4199 257 4199 293 4200 580 4200 566 4200 186 4201 184 4201 79 4201 300 4202 303 4202 302 4202 888 4203 430 4203 887 4203 189 4204 195 4204 255 4204 91 4205 190 4205 189 4205 230 4206 229 4206 156 4206 271 4207 260 4207 278 4207 278 4208 260 4208 272 4208 280 4209 263 4209 264 4209 280 4210 264 4210 265 4210 281 4211 277 4211 7 4211 281 4212 7 4212 280 4212 11 4213 282 4213 278 4213 11 4214 278 4214 7 4214 33 4215 282 4215 11 4215 277 4216 304 4216 283 4216 300 4217 271 4217 273 4217 153 4218 151 4218 74 4218 260 4219 222 4219 284 4219 284 4220 300 4220 299 4220 233 4221 240 4221 166 4221 66 4222 49 4222 79 4222 291 4223 292 4223 450 4223 12 4224 38 4224 27 4224 99 4225 97 4225 98 4225 269 4226 268 4226 270 4226 777 4227 416 4227 776 4227 189 4228 192 4228 191 4228 514 4229 513 4229 516 4229 128 4230 252 4230 131 4230 362 4231 361 4231 284 4231 153 4232 159 4232 169 4232 286 4233 310 4233 287 4233 306 4234 582 4234 569 4234 321 4235 311 4235 318 4235 288 4236 322 4236 323 4236 170 4237 171 4237 77 4237 160 4238 241 4238 169 4238 236 4239 243 4239 91 4239 298 4240 355 4240 343 4240 341 4241 348 4241 349 4241 348 4242 350 4242 349 4242 364 4243 367 4243 368 4243 520 4244 585 4244 523 4244 299 4245 380 4245 375 4245 382 4246 383 4246 290 4246 300 4247 260 4247 271 4247 299 4248 591 4248 268 4248 300 4249 392 4249 391 4249 263 4250 268 4250 265 4250 300 4251 406 4251 407 4251 405 4252 593 4252 404 4252 357 4253 358 4253 356 4253 255 4254 101 4254 72 4254 437 4255 300 4255 436 4255 302 4256 594 4256 561 4256 291 4257 445 4257 446 4257 464 4258 465 4258 293 4258 253 4259 138 4259 139 4259 152 4260 150 4260 151 4260 461 4261 451 4261 460 4261 496 4262 294 4262 296 4262 296 4263 507 4263 501 4263 514 4264 518 4264 519 4264 319 4265 537 4265 318 4265 318 4266 537 4266 321 4266 321 4267 537 4267 538 4267 321 4268 538 4268 322 4268 322 4269 538 4269 323 4269 323 4270 538 4270 314 4270 314 4271 538 4271 539 4271 314 4272 539 4272 315 4272 315 4273 539 4273 316 4273 316 4274 539 4274 317 4274 292 4275 445 4275 563 4275 313 4276 537 4276 312 4276 312 4277 537 4277 320 4277 337 4278 540 4278 338 4278 338 4279 540 4279 339 4279 310 4280 528 4280 527 4280 334 4281 541 4281 333 4281 333 4282 541 4282 327 4282 327 4283 541 4283 328 4283 542 4284 336 4284 335 4284 332 4285 542 4285 331 4285 331 4286 542 4286 329 4286 329 4287 542 4287 335 4287 578 4288 526 4288 525 4288 336 4289 540 4289 337 4289 353 4290 544 4290 354 4290 354 4291 544 4291 355 4291 355 4292 544 4292 343 4292 343 4293 544 4293 344 4293 344 4294 544 4294 345 4294 345 4295 544 4295 545 4295 345 4296 545 4296 346 4296 346 4297 545 4297 347 4297 347 4298 545 4298 546 4298 347 4299 546 4299 348 4299 348 4300 546 4300 350 4300 350 4301 546 4301 351 4301 351 4302 546 4302 352 4302 352 4303 546 4303 544 4303 352 4304 544 4304 353 4304 368 4305 548 4305 369 4305 369 4306 548 4306 370 4306 370 4307 548 4307 371 4307 371 4308 548 4308 362 4308 362 4309 548 4309 549 4309 362 4310 549 4310 361 4310 361 4311 549 4311 359 4311 359 4312 549 4312 360 4312 360 4313 549 4313 366 4313 365 4314 550 4314 363 4314 363 4315 550 4315 367 4315 367 4316 550 4316 368 4316 368 4317 550 4317 548 4317 384 4318 551 4318 385 4318 385 4319 551 4319 552 4319 385 4320 552 4320 386 4320 386 4321 552 4321 379 4321 379 4322 552 4322 380 4322 380 4323 552 4323 268 4323 380 4324 268 4324 375 4324 375 4325 268 4325 376 4325 376 4326 268 4326 377 4326 567 4327 474 4327 271 4327 378 4328 551 4328 381 4328 381 4329 551 4329 382 4329 383 4330 551 4330 384 4330 393 4331 554 4331 392 4331 392 4332 554 4332 391 4332 391 4333 554 4333 400 4333 400 4334 554 4334 555 4334 400 4335 555 4335 401 4335 401 4336 555 4336 402 4336 402 4337 555 4337 390 4337 390 4338 555 4338 397 4338 398 4339 556 4339 399 4339 399 4340 556 4340 396 4340 396 4341 556 4341 394 4341 394 4342 556 4342 554 4342 394 4343 554 4343 393 4343 418 4344 558 4344 417 4344 417 4345 558 4345 301 4345 417 4346 301 4346 406 4346 406 4347 301 4347 407 4347 407 4348 301 4348 408 4348 409 4349 557 4349 410 4349 410 4350 557 4350 411 4350 412 4351 558 4351 413 4351 413 4352 558 4352 415 4352 415 4353 558 4353 416 4353 416 4354 558 4354 418 4354 431 4355 560 4355 432 4355 432 4356 560 4356 433 4356 434 4357 561 4357 426 4357 426 4358 561 4358 425 4358 549 4359 365 4359 366 4359 424 4360 561 4360 427 4360 427 4361 561 4361 428 4361 429 4362 562 4362 423 4362 423 4363 562 4363 430 4363 555 4364 398 4364 397 4364 162 4365 160 4365 75 4365 551 4366 377 4366 268 4366 221 4367 260 4367 220 4367 220 4368 260 4368 219 4368 218 4369 300 4369 217 4369 217 4370 300 4370 216 4370 216 4371 300 4371 227 4371 227 4372 300 4372 226 4372 226 4373 300 4373 225 4373 225 4374 300 4374 284 4374 225 4375 284 4375 224 4375 224 4376 284 4376 223 4376 223 4377 284 4377 222 4377 210 4378 286 4378 209 4378 209 4379 286 4379 208 4379 208 4380 286 4380 283 4380 208 4381 283 4381 207 4381 207 4382 283 4382 206 4382 206 4383 283 4383 205 4383 205 4384 283 4384 204 4384 204 4385 283 4385 304 4385 204 4386 304 4386 215 4386 215 4387 304 4387 214 4387 214 4388 304 4388 213 4388 213 4389 304 4389 212 4389 211 4390 286 4390 210 4390 437 4391 560 4391 435 4391 435 4392 560 4392 436 4392 447 4393 292 4393 448 4393 449 4394 292 4394 438 4394 438 4395 292 4395 439 4395 439 4396 292 4396 302 4396 439 4397 302 4397 440 4397 440 4398 302 4398 441 4398 441 4399 302 4399 442 4399 442 4400 302 4400 563 4400 442 4401 563 4401 443 4401 443 4402 563 4402 444 4402 444 4403 563 4403 445 4403 446 4404 292 4404 447 4404 459 4405 564 4405 460 4405 460 4406 564 4406 461 4406 461 4407 564 4407 462 4407 462 4408 564 4408 463 4408 463 4409 564 4409 455 4409 455 4410 564 4410 565 4410 455 4411 565 4411 454 4411 454 4412 565 4412 453 4412 453 4413 565 4413 271 4413 453 4414 271 4414 452 4414 452 4415 271 4415 456 4415 456 4416 271 4416 457 4416 457 4417 271 4417 458 4417 458 4418 271 4418 564 4418 458 4419 564 4419 459 4419 305 4420 566 4420 464 4420 305 4421 271 4421 566 4421 475 4422 567 4422 476 4422 476 4423 567 4423 477 4423 478 4424 567 4424 467 4424 467 4425 567 4425 468 4425 468 4426 567 4426 306 4426 468 4427 306 4427 469 4427 469 4428 306 4428 470 4428 470 4429 306 4429 471 4429 471 4430 306 4430 271 4430 471 4431 271 4431 472 4431 472 4432 271 4432 473 4432 473 4433 271 4433 474 4433 493 4434 569 4434 482 4434 483 4435 570 4435 484 4435 484 4436 570 4436 490 4436 490 4437 570 4437 489 4437 577 4438 532 4438 531 4438 488 4439 571 4439 487 4439 487 4440 571 4440 486 4440 486 4441 571 4441 485 4441 491 4442 569 4442 492 4442 492 4443 569 4443 493 4443 502 4444 572 4444 508 4444 508 4445 572 4445 509 4445 509 4446 572 4446 510 4446 537 4447 317 4447 539 4447 503 4448 573 4448 504 4448 504 4449 573 4449 499 4449 558 4450 411 4450 557 4450 500 4451 573 4451 505 4451 505 4452 573 4452 506 4452 506 4453 573 4453 574 4453 506 4454 574 4454 507 4454 507 4455 574 4455 501 4455 501 4456 574 4456 502 4456 502 4457 574 4457 572 4457 530 4458 577 4458 531 4458 541 4459 332 4459 328 4459 532 4460 578 4460 533 4460 533 4461 578 4461 534 4461 534 4462 578 4462 525 4462 569 4463 483 4463 482 4463 526 4464 310 4464 536 4464 536 4465 310 4465 535 4465 535 4466 310 4466 527 4466 570 4467 488 4467 489 4467 528 4468 577 4468 529 4468 529 4469 577 4469 530 4469 586 4470 587 4470 309 4470 300 4471 306 4471 305 4471 132 4472 130 4472 87 4472 472 4473 471 4473 1196 4473 540 4474 334 4474 339 4474 158 4475 159 4475 75 4475 587 4476 286 4476 309 4476 374 4477 373 4477 299 4477 567 4478 580 4478 568 4478 339 4479 334 4479 289 4479 423 4480 430 4480 303 4480 296 4481 294 4481 306 4481 395 4482 404 4482 403 4482 122 4483 84 4483 124 4483 258 4484 216 4484 259 4484 188 4485 91 4485 186 4485 2029 4486 352 4486 2028 4486 515 4487 575 4487 308 4487 81 4488 82 4488 107 4488 271 4489 464 4489 580 4489 517 4490 584 4490 520 4490 100 4491 97 4491 255 4491 124 4492 90 4492 48 4492 9 4493 36 4493 0 4493 292 4494 563 4494 435 4494 571 4495 570 4495 294 4495 306 4496 496 4496 271 4496 595 4497 256 4497 257 4497 299 4498 372 4498 364 4498 260 4499 218 4499 219 4499 244 4500 184 4500 69 4500 562 4501 594 4501 303 4501 249 4502 110 4502 108 4502 202 4503 253 4503 135 4503 74 4504 87 4504 50 4504 111 4505 113 4505 83 4505 428 4506 888 4506 886 4506 201 4507 122 4507 70 4507 81 4508 107 4508 197 4508 522 4509 584 4509 576 4509 249 4510 113 4510 112 4510 155 4511 231 4511 229 4511 103 4512 73 4512 81 4512 394 4513 673 4513 674 4513 573 4514 510 4514 572 4514 2026 4515 2028 4515 2027 4515 67 4516 53 4516 74 4516 505 4517 500 4517 1405 4517 669 4518 670 4518 671 4518 669 4519 671 4519 672 4519 398 4520 397 4520 670 4520 402 4521 673 4521 401 4521 400 4522 673 4522 391 4522 392 4523 673 4523 393 4523 394 4524 674 4524 396 4524 396 4525 674 4525 399 4525 398 4526 675 4526 397 4526 397 4527 675 4527 390 4527 674 4528 673 4528 675 4528 527 4529 1716 4529 1717 4529 550 4530 591 4530 373 4530 33 4531 11 4531 261 4531 122 4532 119 4532 120 4532 419 4533 420 4533 414 4533 776 4534 775 4534 777 4534 777 4535 775 4535 778 4535 409 4536 408 4536 778 4536 410 4537 780 4537 409 4537 409 4538 780 4538 408 4538 407 4539 781 4539 406 4539 417 4540 781 4540 418 4540 416 4541 782 4541 415 4541 415 4542 782 4542 413 4542 1409 4543 510 4543 1408 4543 412 4544 782 4544 411 4544 781 4545 779 4545 782 4545 561 4546 429 4546 428 4546 165 4547 233 4547 169 4547 560 4548 434 4548 433 4548 883 4549 882 4549 884 4549 884 4550 882 4550 885 4550 424 4551 886 4551 425 4551 425 4552 886 4552 426 4552 1715 4553 536 4553 1717 4553 434 4554 886 4554 433 4554 432 4555 887 4555 431 4555 431 4556 887 4556 430 4556 423 4557 888 4557 429 4557 428 4558 886 4558 427 4558 887 4559 886 4559 888 4559 145 4560 89 4560 141 4560 112 4561 111 4561 71 4561 781 4562 408 4562 780 4562 124 4563 251 4563 123 4563 578 4564 585 4564 586 4564 426 4565 425 4565 302 4565 551 4566 591 4566 553 4566 113 4567 249 4567 198 4567 298 4568 277 4568 274 4568 985 4569 987 4569 986 4569 443 4570 442 4570 987 4570 441 4571 988 4571 440 4571 440 4572 988 4572 439 4572 458 4573 1093 4573 1094 4573 438 4574 988 4574 449 4574 449 4575 988 4575 448 4575 1817 4576 316 4576 1819 4576 447 4577 988 4577 446 4577 445 4578 988 4578 444 4578 443 4579 988 4579 442 4579 356 4580 590 4580 357 4580 89 4581 145 4581 146 4581 595 4582 310 4582 286 4582 477 4583 465 4583 476 4583 346 4584 2027 4584 345 4584 470 4585 471 4585 305 4585 1089 4586 1090 4586 1091 4586 1089 4587 454 4587 455 4587 454 4588 1092 4588 455 4588 463 4589 1092 4589 462 4589 530 4590 1715 4590 1716 4590 461 4591 1093 4591 460 4591 460 4592 1093 4592 459 4592 458 4593 1094 4593 457 4593 457 4594 1094 4594 456 4594 452 4595 1092 4595 453 4595 1093 4596 1092 4596 1094 4596 398 4597 389 4597 397 4597 325 4598 329 4598 330 4598 540 4599 543 4599 537 4599 292 4600 451 4600 271 4600 296 4601 273 4601 277 4601 594 4602 414 4602 421 4602 1194 4603 468 4603 467 4603 223 4604 222 4604 268 4604 1195 4605 1194 4605 1196 4605 467 4606 1199 4606 478 4606 432 4607 886 4607 887 4607 477 4608 1200 4608 476 4608 476 4609 1200 4609 475 4609 474 4610 1200 4610 473 4610 416 4611 781 4611 782 4611 472 4612 1201 4612 471 4612 471 4613 1201 4613 470 4613 1092 4614 456 4614 1094 4614 469 4615 1199 4615 468 4615 1200 4616 1198 4616 1201 4616 1201 4617 1198 4617 1199 4617 196 4618 104 4618 103 4618 91 4619 222 4619 124 4619 157 4620 156 4620 94 4620 79 4621 225 4621 66 4621 140 4622 136 4622 87 4622 1300 4623 1298 4623 1299 4623 487 4624 1299 4624 486 4624 488 4625 1301 4625 489 4625 490 4626 1301 4626 484 4626 483 4627 1301 4627 482 4627 493 4628 1301 4628 492 4628 491 4629 1301 4629 485 4629 486 4630 1301 4630 487 4630 1199 4631 467 4631 468 4631 287 4632 525 4632 526 4632 479 4633 294 4633 582 4633 79 4634 189 4634 190 4634 537 4635 587 4635 538 4635 519 4636 584 4636 575 4636 1404 4637 1406 4637 1405 4637 1404 4638 509 4638 508 4638 504 4639 1408 4639 503 4639 503 4640 1408 4640 510 4640 509 4641 1409 4641 508 4641 502 4642 1409 4642 501 4642 507 4643 1410 4643 506 4643 505 4644 1410 4644 500 4644 500 4645 1410 4645 499 4645 1410 4646 1407 4646 1408 4646 1408 4647 1407 4647 1409 4647 1409 4648 1407 4648 1410 4648 158 4649 229 4649 231 4649 242 4650 152 4650 151 4650 391 4651 392 4651 671 4651 1713 4652 526 4652 525 4652 133 4653 134 4653 135 4653 290 4654 300 4654 552 4654 228 4655 242 4655 149 4655 177 4656 176 4656 173 4656 16 4657 34 4657 39 4657 496 4658 497 4658 294 4658 581 4659 497 4659 573 4659 544 4660 356 4660 349 4660 296 4661 286 4661 297 4661 271 4662 258 4662 302 4662 248 4663 98 4663 247 4663 300 4664 439 4664 440 4664 91 4665 183 4665 244 4665 181 4666 237 4666 182 4666 203 4667 254 4667 144 4667 1410 4668 504 4668 499 4668 96 4669 165 4669 164 4669 67 4670 215 4670 54 4670 115 4671 116 4671 83 4671 50 4672 87 4672 86 4672 167 4673 169 4673 76 4673 516 4674 513 4674 583 4674 553 4675 374 4675 290 4675 539 4676 588 4676 324 4676 302 4677 268 4677 301 4677 390 4678 673 4678 402 4678 1714 4679 1712 4679 1713 4679 526 4680 1715 4680 525 4680 534 4681 1715 4681 533 4681 532 4682 1715 4682 531 4682 530 4683 1716 4683 529 4683 529 4684 1716 4684 528 4684 212 4685 213 4685 50 4685 527 4686 1717 4686 535 4686 535 4687 1717 4687 536 4687 1716 4688 1715 4688 1717 4688 200 4689 250 4689 85 4689 79 4690 71 4690 81 4690 131 4691 132 4691 127 4691 419 4692 594 4692 420 4692 315 4693 1817 4693 314 4693 323 4694 1817 4694 322 4694 321 4695 1818 4695 318 4695 461 4696 1092 4696 1093 4696 319 4697 1818 4697 320 4697 320 4698 1818 4698 312 4698 398 4699 674 4699 675 4699 313 4700 1819 4700 317 4700 317 4701 1819 4701 316 4701 1817 4702 1816 4702 1818 4702 1818 4703 1816 4703 1819 4703 1819 4704 1816 4704 1817 4704 116 4705 250 4705 198 4705 7 4706 4 4706 16 4706 249 4707 109 4707 110 4707 171 4708 172 4708 168 4708 434 4709 433 4709 885 4709 429 4710 428 4710 883 4710 413 4711 403 4711 412 4711 333 4712 1919 4712 1918 4712 328 4713 1921 4713 327 4713 327 4714 1921 4714 333 4714 334 4715 1921 4715 339 4715 338 4716 1921 4716 337 4716 337 4717 1921 4717 336 4717 335 4718 1921 4718 329 4718 331 4719 1921 4719 332 4719 472 4720 1200 4720 1201 4720 258 4721 91 4721 255 4721 1813 4722 313 4722 317 4722 553 4723 592 4723 388 4723 153 4724 158 4724 155 4724 193 4725 245 4725 248 4725 166 4726 168 4726 96 4726 557 4727 408 4727 301 4727 555 4728 552 4728 592 4728 285 4729 521 4729 522 4729 102 4730 98 4730 101 4730 2023 4731 2022 4731 2024 4731 2025 4732 2022 4732 2023 4732 2025 4733 2023 4733 343 4733 345 4734 2027 4734 344 4734 343 4735 2027 4735 355 4735 410 4736 782 4736 780 4736 354 4737 2028 4737 353 4737 353 4738 2028 4738 352 4738 537 4739 325 4739 324 4739 351 4740 2029 4740 350 4740 348 4741 2029 4741 347 4741 347 4742 2029 4742 346 4742 2029 4743 2026 4743 2027 4743 2028 4744 2026 4744 2029 4744 170 4745 240 4745 234 4745 306 4746 486 4746 485 4746 520 4747 521 4747 519 4747 168 4748 234 4748 240 4748 106 4749 246 4749 103 4749 250 4750 109 4750 115 4750 201 4751 252 4751 126 4751 495 4752 581 4752 494 4752 565 4753 564 4753 293 4753 268 4754 260 4754 279 4754 364 4755 374 4755 591 4755 38 4756 30 4756 31 4756 2132 4757 367 4757 363 4757 985 4758 438 4758 449 4758 2131 4759 2130 4759 2132 4759 2132 4760 2130 4760 2133 4760 362 4761 2133 4761 2130 4761 359 4762 2134 4762 361 4762 362 4763 2134 4763 371 4763 370 4764 2134 4764 369 4764 368 4765 2134 4765 367 4765 363 4766 2134 4766 365 4766 366 4767 2134 4767 360 4767 79 4768 219 4768 218 4768 341 4769 330 4769 342 4769 436 4770 302 4770 437 4770 116 4771 84 4771 117 4771 313 4772 1818 4772 1819 4772 127 4773 126 4773 128 4773 544 4774 268 4774 298 4774 2232 4775 2233 4775 2234 4775 376 4776 375 4776 2233 4776 385 4777 384 4777 2234 4777 375 4778 2235 4778 380 4778 321 4779 1817 4779 1818 4779 379 4780 2235 4780 386 4780 385 4781 2235 4781 384 4781 2235 4782 375 4782 376 4782 383 4783 2235 4783 382 4783 381 4784 2235 4784 378 4784 377 4785 2235 4785 376 4785 322 4786 321 4786 1815 4786 332 4787 328 4787 1918 4787 1918 4788 1919 4788 338 4788 1919 4789 339 4789 338 4789 331 4790 332 4790 1918 4790 329 4791 331 4791 1920 4791 331 4792 1918 4792 1920 4792 1918 4793 338 4793 337 4793 1918 4794 337 4794 336 4794 1918 4795 336 4795 1920 4795 336 4796 335 4796 1920 4796 512 4797 498 4797 574 4797 502 4798 508 4798 1409 4798 354 4799 355 4799 2027 4799 546 4800 589 4800 547 4800 1090 4801 463 4801 462 4801 452 4802 453 4802 1089 4802 1090 4803 462 4803 461 4803 1090 4804 461 4804 460 4804 456 4805 452 4805 1089 4805 457 4806 456 4806 1089 4806 1091 4807 1090 4807 460 4807 1091 4808 460 4808 459 4808 457 4809 1089 4809 1091 4809 1091 4810 459 4810 458 4810 256 4811 257 4811 210 4811 274 4812 574 4812 307 4812 574 4813 498 4813 307 4813 307 4814 295 4814 274 4814 512 4815 511 4815 274 4815 46 4816 45 4816 61 4816 46 4817 61 4817 60 4817 46 4818 60 4818 71 4818 50 4819 71 4819 40 4819 40 4820 71 4820 60 4820 54 4821 50 4821 60 4821 54 4822 60 4822 51 4822 60 4823 61 4823 51 4823 61 4824 62 4824 51 4824 51 4825 62 4825 55 4825 53 4826 52 4826 62 4826 52 4827 55 4827 62 4827 62 4828 45 4828 56 4828 45 4829 58 4829 56 4829 169 4830 53 4830 57 4830 57 4831 53 4831 56 4831 56 4832 53 4832 62 4832 58 4833 169 4833 56 4833 239 4834 77 4834 173 4834 173 4835 176 4835 235 4835 276 4836 277 4836 273 4836 273 4837 7 4837 275 4837 274 4838 276 4838 273 4838 254 4839 228 4839 146 4839 496 4840 494 4840 581 4840 310 4841 578 4841 586 4841 297 4842 585 4842 577 4842 178 4843 236 4843 91 4843 235 4844 243 4844 236 4844 304 4845 286 4845 211 4845 161 4846 96 4846 233 4846 134 4847 130 4847 202 4847 130 4848 132 4848 202 4848 91 4849 181 4849 179 4849 78 4850 68 4850 182 4850 78 4851 182 4851 91 4851 450 4852 292 4852 435 4852 40 4853 64 4853 90 4853 40 4854 90 4854 50 4854 50 4855 52 4855 51 4855 62 4856 61 4856 63 4856 61 4857 50 4857 63 4857 50 4858 51 4858 63 4858 57 4859 56 4859 63 4859 169 4860 91 4860 44 4860 56 4861 169 4861 44 4861 56 4862 44 4862 63 4862 65 4863 63 4863 44 4863 65 4864 44 4864 59 4864 65 4865 59 4865 43 4865 90 4866 61 4866 47 4866 59 4867 91 4867 43 4867 61 4868 65 4868 48 4868 47 4869 61 4869 48 4869 46 4870 48 4870 90 4870 47 4871 46 4871 90 4871 91 4872 41 4872 43 4872 65 4873 43 4873 42 4873 389 4874 556 4874 592 4874 592 4875 290 4875 389 4875 782 4876 412 4876 413 4876 507 4877 501 4877 1409 4877 562 4878 560 4878 431 4878 518 4879 308 4879 575 4879 575 4880 584 4880 518 4880 41 4881 48 4881 42 4881 150 4882 93 4882 230 4882 302 4883 422 4883 421 4883 302 4884 292 4884 271 4884 107 4885 82 4885 105 4885 124 4886 107 4886 105 4886 21 4887 4 4887 1 4887 16 4888 21 4888 1 4888 164 4889 169 4889 232 4889 152 4890 230 4890 153 4890 85 4891 84 4891 119 4891 122 4892 120 4892 121 4892 84 4893 122 4893 121 4893 306 4894 567 4894 568 4894 580 4895 567 4895 271 4895 574 4896 573 4896 583 4896 253 4897 139 4897 140 4897 138 4898 203 4898 143 4898 49 4899 42 4899 45 4899 42 4900 43 4900 45 4900 46 4901 71 4901 49 4901 48 4902 46 4902 49 4902 48 4903 49 4903 45 4903 47 4904 48 4904 45 4904 45 4905 46 4905 47 4905 43 4906 41 4906 44 4906 41 4907 59 4907 44 4907 58 4908 45 4908 44 4908 43 4909 44 4909 45 4909 30 4910 39 4910 15 4910 34 4911 22 4911 21 4911 39 4912 34 4912 21 4912 32 4913 39 4913 21 4913 32 4914 31 4914 39 4914 504 4915 499 4915 498 4915 499 4916 307 4916 498 4916 498 4917 497 4917 503 4917 547 4918 356 4918 544 4918 544 4919 357 4919 590 4919 484 4920 294 4920 479 4920 116 4921 115 4921 109 4921 161 4922 164 4922 163 4922 163 4923 165 4923 96 4923 94 4924 93 4924 74 4924 187 4925 69 4925 184 4925 537 4926 319 4926 320 4926 130 4927 134 4927 131 4927 252 4928 132 4928 131 4928 180 4929 176 4929 178 4929 176 4930 78 4930 178 4930 78 4931 179 4931 178 4931 185 4932 183 4932 68 4932 68 4933 79 4933 185 4933 185 4934 79 4934 91 4934 79 4935 184 4935 91 4935 88 4936 74 4936 143 4936 74 4937 142 4937 143 4937 144 4938 142 4938 141 4938 144 4939 141 4939 88 4939 244 4940 238 4940 187 4940 1199 4941 469 4941 470 4941 459 4942 460 4942 451 4942 292 4943 293 4943 453 4943 454 4944 293 4944 455 4944 293 4945 461 4945 462 4945 293 4946 462 4946 463 4946 458 4947 459 4947 451 4947 457 4948 458 4948 451 4948 293 4949 463 4949 455 4949 457 4950 451 4950 292 4950 456 4951 457 4951 292 4951 293 4952 454 4952 453 4952 452 4953 456 4953 292 4953 260 4954 269 4954 270 4954 414 4955 594 4955 559 4955 559 4956 403 4956 414 4956 571 4957 569 4957 491 4957 11 4958 37 4958 27 4958 240 4959 172 4959 171 4959 170 4960 234 4960 171 4960 167 4961 240 4961 171 4961 286 4962 288 4962 313 4962 313 4963 288 4963 317 4963 288 4964 323 4964 314 4964 288 4965 314 4965 315 4965 319 4966 311 4966 286 4966 320 4967 319 4967 286 4967 288 4968 315 4968 316 4968 316 4969 317 4969 288 4969 312 4970 320 4970 286 4970 251 4971 85 4971 122 4971 480 4972 568 4972 582 4972 136 4973 139 4973 138 4973 167 4974 171 4974 178 4974 542 4975 588 4975 543 4975 287 4976 587 4976 586 4976 586 4977 585 4977 524 4977 182 4978 68 4978 179 4978 246 4979 107 4979 124 4979 160 4980 95 4980 161 4980 198 4981 115 4981 84 4981 124 4982 119 4982 121 4982 121 4983 120 4983 251 4983 121 4984 251 4984 124 4984 572 4985 574 4985 581 4985 574 4986 496 4986 581 4986 147 4987 74 4987 150 4987 140 4988 134 4988 137 4988 137 4989 135 4989 253 4989 477 4990 478 4990 1199 4990 142 4991 144 4991 254 4991 143 4992 142 4992 140 4992 117 4993 119 4993 109 4993 250 4994 118 4994 199 4994 250 4995 199 4995 117 4995 147 4996 149 4996 242 4996 123 4997 125 4997 70 4997 153 4998 156 4998 157 4998 229 4999 158 4999 153 4999 466 5000 306 5000 480 5000 481 5001 306 5001 479 5001 466 5002 480 5002 479 5002 178 5003 171 5003 174 5003 171 5004 175 5004 174 5004 174 5005 234 5005 239 5005 243 5006 181 5006 91 5006 193 5007 248 5007 195 5007 245 5008 193 5008 194 5008 189 5009 245 5009 194 5009 533 5010 287 5010 524 5010 297 5011 287 5011 535 5011 297 5012 535 5012 527 5012 532 5013 533 5013 524 5013 531 5014 532 5014 524 5014 297 5015 527 5015 528 5015 297 5016 528 5016 529 5016 530 5017 531 5017 524 5017 297 5018 529 5018 524 5018 68 5019 184 5019 237 5019 119 5020 117 5020 200 5020 117 5021 118 5021 200 5021 95 5022 75 5022 94 5022 95 5023 94 5023 76 5023 119 5024 200 5024 251 5024 310 5025 309 5025 311 5025 886 5026 434 5026 426 5026 573 5027 500 5027 499 5027 481 5028 582 5028 306 5028 568 5029 480 5029 306 5029 584 5030 519 5030 576 5030 519 5031 285 5031 576 5031 285 5032 585 5032 576 5032 79 5033 69 5033 188 5033 69 5034 187 5034 188 5034 188 5035 186 5035 79 5035 438 5036 439 5036 988 5036 560 5037 303 5037 563 5037 888 5038 423 5038 430 5038 189 5039 255 5039 91 5039 156 5040 153 5040 230 5040 584 5041 522 5041 521 5041 520 5042 584 5042 521 5042 296 5043 300 5043 273 5043 286 5044 284 5044 289 5044 289 5045 288 5045 286 5045 74 5046 93 5046 153 5046 93 5047 152 5047 153 5047 151 5048 150 5048 74 5048 260 5049 221 5049 222 5049 300 5050 290 5050 299 5050 551 5051 383 5051 382 5051 166 5052 169 5052 233 5052 66 5053 41 5053 49 5053 450 5054 271 5054 451 5054 450 5055 451 5055 291 5055 98 5056 80 5056 99 5056 80 5057 100 5057 99 5057 97 5058 72 5058 98 5058 71 5059 82 5059 81 5059 265 5060 33 5060 280 5060 33 5061 278 5061 280 5061 777 5062 418 5062 416 5062 64 5063 50 5063 61 5063 61 5064 90 5064 64 5064 330 5065 341 5065 543 5065 341 5066 589 5066 543 5066 189 5067 79 5067 192 5067 255 5068 103 5068 124 5068 295 5069 308 5069 516 5069 308 5070 514 5070 516 5070 514 5071 512 5071 513 5071 270 5072 268 5072 271 5072 1921 5073 334 5073 333 5073 128 5074 126 5074 252 5074 131 5075 125 5075 129 5075 129 5076 128 5076 131 5076 366 5077 365 5077 358 5077 299 5078 368 5078 369 5078 299 5079 369 5079 370 5079 360 5080 366 5080 358 5080 359 5081 360 5081 358 5081 284 5082 299 5082 370 5082 284 5083 370 5083 371 5083 359 5084 358 5084 361 5084 358 5085 284 5085 361 5085 284 5086 371 5086 362 5086 76 5087 96 5087 95 5087 137 5088 87 5088 136 5088 311 5089 309 5089 286 5089 167 5090 166 5090 240 5090 582 5091 570 5091 569 5091 569 5092 571 5092 306 5092 322 5093 288 5093 311 5093 311 5094 319 5094 318 5094 321 5095 322 5095 311 5095 568 5096 580 5096 466 5096 466 5097 582 5097 568 5097 76 5098 77 5098 171 5098 77 5099 172 5099 170 5099 169 5100 159 5100 95 5100 159 5101 162 5101 95 5101 160 5102 162 5102 241 5102 169 5103 95 5103 160 5103 347 5104 348 5104 341 5104 298 5105 284 5105 355 5105 284 5106 349 5106 353 5106 354 5107 284 5107 353 5107 349 5108 350 5108 351 5108 349 5109 351 5109 352 5109 346 5110 347 5110 341 5110 345 5111 346 5111 341 5111 349 5112 352 5112 353 5112 345 5113 341 5113 344 5113 341 5114 298 5114 344 5114 284 5115 354 5115 355 5115 343 5116 344 5116 298 5116 364 5117 358 5117 365 5117 364 5118 365 5118 363 5118 368 5119 299 5119 364 5119 364 5120 363 5120 367 5120 520 5121 576 5121 585 5121 375 5122 376 5122 299 5122 376 5123 374 5123 299 5123 299 5124 290 5124 379 5124 299 5125 379 5125 380 5125 386 5126 379 5126 290 5126 374 5127 376 5127 377 5127 374 5128 377 5128 378 5128 386 5129 290 5129 385 5129 374 5130 378 5130 381 5130 374 5131 381 5131 382 5131 384 5132 385 5132 290 5132 383 5133 384 5133 290 5133 290 5134 374 5134 382 5134 299 5135 373 5135 591 5135 390 5136 397 5136 389 5136 300 5137 301 5137 392 5137 301 5138 395 5138 394 5138 393 5139 301 5139 394 5139 395 5140 398 5140 399 5140 395 5141 399 5141 396 5141 402 5142 390 5142 389 5142 401 5143 402 5143 389 5143 395 5144 396 5144 394 5144 401 5145 389 5145 300 5145 400 5146 401 5146 300 5146 301 5147 393 5147 392 5147 391 5148 400 5148 300 5148 411 5149 412 5149 403 5149 300 5150 414 5150 418 5150 417 5151 300 5151 418 5151 414 5152 413 5152 415 5152 414 5153 415 5153 416 5153 410 5154 411 5154 403 5154 409 5155 410 5155 403 5155 414 5156 416 5156 418 5156 409 5157 403 5157 408 5157 403 5158 300 5158 408 5158 300 5159 417 5159 406 5159 407 5160 408 5160 300 5160 194 5161 80 5161 192 5161 79 5162 80 5162 195 5162 80 5163 193 5163 195 5163 194 5164 192 5164 195 5164 192 5165 79 5165 195 5165 302 5166 414 5166 300 5166 421 5167 420 5167 302 5167 405 5168 556 5168 593 5168 310 5169 595 5169 297 5169 595 5170 520 5170 297 5170 357 5171 284 5171 358 5171 67 5172 207 5172 206 5172 286 5173 296 5173 283 5173 196 5174 103 5174 72 5174 103 5175 255 5175 72 5175 247 5176 102 5176 101 5176 72 5177 102 5177 196 5177 255 5178 247 5178 101 5178 437 5179 303 5179 300 5179 300 5180 435 5180 436 5180 594 5181 562 5181 561 5181 561 5182 560 5182 302 5182 446 5183 447 5183 291 5183 291 5184 435 5184 445 5184 388 5185 552 5185 389 5185 552 5186 300 5186 389 5186 290 5187 387 5187 388 5187 389 5188 290 5188 388 5188 464 5189 271 5189 465 5189 305 5190 464 5190 293 5190 253 5191 203 5191 138 5191 454 5192 453 5192 1092 5192 152 5193 93 5193 150 5193 184 5194 68 5194 183 5194 461 5195 293 5195 451 5195 497 5196 495 5196 494 5196 296 5197 497 5197 494 5197 494 5198 496 5198 296 5198 510 5199 503 5199 497 5199 307 5200 499 5200 500 5200 307 5201 500 5201 505 5201 509 5202 510 5202 497 5202 508 5203 509 5203 497 5203 296 5204 307 5204 506 5204 307 5205 505 5205 506 5205 508 5206 497 5206 502 5206 497 5207 296 5207 502 5207 296 5208 506 5208 507 5208 501 5209 502 5209 296 5209 519 5210 517 5210 295 5210 517 5211 308 5211 295 5211 518 5212 517 5212 519 5212 514 5213 308 5213 518 5213 72 5214 97 5214 80 5214 97 5215 100 5215 80 5215 524 5216 523 5216 297 5216 520 5217 285 5217 297 5217 71 5218 109 5218 82 5218 109 5219 108 5219 82 5219 292 5220 446 5220 445 5220 567 5221 478 5221 477 5221 310 5222 577 5222 528 5222 542 5223 540 5223 336 5223 578 5224 310 5224 526 5224 567 5225 475 5225 474 5225 174 5226 76 5226 173 5226 77 5227 174 5227 175 5227 173 5228 77 5228 175 5228 549 5229 550 5229 365 5229 555 5230 556 5230 398 5230 160 5231 161 5231 75 5231 162 5232 75 5232 95 5232 496 5233 574 5233 274 5233 274 5234 271 5234 496 5234 551 5235 378 5235 377 5235 301 5236 554 5236 556 5236 141 5237 228 5237 254 5237 254 5238 88 5238 141 5238 577 5239 578 5239 532 5239 403 5240 559 5240 593 5240 593 5241 395 5241 403 5241 537 5242 313 5242 317 5242 558 5243 412 5243 411 5243 541 5244 542 5244 332 5244 569 5245 570 5245 483 5245 570 5246 571 5246 488 5246 309 5247 310 5247 586 5247 301 5248 556 5248 405 5248 404 5249 593 5249 301 5249 76 5250 74 5250 53 5250 296 5251 306 5251 300 5251 130 5252 131 5252 86 5252 86 5253 87 5253 130 5253 87 5254 133 5254 132 5254 1196 5255 1197 5255 475 5255 1197 5256 478 5256 477 5256 1197 5257 477 5257 476 5257 468 5258 1194 5258 1195 5258 469 5259 468 5259 1195 5259 1197 5260 476 5260 475 5260 470 5261 469 5261 1195 5261 471 5262 470 5262 1195 5262 1196 5263 475 5263 474 5263 1196 5264 474 5264 473 5264 471 5265 1195 5265 1196 5265 473 5266 472 5266 1196 5266 58 5267 53 5267 169 5267 563 5268 303 5268 435 5268 540 5269 541 5269 334 5269 593 5270 558 5270 557 5270 301 5271 558 5271 559 5271 593 5272 557 5272 301 5272 70 5273 86 5273 129 5273 159 5274 153 5274 94 5274 94 5275 75 5275 159 5275 593 5276 559 5276 558 5276 48 5277 91 5277 124 5277 537 5278 324 5278 588 5278 589 5279 546 5279 545 5279 589 5280 545 5280 298 5280 545 5281 544 5281 298 5281 332 5282 331 5282 325 5282 289 5283 330 5283 336 5283 338 5284 289 5284 337 5284 330 5285 329 5285 335 5285 330 5286 335 5286 336 5286 328 5287 332 5287 325 5287 327 5288 328 5288 325 5288 336 5289 337 5289 289 5289 327 5290 325 5290 333 5290 325 5291 289 5291 333 5291 289 5292 338 5292 339 5292 334 5293 333 5293 289 5293 430 5294 431 5294 303 5294 303 5295 422 5295 423 5295 341 5296 342 5296 298 5296 298 5297 340 5297 289 5297 340 5298 330 5298 289 5298 1200 5299 1199 5299 1198 5299 552 5300 551 5300 553 5300 591 5301 551 5301 268 5301 292 5302 449 5302 448 5302 395 5303 405 5303 404 5303 84 5304 70 5304 125 5304 124 5305 123 5305 122 5305 84 5306 125 5306 124 5306 258 5307 217 5307 216 5307 188 5308 187 5308 190 5308 187 5309 238 5309 190 5309 190 5310 91 5310 188 5310 91 5311 244 5311 186 5311 2029 5312 351 5312 352 5312 274 5313 515 5313 308 5313 271 5314 450 5314 579 5314 280 5315 262 5315 277 5315 564 5316 271 5316 579 5316 779 5317 781 5317 780 5317 293 5318 566 5318 271 5318 464 5319 566 5319 580 5319 284 5320 279 5320 260 5320 49 5321 41 5321 42 5321 51 5322 52 5322 54 5322 52 5323 53 5323 54 5323 517 5324 518 5324 584 5324 308 5325 517 5325 520 5325 248 5326 99 5326 100 5326 97 5327 99 5327 247 5327 195 5328 248 5328 100 5328 97 5329 247 5329 255 5329 195 5330 100 5330 255 5330 286 5331 287 5331 297 5331 543 5332 342 5332 340 5332 298 5333 342 5333 589 5333 543 5334 340 5334 298 5334 570 5335 582 5335 294 5335 294 5336 495 5336 571 5336 495 5337 306 5337 571 5337 306 5338 495 5338 496 5338 595 5339 298 5339 256 5339 274 5340 595 5340 257 5340 373 5341 374 5341 372 5341 374 5342 364 5342 372 5342 189 5343 191 5343 245 5343 75 5344 241 5344 231 5344 231 5345 155 5345 75 5345 249 5346 197 5346 111 5346 197 5347 82 5347 111 5347 83 5348 198 5348 111 5348 198 5349 249 5349 111 5349 260 5350 300 5350 218 5350 238 5351 244 5351 69 5351 560 5352 562 5352 303 5352 108 5353 109 5353 197 5353 197 5354 249 5354 108 5354 135 5355 134 5355 202 5355 465 5356 466 5356 580 5356 580 5357 293 5357 465 5357 74 5358 88 5358 87 5358 111 5359 112 5359 113 5359 428 5360 429 5360 888 5360 70 5361 252 5361 201 5361 201 5362 251 5362 122 5362 79 5363 217 5363 216 5363 107 5364 246 5364 197 5364 576 5365 520 5365 522 5365 114 5366 113 5366 198 5366 198 5367 84 5367 114 5367 84 5368 109 5368 112 5368 114 5369 84 5369 112 5369 109 5370 249 5370 112 5370 229 5371 93 5371 155 5371 104 5372 73 5372 103 5372 105 5373 104 5373 106 5373 81 5374 105 5374 106 5374 106 5375 103 5375 81 5375 394 5376 393 5376 673 5376 124 5377 197 5377 109 5377 175 5378 171 5378 234 5378 573 5379 503 5379 510 5379 90 5380 124 5380 50 5380 67 5381 54 5381 53 5381 1405 5382 1406 5382 505 5382 1406 5383 506 5383 505 5383 84 5384 83 5384 71 5384 71 5385 50 5385 84 5385 283 5386 296 5386 277 5386 390 5387 402 5387 670 5387 402 5388 671 5388 670 5388 390 5389 670 5389 397 5389 670 5390 669 5390 398 5390 669 5391 672 5391 396 5391 399 5392 669 5392 396 5392 672 5393 394 5393 396 5393 669 5394 399 5394 398 5394 988 5395 447 5395 448 5395 483 5396 484 5396 1301 5396 23 5397 28 5397 35 5397 527 5398 528 5398 1716 5398 373 5399 372 5399 550 5399 372 5400 299 5400 550 5400 127 5401 202 5401 252 5401 252 5402 70 5402 127 5402 260 5403 270 5403 261 5403 260 5404 261 5404 11 5404 261 5405 269 5405 33 5405 269 5406 260 5406 266 5406 260 5407 268 5407 266 5407 269 5408 266 5408 33 5408 266 5409 267 5409 264 5409 267 5410 279 5410 264 5410 272 5411 260 5411 11 5411 11 5412 7 5412 272 5412 264 5413 279 5413 265 5413 279 5414 262 5414 263 5414 279 5415 263 5415 265 5415 266 5416 264 5416 33 5416 76 5417 53 5417 58 5417 10 5418 39 5418 38 5418 122 5419 85 5419 119 5419 420 5420 421 5420 414 5420 414 5421 302 5421 419 5421 776 5422 416 5422 415 5422 776 5423 415 5423 413 5423 778 5424 775 5424 410 5424 409 5425 778 5425 410 5425 417 5426 418 5426 777 5426 775 5427 776 5427 412 5427 776 5428 413 5428 412 5428 417 5429 777 5429 406 5429 777 5430 778 5430 406 5430 775 5431 412 5431 411 5431 775 5432 411 5432 410 5432 407 5433 406 5433 778 5433 408 5434 407 5434 778 5434 443 5435 444 5435 988 5435 338 5436 339 5436 1921 5436 1409 5437 509 5437 510 5437 348 5438 350 5438 2029 5438 68 5439 237 5439 179 5439 237 5440 243 5440 179 5440 243 5441 235 5441 179 5441 235 5442 176 5442 179 5442 561 5443 562 5443 429 5443 587 5444 311 5444 539 5444 311 5445 288 5445 539 5445 288 5446 588 5446 539 5446 169 5447 164 5447 165 5447 165 5448 232 5448 233 5448 587 5449 287 5449 311 5449 560 5450 561 5450 434 5450 105 5451 73 5451 104 5451 594 5452 422 5452 303 5452 109 5453 119 5453 124 5453 1715 5454 526 5454 536 5454 319 5455 318 5455 1818 5455 74 5456 140 5456 141 5456 140 5457 145 5457 141 5457 341 5458 349 5458 547 5458 547 5459 589 5459 341 5459 71 5460 83 5460 112 5460 112 5461 83 5461 114 5461 83 5462 113 5462 114 5462 109 5463 71 5463 111 5463 82 5464 108 5464 110 5464 110 5465 109 5465 111 5465 111 5466 82 5466 110 5466 488 5467 487 5467 1301 5467 50 5468 57 5468 52 5468 284 5469 298 5469 289 5469 781 5470 407 5470 408 5470 583 5471 573 5471 512 5471 498 5472 512 5472 573 5472 512 5473 514 5473 575 5473 512 5474 575 5474 583 5474 578 5475 577 5475 585 5475 429 5476 423 5476 422 5476 303 5477 431 5477 432 5477 303 5478 432 5478 433 5478 428 5479 429 5479 422 5479 427 5480 428 5480 422 5480 302 5481 303 5481 433 5481 302 5482 433 5482 434 5482 424 5483 427 5483 422 5483 425 5484 424 5484 422 5484 302 5485 434 5485 426 5485 425 5486 422 5486 302 5486 297 5487 523 5487 585 5487 298 5488 263 5488 277 5488 987 5489 985 5489 446 5489 985 5490 447 5490 446 5490 986 5491 987 5491 442 5491 443 5492 987 5492 444 5492 442 5493 441 5493 986 5493 987 5494 446 5494 445 5494 987 5495 445 5495 444 5495 458 5496 459 5496 1093 5496 1817 5497 315 5497 316 5497 392 5498 391 5498 673 5498 385 5499 386 5499 2235 5499 505 5500 506 5500 1410 5500 356 5501 547 5501 590 5501 74 5502 147 5502 89 5502 147 5503 148 5503 89 5503 149 5504 147 5504 150 5504 148 5505 149 5505 89 5505 149 5506 150 5506 89 5506 239 5507 235 5507 177 5507 284 5508 286 5508 304 5508 50 5509 134 5509 140 5509 1194 5510 1197 5510 1196 5510 74 5511 89 5511 140 5511 140 5512 89 5512 146 5512 298 5513 595 5513 286 5513 147 5514 151 5514 140 5514 151 5515 153 5515 140 5515 477 5516 466 5516 465 5516 88 5517 254 5517 203 5517 203 5518 136 5518 88 5518 346 5519 2029 5519 2027 5519 475 5520 476 5520 465 5520 305 5521 466 5521 468 5521 469 5522 305 5522 468 5522 466 5523 477 5523 478 5523 466 5524 478 5524 467 5524 474 5525 475 5525 465 5525 473 5526 474 5526 465 5526 466 5527 467 5527 468 5527 473 5528 465 5528 472 5528 465 5529 305 5529 472 5529 305 5530 469 5530 470 5530 471 5531 472 5531 305 5531 463 5532 1090 5532 455 5532 1090 5533 1089 5533 455 5533 1089 5534 453 5534 454 5534 368 5535 369 5535 2134 5535 530 5536 531 5536 1715 5536 398 5537 395 5537 389 5537 154 5538 157 5538 155 5538 155 5539 93 5539 154 5539 550 5540 299 5540 548 5540 299 5541 544 5541 548 5541 544 5542 549 5542 548 5542 325 5543 331 5543 329 5543 162 5544 159 5544 231 5544 231 5545 241 5545 162 5545 588 5546 542 5546 541 5546 537 5547 588 5547 541 5547 541 5548 540 5548 537 5548 146 5549 228 5549 147 5549 147 5550 140 5550 146 5550 254 5551 145 5551 140 5551 123 5552 251 5552 201 5552 125 5553 123 5553 201 5553 451 5554 293 5554 579 5554 579 5555 291 5555 451 5555 133 5556 253 5556 202 5556 202 5557 127 5557 133 5557 515 5558 513 5558 512 5558 295 5559 516 5559 515 5559 515 5560 512 5560 295 5560 342 5561 543 5561 589 5561 421 5562 422 5562 594 5562 196 5563 247 5563 98 5563 73 5564 246 5564 196 5564 196 5565 98 5565 73 5565 467 5566 478 5566 1194 5566 478 5567 1197 5567 1194 5567 274 5568 257 5568 209 5568 257 5569 210 5569 209 5569 209 5570 208 5570 274 5570 208 5571 207 5571 274 5571 207 5572 206 5572 274 5572 206 5573 205 5573 274 5573 205 5574 204 5574 274 5574 298 5575 274 5575 204 5575 298 5576 204 5576 215 5576 298 5577 215 5577 214 5577 298 5578 214 5578 213 5578 298 5579 213 5579 212 5579 298 5580 212 5580 211 5580 211 5581 256 5581 298 5581 268 5582 259 5582 227 5582 259 5583 216 5583 227 5583 268 5584 227 5584 226 5584 268 5585 226 5585 225 5585 225 5586 224 5586 268 5586 224 5587 223 5587 268 5587 217 5588 258 5588 271 5588 218 5589 217 5589 271 5589 219 5590 218 5590 271 5590 220 5591 219 5591 271 5591 221 5592 220 5592 271 5592 222 5593 221 5593 271 5593 222 5594 271 5594 268 5594 432 5595 433 5595 886 5595 416 5596 418 5596 781 5596 1092 5597 452 5597 456 5597 79 5598 49 5598 71 5598 274 5599 308 5599 520 5599 196 5600 246 5600 104 5600 91 5601 258 5601 217 5601 217 5602 218 5602 91 5602 259 5603 124 5603 227 5603 226 5604 227 5604 124 5604 225 5605 226 5605 124 5605 91 5606 218 5606 219 5606 91 5607 219 5607 220 5607 224 5608 225 5608 124 5608 223 5609 224 5609 124 5609 91 5610 220 5610 221 5610 222 5611 223 5611 124 5611 91 5612 221 5612 222 5612 50 5613 70 5613 84 5613 116 5614 118 5614 85 5614 156 5615 154 5615 93 5615 93 5616 94 5616 156 5616 94 5617 155 5617 157 5617 54 5618 74 5618 50 5618 79 5619 226 5619 225 5619 262 5620 279 5620 284 5620 140 5621 139 5621 136 5621 87 5622 88 5622 140 5622 140 5623 88 5623 138 5623 488 5624 1300 5624 1299 5624 487 5625 488 5625 1299 5625 485 5626 486 5626 1299 5626 1299 5627 1298 5627 491 5627 1300 5628 488 5628 489 5628 1300 5629 489 5629 490 5629 491 5630 485 5630 1299 5630 492 5631 491 5631 1298 5631 1298 5632 1300 5632 484 5632 1300 5633 490 5633 484 5633 493 5634 492 5634 1298 5634 1298 5635 484 5635 483 5635 482 5636 493 5636 1298 5636 1298 5637 483 5637 482 5637 366 5638 365 5638 2134 5638 534 5639 525 5639 1715 5639 400 5640 401 5640 673 5640 535 5641 287 5641 536 5641 536 5642 287 5642 526 5642 287 5643 533 5643 534 5643 287 5644 534 5644 525 5644 582 5645 466 5645 479 5645 274 5646 520 5646 595 5646 191 5647 192 5647 69 5647 69 5648 79 5648 190 5648 190 5649 191 5649 69 5649 537 5650 286 5650 587 5650 587 5651 539 5651 538 5651 73 5652 102 5652 72 5652 101 5653 98 5653 72 5653 77 5654 239 5654 234 5654 234 5655 168 5655 77 5655 142 5656 74 5656 141 5656 544 5657 299 5657 268 5657 523 5658 524 5658 285 5658 285 5659 520 5659 523 5659 441 5660 442 5660 988 5660 514 5661 519 5661 575 5661 328 5662 332 5662 1921 5662 507 5663 506 5663 1406 5663 1405 5664 500 5664 499 5664 507 5665 1406 5665 501 5665 1406 5666 1404 5666 501 5666 1405 5667 499 5667 504 5667 1405 5668 504 5668 503 5668 502 5669 501 5669 1404 5669 508 5670 502 5670 1404 5670 1404 5671 1405 5671 503 5671 1404 5672 503 5672 510 5672 1404 5673 510 5673 509 5673 1921 5674 335 5674 336 5674 486 5675 485 5675 1301 5675 532 5676 533 5676 1715 5676 57 5677 63 5677 55 5677 55 5678 52 5678 57 5678 291 5679 579 5679 435 5679 305 5680 293 5680 292 5680 292 5681 300 5681 305 5681 537 5682 543 5682 298 5682 159 5683 158 5683 231 5683 76 5684 79 5684 78 5684 79 5685 68 5685 78 5685 92 5686 76 5686 41 5686 242 5687 230 5687 152 5687 288 5688 289 5688 537 5688 326 5689 288 5689 537 5689 326 5690 324 5690 325 5690 326 5691 325 5691 288 5691 394 5692 672 5692 393 5692 672 5693 671 5693 392 5693 391 5694 671 5694 400 5694 671 5695 402 5695 401 5695 671 5696 401 5696 400 5696 392 5697 393 5697 672 5697 525 5698 534 5698 1713 5698 534 5699 1714 5699 1713 5699 1713 5700 536 5700 526 5700 133 5701 87 5701 134 5701 134 5702 87 5702 137 5702 135 5703 137 5703 136 5703 135 5704 136 5704 133 5704 298 5705 268 5705 263 5705 552 5706 387 5706 290 5706 149 5707 148 5707 228 5707 148 5708 147 5708 228 5708 177 5709 76 5709 176 5709 76 5710 78 5710 176 5710 173 5711 76 5711 178 5711 173 5712 178 5712 177 5712 140 5713 257 5713 256 5713 256 5714 50 5714 140 5714 16 5715 1 5715 34 5715 383 5716 384 5716 2235 5716 496 5717 495 5717 497 5717 497 5718 498 5718 573 5718 356 5719 358 5719 349 5719 349 5720 284 5720 544 5720 284 5721 357 5721 544 5721 295 5722 307 5722 296 5722 297 5723 285 5723 295 5723 295 5724 296 5724 297 5724 268 5725 302 5725 259 5725 259 5726 302 5726 258 5726 248 5727 245 5727 80 5727 248 5728 80 5728 98 5728 233 5729 232 5729 161 5729 232 5730 241 5730 161 5730 241 5731 75 5731 161 5731 444 5732 445 5732 435 5732 291 5733 447 5733 448 5733 291 5734 448 5734 449 5734 443 5735 444 5735 435 5735 442 5736 443 5736 435 5736 300 5737 291 5737 438 5737 291 5738 449 5738 438 5738 442 5739 435 5739 441 5739 435 5740 300 5740 441 5740 300 5741 438 5741 439 5741 440 5742 441 5742 300 5742 547 5743 349 5743 358 5743 358 5744 550 5744 590 5744 590 5745 547 5745 358 5745 182 5746 185 5746 91 5746 183 5747 185 5747 244 5747 280 5748 277 5748 263 5748 280 5749 278 5749 281 5749 281 5750 278 5750 276 5750 274 5751 277 5751 281 5751 274 5752 281 5752 276 5752 276 5753 278 5753 275 5753 275 5754 278 5754 272 5754 274 5755 275 5755 271 5755 272 5756 271 5756 275 5756 278 5757 282 5757 261 5757 271 5758 278 5758 261 5758 282 5759 33 5759 267 5759 33 5760 265 5760 267 5760 266 5761 282 5761 267 5761 265 5762 268 5762 267 5762 270 5763 271 5763 261 5763 282 5764 266 5764 268 5764 282 5765 268 5765 269 5765 261 5766 282 5766 269 5766 181 5767 243 5767 237 5767 144 5768 143 5768 203 5768 1410 5769 1408 5769 504 5769 150 5770 230 5770 242 5770 242 5771 89 5771 150 5771 164 5772 161 5772 95 5772 95 5773 96 5773 164 5773 67 5774 204 5774 215 5774 48 5775 41 5775 91 5775 58 5776 41 5776 76 5776 84 5777 115 5777 83 5777 169 5778 166 5778 96 5778 96 5779 76 5779 169 5779 168 5780 166 5780 167 5780 76 5781 168 5781 167 5781 513 5782 515 5782 583 5782 515 5783 274 5783 583 5783 575 5784 515 5784 516 5784 583 5785 575 5785 516 5785 76 5786 92 5786 79 5786 290 5787 592 5787 553 5787 553 5788 591 5788 374 5788 324 5789 326 5789 539 5789 326 5790 537 5790 539 5790 559 5791 302 5791 301 5791 390 5792 675 5792 673 5792 1712 5793 1714 5793 531 5793 1714 5794 534 5794 533 5794 1714 5795 533 5795 532 5795 535 5796 536 5796 1713 5796 1714 5797 532 5797 531 5797 535 5798 1713 5798 1712 5798 527 5799 535 5799 1712 5799 1712 5800 531 5800 530 5800 1712 5801 530 5801 529 5801 528 5802 527 5802 1712 5802 1712 5803 529 5803 528 5803 363 5804 367 5804 2134 5804 445 5805 446 5805 988 5805 2 5806 12 5806 27 5806 256 5807 211 5807 50 5807 211 5808 212 5808 50 5808 257 5809 153 5809 209 5809 153 5810 169 5810 57 5810 209 5811 153 5811 208 5811 208 5812 153 5812 57 5812 207 5813 208 5813 57 5813 206 5814 207 5814 57 5814 205 5815 206 5815 57 5815 205 5816 57 5816 204 5816 57 5817 50 5817 204 5817 215 5818 204 5818 50 5818 214 5819 215 5819 50 5819 213 5820 214 5820 50 5820 403 5821 404 5821 300 5821 404 5822 301 5822 300 5822 405 5823 395 5823 301 5823 343 5824 344 5824 2027 5824 80 5825 194 5825 193 5825 306 5826 466 5826 305 5826 490 5827 489 5827 1301 5827 238 5828 69 5828 192 5828 192 5829 80 5829 245 5829 245 5830 238 5830 192 5830 305 5831 465 5831 271 5831 116 5832 85 5832 250 5832 85 5833 251 5833 200 5833 302 5834 420 5834 594 5834 302 5835 559 5835 419 5835 81 5836 73 5836 79 5836 136 5837 203 5837 253 5837 253 5838 133 5838 136 5838 497 5839 581 5839 294 5839 132 5840 133 5840 127 5840 127 5841 86 5841 131 5841 72 5842 80 5842 79 5842 79 5843 73 5843 72 5843 177 5844 235 5844 76 5844 235 5845 178 5845 76 5845 239 5846 177 5846 178 5846 419 5847 559 5847 594 5847 377 5848 378 5848 2235 5848 491 5849 492 5849 1301 5849 461 5850 462 5850 1092 5850 398 5851 399 5851 674 5851 1200 5852 474 5852 475 5852 179 5853 176 5853 180 5853 83 5854 116 5854 198 5854 9 5855 0 5855 8 5855 0 5856 1 5856 14 5856 0 5857 14 5857 4 5857 0 5858 4 5858 8 5858 4 5859 21 5859 22 5859 8 5860 4 5860 5 5860 3 5861 8 5861 5 5861 22 5862 16 5862 4 5862 16 5863 10 5863 15 5863 16 5864 6 5864 7 5864 16 5865 15 5865 6 5865 25 5866 0 5866 36 5866 36 5867 37 5867 24 5867 37 5868 17 5868 23 5868 24 5869 37 5869 23 5869 24 5870 25 5870 36 5870 17 5871 19 5871 5 5871 19 5872 37 5872 11 5872 23 5873 17 5873 5 5873 11 5874 26 5874 6 5874 26 5875 27 5875 38 5875 38 5876 7 5876 6 5876 38 5877 6 5877 26 5877 11 5878 5 5878 19 5878 185 5879 182 5879 237 5879 237 5880 244 5880 185 5880 10 5881 19 5881 3 5881 3 5882 6 5882 10 5882 19 5883 17 5883 3 5883 17 5884 18 5884 3 5884 18 5885 9 5885 3 5885 197 5886 246 5886 105 5886 246 5887 73 5887 105 5887 82 5888 197 5888 105 5888 172 5889 77 5889 168 5889 168 5890 76 5890 171 5890 89 5891 242 5891 228 5891 228 5892 141 5892 89 5892 433 5893 432 5893 884 5893 884 5894 885 5894 433 5894 885 5895 426 5895 434 5895 884 5896 432 5896 431 5896 884 5897 431 5897 430 5897 883 5898 884 5898 430 5898 423 5899 883 5899 430 5899 885 5900 882 5900 424 5900 882 5901 883 5901 427 5901 424 5902 882 5902 427 5902 425 5903 426 5903 885 5903 424 5904 425 5904 885 5904 883 5905 423 5905 429 5905 428 5906 427 5906 883 5906 413 5907 414 5907 403 5907 328 5908 327 5908 1918 5908 334 5909 339 5909 1919 5909 1918 5910 327 5910 333 5910 333 5911 334 5911 1919 5911 381 5912 382 5912 2235 5912 472 5913 473 5913 1200 5913 255 5914 124 5914 259 5914 258 5915 255 5915 259 5915 1814 5916 1813 5916 317 5916 316 5917 1814 5917 317 5917 1813 5918 312 5918 313 5918 424 5919 427 5919 886 5919 537 5920 298 5920 286 5920 549 5921 544 5921 590 5921 590 5922 550 5922 549 5922 274 5923 511 5923 583 5923 388 5924 387 5924 553 5924 387 5925 552 5925 553 5925 158 5926 75 5926 155 5926 155 5927 94 5927 153 5927 585 5928 285 5928 524 5928 557 5929 409 5929 408 5929 555 5930 554 5930 552 5930 554 5931 301 5931 552 5931 592 5932 556 5932 555 5932 169 5933 178 5933 91 5933 522 5934 295 5934 285 5934 102 5935 73 5935 98 5935 2024 5936 352 5936 351 5936 351 5937 350 5937 2024 5937 2022 5938 2025 5938 353 5938 354 5939 2025 5939 355 5939 2023 5940 2024 5940 347 5940 346 5941 2023 5941 347 5941 2024 5942 350 5942 348 5942 2024 5943 348 5943 347 5943 352 5944 2024 5944 2022 5944 353 5945 352 5945 2022 5945 2023 5946 346 5946 345 5946 354 5947 353 5947 2025 5947 2023 5948 345 5948 344 5948 2023 5949 344 5949 343 5949 343 5950 355 5950 2025 5950 410 5951 411 5951 782 5951 537 5952 289 5952 325 5952 170 5953 172 5953 240 5953 482 5954 483 5954 479 5954 306 5955 294 5955 486 5955 487 5956 294 5956 488 5956 294 5957 484 5957 490 5957 294 5958 490 5958 489 5958 493 5959 482 5959 479 5959 492 5960 493 5960 479 5960 294 5961 489 5961 488 5961 492 5962 479 5962 306 5962 491 5963 492 5963 306 5963 294 5964 487 5964 486 5964 485 5965 491 5965 306 5965 131 5966 134 5966 50 5966 50 5967 125 5967 131 5967 521 5968 285 5968 519 5968 295 5969 522 5969 520 5969 295 5970 520 5970 519 5970 7 5971 277 5971 276 5971 262 5972 280 5972 7 5972 262 5973 7 5973 263 5973 263 5974 7 5974 264 5974 33 5975 264 5975 278 5975 278 5976 264 5976 7 5976 276 5977 275 5977 7 5977 272 5978 7 5978 273 5978 273 5979 271 5979 272 5979 240 5980 96 5980 168 5980 106 5981 104 5981 246 5981 246 5982 124 5982 103 5982 115 5983 198 5983 250 5983 126 5984 129 5984 201 5984 129 5985 125 5985 201 5985 495 5986 294 5986 581 5986 564 5987 579 5987 293 5987 565 5988 293 5988 271 5988 267 5989 268 5989 279 5989 358 5990 364 5990 550 5990 550 5991 364 5991 591 5991 35 5992 0 5992 23 5992 0 5993 25 5993 23 5993 5 5994 33 5994 23 5994 29 5995 23 5995 33 5995 35 5996 28 5996 29 5996 29 5997 33 5997 22 5997 33 5998 7 5998 22 5998 34 5999 35 5999 29 5999 31 6000 32 6000 7 6000 32 6001 22 6001 7 6001 22 6002 34 6002 29 6002 7 6003 38 6003 31 6003 38 6004 39 6004 30 6004 2132 6005 2133 6005 368 6005 2132 6006 368 6006 367 6006 365 6007 2131 6007 363 6007 2131 6008 2132 6008 363 6008 986 6009 441 6009 440 6009 986 6010 440 6010 439 6010 985 6011 986 6011 439 6011 438 6012 985 6012 439 6012 447 6013 985 6013 448 6013 449 6014 448 6014 985 6014 2130 6015 2131 6015 359 6015 360 6016 2131 6016 366 6016 2131 6017 365 6017 366 6017 369 6018 368 6018 2133 6018 370 6019 369 6019 2133 6019 2131 6020 360 6020 359 6020 371 6021 370 6021 2133 6021 2130 6022 359 6022 361 6022 362 6023 371 6023 2133 6023 2130 6024 361 6024 362 6024 359 6025 360 6025 2134 6025 493 6026 482 6026 1301 6026 417 6027 406 6027 781 6027 379 6028 380 6028 2235 6028 125 6029 50 6029 124 6029 79 6030 92 6030 219 6030 284 6031 304 6031 262 6031 330 6032 340 6032 342 6032 291 6033 300 6033 292 6033 362 6034 361 6034 2134 6034 436 6035 560 6035 563 6035 302 6036 560 6036 437 6036 436 6037 563 6037 302 6037 84 6038 85 6038 118 6038 84 6039 118 6039 117 6039 395 6040 593 6040 556 6040 556 6041 389 6041 395 6041 313 6042 312 6042 1818 6042 543 6043 588 6043 325 6043 588 6044 288 6044 325 6044 330 6045 543 6045 325 6045 268 6046 552 6046 301 6046 303 6047 437 6047 435 6047 12 6048 2 6048 13 6048 13 6049 2 6049 11 6049 2 6050 18 6050 19 6050 19 6051 18 6051 20 6051 19 6052 10 6052 2 6052 10 6053 11 6053 2 6053 13 6054 10 6054 12 6054 86 6055 70 6055 50 6055 99 6056 248 6056 247 6056 70 6057 129 6057 126 6057 128 6058 129 6058 127 6058 129 6059 86 6059 127 6059 127 6060 70 6060 126 6060 2232 6061 384 6061 383 6061 2232 6062 383 6062 382 6062 386 6063 2234 6063 379 6063 2234 6064 2233 6064 379 6064 2232 6065 382 6065 381 6065 380 6066 379 6066 2233 6066 375 6067 380 6067 2233 6067 2232 6068 381 6068 378 6068 2232 6069 378 6069 377 6069 2232 6070 377 6070 2233 6070 377 6071 376 6071 2233 6071 2234 6072 386 6072 385 6072 384 6073 2232 6073 2234 6073 463 6074 455 6074 1092 6074 321 6075 322 6075 1817 6075 323 6076 314 6076 1817 6076 370 6077 371 6077 2134 6077 331 6078 329 6078 1921 6078 320 6079 312 6079 1813 6079 1814 6080 316 6080 315 6080 1814 6081 315 6081 314 6081 319 6082 320 6082 1813 6082 318 6083 319 6083 1813 6083 1815 6084 1814 6084 314 6084 1815 6085 314 6085 323 6085 318 6086 1813 6086 1815 6086 321 6087 318 6087 1815 6087 1815 6088 323 6088 322 6088 5 6089 4 6089 33 6089</p>
        </triangles>
      </mesh>
    </geometry>
  </library_geometries>
  <library_visual_scenes>
    <visual_scene id="Scene" name="Scene">
      <node id="wheel_lf" name="wheel_lf" type="NODE">
        <matrix sid="transform">-1 1.50996e-7 0 0 -1.50996e-7 -1 0 0 0 0 1 1.41561e-7 0 0 0 1</matrix>
        <instance_geometry url="#Test_011-mesh" name="wheel_lf">
          <bind_material>
            <technique_common>
              <instance_material symbol="wheel_dark-material" target="#wheel_dark-material"/>
              <instance_material symbol="metallic-material" target="#metallic-material"/>
            </technique_common>
          </bind_material>
        </instance_geometry>
      </node>
    </visual_scene>
  </library_visual_scenes>
  <scene>
    <instance_visual_scene url="#Scene"/>
  </scene>
</COLLADA>